/project/6014832/mforooz/EpiDenoise/sandbox/eval.py:46: ConstantInputWarning: An input array is constant; the correlation coefficient is not defined.
  r, _ = spearmanr(p.cpu().numpy(), t.cpu().numpy())
/project/6014832/mforooz/EpiDenoise/sandbox/eval.py:46: ConstantInputWarning: An input array is constant; the correlation coefficient is not defined.
  r, _ = spearmanr(p.cpu().numpy(), t.cpu().numpy())
/project/6014832/mforooz/EpiDenoise/sandbox/eval.py:46: ConstantInputWarning: An input array is constant; the correlation coefficient is not defined.
  r, _ = spearmanr(p.cpu().numpy(), t.cpu().numpy())
/project/6014832/mforooz/EpiDenoise/sandbox/eval.py:46: ConstantInputWarning: An input array is constant; the correlation coefficient is not defined.
  r, _ = spearmanr(p.cpu().numpy(), t.cpu().numpy())
/project/6014832/mforooz/EpiDenoise/sandbox/eval.py:46: ConstantInputWarning: An input array is constant; the correlation coefficient is not defined.
  r, _ = spearmanr(p.cpu().numpy(), t.cpu().numpy())
/project/6014832/mforooz/EpiDenoise/sandbox/eval.py:46: ConstantInputWarning: An input array is constant; the correlation coefficient is not defined.
  r, _ = spearmanr(p.cpu().numpy(), t.cpu().numpy())
/project/6014832/mforooz/EpiDenoise/sandbox/eval.py:46: ConstantInputWarning: An input array is constant; the correlation coefficient is not defined.
  r, _ = spearmanr(p.cpu().numpy(), t.cpu().numpy())
/project/6014832/mforooz/EpiDenoise/sandbox/eval.py:46: ConstantInputWarning: An input array is constant; the correlation coefficient is not defined.
  r, _ = spearmanr(p.cpu().numpy(), t.cpu().numpy())
/project/6014832/mforooz/EpiDenoise/sandbox/eval.py:46: ConstantInputWarning: An input array is constant; the correlation coefficient is not defined.
  r, _ = spearmanr(p.cpu().numpy(), t.cpu().numpy())
/project/6014832/mforooz/EpiDenoise/sandbox/eval.py:46: ConstantInputWarning: An input array is constant; the correlation coefficient is not defined.
  r, _ = spearmanr(p.cpu().numpy(), t.cpu().numpy())
/project/6014832/mforooz/EpiDenoise/sandbox/eval.py:46: ConstantInputWarning: An input array is constant; the correlation coefficient is not defined.
  r, _ = spearmanr(p.cpu().numpy(), t.cpu().numpy())
/project/6014832/mforooz/EpiDenoise/sandbox/eval.py:46: ConstantInputWarning: An input array is constant; the correlation coefficient is not defined.
  r, _ = spearmanr(p.cpu().numpy(), t.cpu().numpy())
/project/6014832/mforooz/EpiDenoise/sandbox/eval.py:46: ConstantInputWarning: An input array is constant; the correlation coefficient is not defined.
  r, _ = spearmanr(p.cpu().numpy(), t.cpu().numpy())
/project/6014832/mforooz/EpiDenoise/sandbox/eval.py:46: ConstantInputWarning: An input array is constant; the correlation coefficient is not defined.
  r, _ = spearmanr(p.cpu().numpy(), t.cpu().numpy())
/project/6014832/mforooz/EpiDenoise/sandbox/eval.py:46: ConstantInputWarning: An input array is constant; the correlation coefficient is not defined.
  r, _ = spearmanr(p.cpu().numpy(), t.cpu().numpy())
/project/6014832/mforooz/EpiDenoise/sandbox/eval.py:46: ConstantInputWarning: An input array is constant; the correlation coefficient is not defined.
  r, _ = spearmanr(p.cpu().numpy(), t.cpu().numpy())
/project/6014832/mforooz/EpiDenoise/sandbox/eval.py:46: ConstantInputWarning: An input array is constant; the correlation coefficient is not defined.
  r, _ = spearmanr(p.cpu().numpy(), t.cpu().numpy())
/project/6014832/mforooz/EpiDenoise/sandbox/eval.py:46: ConstantInputWarning: An input array is constant; the correlation coefficient is not defined.
  r, _ = spearmanr(p.cpu().numpy(), t.cpu().numpy())
/project/6014832/mforooz/EpiDenoise/sandbox/eval.py:46: ConstantInputWarning: An input array is constant; the correlation coefficient is not defined.
  r, _ = spearmanr(p.cpu().numpy(), t.cpu().numpy())
/project/6014832/mforooz/EpiDenoise/sandbox/eval.py:46: ConstantInputWarning: An input array is constant; the correlation coefficient is not defined.
  r, _ = spearmanr(p.cpu().numpy(), t.cpu().numpy())
/project/6014832/mforooz/EpiDenoise/sandbox/eval.py:46: ConstantInputWarning: An input array is constant; the correlation coefficient is not defined.
  r, _ = spearmanr(p.cpu().numpy(), t.cpu().numpy())
/project/6014832/mforooz/EpiDenoise/sandbox/eval.py:46: ConstantInputWarning: An input array is constant; the correlation coefficient is not defined.
  r, _ = spearmanr(p.cpu().numpy(), t.cpu().numpy())
/project/6014832/mforooz/EpiDenoise/sandbox/eval.py:46: ConstantInputWarning: An input array is constant; the correlation coefficient is not defined.
  r, _ = spearmanr(p.cpu().numpy(), t.cpu().numpy())
/project/6014832/mforooz/EpiDenoise/sandbox/eval.py:46: ConstantInputWarning: An input array is constant; the correlation coefficient is not defined.
  r, _ = spearmanr(p.cpu().numpy(), t.cpu().numpy())
/project/6014832/mforooz/EpiDenoise/sandbox/eval.py:46: ConstantInputWarning: An input array is constant; the correlation coefficient is not defined.
  r, _ = spearmanr(p.cpu().numpy(), t.cpu().numpy())
/project/6014832/mforooz/EpiDenoise/sandbox/eval.py:46: ConstantInputWarning: An input array is constant; the correlation coefficient is not defined.
  r, _ = spearmanr(p.cpu().numpy(), t.cpu().numpy())
/project/6014832/mforooz/EpiDenoise/sandbox/eval.py:46: ConstantInputWarning: An input array is constant; the correlation coefficient is not defined.
  r, _ = spearmanr(p.cpu().numpy(), t.cpu().numpy())
/project/6014832/mforooz/EpiDenoise/sandbox/eval.py:46: ConstantInputWarning: An input array is constant; the correlation coefficient is not defined.
  r, _ = spearmanr(p.cpu().numpy(), t.cpu().numpy())
/project/6014832/mforooz/EpiDenoise/sandbox/eval.py:46: ConstantInputWarning: An input array is constant; the correlation coefficient is not defined.
  r, _ = spearmanr(p.cpu().numpy(), t.cpu().numpy())
/project/6014832/mforooz/EpiDenoise/sandbox/eval.py:46: ConstantInputWarning: An input array is constant; the correlation coefficient is not defined.
  r, _ = spearmanr(p.cpu().numpy(), t.cpu().numpy())
/project/6014832/mforooz/EpiDenoise/sandbox/eval.py:46: ConstantInputWarning: An input array is constant; the correlation coefficient is not defined.
  r, _ = spearmanr(p.cpu().numpy(), t.cpu().numpy())
/project/6014832/mforooz/EpiDenoise/sandbox/eval.py:46: ConstantInputWarning: An input array is constant; the correlation coefficient is not defined.
  r, _ = spearmanr(p.cpu().numpy(), t.cpu().numpy())
/project/6014832/mforooz/EpiDenoise/sandbox/eval.py:46: ConstantInputWarning: An input array is constant; the correlation coefficient is not defined.
  r, _ = spearmanr(p.cpu().numpy(), t.cpu().numpy())
/project/6014832/mforooz/EpiDenoise/sandbox/eval.py:46: ConstantInputWarning: An input array is constant; the correlation coefficient is not defined.
  r, _ = spearmanr(p.cpu().numpy(), t.cpu().numpy())
/project/6014832/mforooz/EpiDenoise/sandbox/eval.py:46: ConstantInputWarning: An input array is constant; the correlation coefficient is not defined.
  r, _ = spearmanr(p.cpu().numpy(), t.cpu().numpy())
/project/6014832/mforooz/EpiDenoise/sandbox/eval.py:46: ConstantInputWarning: An input array is constant; the correlation coefficient is not defined.
  r, _ = spearmanr(p.cpu().numpy(), t.cpu().numpy())
/project/6014832/mforooz/EpiDenoise/sandbox/eval.py:46: ConstantInputWarning: An input array is constant; the correlation coefficient is not defined.
  r, _ = spearmanr(p.cpu().numpy(), t.cpu().numpy())
/project/6014832/mforooz/EpiDenoise/sandbox/eval.py:46: ConstantInputWarning: An input array is constant; the correlation coefficient is not defined.
  r, _ = spearmanr(p.cpu().numpy(), t.cpu().numpy())
/project/6014832/mforooz/EpiDenoise/sandbox/eval.py:46: ConstantInputWarning: An input array is constant; the correlation coefficient is not defined.
  r, _ = spearmanr(p.cpu().numpy(), t.cpu().numpy())
/project/6014832/mforooz/EpiDenoise/sandbox/eval.py:46: ConstantInputWarning: An input array is constant; the correlation coefficient is not defined.
  r, _ = spearmanr(p.cpu().numpy(), t.cpu().numpy())
/project/6014832/mforooz/EpiDenoise/sandbox/eval.py:46: ConstantInputWarning: An input array is constant; the correlation coefficient is not defined.
  r, _ = spearmanr(p.cpu().numpy(), t.cpu().numpy())
/project/6014832/mforooz/EpiDenoise/sandbox/eval.py:46: ConstantInputWarning: An input array is constant; the correlation coefficient is not defined.
  r, _ = spearmanr(p.cpu().numpy(), t.cpu().numpy())
/project/6014832/mforooz/EpiDenoise/sandbox/eval.py:46: ConstantInputWarning: An input array is constant; the correlation coefficient is not defined.
  r, _ = spearmanr(p.cpu().numpy(), t.cpu().numpy())
/project/6014832/mforooz/EpiDenoise/sandbox/eval.py:46: ConstantInputWarning: An input array is constant; the correlation coefficient is not defined.
  r, _ = spearmanr(p.cpu().numpy(), t.cpu().numpy())
/project/6014832/mforooz/EpiDenoise/sandbox/eval.py:46: ConstantInputWarning: An input array is constant; the correlation coefficient is not defined.
  r, _ = spearmanr(p.cpu().numpy(), t.cpu().numpy())
/project/6014832/mforooz/EpiDenoise/sandbox/eval.py:46: ConstantInputWarning: An input array is constant; the correlation coefficient is not defined.
  r, _ = spearmanr(p.cpu().numpy(), t.cpu().numpy())
/project/6014832/mforooz/EpiDenoise/sandbox/eval.py:46: ConstantInputWarning: An input array is constant; the correlation coefficient is not defined.
  r, _ = spearmanr(p.cpu().numpy(), t.cpu().numpy())
/project/6014832/mforooz/EpiDenoise/sandbox/eval.py:46: ConstantInputWarning: An input array is constant; the correlation coefficient is not defined.
  r, _ = spearmanr(p.cpu().numpy(), t.cpu().numpy())
/project/6014832/mforooz/EpiDenoise/sandbox/eval.py:46: ConstantInputWarning: An input array is constant; the correlation coefficient is not defined.
  r, _ = spearmanr(p.cpu().numpy(), t.cpu().numpy())
/project/6014832/mforooz/EpiDenoise/sandbox/eval.py:46: ConstantInputWarning: An input array is constant; the correlation coefficient is not defined.
  r, _ = spearmanr(p.cpu().numpy(), t.cpu().numpy())
/project/6014832/mforooz/EpiDenoise/sandbox/eval.py:46: ConstantInputWarning: An input array is constant; the correlation coefficient is not defined.
  r, _ = spearmanr(p.cpu().numpy(), t.cpu().numpy())
/project/6014832/mforooz/EpiDenoise/sandbox/eval.py:46: ConstantInputWarning: An input array is constant; the correlation coefficient is not defined.
  r, _ = spearmanr(p.cpu().numpy(), t.cpu().numpy())
/project/6014832/mforooz/EpiDenoise/sandbox/eval.py:46: ConstantInputWarning: An input array is constant; the correlation coefficient is not defined.
  r, _ = spearmanr(p.cpu().numpy(), t.cpu().numpy())
/project/6014832/mforooz/EpiDenoise/sandbox/eval.py:46: ConstantInputWarning: An input array is constant; the correlation coefficient is not defined.
  r, _ = spearmanr(p.cpu().numpy(), t.cpu().numpy())
/project/6014832/mforooz/EpiDenoise/sandbox/eval.py:46: ConstantInputWarning: An input array is constant; the correlation coefficient is not defined.
  r, _ = spearmanr(p.cpu().numpy(), t.cpu().numpy())
/project/6014832/mforooz/EpiDenoise/sandbox/eval.py:46: ConstantInputWarning: An input array is constant; the correlation coefficient is not defined.
  r, _ = spearmanr(p.cpu().numpy(), t.cpu().numpy())
/project/6014832/mforooz/EpiDenoise/sandbox/eval.py:46: ConstantInputWarning: An input array is constant; the correlation coefficient is not defined.
  r, _ = spearmanr(p.cpu().numpy(), t.cpu().numpy())
/project/6014832/mforooz/EpiDenoise/sandbox/eval.py:46: ConstantInputWarning: An input array is constant; the correlation coefficient is not defined.
  r, _ = spearmanr(p.cpu().numpy(), t.cpu().numpy())
/project/6014832/mforooz/EpiDenoise/sandbox/eval.py:46: ConstantInputWarning: An input array is constant; the correlation coefficient is not defined.
  r, _ = spearmanr(p.cpu().numpy(), t.cpu().numpy())
/project/6014832/mforooz/EpiDenoise/sandbox/eval.py:46: ConstantInputWarning: An input array is constant; the correlation coefficient is not defined.
  r, _ = spearmanr(p.cpu().numpy(), t.cpu().numpy())
/project/6014832/mforooz/EpiDenoise/sandbox/eval.py:46: ConstantInputWarning: An input array is constant; the correlation coefficient is not defined.
  r, _ = spearmanr(p.cpu().numpy(), t.cpu().numpy())
/project/6014832/mforooz/EpiDenoise/sandbox/eval.py:46: ConstantInputWarning: An input array is constant; the correlation coefficient is not defined.
  r, _ = spearmanr(p.cpu().numpy(), t.cpu().numpy())
/project/6014832/mforooz/EpiDenoise/sandbox/eval.py:46: ConstantInputWarning: An input array is constant; the correlation coefficient is not defined.
  r, _ = spearmanr(p.cpu().numpy(), t.cpu().numpy())
/project/6014832/mforooz/EpiDenoise/candi_venv/lib/python3.10/site-packages/torch/optim/lr_scheduler.py:243: UserWarning: The epoch parameter in `scheduler.step()` was not necessary and is being deprecated where possible. Please use `scheduler.step()` to step the scheduler. During the deprecation, if epoch is different from None, the closed form is used instead of the new chainable form, where available. Please open an issue if you are unable to replicate your use case: https://github.com/pytorch/pytorch/issues/new/choose.
  warnings.warn(EPOCH_DEPRECATION_WARNING, UserWarning)
/project/6014832/mforooz/EpiDenoise/sandbox/eval.py:46: ConstantInputWarning: An input array is constant; the correlation coefficient is not defined.
  r, _ = spearmanr(p.cpu().numpy(), t.cpu().numpy())
/project/6014832/mforooz/EpiDenoise/sandbox/eval.py:46: ConstantInputWarning: An input array is constant; the correlation coefficient is not defined.
  r, _ = spearmanr(p.cpu().numpy(), t.cpu().numpy())
/project/6014832/mforooz/EpiDenoise/sandbox/eval.py:46: ConstantInputWarning: An input array is constant; the correlation coefficient is not defined.
  r, _ = spearmanr(p.cpu().numpy(), t.cpu().numpy())
/project/6014832/mforooz/EpiDenoise/sandbox/eval.py:46: ConstantInputWarning: An input array is constant; the correlation coefficient is not defined.
  r, _ = spearmanr(p.cpu().numpy(), t.cpu().numpy())
/project/6014832/mforooz/EpiDenoise/sandbox/eval.py:46: ConstantInputWarning: An input array is constant; the correlation coefficient is not defined.
  r, _ = spearmanr(p.cpu().numpy(), t.cpu().numpy())
/project/6014832/mforooz/EpiDenoise/sandbox/eval.py:46: ConstantInputWarning: An input array is constant; the correlation coefficient is not defined.
  r, _ = spearmanr(p.cpu().numpy(), t.cpu().numpy())
/project/6014832/mforooz/EpiDenoise/sandbox/eval.py:46: ConstantInputWarning: An input array is constant; the correlation coefficient is not defined.
  r, _ = spearmanr(p.cpu().numpy(), t.cpu().numpy())
/project/6014832/mforooz/EpiDenoise/sandbox/eval.py:46: ConstantInputWarning: An input array is constant; the correlation coefficient is not defined.
  r, _ = spearmanr(p.cpu().numpy(), t.cpu().numpy())
/project/6014832/mforooz/EpiDenoise/sandbox/eval.py:46: ConstantInputWarning: An input array is constant; the correlation coefficient is not defined.
  r, _ = spearmanr(p.cpu().numpy(), t.cpu().numpy())
/project/6014832/mforooz/EpiDenoise/sandbox/eval.py:46: ConstantInputWarning: An input array is constant; the correlation coefficient is not defined.
  r, _ = spearmanr(p.cpu().numpy(), t.cpu().numpy())
/project/6014832/mforooz/EpiDenoise/sandbox/eval.py:46: ConstantInputWarning: An input array is constant; the correlation coefficient is not defined.
  r, _ = spearmanr(p.cpu().numpy(), t.cpu().numpy())
/project/6014832/mforooz/EpiDenoise/sandbox/eval.py:46: ConstantInputWarning: An input array is constant; the correlation coefficient is not defined.
  r, _ = spearmanr(p.cpu().numpy(), t.cpu().numpy())
/project/6014832/mforooz/EpiDenoise/sandbox/eval.py:46: ConstantInputWarning: An input array is constant; the correlation coefficient is not defined.
  r, _ = spearmanr(p.cpu().numpy(), t.cpu().numpy())
/project/6014832/mforooz/EpiDenoise/sandbox/eval.py:46: ConstantInputWarning: An input array is constant; the correlation coefficient is not defined.
  r, _ = spearmanr(p.cpu().numpy(), t.cpu().numpy())
/project/6014832/mforooz/EpiDenoise/sandbox/eval.py:46: ConstantInputWarning: An input array is constant; the correlation coefficient is not defined.
  r, _ = spearmanr(p.cpu().numpy(), t.cpu().numpy())
/project/6014832/mforooz/EpiDenoise/sandbox/eval.py:46: ConstantInputWarning: An input array is constant; the correlation coefficient is not defined.
  r, _ = spearmanr(p.cpu().numpy(), t.cpu().numpy())
/project/6014832/mforooz/EpiDenoise/sandbox/eval.py:46: ConstantInputWarning: An input array is constant; the correlation coefficient is not defined.
  r, _ = spearmanr(p.cpu().numpy(), t.cpu().numpy())
/project/6014832/mforooz/EpiDenoise/sandbox/eval.py:46: ConstantInputWarning: An input array is constant; the correlation coefficient is not defined.
  r, _ = spearmanr(p.cpu().numpy(), t.cpu().numpy())
/project/6014832/mforooz/EpiDenoise/sandbox/eval.py:46: ConstantInputWarning: An input array is constant; the correlation coefficient is not defined.
  r, _ = spearmanr(p.cpu().numpy(), t.cpu().numpy())
/project/6014832/mforooz/EpiDenoise/sandbox/eval.py:46: ConstantInputWarning: An input array is constant; the correlation coefficient is not defined.
  r, _ = spearmanr(p.cpu().numpy(), t.cpu().numpy())
/project/6014832/mforooz/EpiDenoise/sandbox/eval.py:46: ConstantInputWarning: An input array is constant; the correlation coefficient is not defined.
  r, _ = spearmanr(p.cpu().numpy(), t.cpu().numpy())
/project/6014832/mforooz/EpiDenoise/sandbox/eval.py:46: ConstantInputWarning: An input array is constant; the correlation coefficient is not defined.
  r, _ = spearmanr(p.cpu().numpy(), t.cpu().numpy())
/project/6014832/mforooz/EpiDenoise/sandbox/eval.py:46: ConstantInputWarning: An input array is constant; the correlation coefficient is not defined.
  r, _ = spearmanr(p.cpu().numpy(), t.cpu().numpy())
/project/6014832/mforooz/EpiDenoise/sandbox/eval.py:46: ConstantInputWarning: An input array is constant; the correlation coefficient is not defined.
  r, _ = spearmanr(p.cpu().numpy(), t.cpu().numpy())
/project/6014832/mforooz/EpiDenoise/sandbox/eval.py:46: ConstantInputWarning: An input array is constant; the correlation coefficient is not defined.
  r, _ = spearmanr(p.cpu().numpy(), t.cpu().numpy())
/project/6014832/mforooz/EpiDenoise/sandbox/eval.py:46: ConstantInputWarning: An input array is constant; the correlation coefficient is not defined.
  r, _ = spearmanr(p.cpu().numpy(), t.cpu().numpy())
/project/6014832/mforooz/EpiDenoise/sandbox/eval.py:46: ConstantInputWarning: An input array is constant; the correlation coefficient is not defined.
  r, _ = spearmanr(p.cpu().numpy(), t.cpu().numpy())
/project/6014832/mforooz/EpiDenoise/sandbox/eval.py:46: ConstantInputWarning: An input array is constant; the correlation coefficient is not defined.
  r, _ = spearmanr(p.cpu().numpy(), t.cpu().numpy())
/project/6014832/mforooz/EpiDenoise/sandbox/eval.py:46: ConstantInputWarning: An input array is constant; the correlation coefficient is not defined.
  r, _ = spearmanr(p.cpu().numpy(), t.cpu().numpy())
/project/6014832/mforooz/EpiDenoise/sandbox/eval.py:46: ConstantInputWarning: An input array is constant; the correlation coefficient is not defined.
  r, _ = spearmanr(p.cpu().numpy(), t.cpu().numpy())
/project/6014832/mforooz/EpiDenoise/sandbox/eval.py:46: ConstantInputWarning: An input array is constant; the correlation coefficient is not defined.
  r, _ = spearmanr(p.cpu().numpy(), t.cpu().numpy())
/project/6014832/mforooz/EpiDenoise/sandbox/eval.py:46: ConstantInputWarning: An input array is constant; the correlation coefficient is not defined.
  r, _ = spearmanr(p.cpu().numpy(), t.cpu().numpy())
/project/6014832/mforooz/EpiDenoise/sandbox/eval.py:46: ConstantInputWarning: An input array is constant; the correlation coefficient is not defined.
  r, _ = spearmanr(p.cpu().numpy(), t.cpu().numpy())
/project/6014832/mforooz/EpiDenoise/sandbox/eval.py:46: ConstantInputWarning: An input array is constant; the correlation coefficient is not defined.
  r, _ = spearmanr(p.cpu().numpy(), t.cpu().numpy())
/project/6014832/mforooz/EpiDenoise/sandbox/eval.py:46: ConstantInputWarning: An input array is constant; the correlation coefficient is not defined.
  r, _ = spearmanr(p.cpu().numpy(), t.cpu().numpy())
/project/6014832/mforooz/EpiDenoise/sandbox/eval.py:46: ConstantInputWarning: An input array is constant; the correlation coefficient is not defined.
  r, _ = spearmanr(p.cpu().numpy(), t.cpu().numpy())
/project/6014832/mforooz/EpiDenoise/sandbox/eval.py:46: ConstantInputWarning: An input array is constant; the correlation coefficient is not defined.
  r, _ = spearmanr(p.cpu().numpy(), t.cpu().numpy())
/project/6014832/mforooz/EpiDenoise/sandbox/eval.py:46: ConstantInputWarning: An input array is constant; the correlation coefficient is not defined.
  r, _ = spearmanr(p.cpu().numpy(), t.cpu().numpy())
/project/6014832/mforooz/EpiDenoise/sandbox/eval.py:46: ConstantInputWarning: An input array is constant; the correlation coefficient is not defined.
  r, _ = spearmanr(p.cpu().numpy(), t.cpu().numpy())
/project/6014832/mforooz/EpiDenoise/sandbox/eval.py:46: ConstantInputWarning: An input array is constant; the correlation coefficient is not defined.
  r, _ = spearmanr(p.cpu().numpy(), t.cpu().numpy())
/project/6014832/mforooz/EpiDenoise/sandbox/eval.py:46: ConstantInputWarning: An input array is constant; the correlation coefficient is not defined.
  r, _ = spearmanr(p.cpu().numpy(), t.cpu().numpy())
/project/6014832/mforooz/EpiDenoise/sandbox/eval.py:46: ConstantInputWarning: An input array is constant; the correlation coefficient is not defined.
  r, _ = spearmanr(p.cpu().numpy(), t.cpu().numpy())
/project/6014832/mforooz/EpiDenoise/sandbox/eval.py:46: ConstantInputWarning: An input array is constant; the correlation coefficient is not defined.
  r, _ = spearmanr(p.cpu().numpy(), t.cpu().numpy())
/project/6014832/mforooz/EpiDenoise/sandbox/eval.py:46: ConstantInputWarning: An input array is constant; the correlation coefficient is not defined.
  r, _ = spearmanr(p.cpu().numpy(), t.cpu().numpy())
/project/6014832/mforooz/EpiDenoise/sandbox/eval.py:46: ConstantInputWarning: An input array is constant; the correlation coefficient is not defined.
  r, _ = spearmanr(p.cpu().numpy(), t.cpu().numpy())
/project/6014832/mforooz/EpiDenoise/sandbox/eval.py:46: ConstantInputWarning: An input array is constant; the correlation coefficient is not defined.
  r, _ = spearmanr(p.cpu().numpy(), t.cpu().numpy())
/project/6014832/mforooz/EpiDenoise/sandbox/eval.py:46: ConstantInputWarning: An input array is constant; the correlation coefficient is not defined.
  r, _ = spearmanr(p.cpu().numpy(), t.cpu().numpy())
/project/6014832/mforooz/EpiDenoise/sandbox/eval.py:46: ConstantInputWarning: An input array is constant; the correlation coefficient is not defined.
  r, _ = spearmanr(p.cpu().numpy(), t.cpu().numpy())
/project/6014832/mforooz/EpiDenoise/sandbox/eval.py:46: ConstantInputWarning: An input array is constant; the correlation coefficient is not defined.
  r, _ = spearmanr(p.cpu().numpy(), t.cpu().numpy())
/project/6014832/mforooz/EpiDenoise/sandbox/eval.py:46: ConstantInputWarning: An input array is constant; the correlation coefficient is not defined.
  r, _ = spearmanr(p.cpu().numpy(), t.cpu().numpy())
/project/6014832/mforooz/EpiDenoise/sandbox/eval.py:46: ConstantInputWarning: An input array is constant; the correlation coefficient is not defined.
  r, _ = spearmanr(p.cpu().numpy(), t.cpu().numpy())
/project/6014832/mforooz/EpiDenoise/sandbox/eval.py:46: ConstantInputWarning: An input array is constant; the correlation coefficient is not defined.
  r, _ = spearmanr(p.cpu().numpy(), t.cpu().numpy())
/project/6014832/mforooz/EpiDenoise/sandbox/eval.py:46: ConstantInputWarning: An input array is constant; the correlation coefficient is not defined.
  r, _ = spearmanr(p.cpu().numpy(), t.cpu().numpy())
/project/6014832/mforooz/EpiDenoise/sandbox/eval.py:46: ConstantInputWarning: An input array is constant; the correlation coefficient is not defined.
  r, _ = spearmanr(p.cpu().numpy(), t.cpu().numpy())
/project/6014832/mforooz/EpiDenoise/sandbox/eval.py:46: ConstantInputWarning: An input array is constant; the correlation coefficient is not defined.
  r, _ = spearmanr(p.cpu().numpy(), t.cpu().numpy())
/project/6014832/mforooz/EpiDenoise/sandbox/eval.py:46: ConstantInputWarning: An input array is constant; the correlation coefficient is not defined.
  r, _ = spearmanr(p.cpu().numpy(), t.cpu().numpy())
/project/6014832/mforooz/EpiDenoise/sandbox/eval.py:46: ConstantInputWarning: An input array is constant; the correlation coefficient is not defined.
  r, _ = spearmanr(p.cpu().numpy(), t.cpu().numpy())
/project/6014832/mforooz/EpiDenoise/sandbox/eval.py:46: ConstantInputWarning: An input array is constant; the correlation coefficient is not defined.
  r, _ = spearmanr(p.cpu().numpy(), t.cpu().numpy())
/project/6014832/mforooz/EpiDenoise/sandbox/eval.py:46: ConstantInputWarning: An input array is constant; the correlation coefficient is not defined.
  r, _ = spearmanr(p.cpu().numpy(), t.cpu().numpy())
/project/6014832/mforooz/EpiDenoise/sandbox/eval.py:46: ConstantInputWarning: An input array is constant; the correlation coefficient is not defined.
  r, _ = spearmanr(p.cpu().numpy(), t.cpu().numpy())
/project/6014832/mforooz/EpiDenoise/sandbox/eval.py:46: ConstantInputWarning: An input array is constant; the correlation coefficient is not defined.
  r, _ = spearmanr(p.cpu().numpy(), t.cpu().numpy())
/project/6014832/mforooz/EpiDenoise/sandbox/eval.py:46: ConstantInputWarning: An input array is constant; the correlation coefficient is not defined.
  r, _ = spearmanr(p.cpu().numpy(), t.cpu().numpy())
/project/6014832/mforooz/EpiDenoise/sandbox/eval.py:46: ConstantInputWarning: An input array is constant; the correlation coefficient is not defined.
  r, _ = spearmanr(p.cpu().numpy(), t.cpu().numpy())
/project/6014832/mforooz/EpiDenoise/sandbox/eval.py:46: ConstantInputWarning: An input array is constant; the correlation coefficient is not defined.
  r, _ = spearmanr(p.cpu().numpy(), t.cpu().numpy())
/project/6014832/mforooz/EpiDenoise/sandbox/eval.py:46: ConstantInputWarning: An input array is constant; the correlation coefficient is not defined.
  r, _ = spearmanr(p.cpu().numpy(), t.cpu().numpy())
/project/6014832/mforooz/EpiDenoise/sandbox/eval.py:46: ConstantInputWarning: An input array is constant; the correlation coefficient is not defined.
  r, _ = spearmanr(p.cpu().numpy(), t.cpu().numpy())
/project/6014832/mforooz/EpiDenoise/sandbox/eval.py:46: ConstantInputWarning: An input array is constant; the correlation coefficient is not defined.
  r, _ = spearmanr(p.cpu().numpy(), t.cpu().numpy())
/project/6014832/mforooz/EpiDenoise/sandbox/eval.py:46: ConstantInputWarning: An input array is constant; the correlation coefficient is not defined.
  r, _ = spearmanr(p.cpu().numpy(), t.cpu().numpy())
/project/6014832/mforooz/EpiDenoise/sandbox/eval.py:46: ConstantInputWarning: An input array is constant; the correlation coefficient is not defined.
  r, _ = spearmanr(p.cpu().numpy(), t.cpu().numpy())
/project/6014832/mforooz/EpiDenoise/sandbox/eval.py:46: ConstantInputWarning: An input array is constant; the correlation coefficient is not defined.
  r, _ = spearmanr(p.cpu().numpy(), t.cpu().numpy())
/project/6014832/mforooz/EpiDenoise/sandbox/eval.py:46: ConstantInputWarning: An input array is constant; the correlation coefficient is not defined.
  r, _ = spearmanr(p.cpu().numpy(), t.cpu().numpy())
/project/6014832/mforooz/EpiDenoise/sandbox/eval.py:46: ConstantInputWarning: An input array is constant; the correlation coefficient is not defined.
  r, _ = spearmanr(p.cpu().numpy(), t.cpu().numpy())
/project/6014832/mforooz/EpiDenoise/sandbox/eval.py:46: ConstantInputWarning: An input array is constant; the correlation coefficient is not defined.
  r, _ = spearmanr(p.cpu().numpy(), t.cpu().numpy())
/project/6014832/mforooz/EpiDenoise/sandbox/eval.py:46: ConstantInputWarning: An input array is constant; the correlation coefficient is not defined.
  r, _ = spearmanr(p.cpu().numpy(), t.cpu().numpy())
/project/6014832/mforooz/EpiDenoise/sandbox/eval.py:46: ConstantInputWarning: An input array is constant; the correlation coefficient is not defined.
  r, _ = spearmanr(p.cpu().numpy(), t.cpu().numpy())
/project/6014832/mforooz/EpiDenoise/sandbox/eval.py:46: ConstantInputWarning: An input array is constant; the correlation coefficient is not defined.
  r, _ = spearmanr(p.cpu().numpy(), t.cpu().numpy())
/project/6014832/mforooz/EpiDenoise/sandbox/eval.py:46: ConstantInputWarning: An input array is constant; the correlation coefficient is not defined.
  r, _ = spearmanr(p.cpu().numpy(), t.cpu().numpy())
/project/6014832/mforooz/EpiDenoise/sandbox/eval.py:46: ConstantInputWarning: An input array is constant; the correlation coefficient is not defined.
  r, _ = spearmanr(p.cpu().numpy(), t.cpu().numpy())
/project/6014832/mforooz/EpiDenoise/sandbox/eval.py:46: ConstantInputWarning: An input array is constant; the correlation coefficient is not defined.
  r, _ = spearmanr(p.cpu().numpy(), t.cpu().numpy())
/project/6014832/mforooz/EpiDenoise/sandbox/eval.py:46: ConstantInputWarning: An input array is constant; the correlation coefficient is not defined.
  r, _ = spearmanr(p.cpu().numpy(), t.cpu().numpy())
/project/6014832/mforooz/EpiDenoise/sandbox/eval.py:46: ConstantInputWarning: An input array is constant; the correlation coefficient is not defined.
  r, _ = spearmanr(p.cpu().numpy(), t.cpu().numpy())
/project/6014832/mforooz/EpiDenoise/sandbox/eval.py:46: ConstantInputWarning: An input array is constant; the correlation coefficient is not defined.
  r, _ = spearmanr(p.cpu().numpy(), t.cpu().numpy())
/project/6014832/mforooz/EpiDenoise/sandbox/eval.py:46: ConstantInputWarning: An input array is constant; the correlation coefficient is not defined.
  r, _ = spearmanr(p.cpu().numpy(), t.cpu().numpy())
/project/6014832/mforooz/EpiDenoise/sandbox/eval.py:46: ConstantInputWarning: An input array is constant; the correlation coefficient is not defined.
  r, _ = spearmanr(p.cpu().numpy(), t.cpu().numpy())
/project/6014832/mforooz/EpiDenoise/sandbox/eval.py:46: ConstantInputWarning: An input array is constant; the correlation coefficient is not defined.
  r, _ = spearmanr(p.cpu().numpy(), t.cpu().numpy())
/project/6014832/mforooz/EpiDenoise/sandbox/eval.py:46: ConstantInputWarning: An input array is constant; the correlation coefficient is not defined.
  r, _ = spearmanr(p.cpu().numpy(), t.cpu().numpy())
/project/6014832/mforooz/EpiDenoise/sandbox/eval.py:46: ConstantInputWarning: An input array is constant; the correlation coefficient is not defined.
  r, _ = spearmanr(p.cpu().numpy(), t.cpu().numpy())
/project/6014832/mforooz/EpiDenoise/sandbox/eval.py:46: ConstantInputWarning: An input array is constant; the correlation coefficient is not defined.
  r, _ = spearmanr(p.cpu().numpy(), t.cpu().numpy())
/project/6014832/mforooz/EpiDenoise/sandbox/eval.py:46: ConstantInputWarning: An input array is constant; the correlation coefficient is not defined.
  r, _ = spearmanr(p.cpu().numpy(), t.cpu().numpy())
/project/6014832/mforooz/EpiDenoise/sandbox/eval.py:46: ConstantInputWarning: An input array is constant; the correlation coefficient is not defined.
  r, _ = spearmanr(p.cpu().numpy(), t.cpu().numpy())
/project/6014832/mforooz/EpiDenoise/sandbox/eval.py:46: ConstantInputWarning: An input array is constant; the correlation coefficient is not defined.
  r, _ = spearmanr(p.cpu().numpy(), t.cpu().numpy())
/project/6014832/mforooz/EpiDenoise/sandbox/eval.py:46: ConstantInputWarning: An input array is constant; the correlation coefficient is not defined.
  r, _ = spearmanr(p.cpu().numpy(), t.cpu().numpy())
/project/6014832/mforooz/EpiDenoise/sandbox/eval.py:46: ConstantInputWarning: An input array is constant; the correlation coefficient is not defined.
  r, _ = spearmanr(p.cpu().numpy(), t.cpu().numpy())
/project/6014832/mforooz/EpiDenoise/sandbox/eval.py:46: ConstantInputWarning: An input array is constant; the correlation coefficient is not defined.
  r, _ = spearmanr(p.cpu().numpy(), t.cpu().numpy())
/project/6014832/mforooz/EpiDenoise/sandbox/eval.py:46: ConstantInputWarning: An input array is constant; the correlation coefficient is not defined.
  r, _ = spearmanr(p.cpu().numpy(), t.cpu().numpy())
/project/6014832/mforooz/EpiDenoise/sandbox/eval.py:46: ConstantInputWarning: An input array is constant; the correlation coefficient is not defined.
  r, _ = spearmanr(p.cpu().numpy(), t.cpu().numpy())
/project/6014832/mforooz/EpiDenoise/sandbox/eval.py:46: ConstantInputWarning: An input array is constant; the correlation coefficient is not defined.
  r, _ = spearmanr(p.cpu().numpy(), t.cpu().numpy())
/project/6014832/mforooz/EpiDenoise/sandbox/eval.py:46: ConstantInputWarning: An input array is constant; the correlation coefficient is not defined.
  r, _ = spearmanr(p.cpu().numpy(), t.cpu().numpy())
/project/6014832/mforooz/EpiDenoise/sandbox/eval.py:46: ConstantInputWarning: An input array is constant; the correlation coefficient is not defined.
  r, _ = spearmanr(p.cpu().numpy(), t.cpu().numpy())
/project/6014832/mforooz/EpiDenoise/sandbox/eval.py:46: ConstantInputWarning: An input array is constant; the correlation coefficient is not defined.
  r, _ = spearmanr(p.cpu().numpy(), t.cpu().numpy())
/project/6014832/mforooz/EpiDenoise/sandbox/eval.py:46: ConstantInputWarning: An input array is constant; the correlation coefficient is not defined.
  r, _ = spearmanr(p.cpu().numpy(), t.cpu().numpy())
/project/6014832/mforooz/EpiDenoise/sandbox/eval.py:46: ConstantInputWarning: An input array is constant; the correlation coefficient is not defined.
  r, _ = spearmanr(p.cpu().numpy(), t.cpu().numpy())
/project/6014832/mforooz/EpiDenoise/sandbox/eval.py:46: ConstantInputWarning: An input array is constant; the correlation coefficient is not defined.
  r, _ = spearmanr(p.cpu().numpy(), t.cpu().numpy())
/project/6014832/mforooz/EpiDenoise/sandbox/eval.py:46: ConstantInputWarning: An input array is constant; the correlation coefficient is not defined.
  r, _ = spearmanr(p.cpu().numpy(), t.cpu().numpy())
/project/6014832/mforooz/EpiDenoise/sandbox/eval.py:46: ConstantInputWarning: An input array is constant; the correlation coefficient is not defined.
  r, _ = spearmanr(p.cpu().numpy(), t.cpu().numpy())
/project/6014832/mforooz/EpiDenoise/sandbox/eval.py:46: ConstantInputWarning: An input array is constant; the correlation coefficient is not defined.
  r, _ = spearmanr(p.cpu().numpy(), t.cpu().numpy())
/project/6014832/mforooz/EpiDenoise/sandbox/eval.py:46: ConstantInputWarning: An input array is constant; the correlation coefficient is not defined.
  r, _ = spearmanr(p.cpu().numpy(), t.cpu().numpy())
/project/6014832/mforooz/EpiDenoise/sandbox/eval.py:46: ConstantInputWarning: An input array is constant; the correlation coefficient is not defined.
  r, _ = spearmanr(p.cpu().numpy(), t.cpu().numpy())
/project/6014832/mforooz/EpiDenoise/sandbox/eval.py:46: ConstantInputWarning: An input array is constant; the correlation coefficient is not defined.
  r, _ = spearmanr(p.cpu().numpy(), t.cpu().numpy())
/project/6014832/mforooz/EpiDenoise/sandbox/eval.py:46: ConstantInputWarning: An input array is constant; the correlation coefficient is not defined.
  r, _ = spearmanr(p.cpu().numpy(), t.cpu().numpy())
/project/6014832/mforooz/EpiDenoise/sandbox/eval.py:46: ConstantInputWarning: An input array is constant; the correlation coefficient is not defined.
  r, _ = spearmanr(p.cpu().numpy(), t.cpu().numpy())
/project/6014832/mforooz/EpiDenoise/sandbox/eval.py:46: ConstantInputWarning: An input array is constant; the correlation coefficient is not defined.
  r, _ = spearmanr(p.cpu().numpy(), t.cpu().numpy())
/project/6014832/mforooz/EpiDenoise/sandbox/eval.py:46: ConstantInputWarning: An input array is constant; the correlation coefficient is not defined.
  r, _ = spearmanr(p.cpu().numpy(), t.cpu().numpy())
/project/6014832/mforooz/EpiDenoise/sandbox/eval.py:46: ConstantInputWarning: An input array is constant; the correlation coefficient is not defined.
  r, _ = spearmanr(p.cpu().numpy(), t.cpu().numpy())
/project/6014832/mforooz/EpiDenoise/sandbox/eval.py:46: ConstantInputWarning: An input array is constant; the correlation coefficient is not defined.
  r, _ = spearmanr(p.cpu().numpy(), t.cpu().numpy())
/project/6014832/mforooz/EpiDenoise/sandbox/eval.py:46: ConstantInputWarning: An input array is constant; the correlation coefficient is not defined.
  r, _ = spearmanr(p.cpu().numpy(), t.cpu().numpy())
/project/6014832/mforooz/EpiDenoise/sandbox/eval.py:46: ConstantInputWarning: An input array is constant; the correlation coefficient is not defined.
  r, _ = spearmanr(p.cpu().numpy(), t.cpu().numpy())
/project/6014832/mforooz/EpiDenoise/sandbox/eval.py:46: ConstantInputWarning: An input array is constant; the correlation coefficient is not defined.
  r, _ = spearmanr(p.cpu().numpy(), t.cpu().numpy())
/project/6014832/mforooz/EpiDenoise/sandbox/eval.py:46: ConstantInputWarning: An input array is constant; the correlation coefficient is not defined.
  r, _ = spearmanr(p.cpu().numpy(), t.cpu().numpy())
/project/6014832/mforooz/EpiDenoise/sandbox/eval.py:46: ConstantInputWarning: An input array is constant; the correlation coefficient is not defined.
  r, _ = spearmanr(p.cpu().numpy(), t.cpu().numpy())
/project/6014832/mforooz/EpiDenoise/sandbox/eval.py:46: ConstantInputWarning: An input array is constant; the correlation coefficient is not defined.
  r, _ = spearmanr(p.cpu().numpy(), t.cpu().numpy())
/project/6014832/mforooz/EpiDenoise/sandbox/eval.py:46: ConstantInputWarning: An input array is constant; the correlation coefficient is not defined.
  r, _ = spearmanr(p.cpu().numpy(), t.cpu().numpy())
/project/6014832/mforooz/EpiDenoise/sandbox/eval.py:46: ConstantInputWarning: An input array is constant; the correlation coefficient is not defined.
  r, _ = spearmanr(p.cpu().numpy(), t.cpu().numpy())
/project/6014832/mforooz/EpiDenoise/sandbox/eval.py:46: ConstantInputWarning: An input array is constant; the correlation coefficient is not defined.
  r, _ = spearmanr(p.cpu().numpy(), t.cpu().numpy())
/project/6014832/mforooz/EpiDenoise/sandbox/eval.py:46: ConstantInputWarning: An input array is constant; the correlation coefficient is not defined.
  r, _ = spearmanr(p.cpu().numpy(), t.cpu().numpy())
/project/6014832/mforooz/EpiDenoise/sandbox/eval.py:46: ConstantInputWarning: An input array is constant; the correlation coefficient is not defined.
  r, _ = spearmanr(p.cpu().numpy(), t.cpu().numpy())
/project/6014832/mforooz/EpiDenoise/sandbox/eval.py:46: ConstantInputWarning: An input array is constant; the correlation coefficient is not defined.
  r, _ = spearmanr(p.cpu().numpy(), t.cpu().numpy())
/project/6014832/mforooz/EpiDenoise/sandbox/eval.py:46: ConstantInputWarning: An input array is constant; the correlation coefficient is not defined.
  r, _ = spearmanr(p.cpu().numpy(), t.cpu().numpy())
/project/6014832/mforooz/EpiDenoise/sandbox/eval.py:46: ConstantInputWarning: An input array is constant; the correlation coefficient is not defined.
  r, _ = spearmanr(p.cpu().numpy(), t.cpu().numpy())
/project/6014832/mforooz/EpiDenoise/sandbox/eval.py:46: ConstantInputWarning: An input array is constant; the correlation coefficient is not defined.
  r, _ = spearmanr(p.cpu().numpy(), t.cpu().numpy())
/project/6014832/mforooz/EpiDenoise/sandbox/eval.py:46: ConstantInputWarning: An input array is constant; the correlation coefficient is not defined.
  r, _ = spearmanr(p.cpu().numpy(), t.cpu().numpy())
/project/6014832/mforooz/EpiDenoise/sandbox/eval.py:46: ConstantInputWarning: An input array is constant; the correlation coefficient is not defined.
  r, _ = spearmanr(p.cpu().numpy(), t.cpu().numpy())
/project/6014832/mforooz/EpiDenoise/sandbox/eval.py:46: ConstantInputWarning: An input array is constant; the correlation coefficient is not defined.
  r, _ = spearmanr(p.cpu().numpy(), t.cpu().numpy())
/project/6014832/mforooz/EpiDenoise/sandbox/eval.py:46: ConstantInputWarning: An input array is constant; the correlation coefficient is not defined.
  r, _ = spearmanr(p.cpu().numpy(), t.cpu().numpy())
/project/6014832/mforooz/EpiDenoise/sandbox/eval.py:46: ConstantInputWarning: An input array is constant; the correlation coefficient is not defined.
  r, _ = spearmanr(p.cpu().numpy(), t.cpu().numpy())
/project/6014832/mforooz/EpiDenoise/sandbox/eval.py:46: ConstantInputWarning: An input array is constant; the correlation coefficient is not defined.
  r, _ = spearmanr(p.cpu().numpy(), t.cpu().numpy())
/project/6014832/mforooz/EpiDenoise/sandbox/eval.py:46: ConstantInputWarning: An input array is constant; the correlation coefficient is not defined.
  r, _ = spearmanr(p.cpu().numpy(), t.cpu().numpy())
/project/6014832/mforooz/EpiDenoise/sandbox/eval.py:46: ConstantInputWarning: An input array is constant; the correlation coefficient is not defined.
  r, _ = spearmanr(p.cpu().numpy(), t.cpu().numpy())
/project/6014832/mforooz/EpiDenoise/sandbox/eval.py:46: ConstantInputWarning: An input array is constant; the correlation coefficient is not defined.
  r, _ = spearmanr(p.cpu().numpy(), t.cpu().numpy())
/project/6014832/mforooz/EpiDenoise/sandbox/eval.py:46: ConstantInputWarning: An input array is constant; the correlation coefficient is not defined.
  r, _ = spearmanr(p.cpu().numpy(), t.cpu().numpy())
/project/6014832/mforooz/EpiDenoise/sandbox/eval.py:46: ConstantInputWarning: An input array is constant; the correlation coefficient is not defined.
  r, _ = spearmanr(p.cpu().numpy(), t.cpu().numpy())
/project/6014832/mforooz/EpiDenoise/sandbox/eval.py:46: ConstantInputWarning: An input array is constant; the correlation coefficient is not defined.
  r, _ = spearmanr(p.cpu().numpy(), t.cpu().numpy())
/project/6014832/mforooz/EpiDenoise/sandbox/eval.py:46: ConstantInputWarning: An input array is constant; the correlation coefficient is not defined.
  r, _ = spearmanr(p.cpu().numpy(), t.cpu().numpy())
/project/6014832/mforooz/EpiDenoise/sandbox/eval.py:46: ConstantInputWarning: An input array is constant; the correlation coefficient is not defined.
  r, _ = spearmanr(p.cpu().numpy(), t.cpu().numpy())
/project/6014832/mforooz/EpiDenoise/sandbox/eval.py:46: ConstantInputWarning: An input array is constant; the correlation coefficient is not defined.
  r, _ = spearmanr(p.cpu().numpy(), t.cpu().numpy())
/project/6014832/mforooz/EpiDenoise/sandbox/eval.py:46: ConstantInputWarning: An input array is constant; the correlation coefficient is not defined.
  r, _ = spearmanr(p.cpu().numpy(), t.cpu().numpy())
/project/6014832/mforooz/EpiDenoise/sandbox/eval.py:46: ConstantInputWarning: An input array is constant; the correlation coefficient is not defined.
  r, _ = spearmanr(p.cpu().numpy(), t.cpu().numpy())
/project/6014832/mforooz/EpiDenoise/sandbox/eval.py:46: ConstantInputWarning: An input array is constant; the correlation coefficient is not defined.
  r, _ = spearmanr(p.cpu().numpy(), t.cpu().numpy())
/project/6014832/mforooz/EpiDenoise/sandbox/eval.py:46: ConstantInputWarning: An input array is constant; the correlation coefficient is not defined.
  r, _ = spearmanr(p.cpu().numpy(), t.cpu().numpy())
/project/6014832/mforooz/EpiDenoise/sandbox/eval.py:46: ConstantInputWarning: An input array is constant; the correlation coefficient is not defined.
  r, _ = spearmanr(p.cpu().numpy(), t.cpu().numpy())
/project/6014832/mforooz/EpiDenoise/sandbox/eval.py:46: ConstantInputWarning: An input array is constant; the correlation coefficient is not defined.
  r, _ = spearmanr(p.cpu().numpy(), t.cpu().numpy())
/project/6014832/mforooz/EpiDenoise/sandbox/eval.py:46: ConstantInputWarning: An input array is constant; the correlation coefficient is not defined.
  r, _ = spearmanr(p.cpu().numpy(), t.cpu().numpy())
/project/6014832/mforooz/EpiDenoise/sandbox/eval.py:46: ConstantInputWarning: An input array is constant; the correlation coefficient is not defined.
  r, _ = spearmanr(p.cpu().numpy(), t.cpu().numpy())
/project/6014832/mforooz/EpiDenoise/sandbox/eval.py:46: ConstantInputWarning: An input array is constant; the correlation coefficient is not defined.
  r, _ = spearmanr(p.cpu().numpy(), t.cpu().numpy())
/project/6014832/mforooz/EpiDenoise/sandbox/eval.py:46: ConstantInputWarning: An input array is constant; the correlation coefficient is not defined.
  r, _ = spearmanr(p.cpu().numpy(), t.cpu().numpy())
/project/6014832/mforooz/EpiDenoise/sandbox/eval.py:46: ConstantInputWarning: An input array is constant; the correlation coefficient is not defined.
  r, _ = spearmanr(p.cpu().numpy(), t.cpu().numpy())
/project/6014832/mforooz/EpiDenoise/sandbox/eval.py:46: ConstantInputWarning: An input array is constant; the correlation coefficient is not defined.
  r, _ = spearmanr(p.cpu().numpy(), t.cpu().numpy())
/project/6014832/mforooz/EpiDenoise/sandbox/eval.py:46: ConstantInputWarning: An input array is constant; the correlation coefficient is not defined.
  r, _ = spearmanr(p.cpu().numpy(), t.cpu().numpy())
/project/6014832/mforooz/EpiDenoise/sandbox/eval.py:46: ConstantInputWarning: An input array is constant; the correlation coefficient is not defined.
  r, _ = spearmanr(p.cpu().numpy(), t.cpu().numpy())
/project/6014832/mforooz/EpiDenoise/sandbox/eval.py:46: ConstantInputWarning: An input array is constant; the correlation coefficient is not defined.
  r, _ = spearmanr(p.cpu().numpy(), t.cpu().numpy())
/project/6014832/mforooz/EpiDenoise/sandbox/eval.py:46: ConstantInputWarning: An input array is constant; the correlation coefficient is not defined.
  r, _ = spearmanr(p.cpu().numpy(), t.cpu().numpy())
/project/6014832/mforooz/EpiDenoise/sandbox/eval.py:46: ConstantInputWarning: An input array is constant; the correlation coefficient is not defined.
  r, _ = spearmanr(p.cpu().numpy(), t.cpu().numpy())
/project/6014832/mforooz/EpiDenoise/sandbox/eval.py:46: ConstantInputWarning: An input array is constant; the correlation coefficient is not defined.
  r, _ = spearmanr(p.cpu().numpy(), t.cpu().numpy())
/project/6014832/mforooz/EpiDenoise/sandbox/eval.py:46: ConstantInputWarning: An input array is constant; the correlation coefficient is not defined.
  r, _ = spearmanr(p.cpu().numpy(), t.cpu().numpy())
/project/6014832/mforooz/EpiDenoise/sandbox/eval.py:46: ConstantInputWarning: An input array is constant; the correlation coefficient is not defined.
  r, _ = spearmanr(p.cpu().numpy(), t.cpu().numpy())
/project/6014832/mforooz/EpiDenoise/sandbox/eval.py:46: ConstantInputWarning: An input array is constant; the correlation coefficient is not defined.
  r, _ = spearmanr(p.cpu().numpy(), t.cpu().numpy())
/project/6014832/mforooz/EpiDenoise/sandbox/eval.py:46: ConstantInputWarning: An input array is constant; the correlation coefficient is not defined.
  r, _ = spearmanr(p.cpu().numpy(), t.cpu().numpy())
/project/6014832/mforooz/EpiDenoise/sandbox/eval.py:46: ConstantInputWarning: An input array is constant; the correlation coefficient is not defined.
  r, _ = spearmanr(p.cpu().numpy(), t.cpu().numpy())
/project/6014832/mforooz/EpiDenoise/sandbox/eval.py:46: ConstantInputWarning: An input array is constant; the correlation coefficient is not defined.
  r, _ = spearmanr(p.cpu().numpy(), t.cpu().numpy())
/project/6014832/mforooz/EpiDenoise/sandbox/eval.py:46: ConstantInputWarning: An input array is constant; the correlation coefficient is not defined.
  r, _ = spearmanr(p.cpu().numpy(), t.cpu().numpy())
/project/6014832/mforooz/EpiDenoise/sandbox/eval.py:46: ConstantInputWarning: An input array is constant; the correlation coefficient is not defined.
  r, _ = spearmanr(p.cpu().numpy(), t.cpu().numpy())
/project/6014832/mforooz/EpiDenoise/sandbox/eval.py:46: ConstantInputWarning: An input array is constant; the correlation coefficient is not defined.
  r, _ = spearmanr(p.cpu().numpy(), t.cpu().numpy())
/project/6014832/mforooz/EpiDenoise/sandbox/eval.py:46: ConstantInputWarning: An input array is constant; the correlation coefficient is not defined.
  r, _ = spearmanr(p.cpu().numpy(), t.cpu().numpy())
/project/6014832/mforooz/EpiDenoise/sandbox/eval.py:46: ConstantInputWarning: An input array is constant; the correlation coefficient is not defined.
  r, _ = spearmanr(p.cpu().numpy(), t.cpu().numpy())
/project/6014832/mforooz/EpiDenoise/sandbox/eval.py:46: ConstantInputWarning: An input array is constant; the correlation coefficient is not defined.
  r, _ = spearmanr(p.cpu().numpy(), t.cpu().numpy())
/project/6014832/mforooz/EpiDenoise/sandbox/eval.py:46: ConstantInputWarning: An input array is constant; the correlation coefficient is not defined.
  r, _ = spearmanr(p.cpu().numpy(), t.cpu().numpy())
/project/6014832/mforooz/EpiDenoise/sandbox/eval.py:46: ConstantInputWarning: An input array is constant; the correlation coefficient is not defined.
  r, _ = spearmanr(p.cpu().numpy(), t.cpu().numpy())
/project/6014832/mforooz/EpiDenoise/sandbox/eval.py:46: ConstantInputWarning: An input array is constant; the correlation coefficient is not defined.
  r, _ = spearmanr(p.cpu().numpy(), t.cpu().numpy())
/project/6014832/mforooz/EpiDenoise/sandbox/eval.py:46: ConstantInputWarning: An input array is constant; the correlation coefficient is not defined.
  r, _ = spearmanr(p.cpu().numpy(), t.cpu().numpy())
/project/6014832/mforooz/EpiDenoise/sandbox/eval.py:46: ConstantInputWarning: An input array is constant; the correlation coefficient is not defined.
  r, _ = spearmanr(p.cpu().numpy(), t.cpu().numpy())
/project/6014832/mforooz/EpiDenoise/sandbox/eval.py:46: ConstantInputWarning: An input array is constant; the correlation coefficient is not defined.
  r, _ = spearmanr(p.cpu().numpy(), t.cpu().numpy())
/project/6014832/mforooz/EpiDenoise/sandbox/eval.py:46: ConstantInputWarning: An input array is constant; the correlation coefficient is not defined.
  r, _ = spearmanr(p.cpu().numpy(), t.cpu().numpy())
/project/6014832/mforooz/EpiDenoise/sandbox/eval.py:46: ConstantInputWarning: An input array is constant; the correlation coefficient is not defined.
  r, _ = spearmanr(p.cpu().numpy(), t.cpu().numpy())
/project/6014832/mforooz/EpiDenoise/sandbox/eval.py:46: ConstantInputWarning: An input array is constant; the correlation coefficient is not defined.
  r, _ = spearmanr(p.cpu().numpy(), t.cpu().numpy())
/project/6014832/mforooz/EpiDenoise/sandbox/eval.py:46: ConstantInputWarning: An input array is constant; the correlation coefficient is not defined.
  r, _ = spearmanr(p.cpu().numpy(), t.cpu().numpy())
/project/6014832/mforooz/EpiDenoise/sandbox/eval.py:46: ConstantInputWarning: An input array is constant; the correlation coefficient is not defined.
  r, _ = spearmanr(p.cpu().numpy(), t.cpu().numpy())
/project/6014832/mforooz/EpiDenoise/sandbox/eval.py:46: ConstantInputWarning: An input array is constant; the correlation coefficient is not defined.
  r, _ = spearmanr(p.cpu().numpy(), t.cpu().numpy())
/project/6014832/mforooz/EpiDenoise/sandbox/eval.py:46: ConstantInputWarning: An input array is constant; the correlation coefficient is not defined.
  r, _ = spearmanr(p.cpu().numpy(), t.cpu().numpy())
/project/6014832/mforooz/EpiDenoise/sandbox/eval.py:46: ConstantInputWarning: An input array is constant; the correlation coefficient is not defined.
  r, _ = spearmanr(p.cpu().numpy(), t.cpu().numpy())
/project/6014832/mforooz/EpiDenoise/sandbox/eval.py:46: ConstantInputWarning: An input array is constant; the correlation coefficient is not defined.
  r, _ = spearmanr(p.cpu().numpy(), t.cpu().numpy())
/project/6014832/mforooz/EpiDenoise/sandbox/eval.py:46: ConstantInputWarning: An input array is constant; the correlation coefficient is not defined.
  r, _ = spearmanr(p.cpu().numpy(), t.cpu().numpy())
/project/6014832/mforooz/EpiDenoise/sandbox/eval.py:46: ConstantInputWarning: An input array is constant; the correlation coefficient is not defined.
  r, _ = spearmanr(p.cpu().numpy(), t.cpu().numpy())
/project/6014832/mforooz/EpiDenoise/sandbox/eval.py:46: ConstantInputWarning: An input array is constant; the correlation coefficient is not defined.
  r, _ = spearmanr(p.cpu().numpy(), t.cpu().numpy())
/project/6014832/mforooz/EpiDenoise/sandbox/eval.py:46: ConstantInputWarning: An input array is constant; the correlation coefficient is not defined.
  r, _ = spearmanr(p.cpu().numpy(), t.cpu().numpy())
/project/6014832/mforooz/EpiDenoise/sandbox/eval.py:46: ConstantInputWarning: An input array is constant; the correlation coefficient is not defined.
  r, _ = spearmanr(p.cpu().numpy(), t.cpu().numpy())
/project/6014832/mforooz/EpiDenoise/sandbox/eval.py:46: ConstantInputWarning: An input array is constant; the correlation coefficient is not defined.
  r, _ = spearmanr(p.cpu().numpy(), t.cpu().numpy())
/project/6014832/mforooz/EpiDenoise/sandbox/eval.py:46: ConstantInputWarning: An input array is constant; the correlation coefficient is not defined.
  r, _ = spearmanr(p.cpu().numpy(), t.cpu().numpy())
/project/6014832/mforooz/EpiDenoise/sandbox/eval.py:46: ConstantInputWarning: An input array is constant; the correlation coefficient is not defined.
  r, _ = spearmanr(p.cpu().numpy(), t.cpu().numpy())
/project/6014832/mforooz/EpiDenoise/sandbox/eval.py:46: ConstantInputWarning: An input array is constant; the correlation coefficient is not defined.
  r, _ = spearmanr(p.cpu().numpy(), t.cpu().numpy())
/project/6014832/mforooz/EpiDenoise/sandbox/eval.py:46: ConstantInputWarning: An input array is constant; the correlation coefficient is not defined.
  r, _ = spearmanr(p.cpu().numpy(), t.cpu().numpy())
/project/6014832/mforooz/EpiDenoise/sandbox/eval.py:46: ConstantInputWarning: An input array is constant; the correlation coefficient is not defined.
  r, _ = spearmanr(p.cpu().numpy(), t.cpu().numpy())
/project/6014832/mforooz/EpiDenoise/sandbox/eval.py:46: ConstantInputWarning: An input array is constant; the correlation coefficient is not defined.
  r, _ = spearmanr(p.cpu().numpy(), t.cpu().numpy())
/project/6014832/mforooz/EpiDenoise/sandbox/eval.py:46: ConstantInputWarning: An input array is constant; the correlation coefficient is not defined.
  r, _ = spearmanr(p.cpu().numpy(), t.cpu().numpy())
/project/6014832/mforooz/EpiDenoise/sandbox/eval.py:46: ConstantInputWarning: An input array is constant; the correlation coefficient is not defined.
  r, _ = spearmanr(p.cpu().numpy(), t.cpu().numpy())
/project/6014832/mforooz/EpiDenoise/sandbox/eval.py:46: ConstantInputWarning: An input array is constant; the correlation coefficient is not defined.
  r, _ = spearmanr(p.cpu().numpy(), t.cpu().numpy())
/project/6014832/mforooz/EpiDenoise/sandbox/eval.py:46: ConstantInputWarning: An input array is constant; the correlation coefficient is not defined.
  r, _ = spearmanr(p.cpu().numpy(), t.cpu().numpy())
/project/6014832/mforooz/EpiDenoise/sandbox/eval.py:46: ConstantInputWarning: An input array is constant; the correlation coefficient is not defined.
  r, _ = spearmanr(p.cpu().numpy(), t.cpu().numpy())
/project/6014832/mforooz/EpiDenoise/sandbox/eval.py:46: ConstantInputWarning: An input array is constant; the correlation coefficient is not defined.
  r, _ = spearmanr(p.cpu().numpy(), t.cpu().numpy())
/project/6014832/mforooz/EpiDenoise/sandbox/eval.py:46: ConstantInputWarning: An input array is constant; the correlation coefficient is not defined.
  r, _ = spearmanr(p.cpu().numpy(), t.cpu().numpy())
/project/6014832/mforooz/EpiDenoise/sandbox/eval.py:46: ConstantInputWarning: An input array is constant; the correlation coefficient is not defined.
  r, _ = spearmanr(p.cpu().numpy(), t.cpu().numpy())
/project/6014832/mforooz/EpiDenoise/sandbox/eval.py:46: ConstantInputWarning: An input array is constant; the correlation coefficient is not defined.
  r, _ = spearmanr(p.cpu().numpy(), t.cpu().numpy())
/project/6014832/mforooz/EpiDenoise/sandbox/eval.py:46: ConstantInputWarning: An input array is constant; the correlation coefficient is not defined.
  r, _ = spearmanr(p.cpu().numpy(), t.cpu().numpy())
/project/6014832/mforooz/EpiDenoise/sandbox/eval.py:46: ConstantInputWarning: An input array is constant; the correlation coefficient is not defined.
  r, _ = spearmanr(p.cpu().numpy(), t.cpu().numpy())
/project/6014832/mforooz/EpiDenoise/sandbox/eval.py:46: ConstantInputWarning: An input array is constant; the correlation coefficient is not defined.
  r, _ = spearmanr(p.cpu().numpy(), t.cpu().numpy())
/project/6014832/mforooz/EpiDenoise/sandbox/eval.py:46: ConstantInputWarning: An input array is constant; the correlation coefficient is not defined.
  r, _ = spearmanr(p.cpu().numpy(), t.cpu().numpy())
/project/6014832/mforooz/EpiDenoise/sandbox/eval.py:46: ConstantInputWarning: An input array is constant; the correlation coefficient is not defined.
  r, _ = spearmanr(p.cpu().numpy(), t.cpu().numpy())
/project/6014832/mforooz/EpiDenoise/sandbox/eval.py:46: ConstantInputWarning: An input array is constant; the correlation coefficient is not defined.
  r, _ = spearmanr(p.cpu().numpy(), t.cpu().numpy())
/project/6014832/mforooz/EpiDenoise/sandbox/eval.py:46: ConstantInputWarning: An input array is constant; the correlation coefficient is not defined.
  r, _ = spearmanr(p.cpu().numpy(), t.cpu().numpy())
/project/6014832/mforooz/EpiDenoise/sandbox/eval.py:46: ConstantInputWarning: An input array is constant; the correlation coefficient is not defined.
  r, _ = spearmanr(p.cpu().numpy(), t.cpu().numpy())
/project/6014832/mforooz/EpiDenoise/sandbox/eval.py:46: ConstantInputWarning: An input array is constant; the correlation coefficient is not defined.
  r, _ = spearmanr(p.cpu().numpy(), t.cpu().numpy())
/project/6014832/mforooz/EpiDenoise/sandbox/eval.py:46: ConstantInputWarning: An input array is constant; the correlation coefficient is not defined.
  r, _ = spearmanr(p.cpu().numpy(), t.cpu().numpy())
/project/6014832/mforooz/EpiDenoise/sandbox/eval.py:46: ConstantInputWarning: An input array is constant; the correlation coefficient is not defined.
  r, _ = spearmanr(p.cpu().numpy(), t.cpu().numpy())
/project/6014832/mforooz/EpiDenoise/sandbox/eval.py:46: ConstantInputWarning: An input array is constant; the correlation coefficient is not defined.
  r, _ = spearmanr(p.cpu().numpy(), t.cpu().numpy())
/project/6014832/mforooz/EpiDenoise/sandbox/eval.py:46: ConstantInputWarning: An input array is constant; the correlation coefficient is not defined.
  r, _ = spearmanr(p.cpu().numpy(), t.cpu().numpy())
/project/6014832/mforooz/EpiDenoise/sandbox/eval.py:46: ConstantInputWarning: An input array is constant; the correlation coefficient is not defined.
  r, _ = spearmanr(p.cpu().numpy(), t.cpu().numpy())
/project/6014832/mforooz/EpiDenoise/sandbox/eval.py:46: ConstantInputWarning: An input array is constant; the correlation coefficient is not defined.
  r, _ = spearmanr(p.cpu().numpy(), t.cpu().numpy())
/project/6014832/mforooz/EpiDenoise/sandbox/eval.py:46: ConstantInputWarning: An input array is constant; the correlation coefficient is not defined.
  r, _ = spearmanr(p.cpu().numpy(), t.cpu().numpy())
/project/6014832/mforooz/EpiDenoise/sandbox/eval.py:46: ConstantInputWarning: An input array is constant; the correlation coefficient is not defined.
  r, _ = spearmanr(p.cpu().numpy(), t.cpu().numpy())
/project/6014832/mforooz/EpiDenoise/sandbox/eval.py:46: ConstantInputWarning: An input array is constant; the correlation coefficient is not defined.
  r, _ = spearmanr(p.cpu().numpy(), t.cpu().numpy())
/project/6014832/mforooz/EpiDenoise/sandbox/eval.py:46: ConstantInputWarning: An input array is constant; the correlation coefficient is not defined.
  r, _ = spearmanr(p.cpu().numpy(), t.cpu().numpy())
/project/6014832/mforooz/EpiDenoise/sandbox/eval.py:46: ConstantInputWarning: An input array is constant; the correlation coefficient is not defined.
  r, _ = spearmanr(p.cpu().numpy(), t.cpu().numpy())
/project/6014832/mforooz/EpiDenoise/sandbox/eval.py:46: ConstantInputWarning: An input array is constant; the correlation coefficient is not defined.
  r, _ = spearmanr(p.cpu().numpy(), t.cpu().numpy())
/project/6014832/mforooz/EpiDenoise/sandbox/eval.py:46: ConstantInputWarning: An input array is constant; the correlation coefficient is not defined.
  r, _ = spearmanr(p.cpu().numpy(), t.cpu().numpy())
/project/6014832/mforooz/EpiDenoise/sandbox/eval.py:46: ConstantInputWarning: An input array is constant; the correlation coefficient is not defined.
  r, _ = spearmanr(p.cpu().numpy(), t.cpu().numpy())
/project/6014832/mforooz/EpiDenoise/sandbox/eval.py:46: ConstantInputWarning: An input array is constant; the correlation coefficient is not defined.
  r, _ = spearmanr(p.cpu().numpy(), t.cpu().numpy())
/project/6014832/mforooz/EpiDenoise/sandbox/eval.py:46: ConstantInputWarning: An input array is constant; the correlation coefficient is not defined.
  r, _ = spearmanr(p.cpu().numpy(), t.cpu().numpy())
/project/6014832/mforooz/EpiDenoise/sandbox/eval.py:46: ConstantInputWarning: An input array is constant; the correlation coefficient is not defined.
  r, _ = spearmanr(p.cpu().numpy(), t.cpu().numpy())
/project/6014832/mforooz/EpiDenoise/sandbox/eval.py:46: ConstantInputWarning: An input array is constant; the correlation coefficient is not defined.
  r, _ = spearmanr(p.cpu().numpy(), t.cpu().numpy())
/project/6014832/mforooz/EpiDenoise/sandbox/eval.py:46: ConstantInputWarning: An input array is constant; the correlation coefficient is not defined.
  r, _ = spearmanr(p.cpu().numpy(), t.cpu().numpy())
/project/6014832/mforooz/EpiDenoise/sandbox/eval.py:46: ConstantInputWarning: An input array is constant; the correlation coefficient is not defined.
  r, _ = spearmanr(p.cpu().numpy(), t.cpu().numpy())
/project/6014832/mforooz/EpiDenoise/sandbox/eval.py:46: ConstantInputWarning: An input array is constant; the correlation coefficient is not defined.
  r, _ = spearmanr(p.cpu().numpy(), t.cpu().numpy())
/project/6014832/mforooz/EpiDenoise/sandbox/eval.py:46: ConstantInputWarning: An input array is constant; the correlation coefficient is not defined.
  r, _ = spearmanr(p.cpu().numpy(), t.cpu().numpy())
/project/6014832/mforooz/EpiDenoise/sandbox/eval.py:46: ConstantInputWarning: An input array is constant; the correlation coefficient is not defined.
  r, _ = spearmanr(p.cpu().numpy(), t.cpu().numpy())
/project/6014832/mforooz/EpiDenoise/sandbox/eval.py:46: ConstantInputWarning: An input array is constant; the correlation coefficient is not defined.
  r, _ = spearmanr(p.cpu().numpy(), t.cpu().numpy())
/project/6014832/mforooz/EpiDenoise/sandbox/eval.py:46: ConstantInputWarning: An input array is constant; the correlation coefficient is not defined.
  r, _ = spearmanr(p.cpu().numpy(), t.cpu().numpy())
/project/6014832/mforooz/EpiDenoise/sandbox/eval.py:46: ConstantInputWarning: An input array is constant; the correlation coefficient is not defined.
  r, _ = spearmanr(p.cpu().numpy(), t.cpu().numpy())
/project/6014832/mforooz/EpiDenoise/sandbox/eval.py:46: ConstantInputWarning: An input array is constant; the correlation coefficient is not defined.
  r, _ = spearmanr(p.cpu().numpy(), t.cpu().numpy())
/project/6014832/mforooz/EpiDenoise/sandbox/eval.py:46: ConstantInputWarning: An input array is constant; the correlation coefficient is not defined.
  r, _ = spearmanr(p.cpu().numpy(), t.cpu().numpy())
/project/6014832/mforooz/EpiDenoise/sandbox/eval.py:46: ConstantInputWarning: An input array is constant; the correlation coefficient is not defined.
  r, _ = spearmanr(p.cpu().numpy(), t.cpu().numpy())
/project/6014832/mforooz/EpiDenoise/sandbox/eval.py:46: ConstantInputWarning: An input array is constant; the correlation coefficient is not defined.
  r, _ = spearmanr(p.cpu().numpy(), t.cpu().numpy())
/project/6014832/mforooz/EpiDenoise/sandbox/eval.py:46: ConstantInputWarning: An input array is constant; the correlation coefficient is not defined.
  r, _ = spearmanr(p.cpu().numpy(), t.cpu().numpy())
/project/6014832/mforooz/EpiDenoise/sandbox/eval.py:46: ConstantInputWarning: An input array is constant; the correlation coefficient is not defined.
  r, _ = spearmanr(p.cpu().numpy(), t.cpu().numpy())
/project/6014832/mforooz/EpiDenoise/sandbox/eval.py:46: ConstantInputWarning: An input array is constant; the correlation coefficient is not defined.
  r, _ = spearmanr(p.cpu().numpy(), t.cpu().numpy())
/project/6014832/mforooz/EpiDenoise/sandbox/eval.py:46: ConstantInputWarning: An input array is constant; the correlation coefficient is not defined.
  r, _ = spearmanr(p.cpu().numpy(), t.cpu().numpy())
/project/6014832/mforooz/EpiDenoise/sandbox/eval.py:46: ConstantInputWarning: An input array is constant; the correlation coefficient is not defined.
  r, _ = spearmanr(p.cpu().numpy(), t.cpu().numpy())
/project/6014832/mforooz/EpiDenoise/sandbox/eval.py:46: ConstantInputWarning: An input array is constant; the correlation coefficient is not defined.
  r, _ = spearmanr(p.cpu().numpy(), t.cpu().numpy())
/project/6014832/mforooz/EpiDenoise/sandbox/eval.py:46: ConstantInputWarning: An input array is constant; the correlation coefficient is not defined.
  r, _ = spearmanr(p.cpu().numpy(), t.cpu().numpy())
/project/6014832/mforooz/EpiDenoise/sandbox/eval.py:46: ConstantInputWarning: An input array is constant; the correlation coefficient is not defined.
  r, _ = spearmanr(p.cpu().numpy(), t.cpu().numpy())
/project/6014832/mforooz/EpiDenoise/sandbox/eval.py:46: ConstantInputWarning: An input array is constant; the correlation coefficient is not defined.
  r, _ = spearmanr(p.cpu().numpy(), t.cpu().numpy())
/project/6014832/mforooz/EpiDenoise/sandbox/eval.py:46: ConstantInputWarning: An input array is constant; the correlation coefficient is not defined.
  r, _ = spearmanr(p.cpu().numpy(), t.cpu().numpy())
/project/6014832/mforooz/EpiDenoise/sandbox/eval.py:46: ConstantInputWarning: An input array is constant; the correlation coefficient is not defined.
  r, _ = spearmanr(p.cpu().numpy(), t.cpu().numpy())
/project/6014832/mforooz/EpiDenoise/sandbox/eval.py:46: ConstantInputWarning: An input array is constant; the correlation coefficient is not defined.
  r, _ = spearmanr(p.cpu().numpy(), t.cpu().numpy())
/project/6014832/mforooz/EpiDenoise/sandbox/eval.py:46: ConstantInputWarning: An input array is constant; the correlation coefficient is not defined.
  r, _ = spearmanr(p.cpu().numpy(), t.cpu().numpy())
/project/6014832/mforooz/EpiDenoise/sandbox/eval.py:46: ConstantInputWarning: An input array is constant; the correlation coefficient is not defined.
  r, _ = spearmanr(p.cpu().numpy(), t.cpu().numpy())
/project/6014832/mforooz/EpiDenoise/sandbox/eval.py:46: ConstantInputWarning: An input array is constant; the correlation coefficient is not defined.
  r, _ = spearmanr(p.cpu().numpy(), t.cpu().numpy())
/project/6014832/mforooz/EpiDenoise/sandbox/eval.py:46: ConstantInputWarning: An input array is constant; the correlation coefficient is not defined.
  r, _ = spearmanr(p.cpu().numpy(), t.cpu().numpy())
/project/6014832/mforooz/EpiDenoise/sandbox/eval.py:46: ConstantInputWarning: An input array is constant; the correlation coefficient is not defined.
  r, _ = spearmanr(p.cpu().numpy(), t.cpu().numpy())
/project/6014832/mforooz/EpiDenoise/sandbox/eval.py:46: ConstantInputWarning: An input array is constant; the correlation coefficient is not defined.
  r, _ = spearmanr(p.cpu().numpy(), t.cpu().numpy())
/project/6014832/mforooz/EpiDenoise/sandbox/eval.py:46: ConstantInputWarning: An input array is constant; the correlation coefficient is not defined.
  r, _ = spearmanr(p.cpu().numpy(), t.cpu().numpy())
/project/6014832/mforooz/EpiDenoise/sandbox/eval.py:46: ConstantInputWarning: An input array is constant; the correlation coefficient is not defined.
  r, _ = spearmanr(p.cpu().numpy(), t.cpu().numpy())
/project/6014832/mforooz/EpiDenoise/sandbox/eval.py:46: ConstantInputWarning: An input array is constant; the correlation coefficient is not defined.
  r, _ = spearmanr(p.cpu().numpy(), t.cpu().numpy())
/project/6014832/mforooz/EpiDenoise/sandbox/eval.py:46: ConstantInputWarning: An input array is constant; the correlation coefficient is not defined.
  r, _ = spearmanr(p.cpu().numpy(), t.cpu().numpy())
/project/6014832/mforooz/EpiDenoise/sandbox/eval.py:46: ConstantInputWarning: An input array is constant; the correlation coefficient is not defined.
  r, _ = spearmanr(p.cpu().numpy(), t.cpu().numpy())
/project/6014832/mforooz/EpiDenoise/sandbox/eval.py:46: ConstantInputWarning: An input array is constant; the correlation coefficient is not defined.
  r, _ = spearmanr(p.cpu().numpy(), t.cpu().numpy())
/project/6014832/mforooz/EpiDenoise/sandbox/eval.py:46: ConstantInputWarning: An input array is constant; the correlation coefficient is not defined.
  r, _ = spearmanr(p.cpu().numpy(), t.cpu().numpy())
/project/6014832/mforooz/EpiDenoise/sandbox/eval.py:46: ConstantInputWarning: An input array is constant; the correlation coefficient is not defined.
  r, _ = spearmanr(p.cpu().numpy(), t.cpu().numpy())
/project/6014832/mforooz/EpiDenoise/sandbox/eval.py:46: ConstantInputWarning: An input array is constant; the correlation coefficient is not defined.
  r, _ = spearmanr(p.cpu().numpy(), t.cpu().numpy())
/project/6014832/mforooz/EpiDenoise/sandbox/eval.py:46: ConstantInputWarning: An input array is constant; the correlation coefficient is not defined.
  r, _ = spearmanr(p.cpu().numpy(), t.cpu().numpy())
/project/6014832/mforooz/EpiDenoise/sandbox/eval.py:46: ConstantInputWarning: An input array is constant; the correlation coefficient is not defined.
  r, _ = spearmanr(p.cpu().numpy(), t.cpu().numpy())
/project/6014832/mforooz/EpiDenoise/sandbox/eval.py:46: ConstantInputWarning: An input array is constant; the correlation coefficient is not defined.
  r, _ = spearmanr(p.cpu().numpy(), t.cpu().numpy())
/project/6014832/mforooz/EpiDenoise/sandbox/eval.py:46: ConstantInputWarning: An input array is constant; the correlation coefficient is not defined.
  r, _ = spearmanr(p.cpu().numpy(), t.cpu().numpy())
/project/6014832/mforooz/EpiDenoise/sandbox/eval.py:46: ConstantInputWarning: An input array is constant; the correlation coefficient is not defined.
  r, _ = spearmanr(p.cpu().numpy(), t.cpu().numpy())
/project/6014832/mforooz/EpiDenoise/sandbox/eval.py:46: ConstantInputWarning: An input array is constant; the correlation coefficient is not defined.
  r, _ = spearmanr(p.cpu().numpy(), t.cpu().numpy())
/project/6014832/mforooz/EpiDenoise/sandbox/eval.py:46: ConstantInputWarning: An input array is constant; the correlation coefficient is not defined.
  r, _ = spearmanr(p.cpu().numpy(), t.cpu().numpy())
/project/6014832/mforooz/EpiDenoise/sandbox/eval.py:46: ConstantInputWarning: An input array is constant; the correlation coefficient is not defined.
  r, _ = spearmanr(p.cpu().numpy(), t.cpu().numpy())
/project/6014832/mforooz/EpiDenoise/sandbox/eval.py:46: ConstantInputWarning: An input array is constant; the correlation coefficient is not defined.
  r, _ = spearmanr(p.cpu().numpy(), t.cpu().numpy())
/project/6014832/mforooz/EpiDenoise/sandbox/eval.py:46: ConstantInputWarning: An input array is constant; the correlation coefficient is not defined.
  r, _ = spearmanr(p.cpu().numpy(), t.cpu().numpy())
/project/6014832/mforooz/EpiDenoise/sandbox/eval.py:46: ConstantInputWarning: An input array is constant; the correlation coefficient is not defined.
  r, _ = spearmanr(p.cpu().numpy(), t.cpu().numpy())
/project/6014832/mforooz/EpiDenoise/sandbox/eval.py:46: ConstantInputWarning: An input array is constant; the correlation coefficient is not defined.
  r, _ = spearmanr(p.cpu().numpy(), t.cpu().numpy())
/project/6014832/mforooz/EpiDenoise/sandbox/eval.py:46: ConstantInputWarning: An input array is constant; the correlation coefficient is not defined.
  r, _ = spearmanr(p.cpu().numpy(), t.cpu().numpy())
/project/6014832/mforooz/EpiDenoise/sandbox/eval.py:46: ConstantInputWarning: An input array is constant; the correlation coefficient is not defined.
  r, _ = spearmanr(p.cpu().numpy(), t.cpu().numpy())
/project/6014832/mforooz/EpiDenoise/sandbox/eval.py:46: ConstantInputWarning: An input array is constant; the correlation coefficient is not defined.
  r, _ = spearmanr(p.cpu().numpy(), t.cpu().numpy())
/project/6014832/mforooz/EpiDenoise/sandbox/eval.py:46: ConstantInputWarning: An input array is constant; the correlation coefficient is not defined.
  r, _ = spearmanr(p.cpu().numpy(), t.cpu().numpy())
/project/6014832/mforooz/EpiDenoise/sandbox/eval.py:46: ConstantInputWarning: An input array is constant; the correlation coefficient is not defined.
  r, _ = spearmanr(p.cpu().numpy(), t.cpu().numpy())
/project/6014832/mforooz/EpiDenoise/sandbox/eval.py:46: ConstantInputWarning: An input array is constant; the correlation coefficient is not defined.
  r, _ = spearmanr(p.cpu().numpy(), t.cpu().numpy())
/project/6014832/mforooz/EpiDenoise/sandbox/eval.py:46: ConstantInputWarning: An input array is constant; the correlation coefficient is not defined.
  r, _ = spearmanr(p.cpu().numpy(), t.cpu().numpy())
/project/6014832/mforooz/EpiDenoise/sandbox/eval.py:46: ConstantInputWarning: An input array is constant; the correlation coefficient is not defined.
  r, _ = spearmanr(p.cpu().numpy(), t.cpu().numpy())
/project/6014832/mforooz/EpiDenoise/sandbox/eval.py:46: ConstantInputWarning: An input array is constant; the correlation coefficient is not defined.
  r, _ = spearmanr(p.cpu().numpy(), t.cpu().numpy())
/project/6014832/mforooz/EpiDenoise/sandbox/eval.py:46: ConstantInputWarning: An input array is constant; the correlation coefficient is not defined.
  r, _ = spearmanr(p.cpu().numpy(), t.cpu().numpy())
/project/6014832/mforooz/EpiDenoise/sandbox/eval.py:46: ConstantInputWarning: An input array is constant; the correlation coefficient is not defined.
  r, _ = spearmanr(p.cpu().numpy(), t.cpu().numpy())
/project/6014832/mforooz/EpiDenoise/sandbox/eval.py:46: ConstantInputWarning: An input array is constant; the correlation coefficient is not defined.
  r, _ = spearmanr(p.cpu().numpy(), t.cpu().numpy())
/project/6014832/mforooz/EpiDenoise/sandbox/eval.py:46: ConstantInputWarning: An input array is constant; the correlation coefficient is not defined.
  r, _ = spearmanr(p.cpu().numpy(), t.cpu().numpy())
/project/6014832/mforooz/EpiDenoise/sandbox/eval.py:46: ConstantInputWarning: An input array is constant; the correlation coefficient is not defined.
  r, _ = spearmanr(p.cpu().numpy(), t.cpu().numpy())
/project/6014832/mforooz/EpiDenoise/sandbox/eval.py:46: ConstantInputWarning: An input array is constant; the correlation coefficient is not defined.
  r, _ = spearmanr(p.cpu().numpy(), t.cpu().numpy())
/project/6014832/mforooz/EpiDenoise/sandbox/eval.py:46: ConstantInputWarning: An input array is constant; the correlation coefficient is not defined.
  r, _ = spearmanr(p.cpu().numpy(), t.cpu().numpy())
/project/6014832/mforooz/EpiDenoise/sandbox/eval.py:46: ConstantInputWarning: An input array is constant; the correlation coefficient is not defined.
  r, _ = spearmanr(p.cpu().numpy(), t.cpu().numpy())
/project/6014832/mforooz/EpiDenoise/sandbox/eval.py:46: ConstantInputWarning: An input array is constant; the correlation coefficient is not defined.
  r, _ = spearmanr(p.cpu().numpy(), t.cpu().numpy())
/project/6014832/mforooz/EpiDenoise/sandbox/eval.py:46: ConstantInputWarning: An input array is constant; the correlation coefficient is not defined.
  r, _ = spearmanr(p.cpu().numpy(), t.cpu().numpy())
/project/6014832/mforooz/EpiDenoise/sandbox/eval.py:46: ConstantInputWarning: An input array is constant; the correlation coefficient is not defined.
  r, _ = spearmanr(p.cpu().numpy(), t.cpu().numpy())
/project/6014832/mforooz/EpiDenoise/sandbox/eval.py:46: ConstantInputWarning: An input array is constant; the correlation coefficient is not defined.
  r, _ = spearmanr(p.cpu().numpy(), t.cpu().numpy())
/project/6014832/mforooz/EpiDenoise/sandbox/eval.py:46: ConstantInputWarning: An input array is constant; the correlation coefficient is not defined.
  r, _ = spearmanr(p.cpu().numpy(), t.cpu().numpy())
/project/6014832/mforooz/EpiDenoise/sandbox/eval.py:46: ConstantInputWarning: An input array is constant; the correlation coefficient is not defined.
  r, _ = spearmanr(p.cpu().numpy(), t.cpu().numpy())
/project/6014832/mforooz/EpiDenoise/sandbox/eval.py:46: ConstantInputWarning: An input array is constant; the correlation coefficient is not defined.
  r, _ = spearmanr(p.cpu().numpy(), t.cpu().numpy())
/project/6014832/mforooz/EpiDenoise/sandbox/eval.py:46: ConstantInputWarning: An input array is constant; the correlation coefficient is not defined.
  r, _ = spearmanr(p.cpu().numpy(), t.cpu().numpy())
/project/6014832/mforooz/EpiDenoise/sandbox/eval.py:46: ConstantInputWarning: An input array is constant; the correlation coefficient is not defined.
  r, _ = spearmanr(p.cpu().numpy(), t.cpu().numpy())
/project/6014832/mforooz/EpiDenoise/sandbox/eval.py:46: ConstantInputWarning: An input array is constant; the correlation coefficient is not defined.
  r, _ = spearmanr(p.cpu().numpy(), t.cpu().numpy())
/project/6014832/mforooz/EpiDenoise/sandbox/eval.py:46: ConstantInputWarning: An input array is constant; the correlation coefficient is not defined.
  r, _ = spearmanr(p.cpu().numpy(), t.cpu().numpy())
/project/6014832/mforooz/EpiDenoise/sandbox/eval.py:46: ConstantInputWarning: An input array is constant; the correlation coefficient is not defined.
  r, _ = spearmanr(p.cpu().numpy(), t.cpu().numpy())
/project/6014832/mforooz/EpiDenoise/sandbox/eval.py:46: ConstantInputWarning: An input array is constant; the correlation coefficient is not defined.
  r, _ = spearmanr(p.cpu().numpy(), t.cpu().numpy())
/project/6014832/mforooz/EpiDenoise/sandbox/eval.py:46: ConstantInputWarning: An input array is constant; the correlation coefficient is not defined.
  r, _ = spearmanr(p.cpu().numpy(), t.cpu().numpy())
/project/6014832/mforooz/EpiDenoise/sandbox/eval.py:46: ConstantInputWarning: An input array is constant; the correlation coefficient is not defined.
  r, _ = spearmanr(p.cpu().numpy(), t.cpu().numpy())
/project/6014832/mforooz/EpiDenoise/sandbox/eval.py:46: ConstantInputWarning: An input array is constant; the correlation coefficient is not defined.
  r, _ = spearmanr(p.cpu().numpy(), t.cpu().numpy())
/project/6014832/mforooz/EpiDenoise/sandbox/eval.py:46: ConstantInputWarning: An input array is constant; the correlation coefficient is not defined.
  r, _ = spearmanr(p.cpu().numpy(), t.cpu().numpy())
/project/6014832/mforooz/EpiDenoise/sandbox/eval.py:46: ConstantInputWarning: An input array is constant; the correlation coefficient is not defined.
  r, _ = spearmanr(p.cpu().numpy(), t.cpu().numpy())
/project/6014832/mforooz/EpiDenoise/sandbox/eval.py:46: ConstantInputWarning: An input array is constant; the correlation coefficient is not defined.
  r, _ = spearmanr(p.cpu().numpy(), t.cpu().numpy())
/project/6014832/mforooz/EpiDenoise/sandbox/eval.py:46: ConstantInputWarning: An input array is constant; the correlation coefficient is not defined.
  r, _ = spearmanr(p.cpu().numpy(), t.cpu().numpy())
/project/6014832/mforooz/EpiDenoise/sandbox/eval.py:46: ConstantInputWarning: An input array is constant; the correlation coefficient is not defined.
  r, _ = spearmanr(p.cpu().numpy(), t.cpu().numpy())
/project/6014832/mforooz/EpiDenoise/sandbox/eval.py:46: ConstantInputWarning: An input array is constant; the correlation coefficient is not defined.
  r, _ = spearmanr(p.cpu().numpy(), t.cpu().numpy())
/project/6014832/mforooz/EpiDenoise/sandbox/eval.py:46: ConstantInputWarning: An input array is constant; the correlation coefficient is not defined.
  r, _ = spearmanr(p.cpu().numpy(), t.cpu().numpy())
/project/6014832/mforooz/EpiDenoise/sandbox/eval.py:46: ConstantInputWarning: An input array is constant; the correlation coefficient is not defined.
  r, _ = spearmanr(p.cpu().numpy(), t.cpu().numpy())
/project/6014832/mforooz/EpiDenoise/sandbox/eval.py:46: ConstantInputWarning: An input array is constant; the correlation coefficient is not defined.
  r, _ = spearmanr(p.cpu().numpy(), t.cpu().numpy())
/project/6014832/mforooz/EpiDenoise/sandbox/eval.py:46: ConstantInputWarning: An input array is constant; the correlation coefficient is not defined.
  r, _ = spearmanr(p.cpu().numpy(), t.cpu().numpy())
/project/6014832/mforooz/EpiDenoise/sandbox/eval.py:46: ConstantInputWarning: An input array is constant; the correlation coefficient is not defined.
  r, _ = spearmanr(p.cpu().numpy(), t.cpu().numpy())
/project/6014832/mforooz/EpiDenoise/sandbox/eval.py:46: ConstantInputWarning: An input array is constant; the correlation coefficient is not defined.
  r, _ = spearmanr(p.cpu().numpy(), t.cpu().numpy())
/project/6014832/mforooz/EpiDenoise/sandbox/eval.py:46: ConstantInputWarning: An input array is constant; the correlation coefficient is not defined.
  r, _ = spearmanr(p.cpu().numpy(), t.cpu().numpy())
/project/6014832/mforooz/EpiDenoise/sandbox/eval.py:46: ConstantInputWarning: An input array is constant; the correlation coefficient is not defined.
  r, _ = spearmanr(p.cpu().numpy(), t.cpu().numpy())
/project/6014832/mforooz/EpiDenoise/sandbox/eval.py:46: ConstantInputWarning: An input array is constant; the correlation coefficient is not defined.
  r, _ = spearmanr(p.cpu().numpy(), t.cpu().numpy())
/project/6014832/mforooz/EpiDenoise/sandbox/eval.py:46: ConstantInputWarning: An input array is constant; the correlation coefficient is not defined.
  r, _ = spearmanr(p.cpu().numpy(), t.cpu().numpy())
/project/6014832/mforooz/EpiDenoise/sandbox/eval.py:46: ConstantInputWarning: An input array is constant; the correlation coefficient is not defined.
  r, _ = spearmanr(p.cpu().numpy(), t.cpu().numpy())
/project/6014832/mforooz/EpiDenoise/sandbox/eval.py:46: ConstantInputWarning: An input array is constant; the correlation coefficient is not defined.
  r, _ = spearmanr(p.cpu().numpy(), t.cpu().numpy())
/project/6014832/mforooz/EpiDenoise/sandbox/eval.py:46: ConstantInputWarning: An input array is constant; the correlation coefficient is not defined.
  r, _ = spearmanr(p.cpu().numpy(), t.cpu().numpy())
/project/6014832/mforooz/EpiDenoise/sandbox/eval.py:46: ConstantInputWarning: An input array is constant; the correlation coefficient is not defined.
  r, _ = spearmanr(p.cpu().numpy(), t.cpu().numpy())
/project/6014832/mforooz/EpiDenoise/sandbox/eval.py:46: ConstantInputWarning: An input array is constant; the correlation coefficient is not defined.
  r, _ = spearmanr(p.cpu().numpy(), t.cpu().numpy())
/project/6014832/mforooz/EpiDenoise/sandbox/eval.py:46: ConstantInputWarning: An input array is constant; the correlation coefficient is not defined.
  r, _ = spearmanr(p.cpu().numpy(), t.cpu().numpy())
/project/6014832/mforooz/EpiDenoise/sandbox/eval.py:46: ConstantInputWarning: An input array is constant; the correlation coefficient is not defined.
  r, _ = spearmanr(p.cpu().numpy(), t.cpu().numpy())
/project/6014832/mforooz/EpiDenoise/sandbox/eval.py:46: ConstantInputWarning: An input array is constant; the correlation coefficient is not defined.
  r, _ = spearmanr(p.cpu().numpy(), t.cpu().numpy())
/project/6014832/mforooz/EpiDenoise/sandbox/eval.py:46: ConstantInputWarning: An input array is constant; the correlation coefficient is not defined.
  r, _ = spearmanr(p.cpu().numpy(), t.cpu().numpy())
/project/6014832/mforooz/EpiDenoise/sandbox/eval.py:46: ConstantInputWarning: An input array is constant; the correlation coefficient is not defined.
  r, _ = spearmanr(p.cpu().numpy(), t.cpu().numpy())
/project/6014832/mforooz/EpiDenoise/sandbox/eval.py:46: ConstantInputWarning: An input array is constant; the correlation coefficient is not defined.
  r, _ = spearmanr(p.cpu().numpy(), t.cpu().numpy())
/project/6014832/mforooz/EpiDenoise/sandbox/eval.py:46: ConstantInputWarning: An input array is constant; the correlation coefficient is not defined.
  r, _ = spearmanr(p.cpu().numpy(), t.cpu().numpy())
/project/6014832/mforooz/EpiDenoise/sandbox/eval.py:46: ConstantInputWarning: An input array is constant; the correlation coefficient is not defined.
  r, _ = spearmanr(p.cpu().numpy(), t.cpu().numpy())
/project/6014832/mforooz/EpiDenoise/sandbox/eval.py:46: ConstantInputWarning: An input array is constant; the correlation coefficient is not defined.
  r, _ = spearmanr(p.cpu().numpy(), t.cpu().numpy())
/project/6014832/mforooz/EpiDenoise/sandbox/eval.py:46: ConstantInputWarning: An input array is constant; the correlation coefficient is not defined.
  r, _ = spearmanr(p.cpu().numpy(), t.cpu().numpy())
/project/6014832/mforooz/EpiDenoise/sandbox/eval.py:46: ConstantInputWarning: An input array is constant; the correlation coefficient is not defined.
  r, _ = spearmanr(p.cpu().numpy(), t.cpu().numpy())
/project/6014832/mforooz/EpiDenoise/sandbox/eval.py:46: ConstantInputWarning: An input array is constant; the correlation coefficient is not defined.
  r, _ = spearmanr(p.cpu().numpy(), t.cpu().numpy())
/project/6014832/mforooz/EpiDenoise/sandbox/eval.py:46: ConstantInputWarning: An input array is constant; the correlation coefficient is not defined.
  r, _ = spearmanr(p.cpu().numpy(), t.cpu().numpy())
/project/6014832/mforooz/EpiDenoise/sandbox/eval.py:46: ConstantInputWarning: An input array is constant; the correlation coefficient is not defined.
  r, _ = spearmanr(p.cpu().numpy(), t.cpu().numpy())
/project/6014832/mforooz/EpiDenoise/sandbox/eval.py:46: ConstantInputWarning: An input array is constant; the correlation coefficient is not defined.
  r, _ = spearmanr(p.cpu().numpy(), t.cpu().numpy())
/project/6014832/mforooz/EpiDenoise/sandbox/eval.py:46: ConstantInputWarning: An input array is constant; the correlation coefficient is not defined.
  r, _ = spearmanr(p.cpu().numpy(), t.cpu().numpy())
/project/6014832/mforooz/EpiDenoise/sandbox/eval.py:46: ConstantInputWarning: An input array is constant; the correlation coefficient is not defined.
  r, _ = spearmanr(p.cpu().numpy(), t.cpu().numpy())
/project/6014832/mforooz/EpiDenoise/sandbox/eval.py:46: ConstantInputWarning: An input array is constant; the correlation coefficient is not defined.
  r, _ = spearmanr(p.cpu().numpy(), t.cpu().numpy())
/project/6014832/mforooz/EpiDenoise/sandbox/eval.py:46: ConstantInputWarning: An input array is constant; the correlation coefficient is not defined.
  r, _ = spearmanr(p.cpu().numpy(), t.cpu().numpy())
/project/6014832/mforooz/EpiDenoise/sandbox/eval.py:46: ConstantInputWarning: An input array is constant; the correlation coefficient is not defined.
  r, _ = spearmanr(p.cpu().numpy(), t.cpu().numpy())
/project/6014832/mforooz/EpiDenoise/sandbox/eval.py:46: ConstantInputWarning: An input array is constant; the correlation coefficient is not defined.
  r, _ = spearmanr(p.cpu().numpy(), t.cpu().numpy())
/project/6014832/mforooz/EpiDenoise/sandbox/eval.py:46: ConstantInputWarning: An input array is constant; the correlation coefficient is not defined.
  r, _ = spearmanr(p.cpu().numpy(), t.cpu().numpy())
/project/6014832/mforooz/EpiDenoise/sandbox/eval.py:46: ConstantInputWarning: An input array is constant; the correlation coefficient is not defined.
  r, _ = spearmanr(p.cpu().numpy(), t.cpu().numpy())
/project/6014832/mforooz/EpiDenoise/sandbox/eval.py:46: ConstantInputWarning: An input array is constant; the correlation coefficient is not defined.
  r, _ = spearmanr(p.cpu().numpy(), t.cpu().numpy())
/project/6014832/mforooz/EpiDenoise/sandbox/eval.py:46: ConstantInputWarning: An input array is constant; the correlation coefficient is not defined.
  r, _ = spearmanr(p.cpu().numpy(), t.cpu().numpy())
/project/6014832/mforooz/EpiDenoise/sandbox/eval.py:46: ConstantInputWarning: An input array is constant; the correlation coefficient is not defined.
  r, _ = spearmanr(p.cpu().numpy(), t.cpu().numpy())
/project/6014832/mforooz/EpiDenoise/sandbox/eval.py:46: ConstantInputWarning: An input array is constant; the correlation coefficient is not defined.
  r, _ = spearmanr(p.cpu().numpy(), t.cpu().numpy())
/project/6014832/mforooz/EpiDenoise/sandbox/eval.py:46: ConstantInputWarning: An input array is constant; the correlation coefficient is not defined.
  r, _ = spearmanr(p.cpu().numpy(), t.cpu().numpy())
/project/6014832/mforooz/EpiDenoise/sandbox/eval.py:46: ConstantInputWarning: An input array is constant; the correlation coefficient is not defined.
  r, _ = spearmanr(p.cpu().numpy(), t.cpu().numpy())
/project/6014832/mforooz/EpiDenoise/sandbox/eval.py:46: ConstantInputWarning: An input array is constant; the correlation coefficient is not defined.
  r, _ = spearmanr(p.cpu().numpy(), t.cpu().numpy())
/project/6014832/mforooz/EpiDenoise/sandbox/eval.py:46: ConstantInputWarning: An input array is constant; the correlation coefficient is not defined.
  r, _ = spearmanr(p.cpu().numpy(), t.cpu().numpy())
/project/6014832/mforooz/EpiDenoise/sandbox/eval.py:46: ConstantInputWarning: An input array is constant; the correlation coefficient is not defined.
  r, _ = spearmanr(p.cpu().numpy(), t.cpu().numpy())
/project/6014832/mforooz/EpiDenoise/sandbox/eval.py:46: ConstantInputWarning: An input array is constant; the correlation coefficient is not defined.
  r, _ = spearmanr(p.cpu().numpy(), t.cpu().numpy())
/project/6014832/mforooz/EpiDenoise/sandbox/eval.py:46: ConstantInputWarning: An input array is constant; the correlation coefficient is not defined.
  r, _ = spearmanr(p.cpu().numpy(), t.cpu().numpy())
/project/6014832/mforooz/EpiDenoise/sandbox/eval.py:46: ConstantInputWarning: An input array is constant; the correlation coefficient is not defined.
  r, _ = spearmanr(p.cpu().numpy(), t.cpu().numpy())
/project/6014832/mforooz/EpiDenoise/sandbox/eval.py:46: ConstantInputWarning: An input array is constant; the correlation coefficient is not defined.
  r, _ = spearmanr(p.cpu().numpy(), t.cpu().numpy())
/project/6014832/mforooz/EpiDenoise/sandbox/eval.py:46: ConstantInputWarning: An input array is constant; the correlation coefficient is not defined.
  r, _ = spearmanr(p.cpu().numpy(), t.cpu().numpy())
/project/6014832/mforooz/EpiDenoise/sandbox/eval.py:46: ConstantInputWarning: An input array is constant; the correlation coefficient is not defined.
  r, _ = spearmanr(p.cpu().numpy(), t.cpu().numpy())
/project/6014832/mforooz/EpiDenoise/sandbox/eval.py:46: ConstantInputWarning: An input array is constant; the correlation coefficient is not defined.
  r, _ = spearmanr(p.cpu().numpy(), t.cpu().numpy())
/project/6014832/mforooz/EpiDenoise/sandbox/eval.py:46: ConstantInputWarning: An input array is constant; the correlation coefficient is not defined.
  r, _ = spearmanr(p.cpu().numpy(), t.cpu().numpy())
/project/6014832/mforooz/EpiDenoise/sandbox/eval.py:46: ConstantInputWarning: An input array is constant; the correlation coefficient is not defined.
  r, _ = spearmanr(p.cpu().numpy(), t.cpu().numpy())
/project/6014832/mforooz/EpiDenoise/sandbox/eval.py:46: ConstantInputWarning: An input array is constant; the correlation coefficient is not defined.
  r, _ = spearmanr(p.cpu().numpy(), t.cpu().numpy())
/project/6014832/mforooz/EpiDenoise/sandbox/eval.py:46: ConstantInputWarning: An input array is constant; the correlation coefficient is not defined.
  r, _ = spearmanr(p.cpu().numpy(), t.cpu().numpy())
/project/6014832/mforooz/EpiDenoise/sandbox/eval.py:46: ConstantInputWarning: An input array is constant; the correlation coefficient is not defined.
  r, _ = spearmanr(p.cpu().numpy(), t.cpu().numpy())
/project/6014832/mforooz/EpiDenoise/sandbox/eval.py:46: ConstantInputWarning: An input array is constant; the correlation coefficient is not defined.
  r, _ = spearmanr(p.cpu().numpy(), t.cpu().numpy())
/project/6014832/mforooz/EpiDenoise/sandbox/eval.py:46: ConstantInputWarning: An input array is constant; the correlation coefficient is not defined.
  r, _ = spearmanr(p.cpu().numpy(), t.cpu().numpy())
/project/6014832/mforooz/EpiDenoise/sandbox/eval.py:46: ConstantInputWarning: An input array is constant; the correlation coefficient is not defined.
  r, _ = spearmanr(p.cpu().numpy(), t.cpu().numpy())
/project/6014832/mforooz/EpiDenoise/sandbox/eval.py:46: ConstantInputWarning: An input array is constant; the correlation coefficient is not defined.
  r, _ = spearmanr(p.cpu().numpy(), t.cpu().numpy())
/project/6014832/mforooz/EpiDenoise/sandbox/eval.py:46: ConstantInputWarning: An input array is constant; the correlation coefficient is not defined.
  r, _ = spearmanr(p.cpu().numpy(), t.cpu().numpy())
/project/6014832/mforooz/EpiDenoise/sandbox/eval.py:46: ConstantInputWarning: An input array is constant; the correlation coefficient is not defined.
  r, _ = spearmanr(p.cpu().numpy(), t.cpu().numpy())
/project/6014832/mforooz/EpiDenoise/sandbox/eval.py:46: ConstantInputWarning: An input array is constant; the correlation coefficient is not defined.
  r, _ = spearmanr(p.cpu().numpy(), t.cpu().numpy())
/project/6014832/mforooz/EpiDenoise/sandbox/eval.py:46: ConstantInputWarning: An input array is constant; the correlation coefficient is not defined.
  r, _ = spearmanr(p.cpu().numpy(), t.cpu().numpy())
/project/6014832/mforooz/EpiDenoise/sandbox/eval.py:46: ConstantInputWarning: An input array is constant; the correlation coefficient is not defined.
  r, _ = spearmanr(p.cpu().numpy(), t.cpu().numpy())
/project/6014832/mforooz/EpiDenoise/sandbox/eval.py:46: ConstantInputWarning: An input array is constant; the correlation coefficient is not defined.
  r, _ = spearmanr(p.cpu().numpy(), t.cpu().numpy())
/project/6014832/mforooz/EpiDenoise/sandbox/eval.py:46: ConstantInputWarning: An input array is constant; the correlation coefficient is not defined.
  r, _ = spearmanr(p.cpu().numpy(), t.cpu().numpy())
/project/6014832/mforooz/EpiDenoise/sandbox/eval.py:46: ConstantInputWarning: An input array is constant; the correlation coefficient is not defined.
  r, _ = spearmanr(p.cpu().numpy(), t.cpu().numpy())
/project/6014832/mforooz/EpiDenoise/sandbox/eval.py:46: ConstantInputWarning: An input array is constant; the correlation coefficient is not defined.
  r, _ = spearmanr(p.cpu().numpy(), t.cpu().numpy())
/project/6014832/mforooz/EpiDenoise/sandbox/eval.py:46: ConstantInputWarning: An input array is constant; the correlation coefficient is not defined.
  r, _ = spearmanr(p.cpu().numpy(), t.cpu().numpy())
/project/6014832/mforooz/EpiDenoise/sandbox/eval.py:46: ConstantInputWarning: An input array is constant; the correlation coefficient is not defined.
  r, _ = spearmanr(p.cpu().numpy(), t.cpu().numpy())
/project/6014832/mforooz/EpiDenoise/sandbox/eval.py:46: ConstantInputWarning: An input array is constant; the correlation coefficient is not defined.
  r, _ = spearmanr(p.cpu().numpy(), t.cpu().numpy())
/project/6014832/mforooz/EpiDenoise/sandbox/eval.py:46: ConstantInputWarning: An input array is constant; the correlation coefficient is not defined.
  r, _ = spearmanr(p.cpu().numpy(), t.cpu().numpy())
/project/6014832/mforooz/EpiDenoise/sandbox/eval.py:46: ConstantInputWarning: An input array is constant; the correlation coefficient is not defined.
  r, _ = spearmanr(p.cpu().numpy(), t.cpu().numpy())
/project/6014832/mforooz/EpiDenoise/sandbox/eval.py:46: ConstantInputWarning: An input array is constant; the correlation coefficient is not defined.
  r, _ = spearmanr(p.cpu().numpy(), t.cpu().numpy())
/project/6014832/mforooz/EpiDenoise/sandbox/eval.py:46: ConstantInputWarning: An input array is constant; the correlation coefficient is not defined.
  r, _ = spearmanr(p.cpu().numpy(), t.cpu().numpy())
/project/6014832/mforooz/EpiDenoise/sandbox/eval.py:46: ConstantInputWarning: An input array is constant; the correlation coefficient is not defined.
  r, _ = spearmanr(p.cpu().numpy(), t.cpu().numpy())
/project/6014832/mforooz/EpiDenoise/sandbox/eval.py:46: ConstantInputWarning: An input array is constant; the correlation coefficient is not defined.
  r, _ = spearmanr(p.cpu().numpy(), t.cpu().numpy())
/project/6014832/mforooz/EpiDenoise/sandbox/eval.py:46: ConstantInputWarning: An input array is constant; the correlation coefficient is not defined.
  r, _ = spearmanr(p.cpu().numpy(), t.cpu().numpy())
/project/6014832/mforooz/EpiDenoise/sandbox/eval.py:46: ConstantInputWarning: An input array is constant; the correlation coefficient is not defined.
  r, _ = spearmanr(p.cpu().numpy(), t.cpu().numpy())
/project/6014832/mforooz/EpiDenoise/sandbox/eval.py:46: ConstantInputWarning: An input array is constant; the correlation coefficient is not defined.
  r, _ = spearmanr(p.cpu().numpy(), t.cpu().numpy())
/project/6014832/mforooz/EpiDenoise/sandbox/eval.py:46: ConstantInputWarning: An input array is constant; the correlation coefficient is not defined.
  r, _ = spearmanr(p.cpu().numpy(), t.cpu().numpy())
/project/6014832/mforooz/EpiDenoise/sandbox/eval.py:46: ConstantInputWarning: An input array is constant; the correlation coefficient is not defined.
  r, _ = spearmanr(p.cpu().numpy(), t.cpu().numpy())
/project/6014832/mforooz/EpiDenoise/sandbox/eval.py:46: ConstantInputWarning: An input array is constant; the correlation coefficient is not defined.
  r, _ = spearmanr(p.cpu().numpy(), t.cpu().numpy())
/project/6014832/mforooz/EpiDenoise/sandbox/eval.py:46: ConstantInputWarning: An input array is constant; the correlation coefficient is not defined.
  r, _ = spearmanr(p.cpu().numpy(), t.cpu().numpy())
/project/6014832/mforooz/EpiDenoise/sandbox/eval.py:46: ConstantInputWarning: An input array is constant; the correlation coefficient is not defined.
  r, _ = spearmanr(p.cpu().numpy(), t.cpu().numpy())
/project/6014832/mforooz/EpiDenoise/sandbox/eval.py:46: ConstantInputWarning: An input array is constant; the correlation coefficient is not defined.
  r, _ = spearmanr(p.cpu().numpy(), t.cpu().numpy())
/project/6014832/mforooz/EpiDenoise/sandbox/eval.py:46: ConstantInputWarning: An input array is constant; the correlation coefficient is not defined.
  r, _ = spearmanr(p.cpu().numpy(), t.cpu().numpy())
/project/6014832/mforooz/EpiDenoise/sandbox/eval.py:46: ConstantInputWarning: An input array is constant; the correlation coefficient is not defined.
  r, _ = spearmanr(p.cpu().numpy(), t.cpu().numpy())
/project/6014832/mforooz/EpiDenoise/sandbox/eval.py:46: ConstantInputWarning: An input array is constant; the correlation coefficient is not defined.
  r, _ = spearmanr(p.cpu().numpy(), t.cpu().numpy())
/project/6014832/mforooz/EpiDenoise/sandbox/eval.py:46: ConstantInputWarning: An input array is constant; the correlation coefficient is not defined.
  r, _ = spearmanr(p.cpu().numpy(), t.cpu().numpy())
/project/6014832/mforooz/EpiDenoise/sandbox/eval.py:46: ConstantInputWarning: An input array is constant; the correlation coefficient is not defined.
  r, _ = spearmanr(p.cpu().numpy(), t.cpu().numpy())
/project/6014832/mforooz/EpiDenoise/sandbox/eval.py:46: ConstantInputWarning: An input array is constant; the correlation coefficient is not defined.
  r, _ = spearmanr(p.cpu().numpy(), t.cpu().numpy())
/project/6014832/mforooz/EpiDenoise/sandbox/eval.py:46: ConstantInputWarning: An input array is constant; the correlation coefficient is not defined.
  r, _ = spearmanr(p.cpu().numpy(), t.cpu().numpy())
/project/6014832/mforooz/EpiDenoise/sandbox/eval.py:46: ConstantInputWarning: An input array is constant; the correlation coefficient is not defined.
  r, _ = spearmanr(p.cpu().numpy(), t.cpu().numpy())
/project/6014832/mforooz/EpiDenoise/sandbox/eval.py:46: ConstantInputWarning: An input array is constant; the correlation coefficient is not defined.
  r, _ = spearmanr(p.cpu().numpy(), t.cpu().numpy())
/project/6014832/mforooz/EpiDenoise/sandbox/eval.py:46: ConstantInputWarning: An input array is constant; the correlation coefficient is not defined.
  r, _ = spearmanr(p.cpu().numpy(), t.cpu().numpy())
/project/6014832/mforooz/EpiDenoise/sandbox/eval.py:46: ConstantInputWarning: An input array is constant; the correlation coefficient is not defined.
  r, _ = spearmanr(p.cpu().numpy(), t.cpu().numpy())
/project/6014832/mforooz/EpiDenoise/sandbox/eval.py:46: ConstantInputWarning: An input array is constant; the correlation coefficient is not defined.
  r, _ = spearmanr(p.cpu().numpy(), t.cpu().numpy())
/project/6014832/mforooz/EpiDenoise/sandbox/eval.py:46: ConstantInputWarning: An input array is constant; the correlation coefficient is not defined.
  r, _ = spearmanr(p.cpu().numpy(), t.cpu().numpy())
/project/6014832/mforooz/EpiDenoise/sandbox/eval.py:46: ConstantInputWarning: An input array is constant; the correlation coefficient is not defined.
  r, _ = spearmanr(p.cpu().numpy(), t.cpu().numpy())
/project/6014832/mforooz/EpiDenoise/sandbox/eval.py:46: ConstantInputWarning: An input array is constant; the correlation coefficient is not defined.
  r, _ = spearmanr(p.cpu().numpy(), t.cpu().numpy())
/project/6014832/mforooz/EpiDenoise/sandbox/eval.py:46: ConstantInputWarning: An input array is constant; the correlation coefficient is not defined.
  r, _ = spearmanr(p.cpu().numpy(), t.cpu().numpy())
/project/6014832/mforooz/EpiDenoise/sandbox/eval.py:46: ConstantInputWarning: An input array is constant; the correlation coefficient is not defined.
  r, _ = spearmanr(p.cpu().numpy(), t.cpu().numpy())
/project/6014832/mforooz/EpiDenoise/sandbox/eval.py:46: ConstantInputWarning: An input array is constant; the correlation coefficient is not defined.
  r, _ = spearmanr(p.cpu().numpy(), t.cpu().numpy())
/project/6014832/mforooz/EpiDenoise/sandbox/eval.py:46: ConstantInputWarning: An input array is constant; the correlation coefficient is not defined.
  r, _ = spearmanr(p.cpu().numpy(), t.cpu().numpy())
/project/6014832/mforooz/EpiDenoise/sandbox/eval.py:46: ConstantInputWarning: An input array is constant; the correlation coefficient is not defined.
  r, _ = spearmanr(p.cpu().numpy(), t.cpu().numpy())
/project/6014832/mforooz/EpiDenoise/sandbox/eval.py:46: ConstantInputWarning: An input array is constant; the correlation coefficient is not defined.
  r, _ = spearmanr(p.cpu().numpy(), t.cpu().numpy())
/project/6014832/mforooz/EpiDenoise/sandbox/eval.py:46: ConstantInputWarning: An input array is constant; the correlation coefficient is not defined.
  r, _ = spearmanr(p.cpu().numpy(), t.cpu().numpy())
/project/6014832/mforooz/EpiDenoise/sandbox/eval.py:46: ConstantInputWarning: An input array is constant; the correlation coefficient is not defined.
  r, _ = spearmanr(p.cpu().numpy(), t.cpu().numpy())
/project/6014832/mforooz/EpiDenoise/sandbox/eval.py:46: ConstantInputWarning: An input array is constant; the correlation coefficient is not defined.
  r, _ = spearmanr(p.cpu().numpy(), t.cpu().numpy())
/project/6014832/mforooz/EpiDenoise/sandbox/eval.py:46: ConstantInputWarning: An input array is constant; the correlation coefficient is not defined.
  r, _ = spearmanr(p.cpu().numpy(), t.cpu().numpy())
/project/6014832/mforooz/EpiDenoise/sandbox/eval.py:46: ConstantInputWarning: An input array is constant; the correlation coefficient is not defined.
  r, _ = spearmanr(p.cpu().numpy(), t.cpu().numpy())
/project/6014832/mforooz/EpiDenoise/sandbox/eval.py:46: ConstantInputWarning: An input array is constant; the correlation coefficient is not defined.
  r, _ = spearmanr(p.cpu().numpy(), t.cpu().numpy())
/project/6014832/mforooz/EpiDenoise/sandbox/eval.py:46: ConstantInputWarning: An input array is constant; the correlation coefficient is not defined.
  r, _ = spearmanr(p.cpu().numpy(), t.cpu().numpy())
/project/6014832/mforooz/EpiDenoise/sandbox/eval.py:46: ConstantInputWarning: An input array is constant; the correlation coefficient is not defined.
  r, _ = spearmanr(p.cpu().numpy(), t.cpu().numpy())
/project/6014832/mforooz/EpiDenoise/sandbox/eval.py:46: ConstantInputWarning: An input array is constant; the correlation coefficient is not defined.
  r, _ = spearmanr(p.cpu().numpy(), t.cpu().numpy())
/project/6014832/mforooz/EpiDenoise/sandbox/eval.py:46: ConstantInputWarning: An input array is constant; the correlation coefficient is not defined.
  r, _ = spearmanr(p.cpu().numpy(), t.cpu().numpy())
/project/6014832/mforooz/EpiDenoise/sandbox/eval.py:46: ConstantInputWarning: An input array is constant; the correlation coefficient is not defined.
  r, _ = spearmanr(p.cpu().numpy(), t.cpu().numpy())
/project/6014832/mforooz/EpiDenoise/sandbox/eval.py:46: ConstantInputWarning: An input array is constant; the correlation coefficient is not defined.
  r, _ = spearmanr(p.cpu().numpy(), t.cpu().numpy())
/project/6014832/mforooz/EpiDenoise/sandbox/eval.py:46: ConstantInputWarning: An input array is constant; the correlation coefficient is not defined.
  r, _ = spearmanr(p.cpu().numpy(), t.cpu().numpy())
/project/6014832/mforooz/EpiDenoise/sandbox/eval.py:46: ConstantInputWarning: An input array is constant; the correlation coefficient is not defined.
  r, _ = spearmanr(p.cpu().numpy(), t.cpu().numpy())
/project/6014832/mforooz/EpiDenoise/sandbox/eval.py:46: ConstantInputWarning: An input array is constant; the correlation coefficient is not defined.
  r, _ = spearmanr(p.cpu().numpy(), t.cpu().numpy())
/project/6014832/mforooz/EpiDenoise/sandbox/eval.py:46: ConstantInputWarning: An input array is constant; the correlation coefficient is not defined.
  r, _ = spearmanr(p.cpu().numpy(), t.cpu().numpy())
/project/6014832/mforooz/EpiDenoise/sandbox/eval.py:46: ConstantInputWarning: An input array is constant; the correlation coefficient is not defined.
  r, _ = spearmanr(p.cpu().numpy(), t.cpu().numpy())
/project/6014832/mforooz/EpiDenoise/sandbox/eval.py:46: ConstantInputWarning: An input array is constant; the correlation coefficient is not defined.
  r, _ = spearmanr(p.cpu().numpy(), t.cpu().numpy())
/project/6014832/mforooz/EpiDenoise/sandbox/eval.py:46: ConstantInputWarning: An input array is constant; the correlation coefficient is not defined.
  r, _ = spearmanr(p.cpu().numpy(), t.cpu().numpy())
/project/6014832/mforooz/EpiDenoise/sandbox/eval.py:46: ConstantInputWarning: An input array is constant; the correlation coefficient is not defined.
  r, _ = spearmanr(p.cpu().numpy(), t.cpu().numpy())
/project/6014832/mforooz/EpiDenoise/sandbox/eval.py:46: ConstantInputWarning: An input array is constant; the correlation coefficient is not defined.
  r, _ = spearmanr(p.cpu().numpy(), t.cpu().numpy())
/project/6014832/mforooz/EpiDenoise/sandbox/eval.py:46: ConstantInputWarning: An input array is constant; the correlation coefficient is not defined.
  r, _ = spearmanr(p.cpu().numpy(), t.cpu().numpy())
/project/6014832/mforooz/EpiDenoise/sandbox/eval.py:46: ConstantInputWarning: An input array is constant; the correlation coefficient is not defined.
  r, _ = spearmanr(p.cpu().numpy(), t.cpu().numpy())
/project/6014832/mforooz/EpiDenoise/sandbox/eval.py:46: ConstantInputWarning: An input array is constant; the correlation coefficient is not defined.
  r, _ = spearmanr(p.cpu().numpy(), t.cpu().numpy())
/project/6014832/mforooz/EpiDenoise/sandbox/eval.py:46: ConstantInputWarning: An input array is constant; the correlation coefficient is not defined.
  r, _ = spearmanr(p.cpu().numpy(), t.cpu().numpy())
/project/6014832/mforooz/EpiDenoise/sandbox/eval.py:46: ConstantInputWarning: An input array is constant; the correlation coefficient is not defined.
  r, _ = spearmanr(p.cpu().numpy(), t.cpu().numpy())
/project/6014832/mforooz/EpiDenoise/sandbox/eval.py:46: ConstantInputWarning: An input array is constant; the correlation coefficient is not defined.
  r, _ = spearmanr(p.cpu().numpy(), t.cpu().numpy())
/project/6014832/mforooz/EpiDenoise/sandbox/eval.py:46: ConstantInputWarning: An input array is constant; the correlation coefficient is not defined.
  r, _ = spearmanr(p.cpu().numpy(), t.cpu().numpy())
/project/6014832/mforooz/EpiDenoise/sandbox/eval.py:46: ConstantInputWarning: An input array is constant; the correlation coefficient is not defined.
  r, _ = spearmanr(p.cpu().numpy(), t.cpu().numpy())
/project/6014832/mforooz/EpiDenoise/sandbox/eval.py:46: ConstantInputWarning: An input array is constant; the correlation coefficient is not defined.
  r, _ = spearmanr(p.cpu().numpy(), t.cpu().numpy())
/project/6014832/mforooz/EpiDenoise/sandbox/eval.py:46: ConstantInputWarning: An input array is constant; the correlation coefficient is not defined.
  r, _ = spearmanr(p.cpu().numpy(), t.cpu().numpy())
/project/6014832/mforooz/EpiDenoise/sandbox/eval.py:46: ConstantInputWarning: An input array is constant; the correlation coefficient is not defined.
  r, _ = spearmanr(p.cpu().numpy(), t.cpu().numpy())
/project/6014832/mforooz/EpiDenoise/sandbox/eval.py:46: ConstantInputWarning: An input array is constant; the correlation coefficient is not defined.
  r, _ = spearmanr(p.cpu().numpy(), t.cpu().numpy())
/project/6014832/mforooz/EpiDenoise/sandbox/eval.py:46: ConstantInputWarning: An input array is constant; the correlation coefficient is not defined.
  r, _ = spearmanr(p.cpu().numpy(), t.cpu().numpy())
/project/6014832/mforooz/EpiDenoise/sandbox/eval.py:46: ConstantInputWarning: An input array is constant; the correlation coefficient is not defined.
  r, _ = spearmanr(p.cpu().numpy(), t.cpu().numpy())
/project/6014832/mforooz/EpiDenoise/sandbox/eval.py:46: ConstantInputWarning: An input array is constant; the correlation coefficient is not defined.
  r, _ = spearmanr(p.cpu().numpy(), t.cpu().numpy())
/project/6014832/mforooz/EpiDenoise/sandbox/eval.py:46: ConstantInputWarning: An input array is constant; the correlation coefficient is not defined.
  r, _ = spearmanr(p.cpu().numpy(), t.cpu().numpy())
/project/6014832/mforooz/EpiDenoise/sandbox/eval.py:46: ConstantInputWarning: An input array is constant; the correlation coefficient is not defined.
  r, _ = spearmanr(p.cpu().numpy(), t.cpu().numpy())
/project/6014832/mforooz/EpiDenoise/sandbox/eval.py:46: ConstantInputWarning: An input array is constant; the correlation coefficient is not defined.
  r, _ = spearmanr(p.cpu().numpy(), t.cpu().numpy())
/project/6014832/mforooz/EpiDenoise/sandbox/eval.py:46: ConstantInputWarning: An input array is constant; the correlation coefficient is not defined.
  r, _ = spearmanr(p.cpu().numpy(), t.cpu().numpy())
/project/6014832/mforooz/EpiDenoise/sandbox/eval.py:46: ConstantInputWarning: An input array is constant; the correlation coefficient is not defined.
  r, _ = spearmanr(p.cpu().numpy(), t.cpu().numpy())
/project/6014832/mforooz/EpiDenoise/sandbox/eval.py:46: ConstantInputWarning: An input array is constant; the correlation coefficient is not defined.
  r, _ = spearmanr(p.cpu().numpy(), t.cpu().numpy())
/project/6014832/mforooz/EpiDenoise/sandbox/eval.py:46: ConstantInputWarning: An input array is constant; the correlation coefficient is not defined.
  r, _ = spearmanr(p.cpu().numpy(), t.cpu().numpy())
/project/6014832/mforooz/EpiDenoise/sandbox/eval.py:46: ConstantInputWarning: An input array is constant; the correlation coefficient is not defined.
  r, _ = spearmanr(p.cpu().numpy(), t.cpu().numpy())
/project/6014832/mforooz/EpiDenoise/sandbox/eval.py:46: ConstantInputWarning: An input array is constant; the correlation coefficient is not defined.
  r, _ = spearmanr(p.cpu().numpy(), t.cpu().numpy())
/project/6014832/mforooz/EpiDenoise/sandbox/eval.py:46: ConstantInputWarning: An input array is constant; the correlation coefficient is not defined.
  r, _ = spearmanr(p.cpu().numpy(), t.cpu().numpy())
/project/6014832/mforooz/EpiDenoise/sandbox/eval.py:46: ConstantInputWarning: An input array is constant; the correlation coefficient is not defined.
  r, _ = spearmanr(p.cpu().numpy(), t.cpu().numpy())
/project/6014832/mforooz/EpiDenoise/sandbox/eval.py:46: ConstantInputWarning: An input array is constant; the correlation coefficient is not defined.
  r, _ = spearmanr(p.cpu().numpy(), t.cpu().numpy())
/project/6014832/mforooz/EpiDenoise/sandbox/eval.py:46: ConstantInputWarning: An input array is constant; the correlation coefficient is not defined.
  r, _ = spearmanr(p.cpu().numpy(), t.cpu().numpy())
/project/6014832/mforooz/EpiDenoise/sandbox/eval.py:46: ConstantInputWarning: An input array is constant; the correlation coefficient is not defined.
  r, _ = spearmanr(p.cpu().numpy(), t.cpu().numpy())
/project/6014832/mforooz/EpiDenoise/sandbox/eval.py:46: ConstantInputWarning: An input array is constant; the correlation coefficient is not defined.
  r, _ = spearmanr(p.cpu().numpy(), t.cpu().numpy())
/project/6014832/mforooz/EpiDenoise/sandbox/eval.py:46: ConstantInputWarning: An input array is constant; the correlation coefficient is not defined.
  r, _ = spearmanr(p.cpu().numpy(), t.cpu().numpy())
/project/6014832/mforooz/EpiDenoise/sandbox/eval.py:46: ConstantInputWarning: An input array is constant; the correlation coefficient is not defined.
  r, _ = spearmanr(p.cpu().numpy(), t.cpu().numpy())
/project/6014832/mforooz/EpiDenoise/sandbox/eval.py:46: ConstantInputWarning: An input array is constant; the correlation coefficient is not defined.
  r, _ = spearmanr(p.cpu().numpy(), t.cpu().numpy())
/project/6014832/mforooz/EpiDenoise/sandbox/eval.py:46: ConstantInputWarning: An input array is constant; the correlation coefficient is not defined.
  r, _ = spearmanr(p.cpu().numpy(), t.cpu().numpy())
/project/6014832/mforooz/EpiDenoise/sandbox/eval.py:46: ConstantInputWarning: An input array is constant; the correlation coefficient is not defined.
  r, _ = spearmanr(p.cpu().numpy(), t.cpu().numpy())
/project/6014832/mforooz/EpiDenoise/sandbox/eval.py:46: ConstantInputWarning: An input array is constant; the correlation coefficient is not defined.
  r, _ = spearmanr(p.cpu().numpy(), t.cpu().numpy())
/project/6014832/mforooz/EpiDenoise/sandbox/eval.py:46: ConstantInputWarning: An input array is constant; the correlation coefficient is not defined.
  r, _ = spearmanr(p.cpu().numpy(), t.cpu().numpy())
/project/6014832/mforooz/EpiDenoise/sandbox/eval.py:46: ConstantInputWarning: An input array is constant; the correlation coefficient is not defined.
  r, _ = spearmanr(p.cpu().numpy(), t.cpu().numpy())
/project/6014832/mforooz/EpiDenoise/sandbox/eval.py:46: ConstantInputWarning: An input array is constant; the correlation coefficient is not defined.
  r, _ = spearmanr(p.cpu().numpy(), t.cpu().numpy())
/project/6014832/mforooz/EpiDenoise/sandbox/eval.py:46: ConstantInputWarning: An input array is constant; the correlation coefficient is not defined.
  r, _ = spearmanr(p.cpu().numpy(), t.cpu().numpy())
/project/6014832/mforooz/EpiDenoise/sandbox/eval.py:46: ConstantInputWarning: An input array is constant; the correlation coefficient is not defined.
  r, _ = spearmanr(p.cpu().numpy(), t.cpu().numpy())
/project/6014832/mforooz/EpiDenoise/sandbox/eval.py:46: ConstantInputWarning: An input array is constant; the correlation coefficient is not defined.
  r, _ = spearmanr(p.cpu().numpy(), t.cpu().numpy())
/project/6014832/mforooz/EpiDenoise/sandbox/eval.py:46: ConstantInputWarning: An input array is constant; the correlation coefficient is not defined.
  r, _ = spearmanr(p.cpu().numpy(), t.cpu().numpy())
/project/6014832/mforooz/EpiDenoise/sandbox/eval.py:46: ConstantInputWarning: An input array is constant; the correlation coefficient is not defined.
  r, _ = spearmanr(p.cpu().numpy(), t.cpu().numpy())
/project/6014832/mforooz/EpiDenoise/sandbox/eval.py:46: ConstantInputWarning: An input array is constant; the correlation coefficient is not defined.
  r, _ = spearmanr(p.cpu().numpy(), t.cpu().numpy())
/project/6014832/mforooz/EpiDenoise/sandbox/eval.py:46: ConstantInputWarning: An input array is constant; the correlation coefficient is not defined.
  r, _ = spearmanr(p.cpu().numpy(), t.cpu().numpy())
/project/6014832/mforooz/EpiDenoise/sandbox/eval.py:46: ConstantInputWarning: An input array is constant; the correlation coefficient is not defined.
  r, _ = spearmanr(p.cpu().numpy(), t.cpu().numpy())
/project/6014832/mforooz/EpiDenoise/sandbox/eval.py:46: ConstantInputWarning: An input array is constant; the correlation coefficient is not defined.
  r, _ = spearmanr(p.cpu().numpy(), t.cpu().numpy())
/project/6014832/mforooz/EpiDenoise/sandbox/eval.py:46: ConstantInputWarning: An input array is constant; the correlation coefficient is not defined.
  r, _ = spearmanr(p.cpu().numpy(), t.cpu().numpy())
/project/6014832/mforooz/EpiDenoise/sandbox/eval.py:46: ConstantInputWarning: An input array is constant; the correlation coefficient is not defined.
  r, _ = spearmanr(p.cpu().numpy(), t.cpu().numpy())
/project/6014832/mforooz/EpiDenoise/sandbox/eval.py:46: ConstantInputWarning: An input array is constant; the correlation coefficient is not defined.
  r, _ = spearmanr(p.cpu().numpy(), t.cpu().numpy())
/project/6014832/mforooz/EpiDenoise/sandbox/eval.py:46: ConstantInputWarning: An input array is constant; the correlation coefficient is not defined.
  r, _ = spearmanr(p.cpu().numpy(), t.cpu().numpy())
/project/6014832/mforooz/EpiDenoise/sandbox/eval.py:46: ConstantInputWarning: An input array is constant; the correlation coefficient is not defined.
  r, _ = spearmanr(p.cpu().numpy(), t.cpu().numpy())
/project/6014832/mforooz/EpiDenoise/sandbox/eval.py:46: ConstantInputWarning: An input array is constant; the correlation coefficient is not defined.
  r, _ = spearmanr(p.cpu().numpy(), t.cpu().numpy())
/project/6014832/mforooz/EpiDenoise/sandbox/eval.py:46: ConstantInputWarning: An input array is constant; the correlation coefficient is not defined.
  r, _ = spearmanr(p.cpu().numpy(), t.cpu().numpy())
/project/6014832/mforooz/EpiDenoise/sandbox/eval.py:46: ConstantInputWarning: An input array is constant; the correlation coefficient is not defined.
  r, _ = spearmanr(p.cpu().numpy(), t.cpu().numpy())
/project/6014832/mforooz/EpiDenoise/sandbox/eval.py:46: ConstantInputWarning: An input array is constant; the correlation coefficient is not defined.
  r, _ = spearmanr(p.cpu().numpy(), t.cpu().numpy())
/project/6014832/mforooz/EpiDenoise/sandbox/eval.py:46: ConstantInputWarning: An input array is constant; the correlation coefficient is not defined.
  r, _ = spearmanr(p.cpu().numpy(), t.cpu().numpy())
/project/6014832/mforooz/EpiDenoise/sandbox/eval.py:46: ConstantInputWarning: An input array is constant; the correlation coefficient is not defined.
  r, _ = spearmanr(p.cpu().numpy(), t.cpu().numpy())
/project/6014832/mforooz/EpiDenoise/sandbox/eval.py:46: ConstantInputWarning: An input array is constant; the correlation coefficient is not defined.
  r, _ = spearmanr(p.cpu().numpy(), t.cpu().numpy())
/project/6014832/mforooz/EpiDenoise/sandbox/eval.py:46: ConstantInputWarning: An input array is constant; the correlation coefficient is not defined.
  r, _ = spearmanr(p.cpu().numpy(), t.cpu().numpy())
/project/6014832/mforooz/EpiDenoise/sandbox/eval.py:46: ConstantInputWarning: An input array is constant; the correlation coefficient is not defined.
  r, _ = spearmanr(p.cpu().numpy(), t.cpu().numpy())
/project/6014832/mforooz/EpiDenoise/sandbox/eval.py:46: ConstantInputWarning: An input array is constant; the correlation coefficient is not defined.
  r, _ = spearmanr(p.cpu().numpy(), t.cpu().numpy())
/project/6014832/mforooz/EpiDenoise/sandbox/eval.py:46: ConstantInputWarning: An input array is constant; the correlation coefficient is not defined.
  r, _ = spearmanr(p.cpu().numpy(), t.cpu().numpy())
/project/6014832/mforooz/EpiDenoise/sandbox/eval.py:46: ConstantInputWarning: An input array is constant; the correlation coefficient is not defined.
  r, _ = spearmanr(p.cpu().numpy(), t.cpu().numpy())
/project/6014832/mforooz/EpiDenoise/sandbox/eval.py:46: ConstantInputWarning: An input array is constant; the correlation coefficient is not defined.
  r, _ = spearmanr(p.cpu().numpy(), t.cpu().numpy())
/project/6014832/mforooz/EpiDenoise/sandbox/eval.py:46: ConstantInputWarning: An input array is constant; the correlation coefficient is not defined.
  r, _ = spearmanr(p.cpu().numpy(), t.cpu().numpy())
/project/6014832/mforooz/EpiDenoise/sandbox/eval.py:46: ConstantInputWarning: An input array is constant; the correlation coefficient is not defined.
  r, _ = spearmanr(p.cpu().numpy(), t.cpu().numpy())
/project/6014832/mforooz/EpiDenoise/sandbox/eval.py:46: ConstantInputWarning: An input array is constant; the correlation coefficient is not defined.
  r, _ = spearmanr(p.cpu().numpy(), t.cpu().numpy())
/project/6014832/mforooz/EpiDenoise/sandbox/eval.py:46: ConstantInputWarning: An input array is constant; the correlation coefficient is not defined.
  r, _ = spearmanr(p.cpu().numpy(), t.cpu().numpy())
/project/6014832/mforooz/EpiDenoise/sandbox/eval.py:46: ConstantInputWarning: An input array is constant; the correlation coefficient is not defined.
  r, _ = spearmanr(p.cpu().numpy(), t.cpu().numpy())
/project/6014832/mforooz/EpiDenoise/sandbox/eval.py:46: ConstantInputWarning: An input array is constant; the correlation coefficient is not defined.
  r, _ = spearmanr(p.cpu().numpy(), t.cpu().numpy())
/project/6014832/mforooz/EpiDenoise/sandbox/eval.py:46: ConstantInputWarning: An input array is constant; the correlation coefficient is not defined.
  r, _ = spearmanr(p.cpu().numpy(), t.cpu().numpy())
/project/6014832/mforooz/EpiDenoise/sandbox/eval.py:46: ConstantInputWarning: An input array is constant; the correlation coefficient is not defined.
  r, _ = spearmanr(p.cpu().numpy(), t.cpu().numpy())
/project/6014832/mforooz/EpiDenoise/sandbox/eval.py:46: ConstantInputWarning: An input array is constant; the correlation coefficient is not defined.
  r, _ = spearmanr(p.cpu().numpy(), t.cpu().numpy())
/project/6014832/mforooz/EpiDenoise/sandbox/eval.py:46: ConstantInputWarning: An input array is constant; the correlation coefficient is not defined.
  r, _ = spearmanr(p.cpu().numpy(), t.cpu().numpy())
/project/6014832/mforooz/EpiDenoise/sandbox/eval.py:46: ConstantInputWarning: An input array is constant; the correlation coefficient is not defined.
  r, _ = spearmanr(p.cpu().numpy(), t.cpu().numpy())
/project/6014832/mforooz/EpiDenoise/sandbox/eval.py:46: ConstantInputWarning: An input array is constant; the correlation coefficient is not defined.
  r, _ = spearmanr(p.cpu().numpy(), t.cpu().numpy())
/project/6014832/mforooz/EpiDenoise/sandbox/eval.py:46: ConstantInputWarning: An input array is constant; the correlation coefficient is not defined.
  r, _ = spearmanr(p.cpu().numpy(), t.cpu().numpy())
/project/6014832/mforooz/EpiDenoise/sandbox/eval.py:46: ConstantInputWarning: An input array is constant; the correlation coefficient is not defined.
  r, _ = spearmanr(p.cpu().numpy(), t.cpu().numpy())
/project/6014832/mforooz/EpiDenoise/sandbox/eval.py:46: ConstantInputWarning: An input array is constant; the correlation coefficient is not defined.
  r, _ = spearmanr(p.cpu().numpy(), t.cpu().numpy())
/project/6014832/mforooz/EpiDenoise/sandbox/eval.py:46: ConstantInputWarning: An input array is constant; the correlation coefficient is not defined.
  r, _ = spearmanr(p.cpu().numpy(), t.cpu().numpy())
/project/6014832/mforooz/EpiDenoise/sandbox/eval.py:46: ConstantInputWarning: An input array is constant; the correlation coefficient is not defined.
  r, _ = spearmanr(p.cpu().numpy(), t.cpu().numpy())
/project/6014832/mforooz/EpiDenoise/sandbox/eval.py:46: ConstantInputWarning: An input array is constant; the correlation coefficient is not defined.
  r, _ = spearmanr(p.cpu().numpy(), t.cpu().numpy())
/project/6014832/mforooz/EpiDenoise/sandbox/eval.py:46: ConstantInputWarning: An input array is constant; the correlation coefficient is not defined.
  r, _ = spearmanr(p.cpu().numpy(), t.cpu().numpy())
/project/6014832/mforooz/EpiDenoise/sandbox/eval.py:46: ConstantInputWarning: An input array is constant; the correlation coefficient is not defined.
  r, _ = spearmanr(p.cpu().numpy(), t.cpu().numpy())
/project/6014832/mforooz/EpiDenoise/sandbox/eval.py:46: ConstantInputWarning: An input array is constant; the correlation coefficient is not defined.
  r, _ = spearmanr(p.cpu().numpy(), t.cpu().numpy())
/project/6014832/mforooz/EpiDenoise/sandbox/eval.py:46: ConstantInputWarning: An input array is constant; the correlation coefficient is not defined.
  r, _ = spearmanr(p.cpu().numpy(), t.cpu().numpy())
/project/6014832/mforooz/EpiDenoise/sandbox/eval.py:46: ConstantInputWarning: An input array is constant; the correlation coefficient is not defined.
  r, _ = spearmanr(p.cpu().numpy(), t.cpu().numpy())
/project/6014832/mforooz/EpiDenoise/sandbox/eval.py:46: ConstantInputWarning: An input array is constant; the correlation coefficient is not defined.
  r, _ = spearmanr(p.cpu().numpy(), t.cpu().numpy())
/project/6014832/mforooz/EpiDenoise/sandbox/eval.py:46: ConstantInputWarning: An input array is constant; the correlation coefficient is not defined.
  r, _ = spearmanr(p.cpu().numpy(), t.cpu().numpy())
/project/6014832/mforooz/EpiDenoise/sandbox/eval.py:46: ConstantInputWarning: An input array is constant; the correlation coefficient is not defined.
  r, _ = spearmanr(p.cpu().numpy(), t.cpu().numpy())
/project/6014832/mforooz/EpiDenoise/sandbox/eval.py:46: ConstantInputWarning: An input array is constant; the correlation coefficient is not defined.
  r, _ = spearmanr(p.cpu().numpy(), t.cpu().numpy())
/project/6014832/mforooz/EpiDenoise/sandbox/eval.py:46: ConstantInputWarning: An input array is constant; the correlation coefficient is not defined.
  r, _ = spearmanr(p.cpu().numpy(), t.cpu().numpy())
/project/6014832/mforooz/EpiDenoise/sandbox/eval.py:46: ConstantInputWarning: An input array is constant; the correlation coefficient is not defined.
  r, _ = spearmanr(p.cpu().numpy(), t.cpu().numpy())
/project/6014832/mforooz/EpiDenoise/sandbox/eval.py:46: ConstantInputWarning: An input array is constant; the correlation coefficient is not defined.
  r, _ = spearmanr(p.cpu().numpy(), t.cpu().numpy())
/project/6014832/mforooz/EpiDenoise/sandbox/eval.py:46: ConstantInputWarning: An input array is constant; the correlation coefficient is not defined.
  r, _ = spearmanr(p.cpu().numpy(), t.cpu().numpy())
/project/6014832/mforooz/EpiDenoise/sandbox/eval.py:46: ConstantInputWarning: An input array is constant; the correlation coefficient is not defined.
  r, _ = spearmanr(p.cpu().numpy(), t.cpu().numpy())
/project/6014832/mforooz/EpiDenoise/sandbox/eval.py:46: ConstantInputWarning: An input array is constant; the correlation coefficient is not defined.
  r, _ = spearmanr(p.cpu().numpy(), t.cpu().numpy())
/project/6014832/mforooz/EpiDenoise/sandbox/eval.py:46: ConstantInputWarning: An input array is constant; the correlation coefficient is not defined.
  r, _ = spearmanr(p.cpu().numpy(), t.cpu().numpy())
/project/6014832/mforooz/EpiDenoise/sandbox/eval.py:46: ConstantInputWarning: An input array is constant; the correlation coefficient is not defined.
  r, _ = spearmanr(p.cpu().numpy(), t.cpu().numpy())
/project/6014832/mforooz/EpiDenoise/sandbox/eval.py:46: ConstantInputWarning: An input array is constant; the correlation coefficient is not defined.
  r, _ = spearmanr(p.cpu().numpy(), t.cpu().numpy())
/project/6014832/mforooz/EpiDenoise/sandbox/eval.py:46: ConstantInputWarning: An input array is constant; the correlation coefficient is not defined.
  r, _ = spearmanr(p.cpu().numpy(), t.cpu().numpy())
/project/6014832/mforooz/EpiDenoise/sandbox/eval.py:46: ConstantInputWarning: An input array is constant; the correlation coefficient is not defined.
  r, _ = spearmanr(p.cpu().numpy(), t.cpu().numpy())
/project/6014832/mforooz/EpiDenoise/sandbox/eval.py:46: ConstantInputWarning: An input array is constant; the correlation coefficient is not defined.
  r, _ = spearmanr(p.cpu().numpy(), t.cpu().numpy())
/project/6014832/mforooz/EpiDenoise/sandbox/eval.py:46: ConstantInputWarning: An input array is constant; the correlation coefficient is not defined.
  r, _ = spearmanr(p.cpu().numpy(), t.cpu().numpy())
/project/6014832/mforooz/EpiDenoise/sandbox/eval.py:46: ConstantInputWarning: An input array is constant; the correlation coefficient is not defined.
  r, _ = spearmanr(p.cpu().numpy(), t.cpu().numpy())
/project/6014832/mforooz/EpiDenoise/sandbox/eval.py:46: ConstantInputWarning: An input array is constant; the correlation coefficient is not defined.
  r, _ = spearmanr(p.cpu().numpy(), t.cpu().numpy())
/project/6014832/mforooz/EpiDenoise/sandbox/eval.py:46: ConstantInputWarning: An input array is constant; the correlation coefficient is not defined.
  r, _ = spearmanr(p.cpu().numpy(), t.cpu().numpy())
/project/6014832/mforooz/EpiDenoise/sandbox/eval.py:46: ConstantInputWarning: An input array is constant; the correlation coefficient is not defined.
  r, _ = spearmanr(p.cpu().numpy(), t.cpu().numpy())
/project/6014832/mforooz/EpiDenoise/sandbox/eval.py:46: ConstantInputWarning: An input array is constant; the correlation coefficient is not defined.
  r, _ = spearmanr(p.cpu().numpy(), t.cpu().numpy())
/project/6014832/mforooz/EpiDenoise/sandbox/eval.py:46: ConstantInputWarning: An input array is constant; the correlation coefficient is not defined.
  r, _ = spearmanr(p.cpu().numpy(), t.cpu().numpy())
/project/6014832/mforooz/EpiDenoise/sandbox/eval.py:46: ConstantInputWarning: An input array is constant; the correlation coefficient is not defined.
  r, _ = spearmanr(p.cpu().numpy(), t.cpu().numpy())
/project/6014832/mforooz/EpiDenoise/sandbox/eval.py:46: ConstantInputWarning: An input array is constant; the correlation coefficient is not defined.
  r, _ = spearmanr(p.cpu().numpy(), t.cpu().numpy())
/project/6014832/mforooz/EpiDenoise/sandbox/eval.py:46: ConstantInputWarning: An input array is constant; the correlation coefficient is not defined.
  r, _ = spearmanr(p.cpu().numpy(), t.cpu().numpy())
/project/6014832/mforooz/EpiDenoise/sandbox/eval.py:46: ConstantInputWarning: An input array is constant; the correlation coefficient is not defined.
  r, _ = spearmanr(p.cpu().numpy(), t.cpu().numpy())
/project/6014832/mforooz/EpiDenoise/sandbox/eval.py:46: ConstantInputWarning: An input array is constant; the correlation coefficient is not defined.
  r, _ = spearmanr(p.cpu().numpy(), t.cpu().numpy())
/project/6014832/mforooz/EpiDenoise/sandbox/eval.py:46: ConstantInputWarning: An input array is constant; the correlation coefficient is not defined.
  r, _ = spearmanr(p.cpu().numpy(), t.cpu().numpy())
/project/6014832/mforooz/EpiDenoise/sandbox/eval.py:46: ConstantInputWarning: An input array is constant; the correlation coefficient is not defined.
  r, _ = spearmanr(p.cpu().numpy(), t.cpu().numpy())
/project/6014832/mforooz/EpiDenoise/sandbox/eval.py:46: ConstantInputWarning: An input array is constant; the correlation coefficient is not defined.
  r, _ = spearmanr(p.cpu().numpy(), t.cpu().numpy())
/project/6014832/mforooz/EpiDenoise/sandbox/eval.py:46: ConstantInputWarning: An input array is constant; the correlation coefficient is not defined.
  r, _ = spearmanr(p.cpu().numpy(), t.cpu().numpy())
/project/6014832/mforooz/EpiDenoise/sandbox/eval.py:46: ConstantInputWarning: An input array is constant; the correlation coefficient is not defined.
  r, _ = spearmanr(p.cpu().numpy(), t.cpu().numpy())
/project/6014832/mforooz/EpiDenoise/sandbox/eval.py:46: ConstantInputWarning: An input array is constant; the correlation coefficient is not defined.
  r, _ = spearmanr(p.cpu().numpy(), t.cpu().numpy())
/project/6014832/mforooz/EpiDenoise/sandbox/eval.py:46: ConstantInputWarning: An input array is constant; the correlation coefficient is not defined.
  r, _ = spearmanr(p.cpu().numpy(), t.cpu().numpy())
/project/6014832/mforooz/EpiDenoise/sandbox/eval.py:46: ConstantInputWarning: An input array is constant; the correlation coefficient is not defined.
  r, _ = spearmanr(p.cpu().numpy(), t.cpu().numpy())
/project/6014832/mforooz/EpiDenoise/sandbox/eval.py:46: ConstantInputWarning: An input array is constant; the correlation coefficient is not defined.
  r, _ = spearmanr(p.cpu().numpy(), t.cpu().numpy())
/project/6014832/mforooz/EpiDenoise/sandbox/eval.py:46: ConstantInputWarning: An input array is constant; the correlation coefficient is not defined.
  r, _ = spearmanr(p.cpu().numpy(), t.cpu().numpy())
/project/6014832/mforooz/EpiDenoise/sandbox/eval.py:46: ConstantInputWarning: An input array is constant; the correlation coefficient is not defined.
  r, _ = spearmanr(p.cpu().numpy(), t.cpu().numpy())
/project/6014832/mforooz/EpiDenoise/sandbox/eval.py:46: ConstantInputWarning: An input array is constant; the correlation coefficient is not defined.
  r, _ = spearmanr(p.cpu().numpy(), t.cpu().numpy())
/project/6014832/mforooz/EpiDenoise/sandbox/eval.py:46: ConstantInputWarning: An input array is constant; the correlation coefficient is not defined.
  r, _ = spearmanr(p.cpu().numpy(), t.cpu().numpy())
/project/6014832/mforooz/EpiDenoise/sandbox/eval.py:46: ConstantInputWarning: An input array is constant; the correlation coefficient is not defined.
  r, _ = spearmanr(p.cpu().numpy(), t.cpu().numpy())
/project/6014832/mforooz/EpiDenoise/sandbox/eval.py:46: ConstantInputWarning: An input array is constant; the correlation coefficient is not defined.
  r, _ = spearmanr(p.cpu().numpy(), t.cpu().numpy())
/project/6014832/mforooz/EpiDenoise/sandbox/eval.py:46: ConstantInputWarning: An input array is constant; the correlation coefficient is not defined.
  r, _ = spearmanr(p.cpu().numpy(), t.cpu().numpy())
/project/6014832/mforooz/EpiDenoise/sandbox/eval.py:46: ConstantInputWarning: An input array is constant; the correlation coefficient is not defined.
  r, _ = spearmanr(p.cpu().numpy(), t.cpu().numpy())
/project/6014832/mforooz/EpiDenoise/sandbox/eval.py:46: ConstantInputWarning: An input array is constant; the correlation coefficient is not defined.
  r, _ = spearmanr(p.cpu().numpy(), t.cpu().numpy())
/project/6014832/mforooz/EpiDenoise/sandbox/eval.py:46: ConstantInputWarning: An input array is constant; the correlation coefficient is not defined.
  r, _ = spearmanr(p.cpu().numpy(), t.cpu().numpy())
/project/6014832/mforooz/EpiDenoise/sandbox/eval.py:46: ConstantInputWarning: An input array is constant; the correlation coefficient is not defined.
  r, _ = spearmanr(p.cpu().numpy(), t.cpu().numpy())
/project/6014832/mforooz/EpiDenoise/sandbox/eval.py:46: ConstantInputWarning: An input array is constant; the correlation coefficient is not defined.
  r, _ = spearmanr(p.cpu().numpy(), t.cpu().numpy())
/project/6014832/mforooz/EpiDenoise/sandbox/eval.py:46: ConstantInputWarning: An input array is constant; the correlation coefficient is not defined.
  r, _ = spearmanr(p.cpu().numpy(), t.cpu().numpy())
/project/6014832/mforooz/EpiDenoise/sandbox/eval.py:46: ConstantInputWarning: An input array is constant; the correlation coefficient is not defined.
  r, _ = spearmanr(p.cpu().numpy(), t.cpu().numpy())
/project/6014832/mforooz/EpiDenoise/sandbox/eval.py:46: ConstantInputWarning: An input array is constant; the correlation coefficient is not defined.
  r, _ = spearmanr(p.cpu().numpy(), t.cpu().numpy())
/project/6014832/mforooz/EpiDenoise/sandbox/eval.py:46: ConstantInputWarning: An input array is constant; the correlation coefficient is not defined.
  r, _ = spearmanr(p.cpu().numpy(), t.cpu().numpy())
/project/6014832/mforooz/EpiDenoise/sandbox/eval.py:46: ConstantInputWarning: An input array is constant; the correlation coefficient is not defined.
  r, _ = spearmanr(p.cpu().numpy(), t.cpu().numpy())
/project/6014832/mforooz/EpiDenoise/sandbox/eval.py:46: ConstantInputWarning: An input array is constant; the correlation coefficient is not defined.
  r, _ = spearmanr(p.cpu().numpy(), t.cpu().numpy())
/project/6014832/mforooz/EpiDenoise/sandbox/eval.py:46: ConstantInputWarning: An input array is constant; the correlation coefficient is not defined.
  r, _ = spearmanr(p.cpu().numpy(), t.cpu().numpy())
/project/6014832/mforooz/EpiDenoise/sandbox/eval.py:46: ConstantInputWarning: An input array is constant; the correlation coefficient is not defined.
  r, _ = spearmanr(p.cpu().numpy(), t.cpu().numpy())
/project/6014832/mforooz/EpiDenoise/sandbox/eval.py:46: ConstantInputWarning: An input array is constant; the correlation coefficient is not defined.
  r, _ = spearmanr(p.cpu().numpy(), t.cpu().numpy())
/project/6014832/mforooz/EpiDenoise/sandbox/eval.py:46: ConstantInputWarning: An input array is constant; the correlation coefficient is not defined.
  r, _ = spearmanr(p.cpu().numpy(), t.cpu().numpy())
/project/6014832/mforooz/EpiDenoise/sandbox/eval.py:46: ConstantInputWarning: An input array is constant; the correlation coefficient is not defined.
  r, _ = spearmanr(p.cpu().numpy(), t.cpu().numpy())
/project/6014832/mforooz/EpiDenoise/sandbox/eval.py:46: ConstantInputWarning: An input array is constant; the correlation coefficient is not defined.
  r, _ = spearmanr(p.cpu().numpy(), t.cpu().numpy())
/project/6014832/mforooz/EpiDenoise/sandbox/eval.py:46: ConstantInputWarning: An input array is constant; the correlation coefficient is not defined.
  r, _ = spearmanr(p.cpu().numpy(), t.cpu().numpy())
/project/6014832/mforooz/EpiDenoise/sandbox/eval.py:46: ConstantInputWarning: An input array is constant; the correlation coefficient is not defined.
  r, _ = spearmanr(p.cpu().numpy(), t.cpu().numpy())
/project/6014832/mforooz/EpiDenoise/sandbox/eval.py:46: ConstantInputWarning: An input array is constant; the correlation coefficient is not defined.
  r, _ = spearmanr(p.cpu().numpy(), t.cpu().numpy())
/project/6014832/mforooz/EpiDenoise/sandbox/eval.py:46: ConstantInputWarning: An input array is constant; the correlation coefficient is not defined.
  r, _ = spearmanr(p.cpu().numpy(), t.cpu().numpy())
/project/6014832/mforooz/EpiDenoise/sandbox/eval.py:46: ConstantInputWarning: An input array is constant; the correlation coefficient is not defined.
  r, _ = spearmanr(p.cpu().numpy(), t.cpu().numpy())
/project/6014832/mforooz/EpiDenoise/sandbox/eval.py:46: ConstantInputWarning: An input array is constant; the correlation coefficient is not defined.
  r, _ = spearmanr(p.cpu().numpy(), t.cpu().numpy())
/project/6014832/mforooz/EpiDenoise/sandbox/eval.py:46: ConstantInputWarning: An input array is constant; the correlation coefficient is not defined.
  r, _ = spearmanr(p.cpu().numpy(), t.cpu().numpy())
/project/6014832/mforooz/EpiDenoise/sandbox/eval.py:46: ConstantInputWarning: An input array is constant; the correlation coefficient is not defined.
  r, _ = spearmanr(p.cpu().numpy(), t.cpu().numpy())
/project/6014832/mforooz/EpiDenoise/sandbox/eval.py:46: ConstantInputWarning: An input array is constant; the correlation coefficient is not defined.
  r, _ = spearmanr(p.cpu().numpy(), t.cpu().numpy())
/project/6014832/mforooz/EpiDenoise/sandbox/eval.py:46: ConstantInputWarning: An input array is constant; the correlation coefficient is not defined.
  r, _ = spearmanr(p.cpu().numpy(), t.cpu().numpy())
/project/6014832/mforooz/EpiDenoise/sandbox/eval.py:46: ConstantInputWarning: An input array is constant; the correlation coefficient is not defined.
  r, _ = spearmanr(p.cpu().numpy(), t.cpu().numpy())
/project/6014832/mforooz/EpiDenoise/sandbox/eval.py:46: ConstantInputWarning: An input array is constant; the correlation coefficient is not defined.
  r, _ = spearmanr(p.cpu().numpy(), t.cpu().numpy())
/project/6014832/mforooz/EpiDenoise/sandbox/eval.py:46: ConstantInputWarning: An input array is constant; the correlation coefficient is not defined.
  r, _ = spearmanr(p.cpu().numpy(), t.cpu().numpy())
/project/6014832/mforooz/EpiDenoise/sandbox/eval.py:46: ConstantInputWarning: An input array is constant; the correlation coefficient is not defined.
  r, _ = spearmanr(p.cpu().numpy(), t.cpu().numpy())
/project/6014832/mforooz/EpiDenoise/sandbox/eval.py:46: ConstantInputWarning: An input array is constant; the correlation coefficient is not defined.
  r, _ = spearmanr(p.cpu().numpy(), t.cpu().numpy())
/project/6014832/mforooz/EpiDenoise/sandbox/eval.py:46: ConstantInputWarning: An input array is constant; the correlation coefficient is not defined.
  r, _ = spearmanr(p.cpu().numpy(), t.cpu().numpy())
/project/6014832/mforooz/EpiDenoise/sandbox/eval.py:46: ConstantInputWarning: An input array is constant; the correlation coefficient is not defined.
  r, _ = spearmanr(p.cpu().numpy(), t.cpu().numpy())
/project/6014832/mforooz/EpiDenoise/sandbox/eval.py:46: ConstantInputWarning: An input array is constant; the correlation coefficient is not defined.
  r, _ = spearmanr(p.cpu().numpy(), t.cpu().numpy())
/project/6014832/mforooz/EpiDenoise/sandbox/eval.py:46: ConstantInputWarning: An input array is constant; the correlation coefficient is not defined.
  r, _ = spearmanr(p.cpu().numpy(), t.cpu().numpy())
/project/6014832/mforooz/EpiDenoise/sandbox/eval.py:46: ConstantInputWarning: An input array is constant; the correlation coefficient is not defined.
  r, _ = spearmanr(p.cpu().numpy(), t.cpu().numpy())
/project/6014832/mforooz/EpiDenoise/sandbox/eval.py:46: ConstantInputWarning: An input array is constant; the correlation coefficient is not defined.
  r, _ = spearmanr(p.cpu().numpy(), t.cpu().numpy())
/project/6014832/mforooz/EpiDenoise/sandbox/eval.py:46: ConstantInputWarning: An input array is constant; the correlation coefficient is not defined.
  r, _ = spearmanr(p.cpu().numpy(), t.cpu().numpy())
/project/6014832/mforooz/EpiDenoise/sandbox/eval.py:46: ConstantInputWarning: An input array is constant; the correlation coefficient is not defined.
  r, _ = spearmanr(p.cpu().numpy(), t.cpu().numpy())
/project/6014832/mforooz/EpiDenoise/sandbox/eval.py:46: ConstantInputWarning: An input array is constant; the correlation coefficient is not defined.
  r, _ = spearmanr(p.cpu().numpy(), t.cpu().numpy())
/project/6014832/mforooz/EpiDenoise/sandbox/eval.py:46: ConstantInputWarning: An input array is constant; the correlation coefficient is not defined.
  r, _ = spearmanr(p.cpu().numpy(), t.cpu().numpy())
/project/6014832/mforooz/EpiDenoise/sandbox/eval.py:46: ConstantInputWarning: An input array is constant; the correlation coefficient is not defined.
  r, _ = spearmanr(p.cpu().numpy(), t.cpu().numpy())
/project/6014832/mforooz/EpiDenoise/sandbox/eval.py:46: ConstantInputWarning: An input array is constant; the correlation coefficient is not defined.
  r, _ = spearmanr(p.cpu().numpy(), t.cpu().numpy())
/project/6014832/mforooz/EpiDenoise/sandbox/eval.py:46: ConstantInputWarning: An input array is constant; the correlation coefficient is not defined.
  r, _ = spearmanr(p.cpu().numpy(), t.cpu().numpy())
/project/6014832/mforooz/EpiDenoise/sandbox/eval.py:46: ConstantInputWarning: An input array is constant; the correlation coefficient is not defined.
  r, _ = spearmanr(p.cpu().numpy(), t.cpu().numpy())
/project/6014832/mforooz/EpiDenoise/sandbox/eval.py:46: ConstantInputWarning: An input array is constant; the correlation coefficient is not defined.
  r, _ = spearmanr(p.cpu().numpy(), t.cpu().numpy())
/project/6014832/mforooz/EpiDenoise/sandbox/eval.py:46: ConstantInputWarning: An input array is constant; the correlation coefficient is not defined.
  r, _ = spearmanr(p.cpu().numpy(), t.cpu().numpy())
/project/6014832/mforooz/EpiDenoise/sandbox/eval.py:46: ConstantInputWarning: An input array is constant; the correlation coefficient is not defined.
  r, _ = spearmanr(p.cpu().numpy(), t.cpu().numpy())
/project/6014832/mforooz/EpiDenoise/sandbox/eval.py:46: ConstantInputWarning: An input array is constant; the correlation coefficient is not defined.
  r, _ = spearmanr(p.cpu().numpy(), t.cpu().numpy())
/project/6014832/mforooz/EpiDenoise/sandbox/eval.py:46: ConstantInputWarning: An input array is constant; the correlation coefficient is not defined.
  r, _ = spearmanr(p.cpu().numpy(), t.cpu().numpy())
/project/6014832/mforooz/EpiDenoise/sandbox/eval.py:46: ConstantInputWarning: An input array is constant; the correlation coefficient is not defined.
  r, _ = spearmanr(p.cpu().numpy(), t.cpu().numpy())
/project/6014832/mforooz/EpiDenoise/sandbox/eval.py:46: ConstantInputWarning: An input array is constant; the correlation coefficient is not defined.
  r, _ = spearmanr(p.cpu().numpy(), t.cpu().numpy())
/project/6014832/mforooz/EpiDenoise/sandbox/eval.py:46: ConstantInputWarning: An input array is constant; the correlation coefficient is not defined.
  r, _ = spearmanr(p.cpu().numpy(), t.cpu().numpy())
/project/6014832/mforooz/EpiDenoise/sandbox/eval.py:46: ConstantInputWarning: An input array is constant; the correlation coefficient is not defined.
  r, _ = spearmanr(p.cpu().numpy(), t.cpu().numpy())
/project/6014832/mforooz/EpiDenoise/sandbox/eval.py:46: ConstantInputWarning: An input array is constant; the correlation coefficient is not defined.
  r, _ = spearmanr(p.cpu().numpy(), t.cpu().numpy())
/project/6014832/mforooz/EpiDenoise/sandbox/eval.py:46: ConstantInputWarning: An input array is constant; the correlation coefficient is not defined.
  r, _ = spearmanr(p.cpu().numpy(), t.cpu().numpy())
/project/6014832/mforooz/EpiDenoise/sandbox/eval.py:46: ConstantInputWarning: An input array is constant; the correlation coefficient is not defined.
  r, _ = spearmanr(p.cpu().numpy(), t.cpu().numpy())
/project/6014832/mforooz/EpiDenoise/sandbox/eval.py:46: ConstantInputWarning: An input array is constant; the correlation coefficient is not defined.
  r, _ = spearmanr(p.cpu().numpy(), t.cpu().numpy())
/project/6014832/mforooz/EpiDenoise/sandbox/eval.py:46: ConstantInputWarning: An input array is constant; the correlation coefficient is not defined.
  r, _ = spearmanr(p.cpu().numpy(), t.cpu().numpy())
/project/6014832/mforooz/EpiDenoise/sandbox/eval.py:46: ConstantInputWarning: An input array is constant; the correlation coefficient is not defined.
  r, _ = spearmanr(p.cpu().numpy(), t.cpu().numpy())
/project/6014832/mforooz/EpiDenoise/sandbox/eval.py:46: ConstantInputWarning: An input array is constant; the correlation coefficient is not defined.
  r, _ = spearmanr(p.cpu().numpy(), t.cpu().numpy())
/project/6014832/mforooz/EpiDenoise/sandbox/eval.py:46: ConstantInputWarning: An input array is constant; the correlation coefficient is not defined.
  r, _ = spearmanr(p.cpu().numpy(), t.cpu().numpy())
/project/6014832/mforooz/EpiDenoise/sandbox/eval.py:46: ConstantInputWarning: An input array is constant; the correlation coefficient is not defined.
  r, _ = spearmanr(p.cpu().numpy(), t.cpu().numpy())
/project/6014832/mforooz/EpiDenoise/sandbox/eval.py:46: ConstantInputWarning: An input array is constant; the correlation coefficient is not defined.
  r, _ = spearmanr(p.cpu().numpy(), t.cpu().numpy())
/project/6014832/mforooz/EpiDenoise/sandbox/eval.py:46: ConstantInputWarning: An input array is constant; the correlation coefficient is not defined.
  r, _ = spearmanr(p.cpu().numpy(), t.cpu().numpy())
/project/6014832/mforooz/EpiDenoise/sandbox/eval.py:46: ConstantInputWarning: An input array is constant; the correlation coefficient is not defined.
  r, _ = spearmanr(p.cpu().numpy(), t.cpu().numpy())
/project/6014832/mforooz/EpiDenoise/sandbox/eval.py:46: ConstantInputWarning: An input array is constant; the correlation coefficient is not defined.
  r, _ = spearmanr(p.cpu().numpy(), t.cpu().numpy())
/project/6014832/mforooz/EpiDenoise/sandbox/eval.py:46: ConstantInputWarning: An input array is constant; the correlation coefficient is not defined.
  r, _ = spearmanr(p.cpu().numpy(), t.cpu().numpy())
/project/6014832/mforooz/EpiDenoise/sandbox/eval.py:46: ConstantInputWarning: An input array is constant; the correlation coefficient is not defined.
  r, _ = spearmanr(p.cpu().numpy(), t.cpu().numpy())
/project/6014832/mforooz/EpiDenoise/sandbox/eval.py:46: ConstantInputWarning: An input array is constant; the correlation coefficient is not defined.
  r, _ = spearmanr(p.cpu().numpy(), t.cpu().numpy())
/project/6014832/mforooz/EpiDenoise/sandbox/eval.py:46: ConstantInputWarning: An input array is constant; the correlation coefficient is not defined.
  r, _ = spearmanr(p.cpu().numpy(), t.cpu().numpy())
/project/6014832/mforooz/EpiDenoise/sandbox/eval.py:46: ConstantInputWarning: An input array is constant; the correlation coefficient is not defined.
  r, _ = spearmanr(p.cpu().numpy(), t.cpu().numpy())
/project/6014832/mforooz/EpiDenoise/sandbox/eval.py:46: ConstantInputWarning: An input array is constant; the correlation coefficient is not defined.
  r, _ = spearmanr(p.cpu().numpy(), t.cpu().numpy())
/project/6014832/mforooz/EpiDenoise/sandbox/eval.py:46: ConstantInputWarning: An input array is constant; the correlation coefficient is not defined.
  r, _ = spearmanr(p.cpu().numpy(), t.cpu().numpy())
/project/6014832/mforooz/EpiDenoise/sandbox/eval.py:46: ConstantInputWarning: An input array is constant; the correlation coefficient is not defined.
  r, _ = spearmanr(p.cpu().numpy(), t.cpu().numpy())
/project/6014832/mforooz/EpiDenoise/sandbox/eval.py:46: ConstantInputWarning: An input array is constant; the correlation coefficient is not defined.
  r, _ = spearmanr(p.cpu().numpy(), t.cpu().numpy())
/project/6014832/mforooz/EpiDenoise/sandbox/eval.py:46: ConstantInputWarning: An input array is constant; the correlation coefficient is not defined.
  r, _ = spearmanr(p.cpu().numpy(), t.cpu().numpy())
/project/6014832/mforooz/EpiDenoise/sandbox/eval.py:46: ConstantInputWarning: An input array is constant; the correlation coefficient is not defined.
  r, _ = spearmanr(p.cpu().numpy(), t.cpu().numpy())
/project/6014832/mforooz/EpiDenoise/sandbox/eval.py:46: ConstantInputWarning: An input array is constant; the correlation coefficient is not defined.
  r, _ = spearmanr(p.cpu().numpy(), t.cpu().numpy())
/project/6014832/mforooz/EpiDenoise/sandbox/eval.py:46: ConstantInputWarning: An input array is constant; the correlation coefficient is not defined.
  r, _ = spearmanr(p.cpu().numpy(), t.cpu().numpy())
/project/6014832/mforooz/EpiDenoise/sandbox/eval.py:46: ConstantInputWarning: An input array is constant; the correlation coefficient is not defined.
  r, _ = spearmanr(p.cpu().numpy(), t.cpu().numpy())
/project/6014832/mforooz/EpiDenoise/sandbox/eval.py:46: ConstantInputWarning: An input array is constant; the correlation coefficient is not defined.
  r, _ = spearmanr(p.cpu().numpy(), t.cpu().numpy())
/project/6014832/mforooz/EpiDenoise/sandbox/eval.py:46: ConstantInputWarning: An input array is constant; the correlation coefficient is not defined.
  r, _ = spearmanr(p.cpu().numpy(), t.cpu().numpy())
/project/6014832/mforooz/EpiDenoise/sandbox/eval.py:46: ConstantInputWarning: An input array is constant; the correlation coefficient is not defined.
  r, _ = spearmanr(p.cpu().numpy(), t.cpu().numpy())
/project/6014832/mforooz/EpiDenoise/sandbox/eval.py:46: ConstantInputWarning: An input array is constant; the correlation coefficient is not defined.
  r, _ = spearmanr(p.cpu().numpy(), t.cpu().numpy())
/project/6014832/mforooz/EpiDenoise/sandbox/eval.py:46: ConstantInputWarning: An input array is constant; the correlation coefficient is not defined.
  r, _ = spearmanr(p.cpu().numpy(), t.cpu().numpy())
/project/6014832/mforooz/EpiDenoise/sandbox/eval.py:46: ConstantInputWarning: An input array is constant; the correlation coefficient is not defined.
  r, _ = spearmanr(p.cpu().numpy(), t.cpu().numpy())
/project/6014832/mforooz/EpiDenoise/sandbox/eval.py:46: ConstantInputWarning: An input array is constant; the correlation coefficient is not defined.
  r, _ = spearmanr(p.cpu().numpy(), t.cpu().numpy())
/project/6014832/mforooz/EpiDenoise/sandbox/eval.py:46: ConstantInputWarning: An input array is constant; the correlation coefficient is not defined.
  r, _ = spearmanr(p.cpu().numpy(), t.cpu().numpy())
/project/6014832/mforooz/EpiDenoise/sandbox/eval.py:46: ConstantInputWarning: An input array is constant; the correlation coefficient is not defined.
  r, _ = spearmanr(p.cpu().numpy(), t.cpu().numpy())
/project/6014832/mforooz/EpiDenoise/sandbox/eval.py:46: ConstantInputWarning: An input array is constant; the correlation coefficient is not defined.
  r, _ = spearmanr(p.cpu().numpy(), t.cpu().numpy())
/project/6014832/mforooz/EpiDenoise/sandbox/eval.py:46: ConstantInputWarning: An input array is constant; the correlation coefficient is not defined.
  r, _ = spearmanr(p.cpu().numpy(), t.cpu().numpy())
/project/6014832/mforooz/EpiDenoise/sandbox/eval.py:46: ConstantInputWarning: An input array is constant; the correlation coefficient is not defined.
  r, _ = spearmanr(p.cpu().numpy(), t.cpu().numpy())
/project/6014832/mforooz/EpiDenoise/sandbox/eval.py:46: ConstantInputWarning: An input array is constant; the correlation coefficient is not defined.
  r, _ = spearmanr(p.cpu().numpy(), t.cpu().numpy())
/project/6014832/mforooz/EpiDenoise/sandbox/eval.py:46: ConstantInputWarning: An input array is constant; the correlation coefficient is not defined.
  r, _ = spearmanr(p.cpu().numpy(), t.cpu().numpy())
/project/6014832/mforooz/EpiDenoise/sandbox/eval.py:46: ConstantInputWarning: An input array is constant; the correlation coefficient is not defined.
  r, _ = spearmanr(p.cpu().numpy(), t.cpu().numpy())
/project/6014832/mforooz/EpiDenoise/sandbox/eval.py:46: ConstantInputWarning: An input array is constant; the correlation coefficient is not defined.
  r, _ = spearmanr(p.cpu().numpy(), t.cpu().numpy())
/project/6014832/mforooz/EpiDenoise/sandbox/eval.py:46: ConstantInputWarning: An input array is constant; the correlation coefficient is not defined.
  r, _ = spearmanr(p.cpu().numpy(), t.cpu().numpy())
/project/6014832/mforooz/EpiDenoise/sandbox/eval.py:46: ConstantInputWarning: An input array is constant; the correlation coefficient is not defined.
  r, _ = spearmanr(p.cpu().numpy(), t.cpu().numpy())
/project/6014832/mforooz/EpiDenoise/sandbox/eval.py:46: ConstantInputWarning: An input array is constant; the correlation coefficient is not defined.
  r, _ = spearmanr(p.cpu().numpy(), t.cpu().numpy())
/project/6014832/mforooz/EpiDenoise/sandbox/eval.py:46: ConstantInputWarning: An input array is constant; the correlation coefficient is not defined.
  r, _ = spearmanr(p.cpu().numpy(), t.cpu().numpy())
/project/6014832/mforooz/EpiDenoise/sandbox/eval.py:46: ConstantInputWarning: An input array is constant; the correlation coefficient is not defined.
  r, _ = spearmanr(p.cpu().numpy(), t.cpu().numpy())
/project/6014832/mforooz/EpiDenoise/sandbox/eval.py:46: ConstantInputWarning: An input array is constant; the correlation coefficient is not defined.
  r, _ = spearmanr(p.cpu().numpy(), t.cpu().numpy())
/project/6014832/mforooz/EpiDenoise/sandbox/eval.py:46: ConstantInputWarning: An input array is constant; the correlation coefficient is not defined.
  r, _ = spearmanr(p.cpu().numpy(), t.cpu().numpy())
/project/6014832/mforooz/EpiDenoise/sandbox/eval.py:46: ConstantInputWarning: An input array is constant; the correlation coefficient is not defined.
  r, _ = spearmanr(p.cpu().numpy(), t.cpu().numpy())
/project/6014832/mforooz/EpiDenoise/sandbox/eval.py:46: ConstantInputWarning: An input array is constant; the correlation coefficient is not defined.
  r, _ = spearmanr(p.cpu().numpy(), t.cpu().numpy())
/project/6014832/mforooz/EpiDenoise/sandbox/eval.py:46: ConstantInputWarning: An input array is constant; the correlation coefficient is not defined.
  r, _ = spearmanr(p.cpu().numpy(), t.cpu().numpy())
/project/6014832/mforooz/EpiDenoise/sandbox/eval.py:46: ConstantInputWarning: An input array is constant; the correlation coefficient is not defined.
  r, _ = spearmanr(p.cpu().numpy(), t.cpu().numpy())
/project/6014832/mforooz/EpiDenoise/sandbox/eval.py:46: ConstantInputWarning: An input array is constant; the correlation coefficient is not defined.
  r, _ = spearmanr(p.cpu().numpy(), t.cpu().numpy())
/project/6014832/mforooz/EpiDenoise/sandbox/eval.py:46: ConstantInputWarning: An input array is constant; the correlation coefficient is not defined.
  r, _ = spearmanr(p.cpu().numpy(), t.cpu().numpy())
/project/6014832/mforooz/EpiDenoise/sandbox/eval.py:46: ConstantInputWarning: An input array is constant; the correlation coefficient is not defined.
  r, _ = spearmanr(p.cpu().numpy(), t.cpu().numpy())
/project/6014832/mforooz/EpiDenoise/sandbox/eval.py:46: ConstantInputWarning: An input array is constant; the correlation coefficient is not defined.
  r, _ = spearmanr(p.cpu().numpy(), t.cpu().numpy())
/project/6014832/mforooz/EpiDenoise/sandbox/eval.py:46: ConstantInputWarning: An input array is constant; the correlation coefficient is not defined.
  r, _ = spearmanr(p.cpu().numpy(), t.cpu().numpy())
/project/6014832/mforooz/EpiDenoise/sandbox/eval.py:46: ConstantInputWarning: An input array is constant; the correlation coefficient is not defined.
  r, _ = spearmanr(p.cpu().numpy(), t.cpu().numpy())
/project/6014832/mforooz/EpiDenoise/sandbox/eval.py:46: ConstantInputWarning: An input array is constant; the correlation coefficient is not defined.
  r, _ = spearmanr(p.cpu().numpy(), t.cpu().numpy())
/project/6014832/mforooz/EpiDenoise/sandbox/eval.py:46: ConstantInputWarning: An input array is constant; the correlation coefficient is not defined.
  r, _ = spearmanr(p.cpu().numpy(), t.cpu().numpy())
/project/6014832/mforooz/EpiDenoise/sandbox/eval.py:46: ConstantInputWarning: An input array is constant; the correlation coefficient is not defined.
  r, _ = spearmanr(p.cpu().numpy(), t.cpu().numpy())
/project/6014832/mforooz/EpiDenoise/sandbox/eval.py:46: ConstantInputWarning: An input array is constant; the correlation coefficient is not defined.
  r, _ = spearmanr(p.cpu().numpy(), t.cpu().numpy())
/project/6014832/mforooz/EpiDenoise/sandbox/eval.py:46: ConstantInputWarning: An input array is constant; the correlation coefficient is not defined.
  r, _ = spearmanr(p.cpu().numpy(), t.cpu().numpy())
/project/6014832/mforooz/EpiDenoise/sandbox/eval.py:46: ConstantInputWarning: An input array is constant; the correlation coefficient is not defined.
  r, _ = spearmanr(p.cpu().numpy(), t.cpu().numpy())
/project/6014832/mforooz/EpiDenoise/sandbox/eval.py:46: ConstantInputWarning: An input array is constant; the correlation coefficient is not defined.
  r, _ = spearmanr(p.cpu().numpy(), t.cpu().numpy())
/project/6014832/mforooz/EpiDenoise/sandbox/eval.py:46: ConstantInputWarning: An input array is constant; the correlation coefficient is not defined.
  r, _ = spearmanr(p.cpu().numpy(), t.cpu().numpy())
/project/6014832/mforooz/EpiDenoise/sandbox/eval.py:46: ConstantInputWarning: An input array is constant; the correlation coefficient is not defined.
  r, _ = spearmanr(p.cpu().numpy(), t.cpu().numpy())
/project/6014832/mforooz/EpiDenoise/sandbox/eval.py:46: ConstantInputWarning: An input array is constant; the correlation coefficient is not defined.
  r, _ = spearmanr(p.cpu().numpy(), t.cpu().numpy())
/project/6014832/mforooz/EpiDenoise/sandbox/eval.py:46: ConstantInputWarning: An input array is constant; the correlation coefficient is not defined.
  r, _ = spearmanr(p.cpu().numpy(), t.cpu().numpy())
/project/6014832/mforooz/EpiDenoise/sandbox/eval.py:46: ConstantInputWarning: An input array is constant; the correlation coefficient is not defined.
  r, _ = spearmanr(p.cpu().numpy(), t.cpu().numpy())
/project/6014832/mforooz/EpiDenoise/sandbox/eval.py:46: ConstantInputWarning: An input array is constant; the correlation coefficient is not defined.
  r, _ = spearmanr(p.cpu().numpy(), t.cpu().numpy())
/project/6014832/mforooz/EpiDenoise/sandbox/eval.py:46: ConstantInputWarning: An input array is constant; the correlation coefficient is not defined.
  r, _ = spearmanr(p.cpu().numpy(), t.cpu().numpy())
/project/6014832/mforooz/EpiDenoise/sandbox/eval.py:46: ConstantInputWarning: An input array is constant; the correlation coefficient is not defined.
  r, _ = spearmanr(p.cpu().numpy(), t.cpu().numpy())
/project/6014832/mforooz/EpiDenoise/sandbox/eval.py:46: ConstantInputWarning: An input array is constant; the correlation coefficient is not defined.
  r, _ = spearmanr(p.cpu().numpy(), t.cpu().numpy())
/project/6014832/mforooz/EpiDenoise/sandbox/eval.py:46: ConstantInputWarning: An input array is constant; the correlation coefficient is not defined.
  r, _ = spearmanr(p.cpu().numpy(), t.cpu().numpy())
/project/6014832/mforooz/EpiDenoise/sandbox/eval.py:46: ConstantInputWarning: An input array is constant; the correlation coefficient is not defined.
  r, _ = spearmanr(p.cpu().numpy(), t.cpu().numpy())
/project/6014832/mforooz/EpiDenoise/sandbox/eval.py:46: ConstantInputWarning: An input array is constant; the correlation coefficient is not defined.
  r, _ = spearmanr(p.cpu().numpy(), t.cpu().numpy())
/project/6014832/mforooz/EpiDenoise/sandbox/eval.py:46: ConstantInputWarning: An input array is constant; the correlation coefficient is not defined.
  r, _ = spearmanr(p.cpu().numpy(), t.cpu().numpy())
/project/6014832/mforooz/EpiDenoise/sandbox/eval.py:46: ConstantInputWarning: An input array is constant; the correlation coefficient is not defined.
  r, _ = spearmanr(p.cpu().numpy(), t.cpu().numpy())
/project/6014832/mforooz/EpiDenoise/sandbox/eval.py:46: ConstantInputWarning: An input array is constant; the correlation coefficient is not defined.
  r, _ = spearmanr(p.cpu().numpy(), t.cpu().numpy())
/project/6014832/mforooz/EpiDenoise/sandbox/eval.py:46: ConstantInputWarning: An input array is constant; the correlation coefficient is not defined.
  r, _ = spearmanr(p.cpu().numpy(), t.cpu().numpy())
/project/6014832/mforooz/EpiDenoise/sandbox/eval.py:46: ConstantInputWarning: An input array is constant; the correlation coefficient is not defined.
  r, _ = spearmanr(p.cpu().numpy(), t.cpu().numpy())
/project/6014832/mforooz/EpiDenoise/sandbox/eval.py:46: ConstantInputWarning: An input array is constant; the correlation coefficient is not defined.
  r, _ = spearmanr(p.cpu().numpy(), t.cpu().numpy())
/project/6014832/mforooz/EpiDenoise/sandbox/eval.py:46: ConstantInputWarning: An input array is constant; the correlation coefficient is not defined.
  r, _ = spearmanr(p.cpu().numpy(), t.cpu().numpy())
/project/6014832/mforooz/EpiDenoise/sandbox/eval.py:46: ConstantInputWarning: An input array is constant; the correlation coefficient is not defined.
  r, _ = spearmanr(p.cpu().numpy(), t.cpu().numpy())
/project/6014832/mforooz/EpiDenoise/sandbox/eval.py:46: ConstantInputWarning: An input array is constant; the correlation coefficient is not defined.
  r, _ = spearmanr(p.cpu().numpy(), t.cpu().numpy())
/project/6014832/mforooz/EpiDenoise/sandbox/eval.py:46: ConstantInputWarning: An input array is constant; the correlation coefficient is not defined.
  r, _ = spearmanr(p.cpu().numpy(), t.cpu().numpy())
/project/6014832/mforooz/EpiDenoise/sandbox/eval.py:46: ConstantInputWarning: An input array is constant; the correlation coefficient is not defined.
  r, _ = spearmanr(p.cpu().numpy(), t.cpu().numpy())
/project/6014832/mforooz/EpiDenoise/sandbox/eval.py:46: ConstantInputWarning: An input array is constant; the correlation coefficient is not defined.
  r, _ = spearmanr(p.cpu().numpy(), t.cpu().numpy())
/project/6014832/mforooz/EpiDenoise/sandbox/eval.py:46: ConstantInputWarning: An input array is constant; the correlation coefficient is not defined.
  r, _ = spearmanr(p.cpu().numpy(), t.cpu().numpy())
/project/6014832/mforooz/EpiDenoise/sandbox/eval.py:46: ConstantInputWarning: An input array is constant; the correlation coefficient is not defined.
  r, _ = spearmanr(p.cpu().numpy(), t.cpu().numpy())
/project/6014832/mforooz/EpiDenoise/sandbox/eval.py:46: ConstantInputWarning: An input array is constant; the correlation coefficient is not defined.
  r, _ = spearmanr(p.cpu().numpy(), t.cpu().numpy())
/project/6014832/mforooz/EpiDenoise/sandbox/eval.py:46: ConstantInputWarning: An input array is constant; the correlation coefficient is not defined.
  r, _ = spearmanr(p.cpu().numpy(), t.cpu().numpy())
/project/6014832/mforooz/EpiDenoise/sandbox/eval.py:46: ConstantInputWarning: An input array is constant; the correlation coefficient is not defined.
  r, _ = spearmanr(p.cpu().numpy(), t.cpu().numpy())
/project/6014832/mforooz/EpiDenoise/sandbox/eval.py:46: ConstantInputWarning: An input array is constant; the correlation coefficient is not defined.
  r, _ = spearmanr(p.cpu().numpy(), t.cpu().numpy())
/project/6014832/mforooz/EpiDenoise/sandbox/eval.py:46: ConstantInputWarning: An input array is constant; the correlation coefficient is not defined.
  r, _ = spearmanr(p.cpu().numpy(), t.cpu().numpy())
/project/6014832/mforooz/EpiDenoise/sandbox/eval.py:46: ConstantInputWarning: An input array is constant; the correlation coefficient is not defined.
  r, _ = spearmanr(p.cpu().numpy(), t.cpu().numpy())
/project/6014832/mforooz/EpiDenoise/sandbox/eval.py:46: ConstantInputWarning: An input array is constant; the correlation coefficient is not defined.
  r, _ = spearmanr(p.cpu().numpy(), t.cpu().numpy())
/project/6014832/mforooz/EpiDenoise/sandbox/eval.py:46: ConstantInputWarning: An input array is constant; the correlation coefficient is not defined.
  r, _ = spearmanr(p.cpu().numpy(), t.cpu().numpy())
/project/6014832/mforooz/EpiDenoise/sandbox/eval.py:46: ConstantInputWarning: An input array is constant; the correlation coefficient is not defined.
  r, _ = spearmanr(p.cpu().numpy(), t.cpu().numpy())
/project/6014832/mforooz/EpiDenoise/sandbox/eval.py:46: ConstantInputWarning: An input array is constant; the correlation coefficient is not defined.
  r, _ = spearmanr(p.cpu().numpy(), t.cpu().numpy())
/project/6014832/mforooz/EpiDenoise/sandbox/eval.py:46: ConstantInputWarning: An input array is constant; the correlation coefficient is not defined.
  r, _ = spearmanr(p.cpu().numpy(), t.cpu().numpy())
/project/6014832/mforooz/EpiDenoise/sandbox/eval.py:46: ConstantInputWarning: An input array is constant; the correlation coefficient is not defined.
  r, _ = spearmanr(p.cpu().numpy(), t.cpu().numpy())
/project/6014832/mforooz/EpiDenoise/sandbox/eval.py:46: ConstantInputWarning: An input array is constant; the correlation coefficient is not defined.
  r, _ = spearmanr(p.cpu().numpy(), t.cpu().numpy())
/project/6014832/mforooz/EpiDenoise/sandbox/eval.py:46: ConstantInputWarning: An input array is constant; the correlation coefficient is not defined.
  r, _ = spearmanr(p.cpu().numpy(), t.cpu().numpy())
/project/6014832/mforooz/EpiDenoise/sandbox/eval.py:46: ConstantInputWarning: An input array is constant; the correlation coefficient is not defined.
  r, _ = spearmanr(p.cpu().numpy(), t.cpu().numpy())
/project/6014832/mforooz/EpiDenoise/sandbox/eval.py:46: ConstantInputWarning: An input array is constant; the correlation coefficient is not defined.
  r, _ = spearmanr(p.cpu().numpy(), t.cpu().numpy())
/project/6014832/mforooz/EpiDenoise/sandbox/eval.py:46: ConstantInputWarning: An input array is constant; the correlation coefficient is not defined.
  r, _ = spearmanr(p.cpu().numpy(), t.cpu().numpy())
/project/6014832/mforooz/EpiDenoise/sandbox/eval.py:46: ConstantInputWarning: An input array is constant; the correlation coefficient is not defined.
  r, _ = spearmanr(p.cpu().numpy(), t.cpu().numpy())
/project/6014832/mforooz/EpiDenoise/sandbox/eval.py:46: ConstantInputWarning: An input array is constant; the correlation coefficient is not defined.
  r, _ = spearmanr(p.cpu().numpy(), t.cpu().numpy())
/project/6014832/mforooz/EpiDenoise/sandbox/eval.py:46: ConstantInputWarning: An input array is constant; the correlation coefficient is not defined.
  r, _ = spearmanr(p.cpu().numpy(), t.cpu().numpy())
/project/6014832/mforooz/EpiDenoise/sandbox/eval.py:46: ConstantInputWarning: An input array is constant; the correlation coefficient is not defined.
  r, _ = spearmanr(p.cpu().numpy(), t.cpu().numpy())
/project/6014832/mforooz/EpiDenoise/sandbox/eval.py:46: ConstantInputWarning: An input array is constant; the correlation coefficient is not defined.
  r, _ = spearmanr(p.cpu().numpy(), t.cpu().numpy())
/project/6014832/mforooz/EpiDenoise/sandbox/eval.py:46: ConstantInputWarning: An input array is constant; the correlation coefficient is not defined.
  r, _ = spearmanr(p.cpu().numpy(), t.cpu().numpy())
/project/6014832/mforooz/EpiDenoise/sandbox/eval.py:46: ConstantInputWarning: An input array is constant; the correlation coefficient is not defined.
  r, _ = spearmanr(p.cpu().numpy(), t.cpu().numpy())
/project/6014832/mforooz/EpiDenoise/sandbox/eval.py:46: ConstantInputWarning: An input array is constant; the correlation coefficient is not defined.
  r, _ = spearmanr(p.cpu().numpy(), t.cpu().numpy())
/project/6014832/mforooz/EpiDenoise/sandbox/eval.py:46: ConstantInputWarning: An input array is constant; the correlation coefficient is not defined.
  r, _ = spearmanr(p.cpu().numpy(), t.cpu().numpy())
/project/6014832/mforooz/EpiDenoise/sandbox/eval.py:46: ConstantInputWarning: An input array is constant; the correlation coefficient is not defined.
  r, _ = spearmanr(p.cpu().numpy(), t.cpu().numpy())
/project/6014832/mforooz/EpiDenoise/sandbox/eval.py:46: ConstantInputWarning: An input array is constant; the correlation coefficient is not defined.
  r, _ = spearmanr(p.cpu().numpy(), t.cpu().numpy())
/project/6014832/mforooz/EpiDenoise/sandbox/eval.py:46: ConstantInputWarning: An input array is constant; the correlation coefficient is not defined.
  r, _ = spearmanr(p.cpu().numpy(), t.cpu().numpy())
/project/6014832/mforooz/EpiDenoise/sandbox/eval.py:46: ConstantInputWarning: An input array is constant; the correlation coefficient is not defined.
  r, _ = spearmanr(p.cpu().numpy(), t.cpu().numpy())
/project/6014832/mforooz/EpiDenoise/sandbox/eval.py:46: ConstantInputWarning: An input array is constant; the correlation coefficient is not defined.
  r, _ = spearmanr(p.cpu().numpy(), t.cpu().numpy())
/project/6014832/mforooz/EpiDenoise/sandbox/eval.py:46: ConstantInputWarning: An input array is constant; the correlation coefficient is not defined.
  r, _ = spearmanr(p.cpu().numpy(), t.cpu().numpy())
/project/6014832/mforooz/EpiDenoise/sandbox/eval.py:46: ConstantInputWarning: An input array is constant; the correlation coefficient is not defined.
  r, _ = spearmanr(p.cpu().numpy(), t.cpu().numpy())
/project/6014832/mforooz/EpiDenoise/sandbox/eval.py:46: ConstantInputWarning: An input array is constant; the correlation coefficient is not defined.
  r, _ = spearmanr(p.cpu().numpy(), t.cpu().numpy())
/project/6014832/mforooz/EpiDenoise/sandbox/eval.py:46: ConstantInputWarning: An input array is constant; the correlation coefficient is not defined.
  r, _ = spearmanr(p.cpu().numpy(), t.cpu().numpy())
/project/6014832/mforooz/EpiDenoise/sandbox/eval.py:46: ConstantInputWarning: An input array is constant; the correlation coefficient is not defined.
  r, _ = spearmanr(p.cpu().numpy(), t.cpu().numpy())
---
train_chr19_frac:               0.099574
eval_chr21_frac:                0.100329
primary_score:                  -0.465281
best_epoch:                     25
imp_count_r2_gw:                -0.041925
den_count_r2_gw:                -0.021532
count_imp_loss:                 1.777229
count_obs_loss:                 0.855856
train_count_imp_loss:           1.015628
train_count_obs_loss:           3.612444
train_count_imp_loss_ep0:       1.556201
train_count_obs_loss_ep0:       8.091544
eval_count_imp_loss_ep0:        1.742586
eval_count_obs_loss_ep0:        1.556576
loss_check_ok:                  False
loss_check_reason:              eval_count_imp_drop_-0.020
depth_count_ratio:              2.994606
param_count:                    1032914
param_ok:                       True
encoder_eff_rank:               2.884129
grad_pre_clip_norm:             13.589789
grad_clipped_frac_running:      1.000000
training_grad_norms/count_obs:  1.370720
training_grad_norms/count_imp:  4.486559
peak_vram_mb:                   155.841797
peak_vram_ok:                   True
training_seconds:               485.324203
status:                         ok
guards_ok:                      False
error:                          None
---
KEEP_VERDICT: guard_fail (guard_fail)
