/project/6014832/mforooz/EpiDenoise/candi_venv/lib/python3.10/site-packages/pydantic/_internal/_generate_schema.py:2249: UnsupportedFieldAttributeWarning: The 'repr' attribute with value False was provided to the `Field()` function, which has no effect in the context it was used. 'repr' is field-specific metadata, and can only be attached to a model field using `Annotated` metadata or by assignment. This may have happened because an `Annotated` type alias using the `type` statement was used, or if the `Field()` function was attached to a single member of a union type.
  warnings.warn(
/project/6014832/mforooz/EpiDenoise/candi_venv/lib/python3.10/site-packages/pydantic/_internal/_generate_schema.py:2249: UnsupportedFieldAttributeWarning: The 'frozen' attribute with value True was provided to the `Field()` function, which has no effect in the context it was used. 'frozen' is field-specific metadata, and can only be attached to a model field using `Annotated` metadata or by assignment. This may have happened because an `Annotated` type alias using the `type` statement was used, or if the `Field()` function was attached to a single member of a union type.
  warnings.warn(
wandb: Currently logged in as: mforooz (mforoozz) to https://api.wandb.ai. Use `wandb login --relogin` to force relogin
wandb: WARNING Changes to your `wandb` environment variables will be ignored because your `wandb` session has already started. For more information on how to modify your settings with `wandb.init()` arguments, please refer to https://wandb.me/wandb-init.
wandb: creating run
wandb: Tracking run with wandb version 0.21.2
wandb: Run data is saved locally in /project/6014832/mforooz/EpiDenoise/wandb/run-20260426_024204-55ww0iod
wandb: Run `wandb offline` to turn off syncing.
wandb: Syncing run baseline_assay_mask_only
wandb: ⭐️ View project at https://wandb.ai/mforoozz/candi_sandbox
wandb: 🚀 View run at https://wandb.ai/mforoozz/candi_sandbox/runs/55ww0iod
[sandbox] Loaded canonical metadata for 8 assay types from data/eic_metadata.csv
{
  "epoch": 0,
  "eval_prefixed": {
    "eval_metrics/imp_pval_r2_dsf1": -1.6587237903480803,
    "eval_metrics/den_pval_pearson_gw": -0.02456933316831342,
    "eval_metrics/imp_count_spearman_gw": -0.033683368822077855,
    "eval_metrics/den_pval_r2_dsf1": -1.4107830429140151,
    "eval_metrics/imp_pval_r2_gw": -1.6587237903480803,
    "eval_metrics/imp_count_pearson_gw": -0.01661238740226032,
    "eval_metrics/imp_pval_pearson_gw": 0.0005814000836662238,
    "eval_metrics/imp_pval_spearman_1obs": -3.0957878556883434e-05,
    "eval_metrics/den_count_r2_gw": -0.052205147958847495,
    "eval_metrics/imp_pval_pearson_1obs": 0.004502432265629371,
    "eval_metrics/imp_peak_auroc_gw": 0.44907253760533283,
    "eval_metrics/den_pval_r2_1obs": -30.28711216265418,
    "eval_metrics/imp_count_r2_gw": -0.1630790000713718,
    "eval_metrics/den_pval_spearman_gw": -0.006323730688007741,
    "eval_metrics/den_pval_spearman_1obs": -0.010497179323369016,
    "eval_metrics/den_peak_auroc_gw": 0.4509971769753752,
    "eval_metrics/den_pval_r2_gw": -1.4107830429140151,
    "eval_metrics/den_pval_spearman_dsf1": -0.006323730688007741,
    "eval_metrics/den_pval_pearson_dsf1": -0.02456933316831342,
    "eval_metrics/imp_pval_spearman_gw": -0.005091367463699778,
    "eval_metrics/imp_pval_pearson_dsf1": 0.0005814000836662238,
    "eval_metrics/den_pval_pearson_1obs": -0.03943512143221022,
    "eval_metrics/den_count_spearman_gw": 0.01785616178350144,
    "eval_metrics/den_count_pearson_gw": -0.0029806064068045664,
    "eval_metrics/imp_pval_r2_1obs": -25.784453293038588,
    "eval_metrics/imp_pval_spearman_dsf1": -0.005091367463699778,
    "eval_losses/total_loss": 6.788819915762073,
    "eval_losses/count_obs_loss": 1.4401146416601383,
    "eval_losses/count_imp_loss": 2.323185693650019,
    "eval_losses/pval_obs_loss": 1.1731821188801212,
    "eval_losses/pval_imp_loss": 1.1656148963504367,
    "eval_losses/peak_obs_loss": 0.6996543313327589,
    "eval_losses/peak_imp_loss": 0.7043110070720552
  }
}
{
  "epoch": 0,
  "training_metadata_probes": {
    "training_metadata_probes/depth_count_ratio": 0.9914836883544922,
    "training_metadata_probes/runtype_mse": 1.721682707511718e-08,
    "training_metadata_probes/readlen_mse": 2.467709059317258e-08
  }
}
{
  "epoch": 1,
  "eval_prefixed": {
    "eval_metrics/imp_pval_r2_dsf1": -1.588932328298379,
    "eval_metrics/den_pval_pearson_gw": -0.009750809870925687,
    "eval_metrics/imp_count_spearman_gw": -0.04187388085788857,
    "eval_metrics/den_pval_r2_dsf1": -1.4720723270464076,
    "eval_metrics/imp_pval_r2_gw": -1.588932328298379,
    "eval_metrics/imp_count_pearson_gw": -0.018955245646735883,
    "eval_metrics/imp_pval_pearson_gw": 0.005111499421579379,
    "eval_metrics/imp_pval_spearman_1obs": 0.009371974283715823,
    "eval_metrics/den_count_r2_gw": -0.04854859019709917,
    "eval_metrics/imp_pval_pearson_1obs": 0.01847915837009038,
    "eval_metrics/imp_peak_auroc_gw": 0.44125182020748555,
    "eval_metrics/den_pval_r2_1obs": -24.968566804200893,
    "eval_metrics/imp_count_r2_gw": -0.12836952148714648,
    "eval_metrics/den_pval_spearman_gw": -0.0011728473678067814,
    "eval_metrics/den_pval_spearman_1obs": -0.014745428762756222,
    "eval_metrics/den_peak_auroc_gw": 0.4590378374214467,
    "eval_metrics/den_pval_r2_gw": -1.4720723270464076,
    "eval_metrics/den_pval_spearman_dsf1": -0.0011728473678067814,
    "eval_metrics/den_pval_pearson_dsf1": -0.009750809870925687,
    "eval_metrics/imp_pval_spearman_gw": -0.0014872420008771251,
    "eval_metrics/imp_pval_pearson_dsf1": 0.005111499421579379,
    "eval_metrics/den_pval_pearson_1obs": -0.03193537758258907,
    "eval_metrics/den_count_spearman_gw": 0.02866370818853861,
    "eval_metrics/den_count_pearson_gw": 0.014833410783658588,
    "eval_metrics/imp_pval_r2_1obs": -28.03268121528893,
    "eval_metrics/imp_pval_spearman_dsf1": -0.0014872420008771251,
    "eval_losses/total_loss": 6.497915812620991,
    "eval_losses/count_obs_loss": 1.3639941333155883,
    "eval_losses/count_imp_loss": 2.09424785016075,
    "eval_losses/pval_obs_loss": 1.1615764671250393,
    "eval_losses/pval_imp_loss": 1.1631114331502763,
    "eval_losses/peak_obs_loss": 0.6943998117195932,
    "eval_losses/peak_imp_loss": 0.6969875489908551
  }
}
{
  "epoch": 1,
  "training_metadata_probes": {
    "training_metadata_probes/depth_count_ratio": 0.9933799505233765,
    "training_metadata_probes/runtype_mse": 4.9431527315846324e-08,
    "training_metadata_probes/readlen_mse": 1.4552476557128102e-07
  }
}
{
  "epoch": 2,
  "eval_prefixed": {
    "eval_metrics/imp_pval_r2_dsf1": -1.733980571705986,
    "eval_metrics/den_pval_pearson_gw": -0.0048365044309608305,
    "eval_metrics/imp_count_spearman_gw": -0.03482930354035511,
    "eval_metrics/den_pval_r2_dsf1": -1.3898503315212445,
    "eval_metrics/imp_pval_r2_gw": -1.733980571705986,
    "eval_metrics/imp_count_pearson_gw": -0.012785308333742062,
    "eval_metrics/imp_pval_pearson_gw": 0.004975836153226694,
    "eval_metrics/imp_pval_spearman_1obs": 0.016704644189215592,
    "eval_metrics/den_count_r2_gw": -0.061160154062879425,
    "eval_metrics/imp_pval_pearson_1obs": 0.020602717333185,
    "eval_metrics/imp_peak_auroc_gw": 0.42272834963297884,
    "eval_metrics/den_pval_r2_1obs": -20.34080740576083,
    "eval_metrics/imp_count_r2_gw": -0.09859856078250978,
    "eval_metrics/den_pval_spearman_gw": 0.0084400211478736,
    "eval_metrics/den_pval_spearman_1obs": -0.014456418809140673,
    "eval_metrics/den_peak_auroc_gw": 0.47513294523079336,
    "eval_metrics/den_pval_r2_gw": -1.3898503315212445,
    "eval_metrics/den_pval_spearman_dsf1": 0.0084400211478736,
    "eval_metrics/den_pval_pearson_dsf1": -0.0048365044309608305,
    "eval_metrics/imp_pval_spearman_gw": 0.0009033731322599196,
    "eval_metrics/imp_pval_pearson_dsf1": 0.004975836153226694,
    "eval_metrics/den_pval_pearson_1obs": -0.026430851167165918,
    "eval_metrics/den_count_spearman_gw": 0.03702372630278175,
    "eval_metrics/den_count_pearson_gw": 0.026719101896895536,
    "eval_metrics/imp_pval_r2_1obs": -25.101057435373033,
    "eval_metrics/imp_pval_spearman_dsf1": 0.0009033731322599196,
    "eval_losses/total_loss": 6.506250232458115,
    "eval_losses/count_obs_loss": 1.306187439121698,
    "eval_losses/count_imp_loss": 2.1932532002055454,
    "eval_losses/pval_obs_loss": 1.155069482953925,
    "eval_losses/pval_imp_loss": 1.1579136829527596,
    "eval_losses/peak_obs_loss": 0.6928129611830962,
    "eval_losses/peak_imp_loss": 0.6927332206377907
  }
}
{
  "epoch": 2,
  "training_metadata_probes": {
    "training_metadata_probes/depth_count_ratio": 0.9954156279563904,
    "training_metadata_probes/runtype_mse": 1.1172691216643216e-07,
    "training_metadata_probes/readlen_mse": 6.019736815687793e-07
  }
}
{
  "epoch": 3,
  "eval_prefixed": {
    "eval_metrics/imp_pval_r2_dsf1": -1.6145014616636175,
    "eval_metrics/den_pval_pearson_gw": -0.0022992513833359177,
    "eval_metrics/imp_count_spearman_gw": -0.02227472567204702,
    "eval_metrics/den_pval_r2_dsf1": -1.4297407763762662,
    "eval_metrics/imp_pval_r2_gw": -1.6145014616636175,
    "eval_metrics/imp_count_pearson_gw": -0.0029961180469919263,
    "eval_metrics/imp_pval_pearson_gw": 0.0016344635200405877,
    "eval_metrics/imp_pval_spearman_1obs": 0.008781720847215579,
    "eval_metrics/den_count_r2_gw": -0.09902865814470489,
    "eval_metrics/imp_pval_pearson_1obs": 0.017381183788298615,
    "eval_metrics/imp_peak_auroc_gw": 0.42775986276122785,
    "eval_metrics/den_pval_r2_1obs": -25.59273470896674,
    "eval_metrics/imp_count_r2_gw": -0.06613249583366755,
    "eval_metrics/den_pval_spearman_gw": 0.017432336031507213,
    "eval_metrics/den_pval_spearman_1obs": -0.026167183948424773,
    "eval_metrics/den_peak_auroc_gw": 0.4685109341421981,
    "eval_metrics/den_pval_r2_gw": -1.4297407763762662,
    "eval_metrics/den_pval_spearman_dsf1": 0.017432336031507213,
    "eval_metrics/den_pval_pearson_dsf1": -0.0022992513833359177,
    "eval_metrics/imp_pval_spearman_gw": 0.009138707696966897,
    "eval_metrics/imp_pval_pearson_dsf1": 0.0016344635200405877,
    "eval_metrics/den_pval_pearson_1obs": -0.025260346574417492,
    "eval_metrics/den_count_spearman_gw": 0.044930545472682944,
    "eval_metrics/den_count_pearson_gw": 0.032325170682605334,
    "eval_metrics/imp_pval_r2_1obs": -19.571235627220045,
    "eval_metrics/imp_pval_spearman_dsf1": 0.009138707696966897,
    "eval_losses/total_loss": 6.302667791906156,
    "eval_losses/count_obs_loss": 1.2750279440691596,
    "eval_losses/count_imp_loss": 2.004660449330769,
    "eval_losses/pval_obs_loss": 1.14885675907135,
    "eval_losses/pval_imp_loss": 1.1490416848470295,
    "eval_losses/peak_obs_loss": 0.6921650994765131,
    "eval_losses/peak_imp_loss": 0.6904719481392513
  }
}
{
  "epoch": 3,
  "training_metadata_probes": {
    "training_metadata_probes/depth_count_ratio": 0.9972445964813232,
    "training_metadata_probes/runtype_mse": 3.507248038658872e-07,
    "training_metadata_probes/readlen_mse": 1.4629123370468733e-06
  }
}
{
  "epoch": 4,
  "eval_prefixed": {
    "eval_metrics/imp_pval_r2_dsf1": -1.567132029029139,
    "eval_metrics/den_pval_pearson_gw": 0.002707119795224188,
    "eval_metrics/imp_count_spearman_gw": -0.016027342753524323,
    "eval_metrics/den_pval_r2_dsf1": -1.3612826479241036,
    "eval_metrics/imp_pval_r2_gw": -1.567132029029139,
    "eval_metrics/imp_count_pearson_gw": 0.0022764021171800173,
    "eval_metrics/imp_pval_pearson_gw": 0.003843561278901891,
    "eval_metrics/imp_pval_spearman_1obs": 0.012941277890555927,
    "eval_metrics/den_count_r2_gw": -0.14539613646563296,
    "eval_metrics/imp_pval_pearson_1obs": 0.02106619962964148,
    "eval_metrics/imp_peak_auroc_gw": 0.4356863783174661,
    "eval_metrics/den_pval_r2_1obs": -24.609088020011246,
    "eval_metrics/imp_count_r2_gw": -0.06169657142316094,
    "eval_metrics/den_pval_spearman_gw": 0.021446200054561822,
    "eval_metrics/den_pval_spearman_1obs": -0.020080155746113958,
    "eval_metrics/den_peak_auroc_gw": 0.47961530966826216,
    "eval_metrics/den_pval_r2_gw": -1.3612826479241036,
    "eval_metrics/den_pval_spearman_dsf1": 0.021446200054561822,
    "eval_metrics/den_pval_pearson_dsf1": 0.002707119795224188,
    "eval_metrics/imp_pval_spearman_gw": 0.011931352575354309,
    "eval_metrics/imp_pval_pearson_dsf1": 0.003843561278901891,
    "eval_metrics/den_pval_pearson_1obs": -0.016164239286138724,
    "eval_metrics/den_count_spearman_gw": 0.046408593437313,
    "eval_metrics/den_count_pearson_gw": 0.0370315230557983,
    "eval_metrics/imp_pval_r2_1obs": -23.51804028276234,
    "eval_metrics/imp_pval_spearman_dsf1": 0.011931352575354309,
    "eval_losses/total_loss": 6.210755901901345,
    "eval_losses/count_obs_loss": 1.295296322358282,
    "eval_losses/count_imp_loss": 1.8699236862243167,
    "eval_losses/pval_obs_loss": 1.1527856384453021,
    "eval_losses/pval_imp_loss": 1.1458748314115736,
    "eval_losses/peak_obs_loss": 0.6913827806711197,
    "eval_losses/peak_imp_loss": 0.6892511362121219
  }
}
{
  "epoch": 4,
  "training_metadata_probes": {
    "training_metadata_probes/depth_count_ratio": 0.9986453652381897,
    "training_metadata_probes/runtype_mse": 7.029017297099927e-07,
    "training_metadata_probes/readlen_mse": 2.1023281533416593e-06
  }
}
{
  "epoch": 5,
  "eval_prefixed": {
    "eval_metrics/imp_pval_r2_dsf1": -1.6205194950082225,
    "eval_metrics/den_pval_pearson_gw": 0.009140595336487567,
    "eval_metrics/imp_count_spearman_gw": -0.009991154644710011,
    "eval_metrics/den_pval_r2_dsf1": -1.257508304567139,
    "eval_metrics/imp_pval_r2_gw": -1.6205194950082225,
    "eval_metrics/imp_count_pearson_gw": 0.005966547063999026,
    "eval_metrics/imp_pval_pearson_gw": 0.005799424772184076,
    "eval_metrics/imp_pval_spearman_1obs": 0.03094215756808613,
    "eval_metrics/den_count_r2_gw": -0.1456593115841094,
    "eval_metrics/imp_pval_pearson_1obs": 0.034400859431895824,
    "eval_metrics/imp_peak_auroc_gw": 0.4308396099711457,
    "eval_metrics/den_pval_r2_1obs": -24.36728271360634,
    "eval_metrics/imp_count_r2_gw": -0.07820053853586317,
    "eval_metrics/den_pval_spearman_gw": 0.025418110899979796,
    "eval_metrics/den_pval_spearman_1obs": -0.020111298523382275,
    "eval_metrics/den_peak_auroc_gw": 0.4965299734899127,
    "eval_metrics/den_pval_r2_gw": -1.257508304567139,
    "eval_metrics/den_pval_spearman_dsf1": 0.025418110899979796,
    "eval_metrics/den_pval_pearson_dsf1": 0.009140595336487567,
    "eval_metrics/imp_pval_spearman_gw": 0.011144501814375313,
    "eval_metrics/imp_pval_pearson_dsf1": 0.005799424772184076,
    "eval_metrics/den_pval_pearson_1obs": -0.016751407265378236,
    "eval_metrics/den_count_spearman_gw": 0.049262901197055516,
    "eval_metrics/den_count_pearson_gw": 0.04673205826982571,
    "eval_metrics/imp_pval_r2_1obs": -17.46223054077922,
    "eval_metrics/imp_pval_spearman_dsf1": 0.011144501814375313,
    "eval_losses/total_loss": 6.147623058212431,
    "eval_losses/count_obs_loss": 1.2613441944122314,
    "eval_losses/count_imp_loss": 1.8685669596233065,
    "eval_losses/pval_obs_loss": 1.1357288925271285,
    "eval_losses/pval_imp_loss": 1.1333989567226834,
    "eval_losses/peak_obs_loss": 0.6908994324897465,
    "eval_losses/peak_imp_loss": 0.6890410828211951
  }
}
{
  "epoch": 5,
  "training_metadata_probes": {
    "training_metadata_probes/depth_count_ratio": 0.9997321367263794,
    "training_metadata_probes/runtype_mse": 1.2507892961366451e-06,
    "training_metadata_probes/readlen_mse": 2.974456265292247e-06
  }
}
{
  "epoch": 6,
  "eval_prefixed": {
    "eval_metrics/imp_pval_r2_dsf1": -1.8010594545267873,
    "eval_metrics/den_pval_pearson_gw": 0.013153161737902434,
    "eval_metrics/imp_count_spearman_gw": -0.009566608055335981,
    "eval_metrics/den_pval_r2_dsf1": -1.189001647151294,
    "eval_metrics/imp_pval_r2_gw": -1.8010594545267873,
    "eval_metrics/imp_count_pearson_gw": 0.006006898245297114,
    "eval_metrics/imp_pval_pearson_gw": 0.005685372140659537,
    "eval_metrics/imp_pval_spearman_1obs": 0.026354098271266415,
    "eval_metrics/den_count_r2_gw": -0.1747068764855486,
    "eval_metrics/imp_pval_pearson_1obs": 0.025409919947075348,
    "eval_metrics/imp_peak_auroc_gw": 0.4389596710583042,
    "eval_metrics/den_pval_r2_1obs": -23.588071527777355,
    "eval_metrics/imp_count_r2_gw": -0.07221288669094478,
    "eval_metrics/den_pval_spearman_gw": 0.027300840004781647,
    "eval_metrics/den_pval_spearman_1obs": -0.027868213037904627,
    "eval_metrics/den_peak_auroc_gw": 0.49585478516460896,
    "eval_metrics/den_pval_r2_gw": -1.189001647151294,
    "eval_metrics/den_pval_spearman_dsf1": 0.027300840004781647,
    "eval_metrics/den_pval_pearson_dsf1": 0.013153161737902434,
    "eval_metrics/imp_pval_spearman_gw": 9.545924937119211e-05,
    "eval_metrics/imp_pval_pearson_dsf1": 0.005685372140659537,
    "eval_metrics/den_pval_pearson_1obs": -0.020502381696132943,
    "eval_metrics/den_count_spearman_gw": 0.046679393565483486,
    "eval_metrics/den_count_pearson_gw": 0.05261105368768576,
    "eval_metrics/imp_pval_r2_1obs": -13.700503146659747,
    "eval_metrics/imp_pval_spearman_dsf1": 9.545924937119211e-05,
    "eval_losses/total_loss": 6.08309036532515,
    "eval_losses/count_obs_loss": 1.272359567253213,
    "eval_losses/count_imp_loss": 1.8107121705062805,
    "eval_losses/pval_obs_loss": 1.1265042581056293,
    "eval_losses/pval_imp_loss": 1.1119681785977076,
    "eval_losses/peak_obs_loss": 0.6907246606914621,
    "eval_losses/peak_imp_loss": 0.688528267164079
  }
}
{
  "epoch": 6,
  "training_metadata_probes": {
    "training_metadata_probes/depth_count_ratio": 1.0006065368652344,
    "training_metadata_probes/runtype_mse": 2.821554517140612e-06,
    "training_metadata_probes/readlen_mse": 3.7142413020774256e-06
  }
}
{
  "epoch": 7,
  "eval_prefixed": {
    "eval_metrics/imp_pval_r2_dsf1": -1.3905259917807142,
    "eval_metrics/den_pval_pearson_gw": 0.016332663249494016,
    "eval_metrics/imp_count_spearman_gw": -0.011617845793506344,
    "eval_metrics/den_pval_r2_dsf1": -1.0896122824478085,
    "eval_metrics/imp_pval_r2_gw": -1.3905259917807142,
    "eval_metrics/imp_count_pearson_gw": 0.007486622155522041,
    "eval_metrics/imp_pval_pearson_gw": 0.009442265761280728,
    "eval_metrics/imp_pval_spearman_1obs": 0.0360020212673797,
    "eval_metrics/den_count_r2_gw": -0.1837073148716911,
    "eval_metrics/imp_pval_pearson_1obs": 0.026433310497345194,
    "eval_metrics/imp_peak_auroc_gw": 0.44506041143595976,
    "eval_metrics/den_pval_r2_1obs": -27.566993308822877,
    "eval_metrics/imp_count_r2_gw": -0.06648437869226914,
    "eval_metrics/den_pval_spearman_gw": 0.02666671178746731,
    "eval_metrics/den_pval_spearman_1obs": -0.02285842853206574,
    "eval_metrics/den_peak_auroc_gw": 0.4944541759665716,
    "eval_metrics/den_pval_r2_gw": -1.0896122824478085,
    "eval_metrics/den_pval_spearman_dsf1": 0.02666671178746731,
    "eval_metrics/den_pval_pearson_dsf1": 0.016332663249494016,
    "eval_metrics/imp_pval_spearman_gw": 0.003726424831748874,
    "eval_metrics/imp_pval_pearson_dsf1": 0.009442265761280728,
    "eval_metrics/den_pval_pearson_1obs": -0.019627559376347466,
    "eval_metrics/den_count_spearman_gw": 0.04525441303751972,
    "eval_metrics/den_count_pearson_gw": 0.05780765930716083,
    "eval_metrics/imp_pval_r2_1obs": -23.863486168788786,
    "eval_metrics/imp_pval_spearman_dsf1": 0.003726424831748874,
    "eval_losses/total_loss": 6.096728806432925,
    "eval_losses/count_obs_loss": 1.301192333823756,
    "eval_losses/count_imp_loss": 1.8366529118447077,
    "eval_losses/pval_obs_loss": 1.0999996387644817,
    "eval_losses/pval_imp_loss": 1.1005084590306358,
    "eval_losses/peak_obs_loss": 0.6902885264471957,
    "eval_losses/peak_imp_loss": 0.6882175396359156
  }
}
{
  "epoch": 7,
  "training_metadata_probes": {
    "training_metadata_probes/depth_count_ratio": 1.0013737678527832,
    "training_metadata_probes/runtype_mse": 5.7240345086029265e-06,
    "training_metadata_probes/readlen_mse": 3.2854836717888247e-06
  }
}
{
  "epoch": 8,
  "eval_prefixed": {
    "eval_metrics/imp_pval_r2_dsf1": -1.1168904146723433,
    "eval_metrics/den_pval_pearson_gw": 0.018728735245244217,
    "eval_metrics/imp_count_spearman_gw": -0.014964855323987438,
    "eval_metrics/den_pval_r2_dsf1": -0.9858044484381769,
    "eval_metrics/imp_pval_r2_gw": -1.1168904146723433,
    "eval_metrics/imp_count_pearson_gw": 0.0071236580799941005,
    "eval_metrics/imp_pval_pearson_gw": 0.008175304962418205,
    "eval_metrics/imp_pval_spearman_1obs": 0.03257112904031429,
    "eval_metrics/den_count_r2_gw": -0.17699805926008985,
    "eval_metrics/imp_pval_pearson_1obs": 0.021703166374844308,
    "eval_metrics/imp_peak_auroc_gw": 0.4633638501260828,
    "eval_metrics/den_pval_r2_1obs": -29.55446430502426,
    "eval_metrics/imp_count_r2_gw": -0.08153470313747806,
    "eval_metrics/den_pval_spearman_gw": 0.030480456712512403,
    "eval_metrics/den_pval_spearman_1obs": -0.02230416617377035,
    "eval_metrics/den_peak_auroc_gw": 0.5031239997972959,
    "eval_metrics/den_pval_r2_gw": -0.9858044484381769,
    "eval_metrics/den_pval_spearman_dsf1": 0.030480456712512403,
    "eval_metrics/den_pval_pearson_dsf1": 0.018728735245244217,
    "eval_metrics/imp_pval_spearman_gw": -0.002518538387234115,
    "eval_metrics/imp_pval_pearson_dsf1": 0.008175304962418205,
    "eval_metrics/den_pval_pearson_1obs": -0.019248367086172374,
    "eval_metrics/den_count_spearman_gw": 0.04503795036179641,
    "eval_metrics/den_count_pearson_gw": 0.061272507803802286,
    "eval_metrics/imp_pval_r2_1obs": -30.781997236945767,
    "eval_metrics/imp_pval_spearman_dsf1": -0.002518538387234115,
    "eval_losses/total_loss": 6.1859129667282104,
    "eval_losses/count_obs_loss": 1.3558463901281357,
    "eval_losses/count_imp_loss": 1.9253670450240847,
    "eval_losses/pval_obs_loss": 1.0821465144031925,
    "eval_losses/pval_imp_loss": 1.0752701437662517,
    "eval_losses/peak_obs_loss": 0.6902255564928055,
    "eval_losses/peak_imp_loss": 0.6880101514241052
  }
}
{
  "epoch": 8,
  "training_metadata_probes": {
    "training_metadata_probes/depth_count_ratio": 1.0020017623901367,
    "training_metadata_probes/runtype_mse": 7.100913080648752e-06,
    "training_metadata_probes/readlen_mse": 1.9784056348726153e-06
  }
}
{
  "epoch": 9,
  "eval_prefixed": {
    "eval_metrics/imp_pval_r2_dsf1": -1.0939373384447204,
    "eval_metrics/den_pval_pearson_gw": 0.023918306894637153,
    "eval_metrics/imp_count_spearman_gw": -0.01392020744552709,
    "eval_metrics/den_pval_r2_dsf1": -0.9450095835695266,
    "eval_metrics/imp_pval_r2_gw": -1.0939373384447204,
    "eval_metrics/imp_count_pearson_gw": 0.006784399293431465,
    "eval_metrics/imp_pval_pearson_gw": 0.009801660201778832,
    "eval_metrics/imp_pval_spearman_1obs": 0.03245136252121352,
    "eval_metrics/den_count_r2_gw": -0.17246860016764107,
    "eval_metrics/imp_pval_pearson_1obs": 0.02097922866971838,
    "eval_metrics/imp_peak_auroc_gw": 0.46016608103205775,
    "eval_metrics/den_pval_r2_1obs": -26.24245585642771,
    "eval_metrics/imp_count_r2_gw": -0.07748490235785382,
    "eval_metrics/den_pval_spearman_gw": 0.04191913251686491,
    "eval_metrics/den_pval_spearman_1obs": -0.03092281990604174,
    "eval_metrics/den_peak_auroc_gw": 0.5032960221943299,
    "eval_metrics/den_pval_r2_gw": -0.9450095835695266,
    "eval_metrics/den_pval_spearman_dsf1": 0.04191913251686491,
    "eval_metrics/den_pval_pearson_dsf1": 0.023918306894637153,
    "eval_metrics/imp_pval_spearman_gw": -0.0012965101404528393,
    "eval_metrics/imp_pval_pearson_dsf1": 0.009801660201778832,
    "eval_metrics/den_pval_pearson_1obs": -0.025179436768858546,
    "eval_metrics/den_count_spearman_gw": 0.04726860922771824,
    "eval_metrics/den_count_pearson_gw": 0.06300425565320654,
    "eval_metrics/imp_pval_r2_1obs": -22.67421410978859,
    "eval_metrics/imp_pval_spearman_dsf1": -0.0012965101404528393,
    "eval_losses/total_loss": 6.023782621873052,
    "eval_losses/count_obs_loss": 1.2883932394416708,
    "eval_losses/count_imp_loss": 1.8860296881388103,
    "eval_losses/pval_obs_loss": 1.0516600381386907,
    "eval_losses/pval_imp_loss": 1.036494491592286,
    "eval_losses/peak_obs_loss": 0.6904864209262949,
    "eval_losses/peak_imp_loss": 0.6883720452823336
  }
}
{
  "epoch": 9,
  "training_metadata_probes": {
    "training_metadata_probes/depth_count_ratio": 1.0026477575302124,
    "training_metadata_probes/runtype_mse": 7.2557522798888385e-06,
    "training_metadata_probes/readlen_mse": 1.0906469469773583e-06
  }
}
{
  "epoch": 10,
  "eval_prefixed": {
    "eval_metrics/imp_pval_r2_dsf1": -1.1661016847002583,
    "eval_metrics/den_pval_pearson_gw": 0.02932232136127392,
    "eval_metrics/imp_count_spearman_gw": -0.014167837354795666,
    "eval_metrics/den_pval_r2_dsf1": -1.060150492641594,
    "eval_metrics/imp_pval_r2_gw": -1.1661016847002583,
    "eval_metrics/imp_count_pearson_gw": 0.006726183651369952,
    "eval_metrics/imp_pval_pearson_gw": 0.012260756084923207,
    "eval_metrics/imp_pval_spearman_1obs": 0.03190700671151311,
    "eval_metrics/den_count_r2_gw": -0.23701744282993992,
    "eval_metrics/imp_pval_pearson_1obs": 0.018056670578921005,
    "eval_metrics/imp_peak_auroc_gw": 0.4384292987717204,
    "eval_metrics/den_pval_r2_1obs": -25.27685481334308,
    "eval_metrics/imp_count_r2_gw": -0.09562718480749394,
    "eval_metrics/den_pval_spearman_gw": 0.0518443263696529,
    "eval_metrics/den_pval_spearman_1obs": -0.022131488612755185,
    "eval_metrics/den_peak_auroc_gw": 0.513126486247356,
    "eval_metrics/den_pval_r2_gw": -1.060150492641594,
    "eval_metrics/den_pval_spearman_dsf1": 0.0518443263696529,
    "eval_metrics/den_pval_pearson_dsf1": 0.02932232136127392,
    "eval_metrics/imp_pval_spearman_gw": 0.006459426939373495,
    "eval_metrics/imp_pval_pearson_dsf1": 0.012260756084923207,
    "eval_metrics/den_pval_pearson_1obs": -0.0223088671321564,
    "eval_metrics/den_count_spearman_gw": 0.04713390508605641,
    "eval_metrics/den_count_pearson_gw": 0.06027354927841531,
    "eval_metrics/imp_pval_r2_1obs": -24.057069813059485,
    "eval_metrics/imp_pval_spearman_dsf1": 0.006459426939373495,
    "eval_losses/total_loss": 6.122335236323507,
    "eval_losses/count_obs_loss": 1.3431778001157861,
    "eval_losses/count_imp_loss": 1.95882900461318,
    "eval_losses/pval_obs_loss": 1.0550371651586734,
    "eval_losses/pval_imp_loss": 1.0134018555520072,
    "eval_losses/peak_obs_loss": 0.6896500524721647,
    "eval_losses/peak_imp_loss": 0.6883998797053382
  }
}
{
  "epoch": 10,
  "training_metadata_probes": {
    "training_metadata_probes/depth_count_ratio": 1.0033533573150635,
    "training_metadata_probes/runtype_mse": 7.012415608187439e-06,
    "training_metadata_probes/readlen_mse": 8.330332548212027e-07
  }
}
{
  "epoch": 11,
  "eval_prefixed": {
    "eval_metrics/imp_pval_r2_dsf1": -0.9228981721108752,
    "eval_metrics/den_pval_pearson_gw": 0.03600033192196861,
    "eval_metrics/imp_count_spearman_gw": -0.013140685713066256,
    "eval_metrics/den_pval_r2_dsf1": -1.1095142088761667,
    "eval_metrics/imp_pval_r2_gw": -0.9228981721108752,
    "eval_metrics/imp_count_pearson_gw": 0.0076964598902989,
    "eval_metrics/imp_pval_pearson_gw": 0.015396429673909017,
    "eval_metrics/imp_pval_spearman_1obs": 0.02423490151329259,
    "eval_metrics/den_count_r2_gw": -0.2020385450582422,
    "eval_metrics/imp_pval_pearson_1obs": 0.016407179378253953,
    "eval_metrics/imp_peak_auroc_gw": 0.44126070498124614,
    "eval_metrics/den_pval_r2_1obs": -31.832475012133404,
    "eval_metrics/imp_count_r2_gw": -0.08873084832563068,
    "eval_metrics/den_pval_spearman_gw": 0.06278221452263918,
    "eval_metrics/den_pval_spearman_1obs": -0.023493039062602413,
    "eval_metrics/den_peak_auroc_gw": 0.5043986729644009,
    "eval_metrics/den_pval_r2_gw": -1.1095142088761667,
    "eval_metrics/den_pval_spearman_dsf1": 0.06278221452263918,
    "eval_metrics/den_pval_pearson_dsf1": 0.03600033192196861,
    "eval_metrics/imp_pval_spearman_gw": 0.008522323532495872,
    "eval_metrics/imp_pval_pearson_dsf1": 0.015396429673909017,
    "eval_metrics/den_pval_pearson_1obs": -0.02439452009888268,
    "eval_metrics/den_count_spearman_gw": 0.05010520351009837,
    "eval_metrics/den_count_pearson_gw": 0.06392501998925582,
    "eval_metrics/imp_pval_r2_1obs": -27.073649436342418,
    "eval_metrics/imp_pval_spearman_dsf1": 0.008522323532495872,
    "eval_losses/total_loss": 6.094421246334126,
    "eval_losses/count_obs_loss": 1.306945717648456,
    "eval_losses/count_imp_loss": 1.9914067501113528,
    "eval_losses/pval_obs_loss": 1.0281584913793362,
    "eval_losses/pval_imp_loss": 1.0254590161262997,
    "eval_losses/peak_obs_loss": 0.689074883335515,
    "eval_losses/peak_imp_loss": 0.6869184195049225
  }
}
{
  "epoch": 11,
  "training_metadata_probes": {
    "training_metadata_probes/depth_count_ratio": 1.0039701461791992,
    "training_metadata_probes/runtype_mse": 7.960033144627232e-06,
    "training_metadata_probes/readlen_mse": 6.840299420218798e-07
  }
}
{
  "epoch": 12,
  "eval_prefixed": {
    "eval_metrics/imp_pval_r2_dsf1": -1.035135333985002,
    "eval_metrics/den_pval_pearson_gw": 0.04303088731792645,
    "eval_metrics/imp_count_spearman_gw": -0.012796675057799585,
    "eval_metrics/den_pval_r2_dsf1": -0.8286671461024584,
    "eval_metrics/imp_pval_r2_gw": -1.035135333985002,
    "eval_metrics/imp_count_pearson_gw": 0.005363881900732863,
    "eval_metrics/imp_pval_pearson_gw": 0.019032123351886792,
    "eval_metrics/imp_pval_spearman_1obs": 0.031131946758363328,
    "eval_metrics/den_count_r2_gw": -0.17818488236035177,
    "eval_metrics/imp_pval_pearson_1obs": 0.028946319476716102,
    "eval_metrics/imp_peak_auroc_gw": 0.45363454877468096,
    "eval_metrics/den_pval_r2_1obs": -24.604910992503324,
    "eval_metrics/imp_count_r2_gw": -0.08736847715940742,
    "eval_metrics/den_pval_spearman_gw": 0.06753666848871279,
    "eval_metrics/den_pval_spearman_1obs": -0.03247642812764294,
    "eval_metrics/den_peak_auroc_gw": 0.5182705057272444,
    "eval_metrics/den_pval_r2_gw": -0.8286671461024584,
    "eval_metrics/den_pval_spearman_dsf1": 0.06753666848871279,
    "eval_metrics/den_pval_pearson_dsf1": 0.04303088731792645,
    "eval_metrics/imp_pval_spearman_gw": 0.01498196144820009,
    "eval_metrics/imp_pval_pearson_dsf1": 0.019032123351886792,
    "eval_metrics/den_pval_pearson_1obs": -0.026971798176466683,
    "eval_metrics/den_count_spearman_gw": 0.052482629763659715,
    "eval_metrics/den_count_pearson_gw": 0.06315506283365387,
    "eval_metrics/imp_pval_r2_1obs": -26.7994268422505,
    "eval_metrics/imp_pval_spearman_dsf1": 0.01498196144820009,
    "eval_losses/total_loss": 6.1375136602866025,
    "eval_losses/count_obs_loss": 1.366078675577515,
    "eval_losses/count_imp_loss": 1.998978270424737,
    "eval_losses/pval_obs_loss": 1.0260208453002728,
    "eval_losses/pval_imp_loss": 1.0032092332839966,
    "eval_losses/peak_obs_loss": 0.6881329707409206,
    "eval_losses/peak_imp_loss": 0.6859612077001541
  }
}
{
  "epoch": 12,
  "training_metadata_probes": {
    "training_metadata_probes/depth_count_ratio": 1.004460096359253,
    "training_metadata_probes/runtype_mse": 1.3216372281021904e-05,
    "training_metadata_probes/readlen_mse": 6.844331323918595e-07
  }
}
{
  "epoch": 13,
  "eval_prefixed": {
    "eval_metrics/imp_pval_r2_dsf1": -0.7798473493660933,
    "eval_metrics/den_pval_pearson_gw": 0.0477694434927176,
    "eval_metrics/imp_count_spearman_gw": -0.017259012636409454,
    "eval_metrics/den_pval_r2_dsf1": -0.8373550306598139,
    "eval_metrics/imp_pval_r2_gw": -0.7798473493660933,
    "eval_metrics/imp_count_pearson_gw": 0.004967440572813973,
    "eval_metrics/imp_pval_pearson_gw": 0.024001066201312895,
    "eval_metrics/imp_pval_spearman_1obs": 0.027876335014261042,
    "eval_metrics/den_count_r2_gw": -0.18573290070689594,
    "eval_metrics/imp_pval_pearson_1obs": 0.02797359949447185,
    "eval_metrics/imp_peak_auroc_gw": 0.44729878887099717,
    "eval_metrics/den_pval_r2_1obs": -29.29578320810314,
    "eval_metrics/imp_count_r2_gw": -0.07373970905157316,
    "eval_metrics/den_pval_spearman_gw": 0.06800803993979332,
    "eval_metrics/den_pval_spearman_1obs": -0.02085582612709503,
    "eval_metrics/den_peak_auroc_gw": 0.518364136245426,
    "eval_metrics/den_pval_r2_gw": -0.8373550306598139,
    "eval_metrics/den_pval_spearman_dsf1": 0.06800803993979332,
    "eval_metrics/den_pval_pearson_dsf1": 0.0477694434927176,
    "eval_metrics/imp_pval_spearman_gw": 0.013542250924506793,
    "eval_metrics/imp_pval_pearson_dsf1": 0.024001066201312895,
    "eval_metrics/den_pval_pearson_1obs": -0.013747593317499482,
    "eval_metrics/den_count_spearman_gw": 0.050920181917942925,
    "eval_metrics/den_count_pearson_gw": 0.05958748323456874,
    "eval_metrics/imp_pval_r2_1obs": -24.916937908079383,
    "eval_metrics/imp_pval_spearman_dsf1": 0.013542250924506793,
    "eval_losses/total_loss": 6.198308412965975,
    "eval_losses/count_obs_loss": 1.3899878875205391,
    "eval_losses/count_imp_loss": 2.0561932136142063,
    "eval_losses/pval_obs_loss": 1.0156715614231009,
    "eval_losses/pval_imp_loss": 1.004171904117342,
    "eval_losses/peak_obs_loss": 0.6874003010360819,
    "eval_losses/peak_imp_loss": 0.6856491423788524
  }
}
{
  "epoch": 13,
  "training_metadata_probes": {
    "training_metadata_probes/depth_count_ratio": 1.0048776865005493,
    "training_metadata_probes/runtype_mse": 4.333101969677955e-05,
    "training_metadata_probes/readlen_mse": 1.1203771919099381e-06
  }
}
{
  "epoch": 14,
  "eval_prefixed": {
    "eval_metrics/imp_pval_r2_dsf1": -0.8959008232417328,
    "eval_metrics/den_pval_pearson_gw": 0.05293168226183441,
    "eval_metrics/imp_count_spearman_gw": -0.01822305357264048,
    "eval_metrics/den_pval_r2_dsf1": -0.9011154349797942,
    "eval_metrics/imp_pval_r2_gw": -0.8959008232417328,
    "eval_metrics/imp_count_pearson_gw": 0.0033521735976036224,
    "eval_metrics/imp_pval_pearson_gw": 0.024877546394857328,
    "eval_metrics/imp_pval_spearman_1obs": 0.03648930300023615,
    "eval_metrics/den_count_r2_gw": -0.2128147260696621,
    "eval_metrics/imp_pval_pearson_1obs": 0.04374756858802386,
    "eval_metrics/imp_peak_auroc_gw": 0.44230049905309404,
    "eval_metrics/den_pval_r2_1obs": -29.41783950529554,
    "eval_metrics/imp_count_r2_gw": -0.08915965391282904,
    "eval_metrics/den_pval_spearman_gw": 0.06922587216564056,
    "eval_metrics/den_pval_spearman_1obs": -0.007920285641401521,
    "eval_metrics/den_peak_auroc_gw": 0.5161750310564844,
    "eval_metrics/den_pval_r2_gw": -0.9011154349797942,
    "eval_metrics/den_pval_spearman_dsf1": 0.06922587216564056,
    "eval_metrics/den_pval_pearson_dsf1": 0.05293168226183441,
    "eval_metrics/imp_pval_spearman_gw": 0.018917648283930225,
    "eval_metrics/imp_pval_pearson_dsf1": 0.024877546394857328,
    "eval_metrics/den_pval_pearson_1obs": -0.002483317536596013,
    "eval_metrics/den_count_spearman_gw": 0.05340976854810057,
    "eval_metrics/den_count_pearson_gw": 0.06176547904722515,
    "eval_metrics/imp_pval_r2_1obs": -22.55610846328821,
    "eval_metrics/imp_pval_spearman_dsf1": 0.018917648283930225,
    "eval_losses/total_loss": 6.097910658309334,
    "eval_losses/count_obs_loss": 1.4191293692902516,
    "eval_losses/count_imp_loss": 2.002022990158626,
    "eval_losses/pval_obs_loss": 0.9828342583618666,
    "eval_losses/pval_imp_loss": 0.9422130111664061,
    "eval_losses/peak_obs_loss": 0.6872787036393818,
    "eval_losses/peak_imp_loss": 0.6852686471409268
  }
}
{
  "epoch": 14,
  "training_metadata_probes": {
    "training_metadata_probes/depth_count_ratio": 1.0050909519195557,
    "training_metadata_probes/runtype_mse": 0.00013829169620294124,
    "training_metadata_probes/readlen_mse": 3.005721055160393e-06
  }
}
{
  "epoch": 15,
  "eval_prefixed": {
    "eval_metrics/imp_pval_r2_dsf1": -0.831824491698689,
    "eval_metrics/den_pval_pearson_gw": 0.05642878971871381,
    "eval_metrics/imp_count_spearman_gw": -0.02051792643700887,
    "eval_metrics/den_pval_r2_dsf1": -0.6478697127540156,
    "eval_metrics/imp_pval_r2_gw": -0.831824491698689,
    "eval_metrics/imp_count_pearson_gw": 0.0013825597842307097,
    "eval_metrics/imp_pval_pearson_gw": 0.02602967246339032,
    "eval_metrics/imp_pval_spearman_1obs": 0.03893811885716137,
    "eval_metrics/den_count_r2_gw": -0.17051345824976447,
    "eval_metrics/imp_pval_pearson_1obs": 0.05244805818744233,
    "eval_metrics/imp_peak_auroc_gw": 0.4658126439567492,
    "eval_metrics/den_pval_r2_1obs": -22.221569304422122,
    "eval_metrics/imp_count_r2_gw": -0.08233174936634065,
    "eval_metrics/den_pval_spearman_gw": 0.06751586669091299,
    "eval_metrics/den_pval_spearman_1obs": -0.012731701995763494,
    "eval_metrics/den_peak_auroc_gw": 0.5214930611191266,
    "eval_metrics/den_pval_r2_gw": -0.6478697127540156,
    "eval_metrics/den_pval_spearman_dsf1": 0.06751586669091299,
    "eval_metrics/den_pval_pearson_dsf1": 0.05642878971871381,
    "eval_metrics/imp_pval_spearman_gw": 0.015695344159350755,
    "eval_metrics/imp_pval_pearson_dsf1": 0.02602967246339032,
    "eval_metrics/den_pval_pearson_1obs": -0.0055738355210786196,
    "eval_metrics/den_count_spearman_gw": 0.052996372932031126,
    "eval_metrics/den_count_pearson_gw": 0.061870086317771654,
    "eval_metrics/imp_pval_r2_1obs": -25.81482264307741,
    "eval_metrics/imp_pval_spearman_dsf1": 0.015695344159350755,
    "eval_losses/total_loss": 6.105181505021296,
    "eval_losses/count_obs_loss": 1.3699516528531124,
    "eval_losses/count_imp_loss": 2.074591821148282,
    "eval_losses/pval_obs_loss": 0.9598857101641203,
    "eval_losses/pval_imp_loss": 0.9650750481893146,
    "eval_losses/peak_obs_loss": 0.6879236023677023,
    "eval_losses/peak_imp_loss": 0.6848404483189658
  }
}
{
  "epoch": 15,
  "training_metadata_probes": {
    "training_metadata_probes/depth_count_ratio": 1.0043156147003174,
    "training_metadata_probes/runtype_mse": 0.00038614703225903213,
    "training_metadata_probes/readlen_mse": 7.774548976158258e-06
  }
}
{
  "epoch": 16,
  "eval_prefixed": {
    "eval_metrics/imp_pval_r2_dsf1": -0.9075753156033537,
    "eval_metrics/den_pval_pearson_gw": 0.05778650217498101,
    "eval_metrics/imp_count_spearman_gw": -0.021621849494454896,
    "eval_metrics/den_pval_r2_dsf1": -0.6379397485671102,
    "eval_metrics/imp_pval_r2_gw": -0.9075753156033537,
    "eval_metrics/imp_count_pearson_gw": 0.0009398276558804644,
    "eval_metrics/imp_pval_pearson_gw": 0.027363364752899442,
    "eval_metrics/imp_pval_spearman_1obs": 0.03405622673319377,
    "eval_metrics/den_count_r2_gw": -0.17089416643371294,
    "eval_metrics/imp_pval_pearson_1obs": 0.055235305611628094,
    "eval_metrics/imp_peak_auroc_gw": 0.462137384883898,
    "eval_metrics/den_pval_r2_1obs": -26.223067348746472,
    "eval_metrics/imp_count_r2_gw": -0.08608460271206347,
    "eval_metrics/den_pval_spearman_gw": 0.06441782516959164,
    "eval_metrics/den_pval_spearman_1obs": -0.0006841044968797959,
    "eval_metrics/den_peak_auroc_gw": 0.522351809022674,
    "eval_metrics/den_pval_r2_gw": -0.6379397485671102,
    "eval_metrics/den_pval_spearman_dsf1": 0.06441782516959164,
    "eval_metrics/den_pval_pearson_dsf1": 0.05778650217498101,
    "eval_metrics/imp_pval_spearman_gw": 0.021481137270356335,
    "eval_metrics/imp_pval_pearson_dsf1": 0.027363364752899442,
    "eval_metrics/den_pval_pearson_1obs": 0.0028928273432508207,
    "eval_metrics/den_count_spearman_gw": 0.053648176683045376,
    "eval_metrics/den_count_pearson_gw": 0.06232494468675118,
    "eval_metrics/imp_pval_r2_1obs": -22.88982270816299,
    "eval_metrics/imp_pval_spearman_dsf1": 0.021481137270356335,
    "eval_losses/total_loss": 6.032280476469743,
    "eval_losses/count_obs_loss": 1.3874228973137706,
    "eval_losses/count_imp_loss": 2.062378959050254,
    "eval_losses/pval_obs_loss": 0.921880758122394,
    "eval_losses/pval_imp_loss": 0.915473755389925,
    "eval_losses/peak_obs_loss": 0.6873770685572373,
    "eval_losses/peak_imp_loss": 0.6841406377535018
  }
}
{
  "epoch": 16,
  "training_metadata_probes": {
    "training_metadata_probes/depth_count_ratio": 1.0032132863998413,
    "training_metadata_probes/runtype_mse": 0.0009361448464915156,
    "training_metadata_probes/readlen_mse": 8.325028829858638e-06
  }
}
{
  "epoch": 17,
  "eval_prefixed": {
    "eval_metrics/imp_pval_r2_dsf1": -0.73030356843446,
    "eval_metrics/den_pval_pearson_gw": 0.06234679539614406,
    "eval_metrics/imp_count_spearman_gw": -0.027326880288007338,
    "eval_metrics/den_pval_r2_dsf1": -0.57664898748608,
    "eval_metrics/imp_pval_r2_gw": -0.73030356843446,
    "eval_metrics/imp_count_pearson_gw": -0.001732213391242401,
    "eval_metrics/imp_pval_pearson_gw": 0.027374583368948643,
    "eval_metrics/imp_pval_spearman_1obs": 0.0563605940731355,
    "eval_metrics/den_count_r2_gw": -0.1432154972634409,
    "eval_metrics/imp_pval_pearson_1obs": 0.07228507765287918,
    "eval_metrics/imp_peak_auroc_gw": 0.46350080368361274,
    "eval_metrics/den_pval_r2_1obs": -22.20931207672053,
    "eval_metrics/imp_count_r2_gw": -0.08504225460009292,
    "eval_metrics/den_pval_spearman_gw": 0.06535916894283861,
    "eval_metrics/den_pval_spearman_1obs": 0.0033321677330528134,
    "eval_metrics/den_peak_auroc_gw": 0.5198228187595998,
    "eval_metrics/den_pval_r2_gw": -0.57664898748608,
    "eval_metrics/den_pval_spearman_dsf1": 0.06535916894283861,
    "eval_metrics/den_pval_pearson_dsf1": 0.06234679539614406,
    "eval_metrics/imp_pval_spearman_gw": 0.01318533013222509,
    "eval_metrics/imp_pval_pearson_dsf1": 0.027374583368948643,
    "eval_metrics/den_pval_pearson_1obs": 0.008516670629002252,
    "eval_metrics/den_count_spearman_gw": 0.054798779812628505,
    "eval_metrics/den_count_pearson_gw": 0.06342066110281801,
    "eval_metrics/imp_pval_r2_1obs": -24.91275773002366,
    "eval_metrics/imp_pval_spearman_dsf1": 0.01318533013222509,
    "eval_losses/total_loss": 5.9547991015409165,
    "eval_losses/count_obs_loss": 1.3463579220207114,
    "eval_losses/count_imp_loss": 2.076941952818916,
    "eval_losses/pval_obs_loss": 0.8889271538508566,
    "eval_losses/pval_imp_loss": 0.8990154796176486,
    "eval_losses/peak_obs_loss": 0.686537852412776,
    "eval_losses/peak_imp_loss": 0.6828709670475551
  }
}
{
  "epoch": 17,
  "training_metadata_probes": {
    "training_metadata_probes/depth_count_ratio": 1.0028489828109741,
    "training_metadata_probes/runtype_mse": 0.0011880839010700583,
    "training_metadata_probes/readlen_mse": 6.8067320171394385e-06
  }
}
{
  "epoch": 18,
  "eval_prefixed": {
    "eval_metrics/imp_pval_r2_dsf1": -0.5882648875785438,
    "eval_metrics/den_pval_pearson_gw": 0.06725354862436161,
    "eval_metrics/imp_count_spearman_gw": -0.032661747284407405,
    "eval_metrics/den_pval_r2_dsf1": -0.5949560141129782,
    "eval_metrics/imp_pval_r2_gw": -0.5882648875785438,
    "eval_metrics/imp_count_pearson_gw": -0.0032821771119126916,
    "eval_metrics/imp_pval_pearson_gw": 0.036483786738013835,
    "eval_metrics/imp_pval_spearman_1obs": 0.06089518095304528,
    "eval_metrics/den_count_r2_gw": -0.15330949844584196,
    "eval_metrics/imp_pval_pearson_1obs": 0.07710185944701411,
    "eval_metrics/imp_peak_auroc_gw": 0.45281524087484865,
    "eval_metrics/den_pval_r2_1obs": -29.333548964538295,
    "eval_metrics/imp_count_r2_gw": -0.08157247715966967,
    "eval_metrics/den_pval_spearman_gw": 0.07055946797713031,
    "eval_metrics/den_pval_spearman_1obs": 0.012554582444794224,
    "eval_metrics/den_peak_auroc_gw": 0.5371903145260977,
    "eval_metrics/den_pval_r2_gw": -0.5949560141129782,
    "eval_metrics/den_pval_spearman_dsf1": 0.07055946797713031,
    "eval_metrics/den_pval_pearson_dsf1": 0.06725354862436161,
    "eval_metrics/imp_pval_spearman_gw": 0.017686917665734905,
    "eval_metrics/imp_pval_pearson_dsf1": 0.036483786738013835,
    "eval_metrics/den_pval_pearson_1obs": 0.019840567289831693,
    "eval_metrics/den_count_spearman_gw": 0.05634633847334538,
    "eval_metrics/den_count_pearson_gw": 0.06835420381455486,
    "eval_metrics/imp_pval_r2_1obs": -27.084534911551128,
    "eval_metrics/imp_pval_spearman_dsf1": 0.017686917665734905,
    "eval_losses/total_loss": 6.164554434387307,
    "eval_losses/count_obs_loss": 1.4580960007090318,
    "eval_losses/count_imp_loss": 2.182149709217132,
    "eval_losses/pval_obs_loss": 0.9045412414952329,
    "eval_losses/pval_imp_loss": 0.8934372143139915,
    "eval_losses/peak_obs_loss": 0.6858832969477302,
    "eval_losses/peak_imp_loss": 0.6834380929432218
  }
}
{
  "epoch": 18,
  "training_metadata_probes": {
    "training_metadata_probes/depth_count_ratio": 1.0030949115753174,
    "training_metadata_probes/runtype_mse": 0.0009520126623101532,
    "training_metadata_probes/readlen_mse": 6.649664555880008e-06
  }
}
{
  "epoch": 19,
  "eval_prefixed": {
    "eval_metrics/imp_pval_r2_dsf1": -0.7815196411520927,
    "eval_metrics/den_pval_pearson_gw": 0.07342378610184441,
    "eval_metrics/imp_count_spearman_gw": -0.036627062265811416,
    "eval_metrics/den_pval_r2_dsf1": -0.5842058932310964,
    "eval_metrics/imp_pval_r2_gw": -0.7815196411520927,
    "eval_metrics/imp_count_pearson_gw": -0.0048495067675257955,
    "eval_metrics/imp_pval_pearson_gw": 0.03194507308505727,
    "eval_metrics/imp_pval_spearman_1obs": 0.07646982823719836,
    "eval_metrics/den_count_r2_gw": -0.1494322188753247,
    "eval_metrics/imp_pval_pearson_1obs": 0.08669536145004843,
    "eval_metrics/imp_peak_auroc_gw": 0.47158324158291975,
    "eval_metrics/den_pval_r2_1obs": -22.81866608010814,
    "eval_metrics/imp_count_r2_gw": -0.09916522577780257,
    "eval_metrics/den_pval_spearman_gw": 0.07572800981187175,
    "eval_metrics/den_pval_spearman_1obs": 0.038262538997355745,
    "eval_metrics/den_peak_auroc_gw": 0.525265070194147,
    "eval_metrics/den_pval_r2_gw": -0.5842058932310964,
    "eval_metrics/den_pval_spearman_dsf1": 0.07572800981187175,
    "eval_metrics/den_pval_pearson_dsf1": 0.07342378610184441,
    "eval_metrics/imp_pval_spearman_gw": 0.019966297464505567,
    "eval_metrics/imp_pval_pearson_dsf1": 0.03194507308505727,
    "eval_metrics/den_pval_pearson_1obs": 0.03503464651191136,
    "eval_metrics/den_count_spearman_gw": 0.057308874708877036,
    "eval_metrics/den_count_pearson_gw": 0.06624381345280103,
    "eval_metrics/imp_pval_r2_1obs": -25.679232198786117,
    "eval_metrics/imp_pval_spearman_dsf1": 0.019966297464505567,
    "eval_losses/total_loss": 6.038278058563408,
    "eval_losses/count_obs_loss": 1.4475503838375996,
    "eval_losses/count_imp_loss": 2.070435342334566,
    "eval_losses/pval_obs_loss": 0.8878180259152463,
    "eval_losses/pval_imp_loss": 0.8856973397353339,
    "eval_losses/peak_obs_loss": 0.6862260409091648,
    "eval_losses/peak_imp_loss": 0.6830411941286118
  }
}
{
  "epoch": 19,
  "training_metadata_probes": {
    "training_metadata_probes/depth_count_ratio": 1.0033563375473022,
    "training_metadata_probes/runtype_mse": 0.00046064029447734356,
    "training_metadata_probes/readlen_mse": 6.816037057433277e-06
  }
}
/project/6014832/mforooz/EpiDenoise/candi_venv/lib/python3.10/site-packages/torch/optim/lr_scheduler.py:243: UserWarning: The epoch parameter in `scheduler.step()` was not necessary and is being deprecated where possible. Please use `scheduler.step()` to step the scheduler. During the deprecation, if epoch is different from None, the closed form is used instead of the new chainable form, where available. Please open an issue if you are unable to replicate your use case: https://github.com/pytorch/pytorch/issues/new/choose.
  warnings.warn(EPOCH_DEPRECATION_WARNING, UserWarning)
{
  "epoch": 20,
  "eval_prefixed": {
    "eval_metrics/imp_pval_r2_dsf1": -0.6081212991142713,
    "eval_metrics/den_pval_pearson_gw": 0.07709266019733868,
    "eval_metrics/imp_count_spearman_gw": -0.04015346283116753,
    "eval_metrics/den_pval_r2_dsf1": -0.5519623040499347,
    "eval_metrics/imp_pval_r2_gw": -0.6081212991142713,
    "eval_metrics/imp_count_pearson_gw": -0.0038759024351343718,
    "eval_metrics/imp_pval_pearson_gw": 0.04279483254769787,
    "eval_metrics/imp_pval_spearman_1obs": 0.0959227735631733,
    "eval_metrics/den_count_r2_gw": -0.14161658378346698,
    "eval_metrics/imp_pval_pearson_1obs": 0.10599955235837057,
    "eval_metrics/imp_peak_auroc_gw": 0.4709877172027542,
    "eval_metrics/den_pval_r2_1obs": -26.854531491878678,
    "eval_metrics/imp_count_r2_gw": -0.07771361868746553,
    "eval_metrics/den_pval_spearman_gw": 0.07866868650497146,
    "eval_metrics/den_pval_spearman_1obs": 0.04352443847490516,
    "eval_metrics/den_peak_auroc_gw": 0.5159635819552382,
    "eval_metrics/den_pval_r2_gw": -0.5519623040499347,
    "eval_metrics/den_pval_spearman_dsf1": 0.07866868650497146,
    "eval_metrics/den_pval_pearson_dsf1": 0.07709266019733868,
    "eval_metrics/imp_pval_spearman_gw": 0.02592919679101703,
    "eval_metrics/imp_pval_pearson_dsf1": 0.04279483254769787,
    "eval_metrics/den_pval_pearson_1obs": 0.03987831054684265,
    "eval_metrics/den_count_spearman_gw": 0.05836273582917515,
    "eval_metrics/den_count_pearson_gw": 0.06819807237537277,
    "eval_metrics/imp_pval_r2_1obs": -32.28386808348326,
    "eval_metrics/imp_pval_spearman_dsf1": 0.02592919679101703,
    "eval_losses/total_loss": 5.975255612087877,
    "eval_losses/count_obs_loss": 1.3697387042798495,
    "eval_losses/count_imp_loss": 2.109674668501294,
    "eval_losses/pval_obs_loss": 0.8610337447178992,
    "eval_losses/pval_imp_loss": 0.8966511076404935,
    "eval_losses/peak_obs_loss": 0.6862717208109403,
    "eval_losses/peak_imp_loss": 0.6829451700997731
  }
}
{
  "epoch": 20,
  "training_metadata_probes": {
    "training_metadata_probes/depth_count_ratio": 1.003645658493042,
    "training_metadata_probes/runtype_mse": 0.00021672538423445076,
    "training_metadata_probes/readlen_mse": 7.480872227461077e-06
  }
}
{
  "epoch": 21,
  "eval_prefixed": {
    "eval_metrics/imp_pval_r2_dsf1": -0.6092175523648538,
    "eval_metrics/den_pval_pearson_gw": 0.08505079498220432,
    "eval_metrics/imp_count_spearman_gw": -0.0459566129885815,
    "eval_metrics/den_pval_r2_dsf1": -0.4803301088666591,
    "eval_metrics/imp_pval_r2_gw": -0.6092175523648538,
    "eval_metrics/imp_count_pearson_gw": -0.005556734587391099,
    "eval_metrics/imp_pval_pearson_gw": 0.04533887374407006,
    "eval_metrics/imp_pval_spearman_1obs": 0.0874700296499789,
    "eval_metrics/den_count_r2_gw": -0.14879501985168211,
    "eval_metrics/imp_pval_pearson_1obs": 0.09465722994239528,
    "eval_metrics/imp_peak_auroc_gw": 0.47074267161237854,
    "eval_metrics/den_pval_r2_1obs": -28.805496024176772,
    "eval_metrics/imp_count_r2_gw": -0.08453776323376011,
    "eval_metrics/den_pval_spearman_gw": 0.08763364626260009,
    "eval_metrics/den_pval_spearman_1obs": 0.047390104370432076,
    "eval_metrics/den_peak_auroc_gw": 0.5346935461732765,
    "eval_metrics/den_pval_r2_gw": -0.4803301088666591,
    "eval_metrics/den_pval_spearman_dsf1": 0.08763364626260009,
    "eval_metrics/den_pval_pearson_dsf1": 0.08505079498220432,
    "eval_metrics/imp_pval_spearman_gw": 0.03470924685909107,
    "eval_metrics/imp_pval_pearson_dsf1": 0.04533887374407006,
    "eval_metrics/den_pval_pearson_1obs": 0.0414746260656485,
    "eval_metrics/den_count_spearman_gw": 0.06271477383177516,
    "eval_metrics/den_count_pearson_gw": 0.06856647276129622,
    "eval_metrics/imp_pval_r2_1obs": -20.171924506543714,
    "eval_metrics/imp_pval_spearman_dsf1": 0.03470924685909107,
    "eval_losses/total_loss": 5.914557255804539,
    "eval_losses/count_obs_loss": 1.4080257807907306,
    "eval_losses/count_imp_loss": 2.068140032745543,
    "eval_losses/pval_obs_loss": 0.8418643486342932,
    "eval_losses/pval_imp_loss": 0.8425207374587892,
    "eval_losses/peak_obs_loss": 0.6858634274256857,
    "eval_losses/peak_imp_loss": 0.6828167078987001
  }
}
{
  "epoch": 21,
  "training_metadata_probes": {
    "training_metadata_probes/depth_count_ratio": 1.0037740468978882,
    "training_metadata_probes/runtype_mse": 0.00011625501792877913,
    "training_metadata_probes/readlen_mse": 8.006905773072504e-06
  }
}
{
  "epoch": 22,
  "eval_prefixed": {
    "eval_metrics/imp_pval_r2_dsf1": -0.4517142378483242,
    "eval_metrics/den_pval_pearson_gw": 0.0893658228298208,
    "eval_metrics/imp_count_spearman_gw": -0.04792221825161544,
    "eval_metrics/den_pval_r2_dsf1": -0.4465066602533047,
    "eval_metrics/imp_pval_r2_gw": -0.4517142378483242,
    "eval_metrics/imp_count_pearson_gw": -0.002696968001564817,
    "eval_metrics/imp_pval_pearson_gw": 0.05330925377913647,
    "eval_metrics/imp_pval_spearman_1obs": 0.10296712581019059,
    "eval_metrics/den_count_r2_gw": -0.12087044330352104,
    "eval_metrics/imp_pval_pearson_1obs": 0.10724761832730904,
    "eval_metrics/imp_peak_auroc_gw": 0.4856440550179709,
    "eval_metrics/den_pval_r2_1obs": -23.903494972975153,
    "eval_metrics/imp_count_r2_gw": -0.0778245328426954,
    "eval_metrics/den_pval_spearman_gw": 0.09466320075758168,
    "eval_metrics/den_pval_spearman_1obs": 0.03761784798721028,
    "eval_metrics/den_peak_auroc_gw": 0.5389833132678502,
    "eval_metrics/den_pval_r2_gw": -0.4465066602533047,
    "eval_metrics/den_pval_spearman_dsf1": 0.09466320075758168,
    "eval_metrics/den_pval_pearson_dsf1": 0.0893658228298208,
    "eval_metrics/imp_pval_spearman_gw": 0.040969766769855635,
    "eval_metrics/imp_pval_pearson_dsf1": 0.05330925377913647,
    "eval_metrics/den_pval_pearson_1obs": 0.03978498409024293,
    "eval_metrics/den_count_spearman_gw": 0.06787483616824658,
    "eval_metrics/den_count_pearson_gw": 0.07499135209333249,
    "eval_metrics/imp_pval_r2_1obs": -29.75235674812282,
    "eval_metrics/imp_pval_spearman_dsf1": 0.040969766769855635,
    "eval_losses/total_loss": 5.971514576751935,
    "eval_losses/count_obs_loss": 1.36720409989357,
    "eval_losses/count_imp_loss": 2.1351352532704673,
    "eval_losses/pval_obs_loss": 0.8259336269999805,
    "eval_losses/pval_imp_loss": 0.913152847971235,
    "eval_losses/peak_obs_loss": 0.6859365693832699,
    "eval_losses/peak_imp_loss": 0.6822747767917694
  }
}
{
  "epoch": 22,
  "training_metadata_probes": {
    "training_metadata_probes/depth_count_ratio": 1.0039058923721313,
    "training_metadata_probes/runtype_mse": 9.8029340733774e-05,
    "training_metadata_probes/readlen_mse": 8.506097401550505e-06
  }
}
{
  "epoch": 23,
  "eval_prefixed": {
    "eval_metrics/imp_pval_r2_dsf1": -0.5018125279274384,
    "eval_metrics/den_pval_pearson_gw": 0.09375817724273809,
    "eval_metrics/imp_count_spearman_gw": -0.05228341028100376,
    "eval_metrics/den_pval_r2_dsf1": -0.3751048444234001,
    "eval_metrics/imp_pval_r2_gw": -0.5018125279274384,
    "eval_metrics/imp_count_pearson_gw": -0.004583255247405124,
    "eval_metrics/imp_pval_pearson_gw": 0.0571939687555035,
    "eval_metrics/imp_pval_spearman_1obs": 0.11174184605162232,
    "eval_metrics/den_count_r2_gw": -0.12981147892059886,
    "eval_metrics/imp_pval_pearson_1obs": 0.11631749122078339,
    "eval_metrics/imp_peak_auroc_gw": 0.4941193148439265,
    "eval_metrics/den_pval_r2_1obs": -40.14436007572016,
    "eval_metrics/imp_count_r2_gw": -0.08711381720455545,
    "eval_metrics/den_pval_spearman_gw": 0.09686432447683684,
    "eval_metrics/den_pval_spearman_1obs": 0.037419995836616676,
    "eval_metrics/den_peak_auroc_gw": 0.5332728935548932,
    "eval_metrics/den_pval_r2_gw": -0.3751048444234001,
    "eval_metrics/den_pval_spearman_dsf1": 0.09686432447683684,
    "eval_metrics/den_pval_pearson_dsf1": 0.09375817724273809,
    "eval_metrics/imp_pval_spearman_gw": 0.047084105899570676,
    "eval_metrics/imp_pval_pearson_dsf1": 0.0571939687555035,
    "eval_metrics/den_pval_pearson_1obs": 0.03835843989968692,
    "eval_metrics/den_count_spearman_gw": 0.07221667250376294,
    "eval_metrics/den_count_pearson_gw": 0.07592489210410829,
    "eval_metrics/imp_pval_r2_1obs": -26.797536867728496,
    "eval_metrics/imp_pval_spearman_dsf1": 0.047084105899570676,
    "eval_losses/total_loss": 6.071425462239667,
    "eval_losses/count_obs_loss": 1.5149778119827573,
    "eval_losses/count_imp_loss": 2.0836647133978587,
    "eval_losses/pval_obs_loss": 0.8589250696332831,
    "eval_losses/pval_imp_loss": 0.8655044422263191,
    "eval_losses/peak_obs_loss": 0.6863850017911509,
    "eval_losses/peak_imp_loss": 0.6833142728086502
  }
}
{
  "epoch": 23,
  "training_metadata_probes": {
    "training_metadata_probes/depth_count_ratio": 1.0039951801300049,
    "training_metadata_probes/runtype_mse": 0.00010741696314653382,
    "training_metadata_probes/readlen_mse": 9.352516826766077e-06
  }
}
{
  "epoch": 24,
  "eval_prefixed": {
    "eval_metrics/imp_pval_r2_dsf1": -0.4661913122358199,
    "eval_metrics/den_pval_pearson_gw": 0.10067883545937213,
    "eval_metrics/imp_count_spearman_gw": -0.05005474087302325,
    "eval_metrics/den_pval_r2_dsf1": -0.3767358064157113,
    "eval_metrics/imp_pval_r2_gw": -0.4661913122358199,
    "eval_metrics/imp_count_pearson_gw": -0.0014373696749172514,
    "eval_metrics/imp_pval_pearson_gw": 0.06675089635915818,
    "eval_metrics/imp_pval_spearman_1obs": 0.1111874908601051,
    "eval_metrics/den_count_r2_gw": -0.1336020134745161,
    "eval_metrics/imp_pval_pearson_1obs": 0.12015625674809728,
    "eval_metrics/imp_peak_auroc_gw": 0.4821771013125429,
    "eval_metrics/den_pval_r2_1obs": -22.13744958304519,
    "eval_metrics/imp_count_r2_gw": -0.08871300657687367,
    "eval_metrics/den_pval_spearman_gw": 0.10673693790863126,
    "eval_metrics/den_pval_spearman_1obs": 0.05627595981308251,
    "eval_metrics/den_peak_auroc_gw": 0.5365245639056747,
    "eval_metrics/den_pval_r2_gw": -0.3767358064157113,
    "eval_metrics/den_pval_spearman_dsf1": 0.10673693790863126,
    "eval_metrics/den_pval_pearson_dsf1": 0.10067883545937213,
    "eval_metrics/imp_pval_spearman_gw": 0.05791011406495232,
    "eval_metrics/imp_pval_pearson_dsf1": 0.06675089635915818,
    "eval_metrics/den_pval_pearson_1obs": 0.06023736185038855,
    "eval_metrics/den_count_spearman_gw": 0.07432184101803659,
    "eval_metrics/den_count_pearson_gw": 0.08195471793327383,
    "eval_metrics/imp_pval_r2_1obs": -24.70423764376395,
    "eval_metrics/imp_pval_spearman_dsf1": 0.05791011406495232,
    "eval_losses/total_loss": 5.837536173823633,
    "eval_losses/count_obs_loss": 1.401816811216505,
    "eval_losses/count_imp_loss": 2.072599785668509,
    "eval_losses/pval_obs_loss": 0.7905170905746912,
    "eval_losses/pval_imp_loss": 0.8134820390315283,
    "eval_losses/peak_obs_loss": 0.6861969758021204,
    "eval_losses/peak_imp_loss": 0.6835118659905025
  }
}
{
  "epoch": 24,
  "training_metadata_probes": {
    "training_metadata_probes/depth_count_ratio": 1.004151701927185,
    "training_metadata_probes/runtype_mse": 0.00012808505562134087,
    "training_metadata_probes/readlen_mse": 1.0271364772052038e-05
  }
}
{
  "epoch": 25,
  "eval_prefixed": {
    "eval_metrics/imp_pval_r2_dsf1": -0.43840367354311904,
    "eval_metrics/den_pval_pearson_gw": 0.10711966465781811,
    "eval_metrics/imp_count_spearman_gw": -0.050015467909616196,
    "eval_metrics/den_pval_r2_dsf1": -0.34899856495888726,
    "eval_metrics/imp_pval_r2_gw": -0.43840367354311904,
    "eval_metrics/imp_count_pearson_gw": -0.003635581104650295,
    "eval_metrics/imp_pval_pearson_gw": 0.07453320433370887,
    "eval_metrics/imp_pval_spearman_1obs": 0.10251633081016663,
    "eval_metrics/den_count_r2_gw": -0.1558998220510735,
    "eval_metrics/imp_pval_pearson_1obs": 0.1146943244957439,
    "eval_metrics/imp_peak_auroc_gw": 0.4845812849455013,
    "eval_metrics/den_pval_r2_1obs": -34.72866689635337,
    "eval_metrics/imp_count_r2_gw": -0.08610232662262175,
    "eval_metrics/den_pval_spearman_gw": 0.1126308016506916,
    "eval_metrics/den_pval_spearman_1obs": 0.05815419265500539,
    "eval_metrics/den_peak_auroc_gw": 0.5357768190150107,
    "eval_metrics/den_pval_r2_gw": -0.34899856495888726,
    "eval_metrics/den_pval_spearman_dsf1": 0.1126308016506916,
    "eval_metrics/den_pval_pearson_dsf1": 0.10711966465781811,
    "eval_metrics/imp_pval_spearman_gw": 0.06869676662731135,
    "eval_metrics/imp_pval_pearson_dsf1": 0.07453320433370887,
    "eval_metrics/den_pval_pearson_1obs": 0.06240353282344969,
    "eval_metrics/den_count_spearman_gw": 0.07634296961780661,
    "eval_metrics/den_count_pearson_gw": 0.07690498795617666,
    "eval_metrics/imp_pval_r2_1obs": -22.562985796586517,
    "eval_metrics/imp_pval_spearman_dsf1": 0.06869676662731135,
    "eval_losses/total_loss": 5.886274689710454,
    "eval_losses/count_obs_loss": 1.452086020457117,
    "eval_losses/count_imp_loss": 2.0539572305149503,
    "eval_losses/pval_obs_loss": 0.8091322297328397,
    "eval_losses/pval_imp_loss": 0.8080580009827538,
    "eval_losses/peak_obs_loss": 0.6857453051366305,
    "eval_losses/peak_imp_loss": 0.6838204226796589
  }
}
{
  "epoch": 25,
  "training_metadata_probes": {
    "training_metadata_probes/depth_count_ratio": 1.0042624473571777,
    "training_metadata_probes/runtype_mse": 0.00019621763203758746,
    "training_metadata_probes/readlen_mse": 1.1500583241286222e-05
  }
}
{
  "epoch": 26,
  "eval_prefixed": {
    "eval_metrics/imp_pval_r2_dsf1": -0.30865390095161355,
    "eval_metrics/den_pval_pearson_gw": 0.11746989633875753,
    "eval_metrics/imp_count_spearman_gw": -0.04703342443313805,
    "eval_metrics/den_pval_r2_dsf1": -0.33042162900087857,
    "eval_metrics/imp_pval_r2_gw": -0.30865390095161355,
    "eval_metrics/imp_count_pearson_gw": -0.0030476359610301664,
    "eval_metrics/imp_pval_pearson_gw": 0.08304531622441515,
    "eval_metrics/imp_pval_spearman_1obs": 0.13008651773753135,
    "eval_metrics/den_count_r2_gw": -0.11695227970393927,
    "eval_metrics/imp_pval_pearson_1obs": 0.1394477608116595,
    "eval_metrics/imp_peak_auroc_gw": 0.4835575025933563,
    "eval_metrics/den_pval_r2_1obs": -28.397009350102497,
    "eval_metrics/imp_count_r2_gw": -0.07446958757438399,
    "eval_metrics/den_pval_spearman_gw": 0.11961568689279937,
    "eval_metrics/den_pval_spearman_1obs": 0.05445105507214992,
    "eval_metrics/den_peak_auroc_gw": 0.5307654635332948,
    "eval_metrics/den_pval_r2_gw": -0.33042162900087857,
    "eval_metrics/den_pval_spearman_dsf1": 0.11961568689279937,
    "eval_metrics/den_pval_pearson_dsf1": 0.11746989633875753,
    "eval_metrics/imp_pval_spearman_gw": 0.07295259090221387,
    "eval_metrics/imp_pval_pearson_dsf1": 0.08304531622441515,
    "eval_metrics/den_pval_pearson_1obs": 0.060286155028734356,
    "eval_metrics/den_count_spearman_gw": 0.08121656230640374,
    "eval_metrics/den_count_pearson_gw": 0.0847786559086097,
    "eval_metrics/imp_pval_r2_1obs": -27.972708256450836,
    "eval_metrics/imp_pval_spearman_dsf1": 0.07295259090221387,
    "eval_losses/total_loss": 5.863394202174325,
    "eval_losses/count_obs_loss": 1.346330870923243,
    "eval_losses/count_imp_loss": 2.1322100503104076,
    "eval_losses/pval_obs_loss": 0.7642037358723188,
    "eval_losses/pval_imp_loss": 0.884354356971998,
    "eval_losses/peak_obs_loss": 0.6857940444820806,
    "eval_losses/peak_imp_loss": 0.6833876858627985
  }
}
{
  "epoch": 26,
  "training_metadata_probes": {
    "training_metadata_probes/depth_count_ratio": 1.0044012069702148,
    "training_metadata_probes/runtype_mse": 0.00018400454428046942,
    "training_metadata_probes/readlen_mse": 1.2939321095473133e-05
  }
}
{
  "epoch": 27,
  "eval_prefixed": {
    "eval_metrics/imp_pval_r2_dsf1": -0.29177688137846663,
    "eval_metrics/den_pval_pearson_gw": 0.13514010400333637,
    "eval_metrics/imp_count_spearman_gw": -0.046638486541618784,
    "eval_metrics/den_pval_r2_dsf1": -0.22507657473199316,
    "eval_metrics/imp_pval_r2_gw": -0.29177688137846663,
    "eval_metrics/imp_count_pearson_gw": -0.0003486769407847157,
    "eval_metrics/imp_pval_pearson_gw": 0.08238272528563227,
    "eval_metrics/imp_pval_spearman_1obs": 0.13962986882249553,
    "eval_metrics/den_count_r2_gw": -0.10500617795393592,
    "eval_metrics/imp_pval_pearson_1obs": 0.145458734265366,
    "eval_metrics/imp_peak_auroc_gw": 0.4905266210783575,
    "eval_metrics/den_pval_r2_1obs": -27.74364357759999,
    "eval_metrics/imp_count_r2_gw": -0.09161099373807366,
    "eval_metrics/den_pval_spearman_gw": 0.13091519148499034,
    "eval_metrics/den_pval_spearman_1obs": 0.038669570109797415,
    "eval_metrics/den_peak_auroc_gw": 0.5314233462338166,
    "eval_metrics/den_pval_r2_gw": -0.22507657473199316,
    "eval_metrics/den_pval_spearman_dsf1": 0.13091519148499034,
    "eval_metrics/den_pval_pearson_dsf1": 0.13514010400333637,
    "eval_metrics/imp_pval_spearman_gw": 0.07965410512896844,
    "eval_metrics/imp_pval_pearson_dsf1": 0.08238272528563227,
    "eval_metrics/den_pval_pearson_1obs": 0.04884173135628531,
    "eval_metrics/den_count_spearman_gw": 0.0858905158214237,
    "eval_metrics/den_count_pearson_gw": 0.08889259065280815,
    "eval_metrics/imp_pval_r2_1obs": -22.57028289027054,
    "eval_metrics/imp_pval_spearman_dsf1": 0.07965410512896844,
    "eval_losses/total_loss": 5.801499911240842,
    "eval_losses/count_obs_loss": 1.3639959645898718,
    "eval_losses/count_imp_loss": 2.0701370646083164,
    "eval_losses/pval_obs_loss": 0.7536271424277833,
    "eval_losses/pval_imp_loss": 0.871144103625464,
    "eval_losses/peak_obs_loss": 0.6822039132055483,
    "eval_losses/peak_imp_loss": 0.6797845415652745
  }
}
{
  "epoch": 27,
  "training_metadata_probes": {
    "training_metadata_probes/depth_count_ratio": 1.0049233436584473,
    "training_metadata_probes/runtype_mse": 0.0002510633203200996,
    "training_metadata_probes/readlen_mse": 1.4546648344548885e-05
  }
}
{
  "epoch": 28,
  "eval_prefixed": {
    "eval_metrics/imp_pval_r2_dsf1": -0.23808342283380532,
    "eval_metrics/den_pval_pearson_gw": 0.14158120209896496,
    "eval_metrics/imp_count_spearman_gw": -0.043099943194793044,
    "eval_metrics/den_pval_r2_dsf1": -0.20052594328882672,
    "eval_metrics/imp_pval_r2_gw": -0.23808342283380532,
    "eval_metrics/imp_count_pearson_gw": 0.0025246862388153134,
    "eval_metrics/imp_pval_pearson_gw": 0.09515563779998393,
    "eval_metrics/imp_pval_spearman_1obs": 0.11139182100528575,
    "eval_metrics/den_count_r2_gw": -0.11309173459453395,
    "eval_metrics/imp_pval_pearson_1obs": 0.12933455893237675,
    "eval_metrics/imp_peak_auroc_gw": 0.5078521448460713,
    "eval_metrics/den_pval_r2_1obs": -24.561177665608366,
    "eval_metrics/imp_count_r2_gw": -0.08052731005178178,
    "eval_metrics/den_pval_spearman_gw": 0.13532849876405822,
    "eval_metrics/den_pval_spearman_1obs": 0.05620744027156727,
    "eval_metrics/den_peak_auroc_gw": 0.5337187551347309,
    "eval_metrics/den_pval_r2_gw": -0.20052594328882672,
    "eval_metrics/den_pval_spearman_dsf1": 0.13532849876405822,
    "eval_metrics/den_pval_pearson_dsf1": 0.14158120209896496,
    "eval_metrics/imp_pval_spearman_gw": 0.09483754584372622,
    "eval_metrics/imp_pval_pearson_dsf1": 0.09515563779998393,
    "eval_metrics/den_pval_pearson_1obs": 0.07297408758160218,
    "eval_metrics/den_count_spearman_gw": 0.090833203751011,
    "eval_metrics/den_count_pearson_gw": 0.08975668747811333,
    "eval_metrics/imp_pval_r2_1obs": -31.16074916110586,
    "eval_metrics/imp_pval_spearman_dsf1": 0.09483754584372622,
    "eval_losses/total_loss": 5.65987093731957,
    "eval_losses/count_obs_loss": 1.3484907369864614,
    "eval_losses/count_imp_loss": 2.0505453584686157,
    "eval_losses/pval_obs_loss": 0.7058421557671145,
    "eval_losses/pval_imp_loss": 0.7957201148900721,
    "eval_losses/peak_obs_loss": 0.6826693368585486,
    "eval_losses/peak_imp_loss": 0.6797348724471198
  }
}
{
  "epoch": 28,
  "training_metadata_probes": {
    "training_metadata_probes/depth_count_ratio": 1.0050138235092163,
    "training_metadata_probes/runtype_mse": 0.00022674232604913414,
    "training_metadata_probes/readlen_mse": 1.5846202586544678e-05
  }
}
{
  "epoch": 29,
  "eval_prefixed": {
    "eval_metrics/imp_pval_r2_dsf1": -0.26565474683496426,
    "eval_metrics/den_pval_pearson_gw": 0.1565434710478018,
    "eval_metrics/imp_count_spearman_gw": -0.0422130475950578,
    "eval_metrics/den_pval_r2_dsf1": -0.19682079056222757,
    "eval_metrics/imp_pval_r2_gw": -0.26565474683496426,
    "eval_metrics/imp_count_pearson_gw": -0.0001603754961194234,
    "eval_metrics/imp_pval_pearson_gw": 0.0960572948531499,
    "eval_metrics/imp_pval_spearman_1obs": 0.13488316630831407,
    "eval_metrics/den_count_r2_gw": -0.09675149934138082,
    "eval_metrics/imp_pval_pearson_1obs": 0.1398117602950642,
    "eval_metrics/imp_peak_auroc_gw": 0.4920782397844441,
    "eval_metrics/den_pval_r2_1obs": -25.4188349439789,
    "eval_metrics/imp_count_r2_gw": -0.0845182456762879,
    "eval_metrics/den_pval_spearman_gw": 0.1428867392486684,
    "eval_metrics/den_pval_spearman_1obs": 0.03415983118449012,
    "eval_metrics/den_peak_auroc_gw": 0.5245990689328173,
    "eval_metrics/den_pval_r2_gw": -0.19682079056222757,
    "eval_metrics/den_pval_spearman_dsf1": 0.1428867392486684,
    "eval_metrics/den_pval_pearson_dsf1": 0.1565434710478018,
    "eval_metrics/imp_pval_spearman_gw": 0.09642586986066737,
    "eval_metrics/imp_pval_pearson_dsf1": 0.0960572948531499,
    "eval_metrics/den_pval_pearson_1obs": 0.05893170157153355,
    "eval_metrics/den_count_spearman_gw": 0.0910621266527841,
    "eval_metrics/den_count_pearson_gw": 0.0869261193836696,
    "eval_metrics/imp_pval_r2_1obs": -27.826677211532292,
    "eval_metrics/imp_pval_spearman_dsf1": 0.09642586986066737,
    "eval_losses/total_loss": 5.73382340724531,
    "eval_losses/count_obs_loss": 1.3791383442125822,
    "eval_losses/count_imp_loss": 2.0631252442087447,
    "eval_losses/pval_obs_loss": 0.7109779021457622,
    "eval_losses/pval_imp_loss": 0.8302406233454508,
    "eval_losses/peak_obs_loss": 0.6820200932653326,
    "eval_losses/peak_imp_loss": 0.6794629759258695
  }
}
{
  "epoch": 29,
  "training_metadata_probes": {
    "training_metadata_probes/depth_count_ratio": 1.0050370693206787,
    "training_metadata_probes/runtype_mse": 0.00020170645439065993,
    "training_metadata_probes/readlen_mse": 1.593725937709678e-05
  }
}
{
  "epoch": 30,
  "eval_prefixed": {
    "eval_metrics/imp_pval_r2_dsf1": -0.23631578266789685,
    "eval_metrics/den_pval_pearson_gw": 0.1589064751261551,
    "eval_metrics/imp_count_spearman_gw": -0.038792094209943506,
    "eval_metrics/den_pval_r2_dsf1": -0.19291534016482692,
    "eval_metrics/imp_pval_r2_gw": -0.23631578266789685,
    "eval_metrics/imp_count_pearson_gw": 0.002342987570926429,
    "eval_metrics/imp_pval_pearson_gw": 0.10112085813538187,
    "eval_metrics/imp_pval_spearman_1obs": 0.10874243619627467,
    "eval_metrics/den_count_r2_gw": -0.1334110129648863,
    "eval_metrics/imp_pval_pearson_1obs": 0.12091015592598105,
    "eval_metrics/imp_peak_auroc_gw": 0.5094933881354875,
    "eval_metrics/den_pval_r2_1obs": -25.663258826737774,
    "eval_metrics/imp_count_r2_gw": -0.07187591418946991,
    "eval_metrics/den_pval_spearman_gw": 0.14293127555051824,
    "eval_metrics/den_pval_spearman_1obs": 0.06245822435481616,
    "eval_metrics/den_peak_auroc_gw": 0.5300778402600878,
    "eval_metrics/den_pval_r2_gw": -0.19291534016482692,
    "eval_metrics/den_pval_spearman_dsf1": 0.14293127555051824,
    "eval_metrics/den_pval_pearson_dsf1": 0.1589064751261551,
    "eval_metrics/imp_pval_spearman_gw": 0.10495738360363889,
    "eval_metrics/imp_pval_pearson_dsf1": 0.10112085813538187,
    "eval_metrics/den_pval_pearson_1obs": 0.08326615602709353,
    "eval_metrics/den_count_spearman_gw": 0.09378916515321079,
    "eval_metrics/den_count_pearson_gw": 0.08797700859998402,
    "eval_metrics/imp_pval_r2_1obs": -29.926195839362332,
    "eval_metrics/imp_pval_spearman_dsf1": 0.10495738360363889,
    "eval_losses/total_loss": 5.712499987456556,
    "eval_losses/count_obs_loss": 1.39494368747661,
    "eval_losses/count_imp_loss": 2.0368804439665777,
    "eval_losses/pval_obs_loss": 0.7017508705979899,
    "eval_losses/pval_imp_loss": 0.821865686259809,
    "eval_losses/peak_obs_loss": 0.6823069445396724,
    "eval_losses/peak_imp_loss": 0.6800774387897007
  }
}
{
  "epoch": 30,
  "training_metadata_probes": {
    "training_metadata_probes/depth_count_ratio": 1.0050482749938965,
    "training_metadata_probes/runtype_mse": 0.0002126401086570695,
    "training_metadata_probes/readlen_mse": 1.606536898179911e-05
  }
}
{
  "epoch": 31,
  "eval_prefixed": {
    "eval_metrics/imp_pval_r2_dsf1": -0.19678751381980583,
    "eval_metrics/den_pval_pearson_gw": 0.1742075948553209,
    "eval_metrics/imp_count_spearman_gw": -0.03749489142797505,
    "eval_metrics/den_pval_r2_dsf1": -0.1459427482866177,
    "eval_metrics/imp_pval_r2_gw": -0.19678751381980583,
    "eval_metrics/imp_count_pearson_gw": 0.0017975641036635293,
    "eval_metrics/imp_pval_pearson_gw": 0.10691658151705587,
    "eval_metrics/imp_pval_spearman_1obs": 0.1314008799379959,
    "eval_metrics/den_count_r2_gw": -0.10809096411103847,
    "eval_metrics/imp_pval_pearson_1obs": 0.15123502158426813,
    "eval_metrics/imp_peak_auroc_gw": 0.5041299493345761,
    "eval_metrics/den_pval_r2_1obs": -23.066026977730747,
    "eval_metrics/imp_count_r2_gw": -0.07556276377872734,
    "eval_metrics/den_pval_spearman_gw": 0.15357186442274084,
    "eval_metrics/den_pval_spearman_1obs": 0.05803971971862258,
    "eval_metrics/den_peak_auroc_gw": 0.5214075087822567,
    "eval_metrics/den_pval_r2_gw": -0.1459427482866177,
    "eval_metrics/den_pval_spearman_dsf1": 0.15357186442274084,
    "eval_metrics/den_pval_pearson_dsf1": 0.1742075948553209,
    "eval_metrics/imp_pval_spearman_gw": 0.11198469017514714,
    "eval_metrics/imp_pval_pearson_dsf1": 0.10691658151705587,
    "eval_metrics/den_pval_pearson_1obs": 0.075875086598037,
    "eval_metrics/den_count_spearman_gw": 0.09341576582705863,
    "eval_metrics/den_count_pearson_gw": 0.09756391713591783,
    "eval_metrics/imp_pval_r2_1obs": -18.880471577586594,
    "eval_metrics/imp_pval_spearman_dsf1": 0.11198469017514714,
    "eval_losses/total_loss": 5.684958478141772,
    "eval_losses/count_obs_loss": 1.3512514163004725,
    "eval_losses/count_imp_loss": 2.084757805816711,
    "eval_losses/pval_obs_loss": 0.6566152566749799,
    "eval_losses/pval_imp_loss": 0.847498504415391,
    "eval_losses/peak_obs_loss": 0.6825669611755171,
    "eval_losses/peak_imp_loss": 0.680186358709184
  }
}
{
  "epoch": 31,
  "training_metadata_probes": {
    "training_metadata_probes/depth_count_ratio": 1.0049279928207397,
    "training_metadata_probes/runtype_mse": 0.00018774934869725257,
    "training_metadata_probes/readlen_mse": 1.4203633327269927e-05
  }
}
{
  "epoch": 32,
  "eval_prefixed": {
    "eval_metrics/imp_pval_r2_dsf1": -0.21948831252522674,
    "eval_metrics/den_pval_pearson_gw": 0.17819964644303055,
    "eval_metrics/imp_count_spearman_gw": -0.03645157523557254,
    "eval_metrics/den_pval_r2_dsf1": -0.14332318333522448,
    "eval_metrics/imp_pval_r2_gw": -0.21948831252522674,
    "eval_metrics/imp_count_pearson_gw": 0.0037892882006302004,
    "eval_metrics/imp_pval_pearson_gw": 0.11170056172543102,
    "eval_metrics/imp_pval_spearman_1obs": 0.13136086268309105,
    "eval_metrics/den_count_r2_gw": -0.09430354577418555,
    "eval_metrics/imp_pval_pearson_1obs": 0.14501699430790418,
    "eval_metrics/imp_peak_auroc_gw": 0.5107933236635591,
    "eval_metrics/den_pval_r2_1obs": -25.05006686391171,
    "eval_metrics/imp_count_r2_gw": -0.0848747969719896,
    "eval_metrics/den_pval_spearman_gw": 0.15593417537913504,
    "eval_metrics/den_pval_spearman_1obs": 0.06560693197779731,
    "eval_metrics/den_peak_auroc_gw": 0.5352962872481627,
    "eval_metrics/den_pval_r2_gw": -0.14332318333522448,
    "eval_metrics/den_pval_spearman_dsf1": 0.15593417537913504,
    "eval_metrics/den_pval_pearson_dsf1": 0.17819964644303055,
    "eval_metrics/imp_pval_spearman_gw": 0.11811430672709981,
    "eval_metrics/imp_pval_pearson_dsf1": 0.11170056172543102,
    "eval_metrics/den_pval_pearson_1obs": 0.09320200625561963,
    "eval_metrics/den_count_spearman_gw": 0.09263814354478433,
    "eval_metrics/den_count_pearson_gw": 0.09227075189425561,
    "eval_metrics/imp_pval_r2_1obs": -24.880301887538092,
    "eval_metrics/imp_pval_spearman_dsf1": 0.11811430672709981,
    "eval_losses/total_loss": 5.647965799624982,
    "eval_losses/count_obs_loss": 1.3175564345560575,
    "eval_losses/count_imp_loss": 2.0595089357996743,
    "eval_losses/pval_obs_loss": 0.6594658299888435,
    "eval_losses/pval_imp_loss": 0.8648733700078631,
    "eval_losses/peak_obs_loss": 0.6826885319069812,
    "eval_losses/peak_imp_loss": 0.6804967456393771
  }
}
{
  "epoch": 32,
  "training_metadata_probes": {
    "training_metadata_probes/depth_count_ratio": 1.0049561262130737,
    "training_metadata_probes/runtype_mse": 0.0002051219780696556,
    "training_metadata_probes/readlen_mse": 1.4112581993686035e-05
  }
}
{
  "epoch": 33,
  "eval_prefixed": {
    "eval_metrics/imp_pval_r2_dsf1": -0.16991002285451373,
    "eval_metrics/den_pval_pearson_gw": 0.19026756577659398,
    "eval_metrics/imp_count_spearman_gw": -0.031925618006958326,
    "eval_metrics/den_pval_r2_dsf1": -0.11011053831231084,
    "eval_metrics/imp_pval_r2_gw": -0.16991002285451373,
    "eval_metrics/imp_count_pearson_gw": 0.0019279605605536038,
    "eval_metrics/imp_pval_pearson_gw": 0.12115003895901498,
    "eval_metrics/imp_pval_spearman_1obs": 0.17333563319228049,
    "eval_metrics/den_count_r2_gw": -0.10347290458792094,
    "eval_metrics/imp_pval_pearson_1obs": 0.18581214089822928,
    "eval_metrics/imp_peak_auroc_gw": 0.5190911960321088,
    "eval_metrics/den_pval_r2_1obs": -24.76079413257041,
    "eval_metrics/imp_count_r2_gw": -0.07942953986029774,
    "eval_metrics/den_pval_spearman_gw": 0.16590233649607541,
    "eval_metrics/den_pval_spearman_1obs": 0.05494649268169521,
    "eval_metrics/den_peak_auroc_gw": 0.5307561777568006,
    "eval_metrics/den_pval_r2_gw": -0.11011053831231084,
    "eval_metrics/den_pval_spearman_dsf1": 0.16590233649607541,
    "eval_metrics/den_pval_pearson_dsf1": 0.19026756577659398,
    "eval_metrics/imp_pval_spearman_gw": 0.12597961241231403,
    "eval_metrics/imp_pval_pearson_dsf1": 0.12115003895901498,
    "eval_metrics/den_pval_pearson_1obs": 0.0871751404054904,
    "eval_metrics/den_count_spearman_gw": 0.0925044136541105,
    "eval_metrics/den_count_pearson_gw": 0.09266263448731288,
    "eval_metrics/imp_pval_r2_1obs": -29.04006744125678,
    "eval_metrics/imp_pval_spearman_dsf1": 0.12597961241231403,
    "eval_losses/total_loss": 5.639206778062017,
    "eval_losses/count_obs_loss": 1.3550665715807362,
    "eval_losses/count_imp_loss": 2.036647433326358,
    "eval_losses/pval_obs_loss": 0.6578276226002919,
    "eval_losses/pval_imp_loss": 0.8351645930891946,
    "eval_losses/peak_obs_loss": 0.6816738145916086,
    "eval_losses/peak_imp_loss": 0.6804506159017957
  }
}
{
  "epoch": 33,
  "training_metadata_probes": {
    "training_metadata_probes/depth_count_ratio": 1.0047614574432373,
    "training_metadata_probes/runtype_mse": 0.00019363834871910512,
    "training_metadata_probes/readlen_mse": 1.4434586773859337e-05
  }
}
{
  "epoch": 34,
  "eval_prefixed": {
    "eval_metrics/imp_pval_r2_dsf1": -0.1525701560156706,
    "eval_metrics/den_pval_pearson_gw": 0.1873050846502577,
    "eval_metrics/imp_count_spearman_gw": -0.029707360935232918,
    "eval_metrics/den_pval_r2_dsf1": -0.13737298035315104,
    "eval_metrics/imp_pval_r2_gw": -0.1525701560156706,
    "eval_metrics/imp_count_pearson_gw": 0.004473048051641811,
    "eval_metrics/imp_pval_pearson_gw": 0.12651563409183705,
    "eval_metrics/imp_pval_spearman_1obs": 0.13452488259302411,
    "eval_metrics/den_count_r2_gw": -0.10974164160333384,
    "eval_metrics/imp_pval_pearson_1obs": 0.14385022412609524,
    "eval_metrics/imp_peak_auroc_gw": 0.535050066280708,
    "eval_metrics/den_pval_r2_1obs": -24.912686616761814,
    "eval_metrics/imp_count_r2_gw": -0.07317897923684571,
    "eval_metrics/den_pval_spearman_gw": 0.16312048162624504,
    "eval_metrics/den_pval_spearman_1obs": 0.06937777386790496,
    "eval_metrics/den_peak_auroc_gw": 0.5290606618336164,
    "eval_metrics/den_pval_r2_gw": -0.13737298035315104,
    "eval_metrics/den_pval_spearman_dsf1": 0.16312048162624504,
    "eval_metrics/den_pval_pearson_dsf1": 0.1873050846502577,
    "eval_metrics/imp_pval_spearman_gw": 0.13512293305790346,
    "eval_metrics/imp_pval_pearson_dsf1": 0.12651563409183705,
    "eval_metrics/den_pval_pearson_1obs": 0.09995956138223655,
    "eval_metrics/den_count_spearman_gw": 0.09704146057486703,
    "eval_metrics/den_count_pearson_gw": 0.0968886867141057,
    "eval_metrics/imp_pval_r2_1obs": -36.9508623443912,
    "eval_metrics/imp_pval_spearman_dsf1": 0.13512293305790346,
    "eval_losses/total_loss": 5.585970986830561,
    "eval_losses/count_obs_loss": 1.3147740152321363,
    "eval_losses/count_imp_loss": 2.0538326208553617,
    "eval_losses/pval_obs_loss": 0.6329417969835432,
    "eval_losses/pval_imp_loss": 0.831775902282624,
    "eval_losses/peak_obs_loss": 0.6823286947451139,
    "eval_losses/peak_imp_loss": 0.6802710398795113
  }
}
{
  "epoch": 34,
  "training_metadata_probes": {
    "training_metadata_probes/depth_count_ratio": 1.004923701286316,
    "training_metadata_probes/runtype_mse": 0.00020474696066230536,
    "training_metadata_probes/readlen_mse": 1.4743368410563562e-05
  }
}
{
  "epoch": 35,
  "eval_prefixed": {
    "eval_metrics/imp_pval_r2_dsf1": -0.2269768661093503,
    "eval_metrics/den_pval_pearson_gw": 0.20502008310225056,
    "eval_metrics/imp_count_spearman_gw": -0.030550934992958023,
    "eval_metrics/den_pval_r2_dsf1": -0.11556588095532759,
    "eval_metrics/imp_pval_r2_gw": -0.2269768661093503,
    "eval_metrics/imp_count_pearson_gw": 0.00816303697444262,
    "eval_metrics/imp_pval_pearson_gw": 0.12717329657503537,
    "eval_metrics/imp_pval_spearman_1obs": 0.13424442895924535,
    "eval_metrics/den_count_r2_gw": -0.1130700178174053,
    "eval_metrics/imp_pval_pearson_1obs": 0.1470734809362699,
    "eval_metrics/imp_peak_auroc_gw": 0.5073707660977336,
    "eval_metrics/den_pval_r2_1obs": -24.946541357102557,
    "eval_metrics/imp_count_r2_gw": -0.08550531959977077,
    "eval_metrics/den_pval_spearman_gw": 0.17178047441605457,
    "eval_metrics/den_pval_spearman_1obs": 0.06028151902144607,
    "eval_metrics/den_peak_auroc_gw": 0.5334178421848382,
    "eval_metrics/den_pval_r2_gw": -0.11556588095532759,
    "eval_metrics/den_pval_spearman_dsf1": 0.17178047441605457,
    "eval_metrics/den_pval_pearson_dsf1": 0.20502008310225056,
    "eval_metrics/imp_pval_spearman_gw": 0.13270706173973287,
    "eval_metrics/imp_pval_pearson_dsf1": 0.12717329657503537,
    "eval_metrics/den_pval_pearson_1obs": 0.1024504558544753,
    "eval_metrics/den_count_spearman_gw": 0.09884136627791032,
    "eval_metrics/den_count_pearson_gw": 0.09836510403424893,
    "eval_metrics/imp_pval_r2_1obs": -24.747964221737977,
    "eval_metrics/imp_pval_spearman_dsf1": 0.13270706173973287,
    "eval_losses/total_loss": 5.626771660031457,
    "eval_losses/count_obs_loss": 1.3424614534566277,
    "eval_losses/count_imp_loss": 2.0319820226184904,
    "eval_losses/pval_obs_loss": 0.6252201781853249,
    "eval_losses/pval_imp_loss": 0.8826386483888777,
    "eval_losses/peak_obs_loss": 0.6795188619902259,
    "eval_losses/peak_imp_loss": 0.6797826408393799
  }
}
{
  "epoch": 35,
  "training_metadata_probes": {
    "training_metadata_probes/depth_count_ratio": 1.0049231052398682,
    "training_metadata_probes/runtype_mse": 0.0002041073894361034,
    "training_metadata_probes/readlen_mse": 1.4822630873823073e-05
  }
}
{
  "epoch": 36,
  "eval_prefixed": {
    "eval_metrics/imp_pval_r2_dsf1": -0.16279995349456733,
    "eval_metrics/den_pval_pearson_gw": 0.2124865925380666,
    "eval_metrics/imp_count_spearman_gw": -0.02809180113174183,
    "eval_metrics/den_pval_r2_dsf1": -0.07745037464606538,
    "eval_metrics/imp_pval_r2_gw": -0.16279995349456733,
    "eval_metrics/imp_count_pearson_gw": 0.007585527668161665,
    "eval_metrics/imp_pval_pearson_gw": 0.13355928866399658,
    "eval_metrics/imp_pval_spearman_1obs": 0.1446237787152214,
    "eval_metrics/den_count_r2_gw": -0.13048047101057336,
    "eval_metrics/imp_pval_pearson_1obs": 0.16149891116508533,
    "eval_metrics/imp_peak_auroc_gw": 0.504313995095134,
    "eval_metrics/den_pval_r2_1obs": -27.96110794320921,
    "eval_metrics/imp_count_r2_gw": -0.07914220282429398,
    "eval_metrics/den_pval_spearman_gw": 0.17629867449217054,
    "eval_metrics/den_pval_spearman_1obs": 0.06524679374114165,
    "eval_metrics/den_peak_auroc_gw": 0.5271935192675603,
    "eval_metrics/den_pval_r2_gw": -0.07745037464606538,
    "eval_metrics/den_pval_spearman_dsf1": 0.17629867449217054,
    "eval_metrics/den_pval_pearson_dsf1": 0.2124865925380666,
    "eval_metrics/imp_pval_spearman_gw": 0.14108650299380976,
    "eval_metrics/imp_pval_pearson_dsf1": 0.13355928866399658,
    "eval_metrics/den_pval_pearson_1obs": 0.09839081406492992,
    "eval_metrics/den_count_spearman_gw": 0.09815851360911938,
    "eval_metrics/den_count_pearson_gw": 0.10327539093008167,
    "eval_metrics/imp_pval_r2_1obs": -28.213891721698023,
    "eval_metrics/imp_pval_spearman_dsf1": 0.14108650299380976,
    "eval_losses/total_loss": 5.588356222761305,
    "eval_losses/count_obs_loss": 1.382957385558831,
    "eval_losses/count_imp_loss": 2.0297750139993336,
    "eval_losses/pval_obs_loss": 0.608338262689741,
    "eval_losses/pval_imp_loss": 0.8126978571452792,
    "eval_losses/peak_obs_loss": 0.6778072385411513,
    "eval_losses/peak_imp_loss": 0.6791660738369775
  }
}
{
  "epoch": 36,
  "training_metadata_probes": {
    "training_metadata_probes/depth_count_ratio": 1.0049940347671509,
    "training_metadata_probes/runtype_mse": 0.00018098793225362897,
    "training_metadata_probes/readlen_mse": 1.4744709915248677e-05
  }
}
{
  "epoch": 37,
  "eval_prefixed": {
    "eval_metrics/imp_pval_r2_dsf1": -0.15793074647201957,
    "eval_metrics/den_pval_pearson_gw": 0.21950632802939876,
    "eval_metrics/imp_count_spearman_gw": -0.01802634634501415,
    "eval_metrics/den_pval_r2_dsf1": -0.08658345132014669,
    "eval_metrics/imp_pval_r2_gw": -0.15793074647201957,
    "eval_metrics/imp_count_pearson_gw": 0.013129080100505177,
    "eval_metrics/imp_pval_pearson_gw": 0.14185720215004588,
    "eval_metrics/imp_pval_spearman_1obs": 0.15014630034619225,
    "eval_metrics/den_count_r2_gw": -0.12590147035039412,
    "eval_metrics/imp_pval_pearson_1obs": 0.15864301575273868,
    "eval_metrics/imp_peak_auroc_gw": 0.5047717935156883,
    "eval_metrics/den_pval_r2_1obs": -32.138834174022996,
    "eval_metrics/imp_count_r2_gw": -0.07437898138116239,
    "eval_metrics/den_pval_spearman_gw": 0.1846018475560228,
    "eval_metrics/den_pval_spearman_1obs": 0.05004893881143895,
    "eval_metrics/den_peak_auroc_gw": 0.5450553461565997,
    "eval_metrics/den_pval_r2_gw": -0.08658345132014669,
    "eval_metrics/den_pval_spearman_dsf1": 0.1846018475560228,
    "eval_metrics/den_pval_pearson_dsf1": 0.21950632802939876,
    "eval_metrics/imp_pval_spearman_gw": 0.14669385495251483,
    "eval_metrics/imp_pval_pearson_dsf1": 0.14185720215004588,
    "eval_metrics/den_pval_pearson_1obs": 0.08115434416226651,
    "eval_metrics/den_count_spearman_gw": 0.09559675204662504,
    "eval_metrics/den_count_pearson_gw": 0.10185776335971528,
    "eval_metrics/imp_pval_r2_1obs": -29.546397073505656,
    "eval_metrics/imp_pval_spearman_dsf1": 0.14669385495251483,
    "eval_losses/total_loss": 5.513812436330083,
    "eval_losses/count_obs_loss": 1.3635429661524923,
    "eval_losses/count_imp_loss": 2.0106493168407016,
    "eval_losses/pval_obs_loss": 0.5947309318733843,
    "eval_losses/pval_imp_loss": 0.7879151319345784,
    "eval_losses/peak_obs_loss": 0.6744600652079833,
    "eval_losses/peak_imp_loss": 0.6770222806741321
  }
}
{
  "epoch": 37,
  "training_metadata_probes": {
    "training_metadata_probes/depth_count_ratio": 1.0051403045654297,
    "training_metadata_probes/runtype_mse": 0.00014708707749377936,
    "training_metadata_probes/readlen_mse": 1.4484868188446853e-05
  }
}
{
  "epoch": 38,
  "eval_prefixed": {
    "eval_metrics/imp_pval_r2_dsf1": -0.15660965788524897,
    "eval_metrics/den_pval_pearson_gw": 0.22258870360536476,
    "eval_metrics/imp_count_spearman_gw": -0.021360570593640986,
    "eval_metrics/den_pval_r2_dsf1": -0.07706280298920597,
    "eval_metrics/imp_pval_r2_gw": -0.15660965788524897,
    "eval_metrics/imp_count_pearson_gw": 0.009173893468594917,
    "eval_metrics/imp_pval_pearson_gw": 0.14427529680468734,
    "eval_metrics/imp_pval_spearman_1obs": 0.15647966560673437,
    "eval_metrics/den_count_r2_gw": -0.1094115892027624,
    "eval_metrics/imp_pval_pearson_1obs": 0.1677909043676678,
    "eval_metrics/imp_peak_auroc_gw": 0.5132435091851609,
    "eval_metrics/den_pval_r2_1obs": -22.34082864068341,
    "eval_metrics/imp_count_r2_gw": -0.07976847210389593,
    "eval_metrics/den_pval_spearman_gw": 0.1857051092071756,
    "eval_metrics/den_pval_spearman_1obs": 0.0444330408918644,
    "eval_metrics/den_peak_auroc_gw": 0.5274852359635834,
    "eval_metrics/den_pval_r2_gw": -0.07706280298920597,
    "eval_metrics/den_pval_spearman_dsf1": 0.1857051092071756,
    "eval_metrics/den_pval_pearson_dsf1": 0.22258870360536476,
    "eval_metrics/imp_pval_spearman_gw": 0.14904912137947346,
    "eval_metrics/imp_pval_pearson_dsf1": 0.14427529680468734,
    "eval_metrics/den_pval_pearson_1obs": 0.08396488426277708,
    "eval_metrics/den_count_spearman_gw": 0.10148890730545061,
    "eval_metrics/den_count_pearson_gw": 0.10157666908037898,
    "eval_metrics/imp_pval_r2_1obs": -22.672028968911192,
    "eval_metrics/imp_pval_spearman_dsf1": 0.14904912137947346,
    "eval_losses/total_loss": 5.433639927816234,
    "eval_losses/count_obs_loss": 1.261168675987344,
    "eval_losses/count_imp_loss": 2.006000154548221,
    "eval_losses/pval_obs_loss": 0.5611229385004232,
    "eval_losses/pval_imp_loss": 0.8621798086734045,
    "eval_losses/peak_obs_loss": 0.6738939387233633,
    "eval_losses/peak_imp_loss": 0.6754157902702452
  }
}
{
  "epoch": 38,
  "training_metadata_probes": {
    "training_metadata_probes/depth_count_ratio": 1.0051630735397339,
    "training_metadata_probes/runtype_mse": 0.00013259581464808434,
    "training_metadata_probes/readlen_mse": 1.4731018382008187e-05
  }
}
{
  "epoch": 39,
  "eval_prefixed": {
    "eval_metrics/imp_pval_r2_dsf1": -0.12603484557875072,
    "eval_metrics/den_pval_pearson_gw": 0.23472462986644946,
    "eval_metrics/imp_count_spearman_gw": -0.013070123068816514,
    "eval_metrics/den_pval_r2_dsf1": -0.06337500731605006,
    "eval_metrics/imp_pval_r2_gw": -0.12603484557875072,
    "eval_metrics/imp_count_pearson_gw": 0.014921304090479218,
    "eval_metrics/imp_pval_pearson_gw": 0.15603546827795015,
    "eval_metrics/imp_pval_spearman_1obs": 0.1439290822923781,
    "eval_metrics/den_count_r2_gw": -0.1038895860559665,
    "eval_metrics/imp_pval_pearson_1obs": 0.15208898654894992,
    "eval_metrics/imp_peak_auroc_gw": 0.5309061736113182,
    "eval_metrics/den_pval_r2_1obs": -39.81900302886104,
    "eval_metrics/imp_count_r2_gw": -0.07249036548146964,
    "eval_metrics/den_pval_spearman_gw": 0.19947898864088479,
    "eval_metrics/den_pval_spearman_1obs": 0.05831478293352274,
    "eval_metrics/den_peak_auroc_gw": 0.5405319110753168,
    "eval_metrics/den_pval_r2_gw": -0.06337500731605006,
    "eval_metrics/den_pval_spearman_dsf1": 0.19947898864088479,
    "eval_metrics/den_pval_pearson_dsf1": 0.23472462986644946,
    "eval_metrics/imp_pval_spearman_gw": 0.15834357784491598,
    "eval_metrics/imp_pval_pearson_dsf1": 0.15603546827795015,
    "eval_metrics/den_pval_pearson_1obs": 0.09818657142827042,
    "eval_metrics/den_count_spearman_gw": 0.10146233762238023,
    "eval_metrics/den_count_pearson_gw": 0.10816174863200438,
    "eval_metrics/imp_pval_r2_1obs": -32.78337377062838,
    "eval_metrics/imp_pval_spearman_dsf1": 0.15834357784491598,
    "eval_losses/total_loss": 5.9216761975794245,
    "eval_losses/count_obs_loss": 1.441097063453574,
    "eval_losses/count_imp_loss": 2.0143484747599043,
    "eval_losses/pval_obs_loss": 0.6036563173034474,
    "eval_losses/pval_imp_loss": 1.1808828877078161,
    "eval_losses/peak_obs_loss": 0.670022430388551,
    "eval_losses/peak_imp_loss": 0.6734103735477205
  }
}
{
  "epoch": 39,
  "training_metadata_probes": {
    "training_metadata_probes/depth_count_ratio": 1.0052965879440308,
    "training_metadata_probes/runtype_mse": 0.00013647523883264512,
    "training_metadata_probes/readlen_mse": 1.5877534679020755e-05
  }
}
{
  "epoch": 40,
  "eval_prefixed": {
    "eval_metrics/imp_pval_r2_dsf1": -0.13103395626319347,
    "eval_metrics/den_pval_pearson_gw": 0.23292708652412616,
    "eval_metrics/imp_count_spearman_gw": -0.014474515946757175,
    "eval_metrics/den_pval_r2_dsf1": -0.0625344058487902,
    "eval_metrics/imp_pval_r2_gw": -0.13103395626319347,
    "eval_metrics/imp_count_pearson_gw": 0.015073562543428067,
    "eval_metrics/imp_pval_pearson_gw": 0.15384225074260954,
    "eval_metrics/imp_pval_spearman_1obs": 0.13137340698336242,
    "eval_metrics/den_count_r2_gw": -0.13342359876763013,
    "eval_metrics/imp_pval_pearson_1obs": 0.14502056318497847,
    "eval_metrics/imp_peak_auroc_gw": 0.4938926862804693,
    "eval_metrics/den_pval_r2_1obs": -22.85147437946982,
    "eval_metrics/imp_count_r2_gw": -0.07038384500671818,
    "eval_metrics/den_pval_spearman_gw": 0.1994753352005869,
    "eval_metrics/den_pval_spearman_1obs": 0.06224216481330316,
    "eval_metrics/den_peak_auroc_gw": 0.5370737679709932,
    "eval_metrics/den_pval_r2_gw": -0.0625344058487902,
    "eval_metrics/den_pval_spearman_dsf1": 0.1994753352005869,
    "eval_metrics/den_pval_pearson_dsf1": 0.23292708652412616,
    "eval_metrics/imp_pval_spearman_gw": 0.156350719905133,
    "eval_metrics/imp_pval_pearson_dsf1": 0.15384225074260954,
    "eval_metrics/den_pval_pearson_1obs": 0.09411789057776332,
    "eval_metrics/den_count_spearman_gw": 0.09962702733327723,
    "eval_metrics/den_count_pearson_gw": 0.10174357807753902,
    "eval_metrics/imp_pval_r2_1obs": -29.040614756374403,
    "eval_metrics/imp_pval_spearman_dsf1": 0.156350719905133,
    "eval_losses/total_loss": 5.341503282616797,
    "eval_losses/count_obs_loss": 1.2809838393801136,
    "eval_losses/count_imp_loss": 1.9734394853077237,
    "eval_losses/pval_obs_loss": 0.5379863886260673,
    "eval_losses/pval_imp_loss": 0.796262507164289,
    "eval_losses/peak_obs_loss": 0.6684520919072,
    "eval_losses/peak_imp_loss": 0.6733163117416321
  }
}
{
  "epoch": 40,
  "training_metadata_probes": {
    "training_metadata_probes/depth_count_ratio": 1.0055195093154907,
    "training_metadata_probes/runtype_mse": 0.0001565567363286391,
    "training_metadata_probes/readlen_mse": 1.5879577404120937e-05
  }
}
{
  "epoch": 41,
  "eval_prefixed": {
    "eval_metrics/imp_pval_r2_dsf1": -0.09790394613873175,
    "eval_metrics/den_pval_pearson_gw": 0.2433306840248406,
    "eval_metrics/imp_count_spearman_gw": -0.012951183539612953,
    "eval_metrics/den_pval_r2_dsf1": -0.051032907215128834,
    "eval_metrics/imp_pval_r2_gw": -0.09790394613873175,
    "eval_metrics/imp_count_pearson_gw": 0.015855463816911823,
    "eval_metrics/imp_pval_pearson_gw": 0.17684683049955066,
    "eval_metrics/imp_pval_spearman_1obs": 0.19251539537570858,
    "eval_metrics/den_count_r2_gw": -0.12452936693207757,
    "eval_metrics/imp_pval_pearson_1obs": 0.19472414510239597,
    "eval_metrics/imp_peak_auroc_gw": 0.5180487932953657,
    "eval_metrics/den_pval_r2_1obs": -26.575528531067487,
    "eval_metrics/imp_count_r2_gw": -0.06636591616065776,
    "eval_metrics/den_pval_spearman_gw": 0.2074845070525146,
    "eval_metrics/den_pval_spearman_1obs": 0.0715735770279577,
    "eval_metrics/den_peak_auroc_gw": 0.525067288215176,
    "eval_metrics/den_pval_r2_gw": -0.051032907215128834,
    "eval_metrics/den_pval_spearman_dsf1": 0.2074845070525146,
    "eval_metrics/den_pval_pearson_dsf1": 0.2433306840248406,
    "eval_metrics/imp_pval_spearman_gw": 0.16487264349797615,
    "eval_metrics/imp_pval_pearson_dsf1": 0.17684683049955066,
    "eval_metrics/den_pval_pearson_1obs": 0.1104052955924999,
    "eval_metrics/den_count_spearman_gw": 0.1025748586608152,
    "eval_metrics/den_count_pearson_gw": 0.10502136464377768,
    "eval_metrics/imp_pval_r2_1obs": -27.724702874621332,
    "eval_metrics/imp_pval_spearman_dsf1": 0.16487264349797615,
    "eval_losses/total_loss": 5.296739646086567,
    "eval_losses/count_obs_loss": 1.3079562359734584,
    "eval_losses/count_imp_loss": 1.9718334599146767,
    "eval_losses/pval_obs_loss": 0.540087182466921,
    "eval_losses/pval_imp_loss": 0.7171526539420324,
    "eval_losses/peak_obs_loss": 0.6646762521643388,
    "eval_losses/peak_imp_loss": 0.6695141740261562
  }
}
{
  "epoch": 41,
  "training_metadata_probes": {
    "training_metadata_probes/depth_count_ratio": 1.005557656288147,
    "training_metadata_probes/runtype_mse": 0.0001801716280169785,
    "training_metadata_probes/readlen_mse": 1.600910400156863e-05
  }
}
{
  "epoch": 42,
  "eval_prefixed": {
    "eval_metrics/imp_pval_r2_dsf1": -0.12302610118183914,
    "eval_metrics/den_pval_pearson_gw": 0.25275937888746786,
    "eval_metrics/imp_count_spearman_gw": -0.008809739866633604,
    "eval_metrics/den_pval_r2_dsf1": -0.04451680381833265,
    "eval_metrics/imp_pval_r2_gw": -0.12302610118183914,
    "eval_metrics/imp_count_pearson_gw": 0.01787974832147902,
    "eval_metrics/imp_pval_pearson_gw": 0.17885642877173802,
    "eval_metrics/imp_pval_spearman_1obs": 0.1667635917403154,
    "eval_metrics/den_count_r2_gw": -0.1460117032903932,
    "eval_metrics/imp_pval_pearson_1obs": 0.16499067201197798,
    "eval_metrics/imp_peak_auroc_gw": 0.5186624822691372,
    "eval_metrics/den_pval_r2_1obs": -28.357846052288657,
    "eval_metrics/imp_count_r2_gw": -0.07419940712827552,
    "eval_metrics/den_pval_spearman_gw": 0.21692137890396845,
    "eval_metrics/den_pval_spearman_1obs": 0.08503350573912584,
    "eval_metrics/den_peak_auroc_gw": 0.5401164616237619,
    "eval_metrics/den_pval_r2_gw": -0.04451680381833265,
    "eval_metrics/den_pval_spearman_dsf1": 0.21692137890396845,
    "eval_metrics/den_pval_pearson_dsf1": 0.25275937888746786,
    "eval_metrics/imp_pval_spearman_gw": 0.17460928501235445,
    "eval_metrics/imp_pval_pearson_dsf1": 0.17885642877173802,
    "eval_metrics/den_pval_pearson_1obs": 0.13095584579155242,
    "eval_metrics/den_count_spearman_gw": 0.10307200164627893,
    "eval_metrics/den_count_pearson_gw": 0.1071341136764539,
    "eval_metrics/imp_pval_r2_1obs": -23.17068681360174,
    "eval_metrics/imp_pval_spearman_dsf1": 0.17460928501235445,
    "eval_losses/total_loss": 5.310711740197516,
    "eval_losses/count_obs_loss": 1.38534856156299,
    "eval_losses/count_imp_loss": 1.9421240299467057,
    "eval_losses/pval_obs_loss": 0.5373261008950833,
    "eval_losses/pval_imp_loss": 0.681500603341394,
    "eval_losses/peak_obs_loss": 0.6601672054905641,
    "eval_losses/peak_imp_loss": 0.6671390221232459
  }
}
{
  "epoch": 42,
  "training_metadata_probes": {
    "training_metadata_probes/depth_count_ratio": 1.005666732788086,
    "training_metadata_probes/runtype_mse": 0.00021318791550584137,
    "training_metadata_probes/readlen_mse": 1.9378034266992472e-05
  }
}
{
  "epoch": 43,
  "eval_prefixed": {
    "eval_metrics/imp_pval_r2_dsf1": -0.10267890959089097,
    "eval_metrics/den_pval_pearson_gw": 0.2516162262151116,
    "eval_metrics/imp_count_spearman_gw": -0.01027990970414021,
    "eval_metrics/den_pval_r2_dsf1": -0.047153608339412935,
    "eval_metrics/imp_pval_r2_gw": -0.10267890959089097,
    "eval_metrics/imp_count_pearson_gw": 0.01808911359902205,
    "eval_metrics/imp_pval_pearson_gw": 0.18120793324141277,
    "eval_metrics/imp_pval_spearman_1obs": 0.17439992605416524,
    "eval_metrics/den_count_r2_gw": -0.10146277131582748,
    "eval_metrics/imp_pval_pearson_1obs": 0.1778849529782458,
    "eval_metrics/imp_peak_auroc_gw": 0.5227128837008327,
    "eval_metrics/den_pval_r2_1obs": -26.949484322916067,
    "eval_metrics/imp_count_r2_gw": -0.06698633440210046,
    "eval_metrics/den_pval_spearman_gw": 0.2170893418018329,
    "eval_metrics/den_pval_spearman_1obs": 0.05803829522954227,
    "eval_metrics/den_peak_auroc_gw": 0.5330103835199087,
    "eval_metrics/den_pval_r2_gw": -0.047153608339412935,
    "eval_metrics/den_pval_spearman_dsf1": 0.2170893418018329,
    "eval_metrics/den_pval_pearson_dsf1": 0.2516162262151116,
    "eval_metrics/imp_pval_spearman_gw": 0.17376671535027,
    "eval_metrics/imp_pval_pearson_dsf1": 0.18120793324141277,
    "eval_metrics/den_pval_pearson_1obs": 0.100834100393848,
    "eval_metrics/den_count_spearman_gw": 0.10216516339210585,
    "eval_metrics/den_count_pearson_gw": 0.11086087627336383,
    "eval_metrics/imp_pval_r2_1obs": -27.489617854758155,
    "eval_metrics/imp_pval_spearman_dsf1": 0.17376671535027,
    "eval_losses/total_loss": 5.367047401439202,
    "eval_losses/count_obs_loss": 1.289090484380722,
    "eval_losses/count_imp_loss": 1.9917360525282601,
    "eval_losses/pval_obs_loss": 0.5454880677555737,
    "eval_losses/pval_imp_loss": 0.8091522708298668,
    "eval_losses/peak_obs_loss": 0.6588524666271711,
    "eval_losses/peak_imp_loss": 0.6656965192348238
  }
}
{
  "epoch": 43,
  "training_metadata_probes": {
    "training_metadata_probes/depth_count_ratio": 1.0056387186050415,
    "training_metadata_probes/runtype_mse": 0.00026718698791228235,
    "training_metadata_probes/readlen_mse": 2.3658967620576732e-05
  }
}
{
  "epoch": 44,
  "eval_prefixed": {
    "eval_metrics/imp_pval_r2_dsf1": -0.09415217071098433,
    "eval_metrics/den_pval_pearson_gw": 0.25702485015713855,
    "eval_metrics/imp_count_spearman_gw": -0.008021848439673844,
    "eval_metrics/den_pval_r2_dsf1": -0.04413517234587466,
    "eval_metrics/imp_pval_r2_gw": -0.09415217071098433,
    "eval_metrics/imp_count_pearson_gw": 0.018897570228011952,
    "eval_metrics/imp_pval_pearson_gw": 0.18736440581934793,
    "eval_metrics/imp_pval_spearman_1obs": 0.1813816220703206,
    "eval_metrics/den_count_r2_gw": -0.10745181892123436,
    "eval_metrics/imp_pval_pearson_1obs": 0.16732952706811446,
    "eval_metrics/imp_peak_auroc_gw": 0.536168595998851,
    "eval_metrics/den_pval_r2_1obs": -22.960061794418554,
    "eval_metrics/imp_count_r2_gw": -0.06313531768812314,
    "eval_metrics/den_pval_spearman_gw": 0.2219665992941174,
    "eval_metrics/den_pval_spearman_1obs": 0.05814959373739584,
    "eval_metrics/den_peak_auroc_gw": 0.5219198753734106,
    "eval_metrics/den_pval_r2_gw": -0.04413517234587466,
    "eval_metrics/den_pval_spearman_dsf1": 0.2219665992941174,
    "eval_metrics/den_pval_pearson_dsf1": 0.25702485015713855,
    "eval_metrics/imp_pval_spearman_gw": 0.1732889349062081,
    "eval_metrics/imp_pval_pearson_dsf1": 0.18736440581934793,
    "eval_metrics/den_pval_pearson_1obs": 0.10123812393775504,
    "eval_metrics/den_count_spearman_gw": 0.10507607265489656,
    "eval_metrics/den_count_pearson_gw": 0.11672074426161616,
    "eval_metrics/imp_pval_r2_1obs": -34.4917802016134,
    "eval_metrics/imp_pval_spearman_dsf1": 0.1732889349062081,
    "eval_losses/total_loss": 5.27842914587573,
    "eval_losses/count_obs_loss": 1.2210076270919097,
    "eval_losses/count_imp_loss": 1.9775435489321511,
    "eval_losses/pval_obs_loss": 0.5148676504430018,
    "eval_losses/pval_imp_loss": 0.8408481015099419,
    "eval_losses/peak_obs_loss": 0.656768895293537,
    "eval_losses/peak_imp_loss": 0.6628727614879608
  }
}
{
  "epoch": 44,
  "training_metadata_probes": {
    "training_metadata_probes/depth_count_ratio": 1.0057811737060547,
    "training_metadata_probes/runtype_mse": 0.0003103309718426317,
    "training_metadata_probes/readlen_mse": 2.7013555154553615e-05
  }
}
{
  "epoch": 45,
  "eval_prefixed": {
    "eval_metrics/imp_pval_r2_dsf1": -0.13107929557534564,
    "eval_metrics/den_pval_pearson_gw": 0.2553212218305194,
    "eval_metrics/imp_count_spearman_gw": -0.010525017178239018,
    "eval_metrics/den_pval_r2_dsf1": -0.0583932521377144,
    "eval_metrics/imp_pval_r2_gw": -0.13107929557534564,
    "eval_metrics/imp_count_pearson_gw": 0.01786730266619651,
    "eval_metrics/imp_pval_pearson_gw": 0.1792560808715366,
    "eval_metrics/imp_pval_spearman_1obs": 0.17910802353362665,
    "eval_metrics/den_count_r2_gw": -0.1493843189268297,
    "eval_metrics/imp_pval_pearson_1obs": 0.19877595601544257,
    "eval_metrics/imp_peak_auroc_gw": 0.5159279491679744,
    "eval_metrics/den_pval_r2_1obs": -28.11698396096744,
    "eval_metrics/imp_count_r2_gw": -0.08325346153709626,
    "eval_metrics/den_pval_spearman_gw": 0.22023170581741136,
    "eval_metrics/den_pval_spearman_1obs": 0.0826690195518408,
    "eval_metrics/den_peak_auroc_gw": 0.5198912199322998,
    "eval_metrics/den_pval_r2_gw": -0.0583932521377144,
    "eval_metrics/den_pval_spearman_dsf1": 0.22023170581741136,
    "eval_metrics/den_pval_pearson_dsf1": 0.2553212218305194,
    "eval_metrics/imp_pval_spearman_gw": 0.1732612817806617,
    "eval_metrics/imp_pval_pearson_dsf1": 0.1792560808715366,
    "eval_metrics/den_pval_pearson_1obs": 0.12337956965386279,
    "eval_metrics/den_count_spearman_gw": 0.10351558406398302,
    "eval_metrics/den_count_pearson_gw": 0.11106148190600307,
    "eval_metrics/imp_pval_r2_1obs": -24.166459054635737,
    "eval_metrics/imp_pval_spearman_dsf1": 0.1732612817806617,
    "eval_losses/total_loss": 5.167712173620729,
    "eval_losses/count_obs_loss": 1.2839368268063194,
    "eval_losses/count_imp_loss": 1.950587112752218,
    "eval_losses/pval_obs_loss": 0.49377711494698334,
    "eval_losses/pval_imp_loss": 0.6872976930841567,
    "eval_losses/peak_obs_loss": 0.654111302212665,
    "eval_losses/peak_imp_loss": 0.6625502204138135
  }
}
{
  "epoch": 45,
  "training_metadata_probes": {
    "training_metadata_probes/depth_count_ratio": 1.005741000175476,
    "training_metadata_probes/runtype_mse": 0.00026690165395848453,
    "training_metadata_probes/readlen_mse": 3.2181706046685576e-05
  }
}
{
  "epoch": 46,
  "eval_prefixed": {
    "eval_metrics/imp_pval_r2_dsf1": -0.12840985984826428,
    "eval_metrics/den_pval_pearson_gw": 0.2575854047838795,
    "eval_metrics/imp_count_spearman_gw": -0.01111614701514631,
    "eval_metrics/den_pval_r2_dsf1": -0.0565638852174769,
    "eval_metrics/imp_pval_r2_gw": -0.12840985984826428,
    "eval_metrics/imp_count_pearson_gw": 0.016604608665811756,
    "eval_metrics/imp_pval_pearson_gw": 0.17930443904229573,
    "eval_metrics/imp_pval_spearman_1obs": 0.17394786691645509,
    "eval_metrics/den_count_r2_gw": -0.14186314093831756,
    "eval_metrics/imp_pval_pearson_1obs": 0.18013629349806007,
    "eval_metrics/imp_peak_auroc_gw": 0.51818337560537,
    "eval_metrics/den_pval_r2_1obs": -23.88869181300156,
    "eval_metrics/imp_count_r2_gw": -0.07118021278590911,
    "eval_metrics/den_pval_spearman_gw": 0.22720225837719288,
    "eval_metrics/den_pval_spearman_1obs": 0.08069594431375784,
    "eval_metrics/den_peak_auroc_gw": 0.521634596297097,
    "eval_metrics/den_pval_r2_gw": -0.0565638852174769,
    "eval_metrics/den_pval_spearman_dsf1": 0.22720225837719288,
    "eval_metrics/den_pval_pearson_dsf1": 0.2575854047838795,
    "eval_metrics/imp_pval_spearman_gw": 0.17841341203434385,
    "eval_metrics/imp_pval_pearson_dsf1": 0.17930443904229573,
    "eval_metrics/den_pval_pearson_1obs": 0.11708183570360568,
    "eval_metrics/den_count_spearman_gw": 0.10618738201071136,
    "eval_metrics/den_count_pearson_gw": 0.1076861382952254,
    "eval_metrics/imp_pval_r2_1obs": -26.775906492915666,
    "eval_metrics/imp_pval_spearman_dsf1": 0.17841341203434385,
    "eval_losses/total_loss": 5.2184227949351465,
    "eval_losses/count_obs_loss": 1.2819591046948182,
    "eval_losses/count_imp_loss": 1.9669258499902391,
    "eval_losses/pval_obs_loss": 0.5147714229839805,
    "eval_losses/pval_imp_loss": 0.7134968399528473,
    "eval_losses/peak_obs_loss": 0.6517516374588013,
    "eval_losses/peak_imp_loss": 0.6610929904476045
  }
}
{
  "epoch": 46,
  "training_metadata_probes": {
    "training_metadata_probes/depth_count_ratio": 1.0056877136230469,
    "training_metadata_probes/runtype_mse": 0.00020360926282592118,
    "training_metadata_probes/readlen_mse": 3.359715628903359e-05
  }
}
{
  "epoch": 47,
  "eval_prefixed": {
    "eval_metrics/imp_pval_r2_dsf1": -0.11121978895395802,
    "eval_metrics/den_pval_pearson_gw": 0.25900193932006677,
    "eval_metrics/imp_count_spearman_gw": -0.011216263624101365,
    "eval_metrics/den_pval_r2_dsf1": -0.05462325273031044,
    "eval_metrics/imp_pval_r2_gw": -0.11121978895395802,
    "eval_metrics/imp_count_pearson_gw": 0.019414753365766493,
    "eval_metrics/imp_pval_pearson_gw": 0.1875132221196379,
    "eval_metrics/imp_pval_spearman_1obs": 0.19201396465300688,
    "eval_metrics/den_count_r2_gw": -0.14177840855138593,
    "eval_metrics/imp_pval_pearson_1obs": 0.18397523436163152,
    "eval_metrics/imp_peak_auroc_gw": 0.5039692700140739,
    "eval_metrics/den_pval_r2_1obs": -25.644592806389642,
    "eval_metrics/imp_count_r2_gw": -0.06983339351566714,
    "eval_metrics/den_pval_spearman_gw": 0.22580345128224005,
    "eval_metrics/den_pval_spearman_1obs": 0.062415988593232705,
    "eval_metrics/den_peak_auroc_gw": 0.5315870928715063,
    "eval_metrics/den_pval_r2_gw": -0.05462325273031044,
    "eval_metrics/den_pval_spearman_dsf1": 0.22580345128224005,
    "eval_metrics/den_pval_pearson_dsf1": 0.25900193932006677,
    "eval_metrics/imp_pval_spearman_gw": 0.1697657408986978,
    "eval_metrics/imp_pval_pearson_dsf1": 0.1875132221196379,
    "eval_metrics/den_pval_pearson_1obs": 0.10452591610986642,
    "eval_metrics/den_count_spearman_gw": 0.10398744284938152,
    "eval_metrics/den_count_pearson_gw": 0.1141602865077163,
    "eval_metrics/imp_pval_r2_1obs": -24.58093803264904,
    "eval_metrics/imp_pval_spearman_dsf1": 0.1697657408986978,
    "eval_losses/total_loss": 5.296895770944263,
    "eval_losses/count_obs_loss": 1.283651310362314,
    "eval_losses/count_imp_loss": 1.9408044843446641,
    "eval_losses/pval_obs_loss": 0.4970148967664787,
    "eval_losses/pval_imp_loss": 0.8594628030596863,
    "eval_losses/peak_obs_loss": 0.6483703365451411,
    "eval_losses/peak_imp_loss": 0.6593724153344593
  }
}
{
  "epoch": 47,
  "training_metadata_probes": {
    "training_metadata_probes/depth_count_ratio": 1.005554437637329,
    "training_metadata_probes/runtype_mse": 0.00017178374400828034,
    "training_metadata_probes/readlen_mse": 3.3127314964076504e-05
  }
}
{
  "epoch": 48,
  "eval_prefixed": {
    "eval_metrics/imp_pval_r2_dsf1": -0.11498489259790161,
    "eval_metrics/den_pval_pearson_gw": 0.27290784460982603,
    "eval_metrics/imp_count_spearman_gw": -0.014937976564925508,
    "eval_metrics/den_pval_r2_dsf1": -0.031666162237922464,
    "eval_metrics/imp_pval_r2_gw": -0.11498489259790161,
    "eval_metrics/imp_count_pearson_gw": 0.014847539931661375,
    "eval_metrics/imp_pval_pearson_gw": 0.20002952750240052,
    "eval_metrics/imp_pval_spearman_1obs": 0.17945760490776977,
    "eval_metrics/den_count_r2_gw": -0.14477059336947531,
    "eval_metrics/imp_pval_pearson_1obs": 0.17663403227186156,
    "eval_metrics/imp_peak_auroc_gw": 0.5242700876242354,
    "eval_metrics/den_pval_r2_1obs": -37.695175379563864,
    "eval_metrics/imp_count_r2_gw": -0.07531077450283175,
    "eval_metrics/den_pval_spearman_gw": 0.23341226350655125,
    "eval_metrics/den_pval_spearman_1obs": 0.07063974551687602,
    "eval_metrics/den_peak_auroc_gw": 0.5363422822433499,
    "eval_metrics/den_pval_r2_gw": -0.031666162237922464,
    "eval_metrics/den_pval_spearman_dsf1": 0.23341226350655125,
    "eval_metrics/den_pval_pearson_dsf1": 0.27290784460982603,
    "eval_metrics/imp_pval_spearman_gw": 0.1803426126069653,
    "eval_metrics/imp_pval_pearson_dsf1": 0.20002952750240052,
    "eval_metrics/den_pval_pearson_1obs": 0.11820167739489607,
    "eval_metrics/den_count_spearman_gw": 0.11055129590605466,
    "eval_metrics/den_count_pearson_gw": 0.12147330090795692,
    "eval_metrics/imp_pval_r2_1obs": -19.225070792899917,
    "eval_metrics/imp_pval_spearman_dsf1": 0.1803426126069653,
    "eval_losses/total_loss": 5.47047955755414,
    "eval_losses/count_obs_loss": 1.355257486826495,
    "eval_losses/count_imp_loss": 1.9359004819203938,
    "eval_losses/pval_obs_loss": 0.5196587392067733,
    "eval_losses/pval_imp_loss": 0.9663986707963641,
    "eval_losses/peak_obs_loss": 0.6444010248309687,
    "eval_losses/peak_imp_loss": 0.657833153766299
  }
}
{
  "epoch": 48,
  "training_metadata_probes": {
    "training_metadata_probes/depth_count_ratio": 1.005689024925232,
    "training_metadata_probes/runtype_mse": 0.00016814381524454802,
    "training_metadata_probes/readlen_mse": 3.841912257485092e-05
  }
}
{
  "epoch": 49,
  "eval_prefixed": {
    "eval_metrics/imp_pval_r2_dsf1": -0.1575496006203236,
    "eval_metrics/den_pval_pearson_gw": 0.26424520144753744,
    "eval_metrics/imp_count_spearman_gw": -0.012406718827095438,
    "eval_metrics/den_pval_r2_dsf1": -0.03674568013949271,
    "eval_metrics/imp_pval_r2_gw": -0.1575496006203236,
    "eval_metrics/imp_count_pearson_gw": 0.017341635599020973,
    "eval_metrics/imp_pval_pearson_gw": 0.18877248158530582,
    "eval_metrics/imp_pval_spearman_1obs": 0.18903001638791486,
    "eval_metrics/den_count_r2_gw": -0.13431745801859996,
    "eval_metrics/imp_pval_pearson_1obs": 0.19090930275648596,
    "eval_metrics/imp_peak_auroc_gw": 0.5100807876270788,
    "eval_metrics/den_pval_r2_1obs": -19.16076558630279,
    "eval_metrics/imp_count_r2_gw": -0.07735008771513872,
    "eval_metrics/den_pval_spearman_gw": 0.23045487358220468,
    "eval_metrics/den_pval_spearman_1obs": 0.08852986304030681,
    "eval_metrics/den_peak_auroc_gw": 0.533210180317465,
    "eval_metrics/den_pval_r2_gw": -0.03674568013949271,
    "eval_metrics/den_pval_spearman_dsf1": 0.23045487358220468,
    "eval_metrics/den_pval_pearson_dsf1": 0.26424520144753744,
    "eval_metrics/imp_pval_spearman_gw": 0.17339650382029795,
    "eval_metrics/imp_pval_pearson_dsf1": 0.18877248158530582,
    "eval_metrics/den_pval_pearson_1obs": 0.12442550394974349,
    "eval_metrics/den_count_spearman_gw": 0.106445110181192,
    "eval_metrics/den_count_pearson_gw": 0.11729552074776668,
    "eval_metrics/imp_pval_r2_1obs": -21.75627874001869,
    "eval_metrics/imp_pval_spearman_dsf1": 0.17339650382029795,
    "eval_losses/total_loss": 5.342916354028459,
    "eval_losses/count_obs_loss": 1.2483860113118823,
    "eval_losses/count_imp_loss": 1.9338967705529833,
    "eval_losses/pval_obs_loss": 0.4722952264128253,
    "eval_losses/pval_imp_loss": 1.0040705446449538,
    "eval_losses/peak_obs_loss": 0.6428125100700479,
    "eval_losses/peak_imp_loss": 0.6562567812109751
  }
}
{
  "epoch": 49,
  "training_metadata_probes": {
    "training_metadata_probes/depth_count_ratio": 1.0055809020996094,
    "training_metadata_probes/runtype_mse": 0.00010552380990702659,
    "training_metadata_probes/readlen_mse": 3.875563925248571e-05
  }
}
{
  "epoch": 50,
  "eval_prefixed": {
    "eval_metrics/imp_pval_r2_dsf1": -0.13986232309766689,
    "eval_metrics/den_pval_pearson_gw": 0.2633655268459973,
    "eval_metrics/imp_count_spearman_gw": -0.00837278116614247,
    "eval_metrics/den_pval_r2_dsf1": -0.05544676478132909,
    "eval_metrics/imp_pval_r2_gw": -0.13986232309766689,
    "eval_metrics/imp_count_pearson_gw": 0.018016425679744562,
    "eval_metrics/imp_pval_pearson_gw": 0.19846090284131823,
    "eval_metrics/imp_pval_spearman_1obs": 0.17545566364610393,
    "eval_metrics/den_count_r2_gw": -0.15112505120306227,
    "eval_metrics/imp_pval_pearson_1obs": 0.1858102888689332,
    "eval_metrics/imp_peak_auroc_gw": 0.5151955915721179,
    "eval_metrics/den_pval_r2_1obs": -21.612503541773236,
    "eval_metrics/imp_count_r2_gw": -0.06469219168137809,
    "eval_metrics/den_pval_spearman_gw": 0.23361163165753762,
    "eval_metrics/den_pval_spearman_1obs": 0.09425454455338027,
    "eval_metrics/den_peak_auroc_gw": 0.53661630696506,
    "eval_metrics/den_pval_r2_gw": -0.05544676478132909,
    "eval_metrics/den_pval_spearman_dsf1": 0.23361163165753762,
    "eval_metrics/den_pval_pearson_dsf1": 0.2633655268459973,
    "eval_metrics/imp_pval_spearman_gw": 0.17703495911814138,
    "eval_metrics/imp_pval_pearson_dsf1": 0.19846090284131823,
    "eval_metrics/den_pval_pearson_1obs": 0.13849094639820242,
    "eval_metrics/den_count_spearman_gw": 0.10820928626605636,
    "eval_metrics/den_count_pearson_gw": 0.11489960901733291,
    "eval_metrics/imp_pval_r2_1obs": -23.232563184508397,
    "eval_metrics/imp_pval_spearman_dsf1": 0.17703495911814138,
    "eval_losses/total_loss": 5.07462336895007,
    "eval_losses/count_obs_loss": 1.2749417879079517,
    "eval_losses/count_imp_loss": 1.9089444279670715,
    "eval_losses/pval_obs_loss": 0.49137974498597414,
    "eval_losses/pval_imp_loss": 0.6545787271526124,
    "eval_losses/peak_obs_loss": 0.6401137529235137,
    "eval_losses/peak_imp_loss": 0.6552434213577755
  }
}
{
  "epoch": 50,
  "training_metadata_probes": {
    "training_metadata_probes/depth_count_ratio": 1.0057649612426758,
    "training_metadata_probes/runtype_mse": 9.915049304254353e-05,
    "training_metadata_probes/readlen_mse": 4.228672696626745e-05
  }
}
{
  "epoch": 51,
  "eval_prefixed": {
    "eval_metrics/imp_pval_r2_dsf1": -0.13811923794918476,
    "eval_metrics/den_pval_pearson_gw": 0.26891131022650944,
    "eval_metrics/imp_count_spearman_gw": -0.009711591493107869,
    "eval_metrics/den_pval_r2_dsf1": -0.013855082250637533,
    "eval_metrics/imp_pval_r2_gw": -0.13811923794918476,
    "eval_metrics/imp_count_pearson_gw": 0.022902224130655034,
    "eval_metrics/imp_pval_pearson_gw": 0.19595952737071212,
    "eval_metrics/imp_pval_spearman_1obs": 0.17445825435491472,
    "eval_metrics/den_count_r2_gw": -0.11458681751155456,
    "eval_metrics/imp_pval_pearson_1obs": 0.17211514638943803,
    "eval_metrics/imp_peak_auroc_gw": 0.5415906239499522,
    "eval_metrics/den_pval_r2_1obs": -32.88019765801876,
    "eval_metrics/imp_count_r2_gw": -0.0710379306645972,
    "eval_metrics/den_pval_spearman_gw": 0.23534052599309926,
    "eval_metrics/den_pval_spearman_1obs": 0.062082257069124146,
    "eval_metrics/den_peak_auroc_gw": 0.5314030026082851,
    "eval_metrics/den_pval_r2_gw": -0.013855082250637533,
    "eval_metrics/den_pval_spearman_dsf1": 0.23534052599309926,
    "eval_metrics/den_pval_pearson_dsf1": 0.26891131022650944,
    "eval_metrics/imp_pval_spearman_gw": 0.17847376818200553,
    "eval_metrics/imp_pval_pearson_dsf1": 0.19595952737071212,
    "eval_metrics/den_pval_pearson_1obs": 0.10224125462608706,
    "eval_metrics/den_count_spearman_gw": 0.11042716966135514,
    "eval_metrics/den_count_pearson_gw": 0.11905365226496208,
    "eval_metrics/imp_pval_r2_1obs": -31.44031887372012,
    "eval_metrics/imp_pval_spearman_dsf1": 0.17847376818200553,
    "eval_losses/total_loss": 5.258318150538559,
    "eval_losses/count_obs_loss": 1.3254431886108298,
    "eval_losses/count_imp_loss": 1.9365176672027224,
    "eval_losses/pval_obs_loss": 0.526699291615698,
    "eval_losses/pval_imp_loss": 0.7525396617277275,
    "eval_losses/peak_obs_loss": 0.6368693576047295,
    "eval_losses/peak_imp_loss": 0.6516931435418507
  }
}
{
  "epoch": 51,
  "training_metadata_probes": {
    "training_metadata_probes/depth_count_ratio": 1.0057367086410522,
    "training_metadata_probes/runtype_mse": 0.00010922561341430992,
    "training_metadata_probes/readlen_mse": 4.705952960648574e-05
  }
}
{
  "epoch": 52,
  "eval_prefixed": {
    "eval_metrics/imp_pval_r2_dsf1": -0.12712153724826408,
    "eval_metrics/den_pval_pearson_gw": 0.2655504535221936,
    "eval_metrics/imp_count_spearman_gw": -0.012643055537659481,
    "eval_metrics/den_pval_r2_dsf1": -0.05567664898426359,
    "eval_metrics/imp_pval_r2_gw": -0.12712153724826408,
    "eval_metrics/imp_count_pearson_gw": 0.01736694208294567,
    "eval_metrics/imp_pval_pearson_gw": 0.19405128109076666,
    "eval_metrics/imp_pval_spearman_1obs": 0.2038928208838214,
    "eval_metrics/den_count_r2_gw": -0.09952322388728153,
    "eval_metrics/imp_pval_pearson_1obs": 0.1854301459056192,
    "eval_metrics/imp_peak_auroc_gw": 0.5451283674915656,
    "eval_metrics/den_pval_r2_1obs": -28.533279989035396,
    "eval_metrics/imp_count_r2_gw": -0.06642463887494089,
    "eval_metrics/den_pval_spearman_gw": 0.23288514515608844,
    "eval_metrics/den_pval_spearman_1obs": 0.09506542755442372,
    "eval_metrics/den_peak_auroc_gw": 0.5177967399436655,
    "eval_metrics/den_pval_r2_gw": -0.05567664898426359,
    "eval_metrics/den_pval_spearman_dsf1": 0.23288514515608844,
    "eval_metrics/den_pval_pearson_dsf1": 0.2655504535221936,
    "eval_metrics/imp_pval_spearman_gw": 0.17268526587584987,
    "eval_metrics/imp_pval_pearson_dsf1": 0.19405128109076666,
    "eval_metrics/den_pval_pearson_1obs": 0.14557344791185306,
    "eval_metrics/den_count_spearman_gw": 0.11054900272751592,
    "eval_metrics/den_count_pearson_gw": 0.12435648690811113,
    "eval_metrics/imp_pval_r2_1obs": -30.29277870751258,
    "eval_metrics/imp_pval_spearman_dsf1": 0.17268526587584987,
    "eval_losses/total_loss": 5.24917708956759,
    "eval_losses/count_obs_loss": 1.2648776306917793,
    "eval_losses/count_imp_loss": 1.9169953541150169,
    "eval_losses/pval_obs_loss": 0.49899521658172535,
    "eval_losses/pval_imp_loss": 0.8694520597420041,
    "eval_losses/peak_obs_loss": 0.6360078226578864,
    "eval_losses/peak_imp_loss": 0.6507990606247432
  }
}
{
  "epoch": 52,
  "training_metadata_probes": {
    "training_metadata_probes/depth_count_ratio": 1.0057586431503296,
    "training_metadata_probes/runtype_mse": 7.798329897923395e-05,
    "training_metadata_probes/readlen_mse": 4.535426342044957e-05
  }
}
{
  "epoch": 53,
  "eval_prefixed": {
    "eval_metrics/imp_pval_r2_dsf1": -0.10924449801468271,
    "eval_metrics/den_pval_pearson_gw": 0.26532516195928973,
    "eval_metrics/imp_count_spearman_gw": -0.016106728441080055,
    "eval_metrics/den_pval_r2_dsf1": -0.03909649512900084,
    "eval_metrics/imp_pval_r2_gw": -0.10924449801468271,
    "eval_metrics/imp_count_pearson_gw": 0.017758919798310787,
    "eval_metrics/imp_pval_pearson_gw": 0.21099693529189578,
    "eval_metrics/imp_pval_spearman_1obs": 0.1920969177856456,
    "eval_metrics/den_count_r2_gw": -0.15657873694236313,
    "eval_metrics/imp_pval_pearson_1obs": 0.2035463674156557,
    "eval_metrics/imp_peak_auroc_gw": 0.5270347260687783,
    "eval_metrics/den_pval_r2_1obs": -22.506798455185304,
    "eval_metrics/imp_count_r2_gw": -0.06517872885934908,
    "eval_metrics/den_pval_spearman_gw": 0.23342102926810093,
    "eval_metrics/den_pval_spearman_1obs": 0.10084166722868156,
    "eval_metrics/den_peak_auroc_gw": 0.5274616546057999,
    "eval_metrics/den_pval_r2_gw": -0.03909649512900084,
    "eval_metrics/den_pval_spearman_dsf1": 0.23342102926810093,
    "eval_metrics/den_pval_pearson_dsf1": 0.26532516195928973,
    "eval_metrics/imp_pval_spearman_gw": 0.18214457223681071,
    "eval_metrics/imp_pval_pearson_dsf1": 0.21099693529189578,
    "eval_metrics/den_pval_pearson_1obs": 0.1499058727619836,
    "eval_metrics/den_count_spearman_gw": 0.11132421512045242,
    "eval_metrics/den_count_pearson_gw": 0.12041741788485333,
    "eval_metrics/imp_pval_r2_1obs": -27.37223620116636,
    "eval_metrics/imp_pval_spearman_dsf1": 0.18214457223681071,
    "eval_losses/total_loss": 5.076156037989054,
    "eval_losses/count_obs_loss": 1.2503692695969029,
    "eval_losses/count_imp_loss": 1.9191824576211354,
    "eval_losses/pval_obs_loss": 0.4519630239021928,
    "eval_losses/pval_imp_loss": 0.7376953805722888,
    "eval_losses/peak_obs_loss": 0.6322404373633234,
    "eval_losses/peak_imp_loss": 0.6504290084990244
  }
}
{
  "epoch": 53,
  "training_metadata_probes": {
    "training_metadata_probes/depth_count_ratio": 1.0057597160339355,
    "training_metadata_probes/runtype_mse": 8.220729796448722e-05,
    "training_metadata_probes/readlen_mse": 4.841623376705684e-05
  }
}
{
  "epoch": 54,
  "eval_prefixed": {
    "eval_metrics/imp_pval_r2_dsf1": -0.1434538214607249,
    "eval_metrics/den_pval_pearson_gw": 0.2736116794036015,
    "eval_metrics/imp_count_spearman_gw": -0.006974985835806063,
    "eval_metrics/den_pval_r2_dsf1": -0.015619632784122702,
    "eval_metrics/imp_pval_r2_gw": -0.1434538214607249,
    "eval_metrics/imp_count_pearson_gw": 0.021582363487502174,
    "eval_metrics/imp_pval_pearson_gw": 0.1968882273113917,
    "eval_metrics/imp_pval_spearman_1obs": 0.18659604359473897,
    "eval_metrics/den_count_r2_gw": -0.12246865501551478,
    "eval_metrics/imp_pval_pearson_1obs": 0.19657103972332107,
    "eval_metrics/imp_peak_auroc_gw": 0.5271790469336277,
    "eval_metrics/den_pval_r2_1obs": -22.062531887998855,
    "eval_metrics/imp_count_r2_gw": -0.0670281530872291,
    "eval_metrics/den_pval_spearman_gw": 0.23870656447511607,
    "eval_metrics/den_pval_spearman_1obs": 0.0811861884896246,
    "eval_metrics/den_peak_auroc_gw": 0.5315199459897698,
    "eval_metrics/den_pval_r2_gw": -0.015619632784122702,
    "eval_metrics/den_pval_spearman_dsf1": 0.23870656447511607,
    "eval_metrics/den_pval_pearson_dsf1": 0.2736116794036015,
    "eval_metrics/imp_pval_spearman_gw": 0.17216489152576628,
    "eval_metrics/imp_pval_pearson_dsf1": 0.1968882273113917,
    "eval_metrics/den_pval_pearson_1obs": 0.12898084038170055,
    "eval_metrics/den_count_spearman_gw": 0.11014973003872476,
    "eval_metrics/den_count_pearson_gw": 0.12045541817420408,
    "eval_metrics/imp_pval_r2_1obs": -27.69167741199151,
    "eval_metrics/imp_pval_spearman_dsf1": 0.17216489152576628,
    "eval_losses/total_loss": 5.35801674908266,
    "eval_losses/count_obs_loss": 1.2212723015170348,
    "eval_losses/count_imp_loss": 1.948551214876629,
    "eval_losses/pval_obs_loss": 0.46920960879192297,
    "eval_losses/pval_imp_loss": 1.0684639125589341,
    "eval_losses/peak_obs_loss": 0.6297509552616822,
    "eval_losses/peak_imp_loss": 0.6476130494995723
  }
}
{
  "epoch": 54,
  "training_metadata_probes": {
    "training_metadata_probes/depth_count_ratio": 1.0058025121688843,
    "training_metadata_probes/runtype_mse": 7.200267282314599e-05,
    "training_metadata_probes/readlen_mse": 5.124522795085795e-05
  }
}
{
  "epoch": 55,
  "eval_prefixed": {
    "eval_metrics/imp_pval_r2_dsf1": -0.1501725004054787,
    "eval_metrics/den_pval_pearson_gw": 0.2684150008043568,
    "eval_metrics/imp_count_spearman_gw": -0.00866008144347845,
    "eval_metrics/den_pval_r2_dsf1": -0.0221159191185901,
    "eval_metrics/imp_pval_r2_gw": -0.1501725004054787,
    "eval_metrics/imp_count_pearson_gw": 0.024306593835169064,
    "eval_metrics/imp_pval_pearson_gw": 0.1936416925773734,
    "eval_metrics/imp_pval_spearman_1obs": 0.19205909706500238,
    "eval_metrics/den_count_r2_gw": -0.1371719420032626,
    "eval_metrics/imp_pval_pearson_1obs": 0.1739842760420981,
    "eval_metrics/imp_peak_auroc_gw": 0.5148281506727485,
    "eval_metrics/den_pval_r2_1obs": -29.773656383943806,
    "eval_metrics/imp_count_r2_gw": -0.07397339670884512,
    "eval_metrics/den_pval_spearman_gw": 0.23657000617771598,
    "eval_metrics/den_pval_spearman_1obs": 0.09164863840010318,
    "eval_metrics/den_peak_auroc_gw": 0.5346906415924951,
    "eval_metrics/den_pval_r2_gw": -0.0221159191185901,
    "eval_metrics/den_pval_spearman_dsf1": 0.23657000617771598,
    "eval_metrics/den_pval_pearson_dsf1": 0.2684150008043568,
    "eval_metrics/imp_pval_spearman_gw": 0.17158209348413275,
    "eval_metrics/imp_pval_pearson_dsf1": 0.1936416925773734,
    "eval_metrics/den_pval_pearson_1obs": 0.12440272515615154,
    "eval_metrics/den_count_spearman_gw": 0.11185580339837503,
    "eval_metrics/den_count_pearson_gw": 0.12453786119524586,
    "eval_metrics/imp_pval_r2_1obs": -34.76057443830632,
    "eval_metrics/imp_pval_spearman_dsf1": 0.17158209348413275,
    "eval_losses/total_loss": 5.154627771404768,
    "eval_losses/count_obs_loss": 1.2779321584262346,
    "eval_losses/count_imp_loss": 1.9524747237326607,
    "eval_losses/pval_obs_loss": 0.494204338358127,
    "eval_losses/pval_imp_loss": 0.7248227815439422,
    "eval_losses/peak_obs_loss": 0.6263556198069924,
    "eval_losses/peak_imp_loss": 0.6475645544983092
  }
}
{
  "epoch": 55,
  "training_metadata_probes": {
    "training_metadata_probes/depth_count_ratio": 1.0060439109802246,
    "training_metadata_probes/runtype_mse": 9.966008656192571e-05,
    "training_metadata_probes/readlen_mse": 6.229781138245016e-05
  }
}
{
  "epoch": 56,
  "eval_prefixed": {
    "eval_metrics/imp_pval_r2_dsf1": -0.1433768504802543,
    "eval_metrics/den_pval_pearson_gw": 0.27390507319451946,
    "eval_metrics/imp_count_spearman_gw": -0.011976885928957652,
    "eval_metrics/den_pval_r2_dsf1": -0.015778763469783953,
    "eval_metrics/imp_pval_r2_gw": -0.1433768504802543,
    "eval_metrics/imp_count_pearson_gw": 0.019127302738423977,
    "eval_metrics/imp_pval_pearson_gw": 0.20229630195905293,
    "eval_metrics/imp_pval_spearman_1obs": 0.1829221222132546,
    "eval_metrics/den_count_r2_gw": -0.13882477288304643,
    "eval_metrics/imp_pval_pearson_1obs": 0.1679374222756393,
    "eval_metrics/imp_peak_auroc_gw": 0.5339310597018037,
    "eval_metrics/den_pval_r2_1obs": -34.06953504276877,
    "eval_metrics/imp_count_r2_gw": -0.07380105966898048,
    "eval_metrics/den_pval_spearman_gw": 0.2415233370066075,
    "eval_metrics/den_pval_spearman_1obs": 0.08926535909351446,
    "eval_metrics/den_peak_auroc_gw": 0.5346437404785723,
    "eval_metrics/den_pval_r2_gw": -0.015778763469783953,
    "eval_metrics/den_pval_spearman_dsf1": 0.2415233370066075,
    "eval_metrics/den_pval_pearson_dsf1": 0.27390507319451946,
    "eval_metrics/imp_pval_spearman_gw": 0.17845652443221177,
    "eval_metrics/imp_pval_pearson_dsf1": 0.20229630195905293,
    "eval_metrics/den_pval_pearson_1obs": 0.1358697026459451,
    "eval_metrics/den_count_spearman_gw": 0.11242403598384423,
    "eval_metrics/den_count_pearson_gw": 0.1327991945374953,
    "eval_metrics/imp_pval_r2_1obs": -23.6518474128649,
    "eval_metrics/imp_pval_spearman_dsf1": 0.17845652443221177,
    "eval_losses/total_loss": 5.4109982033750335,
    "eval_losses/count_obs_loss": 1.3447035966735137,
    "eval_losses/count_imp_loss": 1.9480133879752386,
    "eval_losses/pval_obs_loss": 0.4887319448600082,
    "eval_losses/pval_imp_loss": 0.9693728934914346,
    "eval_losses/peak_obs_loss": 0.6235415457110656,
    "eval_losses/peak_imp_loss": 0.6461947475160871
  }
}
{
  "epoch": 56,
  "training_metadata_probes": {
    "training_metadata_probes/depth_count_ratio": 1.0062474012374878,
    "training_metadata_probes/runtype_mse": 0.00011019416706403717,
    "training_metadata_probes/readlen_mse": 6.186770770000294e-05
  }
}
{
  "epoch": 57,
  "eval_prefixed": {
    "eval_metrics/imp_pval_r2_dsf1": -0.1529094792569353,
    "eval_metrics/den_pval_pearson_gw": 0.273852705071668,
    "eval_metrics/imp_count_spearman_gw": -0.01089316365758966,
    "eval_metrics/den_pval_r2_dsf1": -0.03051159563564934,
    "eval_metrics/imp_pval_r2_gw": -0.1529094792569353,
    "eval_metrics/imp_count_pearson_gw": 0.023748143325700233,
    "eval_metrics/imp_pval_pearson_gw": 0.19396853411481493,
    "eval_metrics/imp_pval_spearman_1obs": 0.19574174373991973,
    "eval_metrics/den_count_r2_gw": -0.16290757371449038,
    "eval_metrics/imp_pval_pearson_1obs": 0.18050970953135265,
    "eval_metrics/imp_peak_auroc_gw": 0.531908051305922,
    "eval_metrics/den_pval_r2_1obs": -33.78986843494582,
    "eval_metrics/imp_count_r2_gw": -0.06859905838842446,
    "eval_metrics/den_pval_spearman_gw": 0.23611711701923688,
    "eval_metrics/den_pval_spearman_1obs": 0.12549475547831845,
    "eval_metrics/den_peak_auroc_gw": 0.5428238642723214,
    "eval_metrics/den_pval_r2_gw": -0.03051159563564934,
    "eval_metrics/den_pval_spearman_dsf1": 0.23611711701923688,
    "eval_metrics/den_pval_pearson_dsf1": 0.273852705071668,
    "eval_metrics/imp_pval_spearman_gw": 0.17351897911305486,
    "eval_metrics/imp_pval_pearson_dsf1": 0.19396853411481493,
    "eval_metrics/den_pval_pearson_1obs": 0.15486619377043098,
    "eval_metrics/den_count_spearman_gw": 0.11476567643850172,
    "eval_metrics/den_count_pearson_gw": 0.12173158070072532,
    "eval_metrics/imp_pval_r2_1obs": -24.812642539936792,
    "eval_metrics/imp_pval_spearman_dsf1": 0.17351897911305486,
    "eval_losses/total_loss": 5.379343092564102,
    "eval_losses/count_obs_loss": 1.3573245790443922,
    "eval_losses/count_imp_loss": 1.950739526559436,
    "eval_losses/pval_obs_loss": 0.4846841982369752,
    "eval_losses/pval_imp_loss": 0.9218578894460012,
    "eval_losses/peak_obs_loss": 0.6213561986622057,
    "eval_losses/peak_imp_loss": 0.6450904707113901
  }
}
{
  "epoch": 57,
  "training_metadata_probes": {
    "training_metadata_probes/depth_count_ratio": 1.0062298774719238,
    "training_metadata_probes/runtype_mse": 0.00011467179137980565,
    "training_metadata_probes/readlen_mse": 7.215041114250198e-05
  }
}
{
  "epoch": 58,
  "eval_prefixed": {
    "eval_metrics/imp_pval_r2_dsf1": -0.12841573175716328,
    "eval_metrics/den_pval_pearson_gw": 0.2756003760119998,
    "eval_metrics/imp_count_spearman_gw": -0.004926550654980501,
    "eval_metrics/den_pval_r2_dsf1": -0.006134073447048747,
    "eval_metrics/imp_pval_r2_gw": -0.12841573175716328,
    "eval_metrics/imp_count_pearson_gw": 0.022171975662613044,
    "eval_metrics/imp_pval_pearson_gw": 0.18999626794977795,
    "eval_metrics/imp_pval_spearman_1obs": 0.2064982153207187,
    "eval_metrics/den_count_r2_gw": -0.1148044880409905,
    "eval_metrics/imp_pval_pearson_1obs": 0.18434954854467558,
    "eval_metrics/imp_peak_auroc_gw": 0.5178821892279296,
    "eval_metrics/den_pval_r2_1obs": -29.650967711974353,
    "eval_metrics/imp_count_r2_gw": -0.06586188540519841,
    "eval_metrics/den_pval_spearman_gw": 0.23948055679329028,
    "eval_metrics/den_pval_spearman_1obs": 0.08063489262053991,
    "eval_metrics/den_peak_auroc_gw": 0.5338032775750023,
    "eval_metrics/den_pval_r2_gw": -0.006134073447048747,
    "eval_metrics/den_pval_spearman_dsf1": 0.23948055679329028,
    "eval_metrics/den_pval_pearson_dsf1": 0.2756003760119998,
    "eval_metrics/imp_pval_spearman_gw": 0.16966953836192433,
    "eval_metrics/imp_pval_pearson_dsf1": 0.18999626794977795,
    "eval_metrics/den_pval_pearson_1obs": 0.11459965170031769,
    "eval_metrics/den_count_spearman_gw": 0.11585461771109436,
    "eval_metrics/den_count_pearson_gw": 0.12728777669958377,
    "eval_metrics/imp_pval_r2_1obs": -20.841975708261298,
    "eval_metrics/imp_pval_spearman_dsf1": 0.16966953836192433,
    "eval_losses/total_loss": 5.3797585775671335,
    "eval_losses/count_obs_loss": 1.3519129729584645,
    "eval_losses/count_imp_loss": 1.9300378069045052,
    "eval_losses/pval_obs_loss": 0.4877257484048115,
    "eval_losses/pval_imp_loss": 0.9464933787073407,
    "eval_losses/peak_obs_loss": 0.6205653642353258,
    "eval_losses/peak_imp_loss": 0.6454710586676522
  }
}
{
  "epoch": 58,
  "training_metadata_probes": {
    "training_metadata_probes/depth_count_ratio": 1.0062203407287598,
    "training_metadata_probes/runtype_mse": 0.00012713887554127723,
    "training_metadata_probes/readlen_mse": 7.320570148294792e-05
  }
}
{
  "epoch": 59,
  "eval_prefixed": {
    "eval_metrics/imp_pval_r2_dsf1": -0.15248368834277123,
    "eval_metrics/den_pval_pearson_gw": 0.27587318750049333,
    "eval_metrics/imp_count_spearman_gw": -0.005182218526283256,
    "eval_metrics/den_pval_r2_dsf1": -0.008921098945309798,
    "eval_metrics/imp_pval_r2_gw": -0.15248368834277123,
    "eval_metrics/imp_count_pearson_gw": 0.021175286345486898,
    "eval_metrics/imp_pval_pearson_gw": 0.18489358160230848,
    "eval_metrics/imp_pval_spearman_1obs": 0.18178600316383176,
    "eval_metrics/den_count_r2_gw": -0.15305123257316597,
    "eval_metrics/imp_pval_pearson_1obs": 0.1746255109485771,
    "eval_metrics/imp_peak_auroc_gw": 0.5120347124151446,
    "eval_metrics/den_pval_r2_1obs": -23.652431877286887,
    "eval_metrics/imp_count_r2_gw": -0.06621265834915623,
    "eval_metrics/den_pval_spearman_gw": 0.23428591364720533,
    "eval_metrics/den_pval_spearman_1obs": 0.11620382456288203,
    "eval_metrics/den_peak_auroc_gw": 0.5324353683949591,
    "eval_metrics/den_pval_r2_gw": -0.008921098945309798,
    "eval_metrics/den_pval_spearman_dsf1": 0.23428591364720533,
    "eval_metrics/den_pval_pearson_dsf1": 0.27587318750049333,
    "eval_metrics/imp_pval_spearman_gw": 0.15970615003704394,
    "eval_metrics/imp_pval_pearson_dsf1": 0.18489358160230848,
    "eval_metrics/den_pval_pearson_1obs": 0.1445489040006099,
    "eval_metrics/den_count_spearman_gw": 0.11581701203935618,
    "eval_metrics/den_count_pearson_gw": 0.1267894956430322,
    "eval_metrics/imp_pval_r2_1obs": -24.61080832875124,
    "eval_metrics/imp_pval_spearman_dsf1": 0.15970615003704394,
    "eval_losses/total_loss": 4.988119107122705,
    "eval_losses/count_obs_loss": 1.23576536147218,
    "eval_losses/count_imp_loss": 1.8633793639758276,
    "eval_losses/pval_obs_loss": 0.4548323545513037,
    "eval_losses/pval_imp_loss": 0.7225440900240626,
    "eval_losses/peak_obs_loss": 0.6194732644056019,
    "eval_losses/peak_imp_loss": 0.6447377782019358
  }
}
{
  "epoch": 59,
  "training_metadata_probes": {
    "training_metadata_probes/depth_count_ratio": 1.0060456991195679,
    "training_metadata_probes/runtype_mse": 0.00013870453403797,
    "training_metadata_probes/readlen_mse": 7.429256947943941e-05
  }
}
{
  "epoch": 60,
  "eval_prefixed": {
    "eval_metrics/imp_pval_r2_dsf1": -0.12614471246661862,
    "eval_metrics/den_pval_pearson_gw": 0.27617467412308444,
    "eval_metrics/imp_count_spearman_gw": -0.002899428854376031,
    "eval_metrics/den_pval_r2_dsf1": -0.007948181714286424,
    "eval_metrics/imp_pval_r2_gw": -0.12614471246661862,
    "eval_metrics/imp_count_pearson_gw": 0.023500287917808498,
    "eval_metrics/imp_pval_pearson_gw": 0.2060420150085101,
    "eval_metrics/imp_pval_spearman_1obs": 0.21000023029317683,
    "eval_metrics/den_count_r2_gw": -0.11931179232685339,
    "eval_metrics/imp_pval_pearson_1obs": 0.19542036654191122,
    "eval_metrics/imp_peak_auroc_gw": 0.5521843684170619,
    "eval_metrics/den_pval_r2_1obs": -26.628802411526873,
    "eval_metrics/imp_count_r2_gw": -0.05751338965195545,
    "eval_metrics/den_pval_spearman_gw": 0.2288174879661382,
    "eval_metrics/den_pval_spearman_1obs": 0.1129125552700766,
    "eval_metrics/den_peak_auroc_gw": 0.5324410854257412,
    "eval_metrics/den_pval_r2_gw": -0.007948181714286424,
    "eval_metrics/den_pval_spearman_dsf1": 0.2288174879661382,
    "eval_metrics/den_pval_pearson_dsf1": 0.27617467412308444,
    "eval_metrics/imp_pval_spearman_gw": 0.16848123518094418,
    "eval_metrics/imp_pval_pearson_dsf1": 0.2060420150085101,
    "eval_metrics/den_pval_pearson_1obs": 0.15522680078682147,
    "eval_metrics/den_count_spearman_gw": 0.11550423701607633,
    "eval_metrics/den_count_pearson_gw": 0.12337294358171914,
    "eval_metrics/imp_pval_r2_1obs": -35.74534386477884,
    "eval_metrics/imp_pval_spearman_dsf1": 0.16848123518094418,
    "eval_losses/total_loss": 5.0813410709838776,
    "eval_losses/count_obs_loss": 1.2569916044410907,
    "eval_losses/count_imp_loss": 1.9087181469750782,
    "eval_losses/pval_obs_loss": 0.45917662245674845,
    "eval_losses/pval_imp_loss": 0.766961382849822,
    "eval_losses/peak_obs_loss": 0.6165259888297633,
    "eval_losses/peak_imp_loss": 0.6401484225477491
  }
}
{
  "epoch": 60,
  "training_metadata_probes": {
    "training_metadata_probes/depth_count_ratio": 1.0063196420669556,
    "training_metadata_probes/runtype_mse": 0.00015913900278974324,
    "training_metadata_probes/readlen_mse": 8.207291830331087e-05
  }
}
{
  "epoch": 61,
  "eval_prefixed": {
    "eval_metrics/imp_pval_r2_dsf1": -0.17238160292916632,
    "eval_metrics/den_pval_pearson_gw": 0.26946693141699624,
    "eval_metrics/imp_count_spearman_gw": -0.0010710152649337703,
    "eval_metrics/den_pval_r2_dsf1": -0.005396000051999466,
    "eval_metrics/imp_pval_r2_gw": -0.17238160292916632,
    "eval_metrics/imp_count_pearson_gw": 0.023811575879956345,
    "eval_metrics/imp_pval_pearson_gw": 0.1958267121679253,
    "eval_metrics/imp_pval_spearman_1obs": 0.17429775143996795,
    "eval_metrics/den_count_r2_gw": -0.14052824033378725,
    "eval_metrics/imp_pval_pearson_1obs": 0.16571597258249918,
    "eval_metrics/imp_peak_auroc_gw": 0.5506378283457188,
    "eval_metrics/den_pval_r2_1obs": -19.211707963864512,
    "eval_metrics/imp_count_r2_gw": -0.056822088480336874,
    "eval_metrics/den_pval_spearman_gw": 0.2311492031228619,
    "eval_metrics/den_pval_spearman_1obs": 0.11188125954587792,
    "eval_metrics/den_peak_auroc_gw": 0.5326154778044995,
    "eval_metrics/den_pval_r2_gw": -0.005396000051999466,
    "eval_metrics/den_pval_spearman_dsf1": 0.2311492031228619,
    "eval_metrics/den_pval_pearson_dsf1": 0.26946693141699624,
    "eval_metrics/imp_pval_spearman_gw": 0.17386911291271562,
    "eval_metrics/imp_pval_pearson_dsf1": 0.1958267121679253,
    "eval_metrics/den_pval_pearson_1obs": 0.14828127848082467,
    "eval_metrics/den_count_spearman_gw": 0.11361971461669958,
    "eval_metrics/den_count_pearson_gw": 0.12631117057447372,
    "eval_metrics/imp_pval_r2_1obs": -32.5911622392067,
    "eval_metrics/imp_pval_spearman_dsf1": 0.17386911291271562,
    "eval_losses/total_loss": 5.013611005406251,
    "eval_losses/count_obs_loss": 1.25292527832483,
    "eval_losses/count_imp_loss": 1.8920389007008265,
    "eval_losses/pval_obs_loss": 0.4487023122415657,
    "eval_losses/pval_imp_loss": 0.7252129591439688,
    "eval_losses/peak_obs_loss": 0.6134140334631267,
    "eval_losses/peak_imp_loss": 0.6381651716572898
  }
}
{
  "epoch": 61,
  "training_metadata_probes": {
    "training_metadata_probes/depth_count_ratio": 1.0064456462860107,
    "training_metadata_probes/runtype_mse": 0.00014616969565395266,
    "training_metadata_probes/readlen_mse": 8.07527540018782e-05
  }
}
{
  "epoch": 62,
  "eval_prefixed": {
    "eval_metrics/imp_pval_r2_dsf1": -0.12751778051882032,
    "eval_metrics/den_pval_pearson_gw": 0.2771968302365981,
    "eval_metrics/imp_count_spearman_gw": -1.0701090506213617e-05,
    "eval_metrics/den_pval_r2_dsf1": 0.017365500116157517,
    "eval_metrics/imp_pval_r2_gw": -0.12751778051882032,
    "eval_metrics/imp_count_pearson_gw": 0.026444641706124428,
    "eval_metrics/imp_pval_pearson_gw": 0.20160145525421416,
    "eval_metrics/imp_pval_spearman_1obs": 0.19933301336372897,
    "eval_metrics/den_count_r2_gw": -0.13964053332605383,
    "eval_metrics/imp_pval_pearson_1obs": 0.1941109778256052,
    "eval_metrics/imp_peak_auroc_gw": 0.5355332229246739,
    "eval_metrics/den_pval_r2_1obs": -24.77891833024324,
    "eval_metrics/imp_count_r2_gw": -0.058619630130872825,
    "eval_metrics/den_pval_spearman_gw": 0.24247889172445217,
    "eval_metrics/den_pval_spearman_1obs": 0.1001829624872072,
    "eval_metrics/den_peak_auroc_gw": 0.5400502134063677,
    "eval_metrics/den_pval_r2_gw": 0.017365500116157517,
    "eval_metrics/den_pval_spearman_dsf1": 0.24247889172445217,
    "eval_metrics/den_pval_pearson_dsf1": 0.2771968302365981,
    "eval_metrics/imp_pval_spearman_gw": 0.16910725548949482,
    "eval_metrics/imp_pval_pearson_dsf1": 0.20160145525421416,
    "eval_metrics/den_pval_pearson_1obs": 0.14517842894450664,
    "eval_metrics/den_count_spearman_gw": 0.1164156992099988,
    "eval_metrics/den_count_pearson_gw": 0.1253185865077141,
    "eval_metrics/imp_pval_r2_1obs": -33.416542846168944,
    "eval_metrics/imp_pval_spearman_dsf1": 0.16910725548949482,
    "eval_losses/total_loss": 5.281122054181699,
    "eval_losses/count_obs_loss": 1.2871778897548978,
    "eval_losses/count_imp_loss": 1.9009912241072882,
    "eval_losses/pval_obs_loss": 0.4549306272896693,
    "eval_losses/pval_imp_loss": 0.992628694526733,
    "eval_losses/peak_obs_loss": 0.6115955012409311,
    "eval_losses/peak_imp_loss": 0.6378685056217133
  }
}
{
  "epoch": 62,
  "training_metadata_probes": {
    "training_metadata_probes/depth_count_ratio": 1.006821870803833,
    "training_metadata_probes/runtype_mse": 0.00015022410661913455,
    "training_metadata_probes/readlen_mse": 7.606990402564406e-05
  }
}
{
  "epoch": 63,
  "eval_prefixed": {
    "eval_metrics/imp_pval_r2_dsf1": -0.14693937865885548,
    "eval_metrics/den_pval_pearson_gw": 0.274905564863921,
    "eval_metrics/imp_count_spearman_gw": -0.005745779635737886,
    "eval_metrics/den_pval_r2_dsf1": -0.0027399751221372707,
    "eval_metrics/imp_pval_r2_gw": -0.14693937865885548,
    "eval_metrics/imp_count_pearson_gw": 0.02591738968049102,
    "eval_metrics/imp_pval_pearson_gw": 0.19214381579132306,
    "eval_metrics/imp_pval_spearman_1obs": 0.1926039357009406,
    "eval_metrics/den_count_r2_gw": -0.12539616089797576,
    "eval_metrics/imp_pval_pearson_1obs": 0.18680394850837598,
    "eval_metrics/imp_peak_auroc_gw": 0.5240089579418691,
    "eval_metrics/den_pval_r2_1obs": -24.88051967402651,
    "eval_metrics/imp_count_r2_gw": -0.06005070837758908,
    "eval_metrics/den_pval_spearman_gw": 0.23429515055414346,
    "eval_metrics/den_pval_spearman_1obs": 0.13212090357665718,
    "eval_metrics/den_peak_auroc_gw": 0.5305003700510165,
    "eval_metrics/den_pval_r2_gw": -0.0027399751221372707,
    "eval_metrics/den_pval_spearman_dsf1": 0.23429515055414346,
    "eval_metrics/den_pval_pearson_dsf1": 0.274905564863921,
    "eval_metrics/imp_pval_spearman_gw": 0.15574814129712264,
    "eval_metrics/imp_pval_pearson_dsf1": 0.19214381579132306,
    "eval_metrics/den_pval_pearson_1obs": 0.1689292728758454,
    "eval_metrics/den_count_spearman_gw": 0.11582879894197405,
    "eval_metrics/den_count_pearson_gw": 0.12652672077284047,
    "eval_metrics/imp_pval_r2_1obs": -21.051046659825413,
    "eval_metrics/imp_pval_spearman_dsf1": 0.15574814129712264,
    "eval_losses/total_loss": 5.0839976890925564,
    "eval_losses/count_obs_loss": 1.2260912099951191,
    "eval_losses/count_imp_loss": 1.8781217374498882,
    "eval_losses/pval_obs_loss": 0.4387042434230496,
    "eval_losses/pval_imp_loss": 0.8709553594863604,
    "eval_losses/peak_obs_loss": 0.6110316660059126,
    "eval_losses/peak_imp_loss": 0.6385572410765148
  }
}
{
  "epoch": 63,
  "training_metadata_probes": {
    "training_metadata_probes/depth_count_ratio": 1.0063722133636475,
    "training_metadata_probes/runtype_mse": 0.00017041957471519709,
    "training_metadata_probes/readlen_mse": 8.114864613162354e-05
  }
}
{
  "epoch": 64,
  "eval_prefixed": {
    "eval_metrics/imp_pval_r2_dsf1": -0.13386007714911788,
    "eval_metrics/den_pval_pearson_gw": 0.2769646465389279,
    "eval_metrics/imp_count_spearman_gw": 0.001571914539696509,
    "eval_metrics/den_pval_r2_dsf1": 0.020571156719611693,
    "eval_metrics/imp_pval_r2_gw": -0.13386007714911788,
    "eval_metrics/imp_count_pearson_gw": 0.02730049548434123,
    "eval_metrics/imp_pval_pearson_gw": 0.20841295118369754,
    "eval_metrics/imp_pval_spearman_1obs": 0.20308163017134626,
    "eval_metrics/den_count_r2_gw": -0.14646326221601091,
    "eval_metrics/imp_pval_pearson_1obs": 0.18723563963754308,
    "eval_metrics/imp_peak_auroc_gw": 0.5460935916962202,
    "eval_metrics/den_pval_r2_1obs": -22.62160521669431,
    "eval_metrics/imp_count_r2_gw": -0.05295371653096258,
    "eval_metrics/den_pval_spearman_gw": 0.23442482953645868,
    "eval_metrics/den_pval_spearman_1obs": 0.1221007936826751,
    "eval_metrics/den_peak_auroc_gw": 0.5424203429241737,
    "eval_metrics/den_pval_r2_gw": 0.020571156719611693,
    "eval_metrics/den_pval_spearman_dsf1": 0.23442482953645868,
    "eval_metrics/den_pval_pearson_dsf1": 0.2769646465389279,
    "eval_metrics/imp_pval_spearman_gw": 0.15590415130213814,
    "eval_metrics/imp_pval_pearson_dsf1": 0.20841295118369754,
    "eval_metrics/den_pval_pearson_1obs": 0.1611571583229019,
    "eval_metrics/den_count_spearman_gw": 0.11571901086285308,
    "eval_metrics/den_count_pearson_gw": 0.12781536454138787,
    "eval_metrics/imp_pval_r2_1obs": -25.195782110312855,
    "eval_metrics/imp_pval_spearman_dsf1": 0.15590415130213814,
    "eval_losses/total_loss": 5.070205574477624,
    "eval_losses/count_obs_loss": 1.2761350391726745,
    "eval_losses/count_imp_loss": 1.891863365021963,
    "eval_losses/pval_obs_loss": 0.4255093342132903,
    "eval_losses/pval_imp_loss": 0.8018535182826103,
    "eval_losses/peak_obs_loss": 0.607668224526079,
    "eval_losses/peak_imp_loss": 0.6368841677904129
  }
}
{
  "epoch": 64,
  "training_metadata_probes": {
    "training_metadata_probes/depth_count_ratio": 1.0067253112792969,
    "training_metadata_probes/runtype_mse": 0.00016829866217449307,
    "training_metadata_probes/readlen_mse": 8.872332546161488e-05
  }
}
{
  "epoch": 65,
  "eval_prefixed": {
    "eval_metrics/imp_pval_r2_dsf1": -0.1666440898584908,
    "eval_metrics/den_pval_pearson_gw": 0.2772917353646143,
    "eval_metrics/imp_count_spearman_gw": 0.00040087598181112705,
    "eval_metrics/den_pval_r2_dsf1": 0.011207199149947871,
    "eval_metrics/imp_pval_r2_gw": -0.1666440898584908,
    "eval_metrics/imp_count_pearson_gw": 0.026158524825419475,
    "eval_metrics/imp_pval_pearson_gw": 0.20010309320475375,
    "eval_metrics/imp_pval_spearman_1obs": 0.20234801192896104,
    "eval_metrics/den_count_r2_gw": -0.14494830474317633,
    "eval_metrics/imp_pval_pearson_1obs": 0.19224673605686615,
    "eval_metrics/imp_peak_auroc_gw": 0.5151742251150743,
    "eval_metrics/den_pval_r2_1obs": -26.40654596247729,
    "eval_metrics/imp_count_r2_gw": -0.06782428910152487,
    "eval_metrics/den_pval_spearman_gw": 0.2352520573544061,
    "eval_metrics/den_pval_spearman_1obs": 0.1273685014827238,
    "eval_metrics/den_peak_auroc_gw": 0.5434235161994826,
    "eval_metrics/den_pval_r2_gw": 0.011207199149947871,
    "eval_metrics/den_pval_spearman_dsf1": 0.2352520573544061,
    "eval_metrics/den_pval_pearson_dsf1": 0.2772917353646143,
    "eval_metrics/imp_pval_spearman_gw": 0.15566924934815837,
    "eval_metrics/imp_pval_pearson_dsf1": 0.20010309320475375,
    "eval_metrics/den_pval_pearson_1obs": 0.1588662316284363,
    "eval_metrics/den_count_spearman_gw": 0.1166824919877965,
    "eval_metrics/den_count_pearson_gw": 0.13050176864980081,
    "eval_metrics/imp_pval_r2_1obs": -22.23004237262441,
    "eval_metrics/imp_pval_spearman_dsf1": 0.15566924934815837,
    "eval_losses/total_loss": 5.0474297540311355,
    "eval_losses/count_obs_loss": 1.3391335363450803,
    "eval_losses/count_imp_loss": 1.8565821184052362,
    "eval_losses/pval_obs_loss": 0.4382059345462997,
    "eval_losses/pval_imp_loss": 0.7210254489429413,
    "eval_losses/peak_obs_loss": 0.6053400318089285,
    "eval_losses/peak_imp_loss": 0.6370117834636143
  }
}
{
  "epoch": 65,
  "training_metadata_probes": {
    "training_metadata_probes/depth_count_ratio": 1.0062545537948608,
    "training_metadata_probes/runtype_mse": 0.0002123119484167546,
    "training_metadata_probes/readlen_mse": 9.136670269072056e-05
  }
}
{
  "epoch": 66,
  "eval_prefixed": {
    "eval_metrics/imp_pval_r2_dsf1": -0.12694048626935545,
    "eval_metrics/den_pval_pearson_gw": 0.286212457169313,
    "eval_metrics/imp_count_spearman_gw": 0.0015537503991833311,
    "eval_metrics/den_pval_r2_dsf1": 0.028435020944146804,
    "eval_metrics/imp_pval_r2_gw": -0.12694048626935545,
    "eval_metrics/imp_count_pearson_gw": 0.025851370296477976,
    "eval_metrics/imp_pval_pearson_gw": 0.21888983781848634,
    "eval_metrics/imp_pval_spearman_1obs": 0.21068962011603598,
    "eval_metrics/den_count_r2_gw": -0.10848447850149587,
    "eval_metrics/imp_pval_pearson_1obs": 0.168497993910153,
    "eval_metrics/imp_peak_auroc_gw": 0.5432368034400805,
    "eval_metrics/den_pval_r2_1obs": -25.139298665896543,
    "eval_metrics/imp_count_r2_gw": -0.05883609815035766,
    "eval_metrics/den_pval_spearman_gw": 0.23783354207528343,
    "eval_metrics/den_pval_spearman_1obs": 0.1289466716670055,
    "eval_metrics/den_peak_auroc_gw": 0.536776810942031,
    "eval_metrics/den_pval_r2_gw": 0.028435020944146804,
    "eval_metrics/den_pval_spearman_dsf1": 0.23783354207528343,
    "eval_metrics/den_pval_pearson_dsf1": 0.286212457169313,
    "eval_metrics/imp_pval_spearman_gw": 0.15240288764037127,
    "eval_metrics/imp_pval_pearson_dsf1": 0.21888983781848634,
    "eval_metrics/den_pval_pearson_1obs": 0.16277386526895785,
    "eval_metrics/den_count_spearman_gw": 0.11707778501948489,
    "eval_metrics/den_count_pearson_gw": 0.13144189408539156,
    "eval_metrics/imp_pval_r2_1obs": -42.941082670450754,
    "eval_metrics/imp_pval_spearman_dsf1": 0.15240288764037127,
    "eval_losses/total_loss": 5.20161038399697,
    "eval_losses/count_obs_loss": 1.3115934988385753,
    "eval_losses/count_imp_loss": 1.9098240752068778,
    "eval_losses/pval_obs_loss": 0.4401075487100905,
    "eval_losses/pval_imp_loss": 0.8922742084555683,
    "eval_losses/peak_obs_loss": 0.6031114325711602,
    "eval_losses/peak_imp_loss": 0.6321341083163307
  }
}
{
  "epoch": 66,
  "training_metadata_probes": {
    "training_metadata_probes/depth_count_ratio": 1.0067564249038696,
    "training_metadata_probes/runtype_mse": 0.00018778002413455397,
    "training_metadata_probes/readlen_mse": 0.00010526300320634618
  }
}
{
  "epoch": 67,
  "eval_prefixed": {
    "eval_metrics/imp_pval_r2_dsf1": -0.12307790387948789,
    "eval_metrics/den_pval_pearson_gw": 0.2789049695772854,
    "eval_metrics/imp_count_spearman_gw": 0.005351079639829881,
    "eval_metrics/den_pval_r2_dsf1": 0.009612844693442493,
    "eval_metrics/imp_pval_r2_gw": -0.12307790387948789,
    "eval_metrics/imp_count_pearson_gw": 0.02349646440762583,
    "eval_metrics/imp_pval_pearson_gw": 0.19460801664917243,
    "eval_metrics/imp_pval_spearman_1obs": 0.201520698796627,
    "eval_metrics/den_count_r2_gw": -0.1129008554998219,
    "eval_metrics/imp_pval_pearson_1obs": 0.16852688060570803,
    "eval_metrics/imp_peak_auroc_gw": 0.5190259551236542,
    "eval_metrics/den_pval_r2_1obs": -23.897104034738337,
    "eval_metrics/imp_count_r2_gw": -0.0588345946398418,
    "eval_metrics/den_pval_spearman_gw": 0.2319872709152519,
    "eval_metrics/den_pval_spearman_1obs": 0.10663881333221255,
    "eval_metrics/den_peak_auroc_gw": 0.5293289800014679,
    "eval_metrics/den_pval_r2_gw": 0.009612844693442493,
    "eval_metrics/den_pval_spearman_dsf1": 0.2319872709152519,
    "eval_metrics/den_pval_pearson_dsf1": 0.2789049695772854,
    "eval_metrics/imp_pval_spearman_gw": 0.1532439422928093,
    "eval_metrics/imp_pval_pearson_dsf1": 0.19460801664917243,
    "eval_metrics/den_pval_pearson_1obs": 0.14847825510935908,
    "eval_metrics/den_count_spearman_gw": 0.1160626920600577,
    "eval_metrics/den_count_pearson_gw": 0.13550064046131938,
    "eval_metrics/imp_pval_r2_1obs": -24.393030950739853,
    "eval_metrics/imp_pval_spearman_dsf1": 0.1532439422928093,
    "eval_losses/total_loss": 5.085724807509809,
    "eval_losses/count_obs_loss": 1.2347840862838846,
    "eval_losses/count_imp_loss": 1.9165296762708635,
    "eval_losses/pval_obs_loss": 0.43588112610220714,
    "eval_losses/pval_imp_loss": 0.8439887655632836,
    "eval_losses/peak_obs_loss": 0.6023563581861948,
    "eval_losses/peak_imp_loss": 0.6325838757412774
  }
}
{
  "epoch": 67,
  "training_metadata_probes": {
    "training_metadata_probes/depth_count_ratio": 1.0066683292388916,
    "training_metadata_probes/runtype_mse": 0.00022161898959893733,
    "training_metadata_probes/readlen_mse": 9.58419987000525e-05
  }
}
{
  "epoch": 68,
  "eval_prefixed": {
    "eval_metrics/imp_pval_r2_dsf1": -0.12986235280060496,
    "eval_metrics/den_pval_pearson_gw": 0.27767760626432536,
    "eval_metrics/imp_count_spearman_gw": 0.002365194978188143,
    "eval_metrics/den_pval_r2_dsf1": 0.016437490815059425,
    "eval_metrics/imp_pval_r2_gw": -0.12986235280060496,
    "eval_metrics/imp_count_pearson_gw": 0.025703251680141197,
    "eval_metrics/imp_pval_pearson_gw": 0.199685361650255,
    "eval_metrics/imp_pval_spearman_1obs": 0.2005742465152462,
    "eval_metrics/den_count_r2_gw": -0.08932735657358783,
    "eval_metrics/imp_pval_pearson_1obs": 0.17747266196353834,
    "eval_metrics/imp_peak_auroc_gw": 0.5463954489866594,
    "eval_metrics/den_pval_r2_1obs": -25.447492128579263,
    "eval_metrics/imp_count_r2_gw": -0.06434430199990666,
    "eval_metrics/den_pval_spearman_gw": 0.2337863898868263,
    "eval_metrics/den_pval_spearman_1obs": 0.11383090093446147,
    "eval_metrics/den_peak_auroc_gw": 0.5241452518391795,
    "eval_metrics/den_pval_r2_gw": 0.016437490815059425,
    "eval_metrics/den_pval_spearman_dsf1": 0.2337863898868263,
    "eval_metrics/den_pval_pearson_dsf1": 0.27767760626432536,
    "eval_metrics/imp_pval_spearman_gw": 0.1506757220512007,
    "eval_metrics/imp_pval_pearson_dsf1": 0.199685361650255,
    "eval_metrics/den_pval_pearson_1obs": 0.1453287785621605,
    "eval_metrics/den_count_spearman_gw": 0.11869363036345423,
    "eval_metrics/den_count_pearson_gw": 0.1328706905049713,
    "eval_metrics/imp_pval_r2_1obs": -26.266793748331935,
    "eval_metrics/imp_pval_spearman_dsf1": 0.1506757220512007,
    "eval_losses/total_loss": 5.359771882867407,
    "eval_losses/count_obs_loss": 1.2696510953338522,
    "eval_losses/count_imp_loss": 1.9195760119528997,
    "eval_losses/pval_obs_loss": 0.46348032340335377,
    "eval_losses/pval_imp_loss": 1.1019075498694466,
    "eval_losses/peak_obs_loss": 0.6002645751363352,
    "eval_losses/peak_imp_loss": 0.6293825899797773
  }
}
{
  "epoch": 68,
  "training_metadata_probes": {
    "training_metadata_probes/depth_count_ratio": 1.006757378578186,
    "training_metadata_probes/runtype_mse": 0.0001945213007275015,
    "training_metadata_probes/readlen_mse": 9.386275633005425e-05
  }
}
{
  "epoch": 69,
  "eval_prefixed": {
    "eval_metrics/imp_pval_r2_dsf1": -0.20318170071288089,
    "eval_metrics/den_pval_pearson_gw": 0.2777856735659665,
    "eval_metrics/imp_count_spearman_gw": 0.006376369052940492,
    "eval_metrics/den_pval_r2_dsf1": 0.017270884324752447,
    "eval_metrics/imp_pval_r2_gw": -0.20318170071288089,
    "eval_metrics/imp_count_pearson_gw": 0.028708483737390784,
    "eval_metrics/imp_pval_pearson_gw": 0.17817061515672813,
    "eval_metrics/imp_pval_spearman_1obs": 0.22176789051303672,
    "eval_metrics/den_count_r2_gw": -0.12544193045616653,
    "eval_metrics/imp_pval_pearson_1obs": 0.20203276453096242,
    "eval_metrics/imp_peak_auroc_gw": 0.5217670601083197,
    "eval_metrics/den_pval_r2_1obs": -22.866719876086773,
    "eval_metrics/imp_count_r2_gw": -0.06627422333052166,
    "eval_metrics/den_pval_spearman_gw": 0.23231889102268188,
    "eval_metrics/den_pval_spearman_1obs": 0.11785864336993492,
    "eval_metrics/den_peak_auroc_gw": 0.5350526380686758,
    "eval_metrics/den_pval_r2_gw": 0.017270884324752447,
    "eval_metrics/den_pval_spearman_dsf1": 0.23231889102268188,
    "eval_metrics/den_pval_pearson_dsf1": 0.2777856735659665,
    "eval_metrics/imp_pval_spearman_gw": 0.14908235250792964,
    "eval_metrics/imp_pval_pearson_dsf1": 0.17817061515672813,
    "eval_metrics/den_pval_pearson_1obs": 0.1474934242662704,
    "eval_metrics/den_count_spearman_gw": 0.11684080640751014,
    "eval_metrics/den_count_pearson_gw": 0.13459211323214204,
    "eval_metrics/imp_pval_r2_1obs": -21.399227546770547,
    "eval_metrics/imp_pval_spearman_dsf1": 0.14908235250792964,
    "eval_losses/total_loss": 5.2118541618662055,
    "eval_losses/count_obs_loss": 1.2673008410554183,
    "eval_losses/count_imp_loss": 1.840528376518734,
    "eval_losses/pval_obs_loss": 0.4264716360178825,
    "eval_losses/pval_imp_loss": 1.0542702198856406,
    "eval_losses/peak_obs_loss": 0.5968322946052802,
    "eval_losses/peak_imp_loss": 0.629248286996569
  }
}
{
  "epoch": 69,
  "training_metadata_probes": {
    "training_metadata_probes/depth_count_ratio": 1.0068389177322388,
    "training_metadata_probes/runtype_mse": 0.00025093037402257323,
    "training_metadata_probes/readlen_mse": 0.00015424357843585312
  }
}
{
  "epoch": 70,
  "eval_prefixed": {
    "eval_metrics/imp_pval_r2_dsf1": -0.1827270622739191,
    "eval_metrics/den_pval_pearson_gw": 0.28218052532572885,
    "eval_metrics/imp_count_spearman_gw": 0.005217905691973898,
    "eval_metrics/den_pval_r2_dsf1": 0.01444459111947539,
    "eval_metrics/imp_pval_r2_gw": -0.1827270622739191,
    "eval_metrics/imp_count_pearson_gw": 0.025954362260000335,
    "eval_metrics/imp_pval_pearson_gw": 0.2020097797263473,
    "eval_metrics/imp_pval_spearman_1obs": 0.18453449960029503,
    "eval_metrics/den_count_r2_gw": -0.13760643908408002,
    "eval_metrics/imp_pval_pearson_1obs": 0.16665358043604692,
    "eval_metrics/imp_peak_auroc_gw": 0.5213369370066997,
    "eval_metrics/den_pval_r2_1obs": -27.128670192423943,
    "eval_metrics/imp_count_r2_gw": -0.055214783908994064,
    "eval_metrics/den_pval_spearman_gw": 0.23947656764047226,
    "eval_metrics/den_pval_spearman_1obs": 0.13380212114880158,
    "eval_metrics/den_peak_auroc_gw": 0.5441099004173332,
    "eval_metrics/den_pval_r2_gw": 0.01444459111947539,
    "eval_metrics/den_pval_spearman_dsf1": 0.23947656764047226,
    "eval_metrics/den_pval_pearson_dsf1": 0.28218052532572885,
    "eval_metrics/imp_pval_spearman_gw": 0.17037653118291968,
    "eval_metrics/imp_pval_pearson_dsf1": 0.2020097797263473,
    "eval_metrics/den_pval_pearson_1obs": 0.1592144975634016,
    "eval_metrics/den_count_spearman_gw": 0.12030939473545682,
    "eval_metrics/den_count_pearson_gw": 0.13823830351037414,
    "eval_metrics/imp_pval_r2_1obs": -26.56054895884937,
    "eval_metrics/imp_pval_spearman_dsf1": 0.17037653118291968,
    "eval_losses/total_loss": 4.990910353641467,
    "eval_losses/count_obs_loss": 1.3120782681201633,
    "eval_losses/count_imp_loss": 1.8651542171599373,
    "eval_losses/pval_obs_loss": 0.431319191475938,
    "eval_losses/pval_imp_loss": 0.7085158288005798,
    "eval_losses/peak_obs_loss": 0.5930378719380027,
    "eval_losses/peak_imp_loss": 0.6285537902324919
  }
}
{
  "epoch": 70,
  "training_metadata_probes": {
    "training_metadata_probes/depth_count_ratio": 1.0063804388046265,
    "training_metadata_probes/runtype_mse": 0.00033571739913895726,
    "training_metadata_probes/readlen_mse": 0.0001666744501562789
  }
}
{
  "epoch": 71,
  "eval_prefixed": {
    "eval_metrics/imp_pval_r2_dsf1": -0.1589731002800572,
    "eval_metrics/den_pval_pearson_gw": 0.2776144124371441,
    "eval_metrics/imp_count_spearman_gw": 0.00280928455882737,
    "eval_metrics/den_pval_r2_dsf1": 0.01139451658292958,
    "eval_metrics/imp_pval_r2_gw": -0.1589731002800572,
    "eval_metrics/imp_count_pearson_gw": 0.023149665785095995,
    "eval_metrics/imp_pval_pearson_gw": 0.18510633698915915,
    "eval_metrics/imp_pval_spearman_1obs": 0.19189531500724405,
    "eval_metrics/den_count_r2_gw": -0.11277037408987506,
    "eval_metrics/imp_pval_pearson_1obs": 0.1848617373182187,
    "eval_metrics/imp_peak_auroc_gw": 0.5277875080505688,
    "eval_metrics/den_pval_r2_1obs": -21.4357862181246,
    "eval_metrics/imp_count_r2_gw": -0.0664703332933035,
    "eval_metrics/den_pval_spearman_gw": 0.23085078890405417,
    "eval_metrics/den_pval_spearman_1obs": 0.1370303694147916,
    "eval_metrics/den_peak_auroc_gw": 0.5318298833904586,
    "eval_metrics/den_pval_r2_gw": 0.01139451658292958,
    "eval_metrics/den_pval_spearman_dsf1": 0.23085078890405417,
    "eval_metrics/den_pval_pearson_dsf1": 0.2776144124371441,
    "eval_metrics/imp_pval_spearman_gw": 0.15254291639353335,
    "eval_metrics/imp_pval_pearson_dsf1": 0.18510633698915915,
    "eval_metrics/den_pval_pearson_1obs": 0.1691901828533829,
    "eval_metrics/den_count_spearman_gw": 0.11865411289691426,
    "eval_metrics/den_count_pearson_gw": 0.13527921234306536,
    "eval_metrics/imp_pval_r2_1obs": -24.940158062226192,
    "eval_metrics/imp_pval_spearman_dsf1": 0.15254291639353335,
    "eval_losses/total_loss": 4.9689069356046325,
    "eval_losses/count_obs_loss": 1.2162982758722807,
    "eval_losses/count_imp_loss": 1.8707592932004777,
    "eval_losses/pval_obs_loss": 0.40149123736926795,
    "eval_losses/pval_imp_loss": 0.8318586849149258,
    "eval_losses/peak_obs_loss": 0.5923811154145944,
    "eval_losses/peak_imp_loss": 0.6253813762986471
  }
}
{
  "epoch": 71,
  "training_metadata_probes": {
    "training_metadata_probes/depth_count_ratio": 1.0067909955978394,
    "training_metadata_probes/runtype_mse": 0.00034054514253512025,
    "training_metadata_probes/readlen_mse": 0.00022798104328103364
  }
}
{
  "epoch": 72,
  "eval_prefixed": {
    "eval_metrics/imp_pval_r2_dsf1": -0.20429270882279738,
    "eval_metrics/den_pval_pearson_gw": 0.2821202983001345,
    "eval_metrics/imp_count_spearman_gw": -0.0009543388668727501,
    "eval_metrics/den_pval_r2_dsf1": 0.005690131801825713,
    "eval_metrics/imp_pval_r2_gw": -0.20429270882279738,
    "eval_metrics/imp_count_pearson_gw": 0.021853669330344667,
    "eval_metrics/imp_pval_pearson_gw": 0.18843955511138552,
    "eval_metrics/imp_pval_spearman_1obs": 0.20014167662874705,
    "eval_metrics/den_count_r2_gw": -0.10742806363438168,
    "eval_metrics/imp_pval_pearson_1obs": 0.17170871524066325,
    "eval_metrics/imp_peak_auroc_gw": 0.5272651702572544,
    "eval_metrics/den_pval_r2_1obs": -23.59882873606655,
    "eval_metrics/imp_count_r2_gw": -0.07129214975896621,
    "eval_metrics/den_pval_spearman_gw": 0.23688315389863634,
    "eval_metrics/den_pval_spearman_1obs": 0.13161962072252106,
    "eval_metrics/den_peak_auroc_gw": 0.536707437936906,
    "eval_metrics/den_pval_r2_gw": 0.005690131801825713,
    "eval_metrics/den_pval_spearman_dsf1": 0.23688315389863634,
    "eval_metrics/den_pval_pearson_dsf1": 0.2821202983001345,
    "eval_metrics/imp_pval_spearman_gw": 0.16374959966862995,
    "eval_metrics/imp_pval_pearson_dsf1": 0.18843955511138552,
    "eval_metrics/den_pval_pearson_1obs": 0.16133386813070452,
    "eval_metrics/den_count_spearman_gw": 0.11858247484038029,
    "eval_metrics/den_count_pearson_gw": 0.14729175432340094,
    "eval_metrics/imp_pval_r2_1obs": -18.76030759545811,
    "eval_metrics/imp_pval_spearman_dsf1": 0.16374959966862995,
    "eval_losses/total_loss": 5.05408451783143,
    "eval_losses/count_obs_loss": 1.2194487805429257,
    "eval_losses/count_imp_loss": 1.8471484184265137,
    "eval_losses/pval_obs_loss": 0.3944950115378321,
    "eval_losses/pval_imp_loss": 0.9678252800589516,
    "eval_losses/peak_obs_loss": 0.5898965710872098,
    "eval_losses/peak_imp_loss": 0.6234160753942671
  }
}
{
  "epoch": 72,
  "training_metadata_probes": {
    "training_metadata_probes/depth_count_ratio": 1.0073381662368774,
    "training_metadata_probes/runtype_mse": 0.00029250007355585694,
    "training_metadata_probes/readlen_mse": 0.00023817105102352798
  }
}
{
  "epoch": 73,
  "eval_prefixed": {
    "eval_metrics/imp_pval_r2_dsf1": -0.17863087226194377,
    "eval_metrics/den_pval_pearson_gw": 0.28187994700611424,
    "eval_metrics/imp_count_spearman_gw": 0.0009004025561523104,
    "eval_metrics/den_pval_r2_dsf1": 0.02912344052484492,
    "eval_metrics/imp_pval_r2_gw": -0.17863087226194377,
    "eval_metrics/imp_count_pearson_gw": 0.026225896593781987,
    "eval_metrics/imp_pval_pearson_gw": 0.18023483863189108,
    "eval_metrics/imp_pval_spearman_1obs": 0.15907870784803646,
    "eval_metrics/den_count_r2_gw": -0.12597772569846172,
    "eval_metrics/imp_pval_pearson_1obs": 0.13959767226876307,
    "eval_metrics/imp_peak_auroc_gw": 0.5253787721814821,
    "eval_metrics/den_pval_r2_1obs": -21.216321046760964,
    "eval_metrics/imp_count_r2_gw": -0.06607209770135267,
    "eval_metrics/den_pval_spearman_gw": 0.23740060339553945,
    "eval_metrics/den_pval_spearman_1obs": 0.13613700656522335,
    "eval_metrics/den_peak_auroc_gw": 0.5415380131516034,
    "eval_metrics/den_pval_r2_gw": 0.02912344052484492,
    "eval_metrics/den_pval_spearman_dsf1": 0.23740060339553945,
    "eval_metrics/den_pval_pearson_dsf1": 0.28187994700611424,
    "eval_metrics/imp_pval_spearman_gw": 0.15437636600111732,
    "eval_metrics/imp_pval_pearson_dsf1": 0.18023483863189108,
    "eval_metrics/den_pval_pearson_1obs": 0.15224882114776656,
    "eval_metrics/den_count_spearman_gw": 0.11992429783513461,
    "eval_metrics/den_count_pearson_gw": 0.13577379423536753,
    "eval_metrics/imp_pval_r2_1obs": -33.814935443876074,
    "eval_metrics/imp_pval_spearman_dsf1": 0.15437636600111732,
    "eval_losses/total_loss": 5.12300486192965,
    "eval_losses/count_obs_loss": 1.224910524330641,
    "eval_losses/count_imp_loss": 1.8646095688380893,
    "eval_losses/pval_obs_loss": 0.37966875140677747,
    "eval_losses/pval_imp_loss": 1.0503569375427941,
    "eval_losses/peak_obs_loss": 0.5863735644440902,
    "eval_losses/peak_imp_loss": 0.6221121230295726
  }
}
{
  "epoch": 73,
  "training_metadata_probes": {
    "training_metadata_probes/depth_count_ratio": 1.006995677947998,
    "training_metadata_probes/runtype_mse": 0.0003206042747478932,
    "training_metadata_probes/readlen_mse": 0.0002450769825372845
  }
}
{
  "epoch": 74,
  "eval_prefixed": {
    "eval_metrics/imp_pval_r2_dsf1": -0.14991298144583448,
    "eval_metrics/den_pval_pearson_gw": 0.2788096099577256,
    "eval_metrics/imp_count_spearman_gw": 0.004875618987676625,
    "eval_metrics/den_pval_r2_dsf1": 0.031810191853638516,
    "eval_metrics/imp_pval_r2_gw": -0.14991298144583448,
    "eval_metrics/imp_count_pearson_gw": 0.03125339554297545,
    "eval_metrics/imp_pval_pearson_gw": 0.2058202675765469,
    "eval_metrics/imp_pval_spearman_1obs": 0.16763666652210274,
    "eval_metrics/den_count_r2_gw": -0.13715602750888212,
    "eval_metrics/imp_pval_pearson_1obs": 0.15526706616704664,
    "eval_metrics/imp_peak_auroc_gw": 0.5351478810532224,
    "eval_metrics/den_pval_r2_1obs": -26.164366078611135,
    "eval_metrics/imp_count_r2_gw": -0.04911662271450885,
    "eval_metrics/den_pval_spearman_gw": 0.24271277581522885,
    "eval_metrics/den_pval_spearman_1obs": 0.13843660507134464,
    "eval_metrics/den_peak_auroc_gw": 0.5381417960687674,
    "eval_metrics/den_pval_r2_gw": 0.031810191853638516,
    "eval_metrics/den_pval_spearman_dsf1": 0.24271277581522885,
    "eval_metrics/den_pval_pearson_dsf1": 0.2788096099577256,
    "eval_metrics/imp_pval_spearman_gw": 0.15693761986087476,
    "eval_metrics/imp_pval_pearson_dsf1": 0.2058202675765469,
    "eval_metrics/den_pval_pearson_1obs": 0.15963144096033494,
    "eval_metrics/den_count_spearman_gw": 0.12237169451873428,
    "eval_metrics/den_count_pearson_gw": 0.14170472475847132,
    "eval_metrics/imp_pval_r2_1obs": -24.211052501831066,
    "eval_metrics/imp_pval_spearman_dsf1": 0.15693761986087476,
    "eval_losses/total_loss": 5.3100286402378085,
    "eval_losses/count_obs_loss": 1.2954252244610536,
    "eval_losses/count_imp_loss": 1.8564280299913316,
    "eval_losses/pval_obs_loss": 0.389067307485292,
    "eval_losses/pval_imp_loss": 1.1916085531314213,
    "eval_losses/peak_obs_loss": 0.5835220664739609,
    "eval_losses/peak_imp_loss": 0.6216946419269319
  }
}
{
  "epoch": 74,
  "training_metadata_probes": {
    "training_metadata_probes/depth_count_ratio": 1.0072591304779053,
    "training_metadata_probes/runtype_mse": 0.00030828299350105226,
    "training_metadata_probes/readlen_mse": 0.00023509790480602533
  }
}
{
  "epoch": 75,
  "eval_prefixed": {
    "eval_metrics/imp_pval_r2_dsf1": -0.1679686253645914,
    "eval_metrics/den_pval_pearson_gw": 0.2780691926416598,
    "eval_metrics/imp_count_spearman_gw": 0.0035905244501152423,
    "eval_metrics/den_pval_r2_dsf1": 0.012384105570812449,
    "eval_metrics/imp_pval_r2_gw": -0.1679686253645914,
    "eval_metrics/imp_count_pearson_gw": 0.028385399219890434,
    "eval_metrics/imp_pval_pearson_gw": 0.19775440636283112,
    "eval_metrics/imp_pval_spearman_1obs": 0.18400847847038734,
    "eval_metrics/den_count_r2_gw": -0.13172886918701843,
    "eval_metrics/imp_pval_pearson_1obs": 0.17104191423231174,
    "eval_metrics/imp_peak_auroc_gw": 0.5320111744686079,
    "eval_metrics/den_pval_r2_1obs": -28.37645370018119,
    "eval_metrics/imp_count_r2_gw": -0.05080085543985432,
    "eval_metrics/den_pval_spearman_gw": 0.23603303206284468,
    "eval_metrics/den_pval_spearman_1obs": 0.12687737988515696,
    "eval_metrics/den_peak_auroc_gw": 0.5376294162838703,
    "eval_metrics/den_pval_r2_gw": 0.012384105570812449,
    "eval_metrics/den_pval_spearman_dsf1": 0.23603303206284468,
    "eval_metrics/den_pval_pearson_dsf1": 0.2780691926416598,
    "eval_metrics/imp_pval_spearman_gw": 0.15870534730319188,
    "eval_metrics/imp_pval_pearson_dsf1": 0.19775440636283112,
    "eval_metrics/den_pval_pearson_1obs": 0.14490062000837306,
    "eval_metrics/den_count_spearman_gw": 0.11990113412900882,
    "eval_metrics/den_count_pearson_gw": 0.14166951007944972,
    "eval_metrics/imp_pval_r2_1obs": -25.847841185452225,
    "eval_metrics/imp_pval_spearman_dsf1": 0.15870534730319188,
    "eval_losses/total_loss": 5.188560403871203,
    "eval_losses/count_obs_loss": 1.3023706698103954,
    "eval_losses/count_imp_loss": 1.852972287980337,
    "eval_losses/pval_obs_loss": 0.4009059653739984,
    "eval_losses/pval_imp_loss": 1.0305858663623295,
    "eval_losses/peak_obs_loss": 0.5816092734274111,
    "eval_losses/peak_imp_loss": 0.6192872685099405
  }
}
{
  "epoch": 75,
  "training_metadata_probes": {
    "training_metadata_probes/depth_count_ratio": 1.0067647695541382,
    "training_metadata_probes/runtype_mse": 0.00031960709020495415,
    "training_metadata_probes/readlen_mse": 0.00025209435261785984
  }
}
{
  "epoch": 76,
  "eval_prefixed": {
    "eval_metrics/imp_pval_r2_dsf1": -0.20148600490174812,
    "eval_metrics/den_pval_pearson_gw": 0.27239746044046786,
    "eval_metrics/imp_count_spearman_gw": 0.0018719222100175598,
    "eval_metrics/den_pval_r2_dsf1": 0.019635531630607758,
    "eval_metrics/imp_pval_r2_gw": -0.20148600490174812,
    "eval_metrics/imp_count_pearson_gw": 0.024762059724520124,
    "eval_metrics/imp_pval_pearson_gw": 0.18166650311341362,
    "eval_metrics/imp_pval_spearman_1obs": 0.2172053575641433,
    "eval_metrics/den_count_r2_gw": -0.14240634794895604,
    "eval_metrics/imp_pval_pearson_1obs": 0.18507322640202584,
    "eval_metrics/imp_peak_auroc_gw": 0.5327594998736231,
    "eval_metrics/den_pval_r2_1obs": -22.225263659620495,
    "eval_metrics/imp_count_r2_gw": -0.0630209213435314,
    "eval_metrics/den_pval_spearman_gw": 0.2372367526760676,
    "eval_metrics/den_pval_spearman_1obs": 0.1159404135120194,
    "eval_metrics/den_peak_auroc_gw": 0.5354749041161848,
    "eval_metrics/den_pval_r2_gw": 0.019635531630607758,
    "eval_metrics/den_pval_spearman_dsf1": 0.2372367526760676,
    "eval_metrics/den_pval_pearson_dsf1": 0.27239746044046786,
    "eval_metrics/imp_pval_spearman_gw": 0.1632779866230896,
    "eval_metrics/imp_pval_pearson_dsf1": 0.18166650311341362,
    "eval_metrics/den_pval_pearson_1obs": 0.1419174240130049,
    "eval_metrics/den_count_spearman_gw": 0.12217565096440032,
    "eval_metrics/den_count_pearson_gw": 0.13985154096429286,
    "eval_metrics/imp_pval_r2_1obs": -29.52962456519607,
    "eval_metrics/imp_pval_spearman_dsf1": 0.1632779866230896,
    "eval_losses/total_loss": 5.127619517574969,
    "eval_losses/count_obs_loss": 1.2302560720004534,
    "eval_losses/count_imp_loss": 1.8325712283452351,
    "eval_losses/pval_obs_loss": 0.37308391786523554,
    "eval_losses/pval_imp_loss": 1.1020319470692248,
    "eval_losses/peak_obs_loss": 0.5794236263946483,
    "eval_losses/peak_imp_loss": 0.6179214039492229
  }
}
{
  "epoch": 76,
  "training_metadata_probes": {
    "training_metadata_probes/depth_count_ratio": 1.0072952508926392,
    "training_metadata_probes/runtype_mse": 0.00031263765413314104,
    "training_metadata_probes/readlen_mse": 0.0003872463421430439
  }
}
{
  "epoch": 77,
  "eval_prefixed": {
    "eval_metrics/imp_pval_r2_dsf1": -0.2020988687457991,
    "eval_metrics/den_pval_pearson_gw": 0.28300260698520824,
    "eval_metrics/imp_count_spearman_gw": 0.003864121285478889,
    "eval_metrics/den_pval_r2_dsf1": 0.032128758786275656,
    "eval_metrics/imp_pval_r2_gw": -0.2020988687457991,
    "eval_metrics/imp_count_pearson_gw": 0.02420174517707589,
    "eval_metrics/imp_pval_pearson_gw": 0.19325221491061031,
    "eval_metrics/imp_pval_spearman_1obs": 0.19885412532794491,
    "eval_metrics/den_count_r2_gw": -0.11637134547532062,
    "eval_metrics/imp_pval_pearson_1obs": 0.17212774157438357,
    "eval_metrics/imp_peak_auroc_gw": 0.5360589508376945,
    "eval_metrics/den_pval_r2_1obs": -20.8190812337036,
    "eval_metrics/imp_count_r2_gw": -0.06216091044611459,
    "eval_metrics/den_pval_spearman_gw": 0.23996027370848244,
    "eval_metrics/den_pval_spearman_1obs": 0.13607997352302437,
    "eval_metrics/den_peak_auroc_gw": 0.5295645056257334,
    "eval_metrics/den_pval_r2_gw": 0.032128758786275656,
    "eval_metrics/den_pval_spearman_dsf1": 0.23996027370848244,
    "eval_metrics/den_pval_pearson_dsf1": 0.28300260698520824,
    "eval_metrics/imp_pval_spearman_gw": 0.15738533806904567,
    "eval_metrics/imp_pval_pearson_dsf1": 0.19325221491061031,
    "eval_metrics/den_pval_pearson_1obs": 0.16214405373964264,
    "eval_metrics/den_count_spearman_gw": 0.12281015272205927,
    "eval_metrics/den_count_pearson_gw": 0.14141910033006416,
    "eval_metrics/imp_pval_r2_1obs": -23.922291497939412,
    "eval_metrics/imp_pval_spearman_dsf1": 0.15738533806904567,
    "eval_losses/total_loss": 5.232447993930595,
    "eval_losses/count_obs_loss": 1.2278179628284354,
    "eval_losses/count_imp_loss": 1.8276941634359813,
    "eval_losses/pval_obs_loss": 0.36733541053256075,
    "eval_losses/pval_imp_loss": 1.247763579681752,
    "eval_losses/peak_obs_loss": 0.5783753195091298,
    "eval_losses/peak_imp_loss": 0.6146671280028329
  }
}
{
  "epoch": 77,
  "training_metadata_probes": {
    "training_metadata_probes/depth_count_ratio": 1.0073894262313843,
    "training_metadata_probes/runtype_mse": 0.00029692763928323984,
    "training_metadata_probes/readlen_mse": 0.0003965329669881612
  }
}
{
  "epoch": 78,
  "eval_prefixed": {
    "eval_metrics/imp_pval_r2_dsf1": -0.18465200968110426,
    "eval_metrics/den_pval_pearson_gw": 0.280408177169432,
    "eval_metrics/imp_count_spearman_gw": 0.008390349974301763,
    "eval_metrics/den_pval_r2_dsf1": 0.014263454746003375,
    "eval_metrics/imp_pval_r2_gw": -0.18465200968110426,
    "eval_metrics/imp_count_pearson_gw": 0.02569998201492819,
    "eval_metrics/imp_pval_pearson_gw": 0.18978383096437607,
    "eval_metrics/imp_pval_spearman_1obs": 0.18754068115505523,
    "eval_metrics/den_count_r2_gw": -0.11504449425256667,
    "eval_metrics/imp_pval_pearson_1obs": 0.1693387602914184,
    "eval_metrics/imp_peak_auroc_gw": 0.5165988333223493,
    "eval_metrics/den_pval_r2_1obs": -25.865261106020956,
    "eval_metrics/imp_count_r2_gw": -0.05832629654574326,
    "eval_metrics/den_pval_spearman_gw": 0.24166826811911812,
    "eval_metrics/den_pval_spearman_1obs": 0.15283679802775466,
    "eval_metrics/den_peak_auroc_gw": 0.5284736291936181,
    "eval_metrics/den_pval_r2_gw": 0.014263454746003375,
    "eval_metrics/den_pval_spearman_dsf1": 0.24166826811911812,
    "eval_metrics/den_pval_pearson_dsf1": 0.280408177169432,
    "eval_metrics/imp_pval_spearman_gw": 0.1695084845566929,
    "eval_metrics/imp_pval_pearson_dsf1": 0.18978383096437607,
    "eval_metrics/den_pval_pearson_1obs": 0.17444999488285057,
    "eval_metrics/den_count_spearman_gw": 0.12405803822654789,
    "eval_metrics/den_count_pearson_gw": 0.14508633857200803,
    "eval_metrics/imp_pval_r2_1obs": -27.18320841536629,
    "eval_metrics/imp_pval_spearman_dsf1": 0.1695084845566929,
    "eval_losses/total_loss": 5.309766594726457,
    "eval_losses/count_obs_loss": 1.201284152112509,
    "eval_losses/count_imp_loss": 1.7914747255189079,
    "eval_losses/pval_obs_loss": 0.35262199884776857,
    "eval_losses/pval_imp_loss": 1.4291801327277744,
    "eval_losses/peak_obs_loss": 0.5761301674340901,
    "eval_losses/peak_imp_loss": 0.6152102370110769
  }
}
{
  "epoch": 78,
  "training_metadata_probes": {
    "training_metadata_probes/depth_count_ratio": 1.0070924758911133,
    "training_metadata_probes/runtype_mse": 0.0003383965231478214,
    "training_metadata_probes/readlen_mse": 0.00036365442792885005
  }
}
{
  "epoch": 79,
  "eval_prefixed": {
    "eval_metrics/imp_pval_r2_dsf1": -0.16242338446310126,
    "eval_metrics/den_pval_pearson_gw": 0.2828459783187626,
    "eval_metrics/imp_count_spearman_gw": 0.004416660624499889,
    "eval_metrics/den_pval_r2_dsf1": 0.020025947292748834,
    "eval_metrics/imp_pval_r2_gw": -0.16242338446310126,
    "eval_metrics/imp_count_pearson_gw": 0.021913607590018758,
    "eval_metrics/imp_pval_pearson_gw": 0.1880229830387093,
    "eval_metrics/imp_pval_spearman_1obs": 0.18216505295162197,
    "eval_metrics/den_count_r2_gw": -0.11727615624874871,
    "eval_metrics/imp_pval_pearson_1obs": 0.16182042594300583,
    "eval_metrics/imp_peak_auroc_gw": 0.5440342419408281,
    "eval_metrics/den_pval_r2_1obs": -25.043664522502254,
    "eval_metrics/imp_count_r2_gw": -0.06208076642693436,
    "eval_metrics/den_pval_spearman_gw": 0.24549465513898716,
    "eval_metrics/den_pval_spearman_1obs": 0.13902548395002298,
    "eval_metrics/den_peak_auroc_gw": 0.5417796730899846,
    "eval_metrics/den_pval_r2_gw": 0.020025947292748834,
    "eval_metrics/den_pval_spearman_dsf1": 0.24549465513898716,
    "eval_metrics/den_pval_pearson_dsf1": 0.2828459783187626,
    "eval_metrics/imp_pval_spearman_gw": 0.17458646201965863,
    "eval_metrics/imp_pval_pearson_dsf1": 0.1880229830387093,
    "eval_metrics/den_pval_pearson_1obs": 0.15004350213750609,
    "eval_metrics/den_count_spearman_gw": 0.12427326509234077,
    "eval_metrics/den_count_pearson_gw": 0.14481850238026758,
    "eval_metrics/imp_pval_r2_1obs": -29.86435019556516,
    "eval_metrics/imp_pval_spearman_dsf1": 0.17458646201965863,
    "eval_losses/total_loss": 5.38807547643266,
    "eval_losses/count_obs_loss": 1.2272523421990245,
    "eval_losses/count_imp_loss": 1.8726360769498915,
    "eval_losses/pval_obs_loss": 0.3658118566780008,
    "eval_losses/pval_imp_loss": 1.402818344296917,
    "eval_losses/peak_obs_loss": 0.5722380241281108,
    "eval_losses/peak_imp_loss": 0.6123355352689349
  }
}
{
  "epoch": 79,
  "training_metadata_probes": {
    "training_metadata_probes/depth_count_ratio": 1.0070725679397583,
    "training_metadata_probes/runtype_mse": 0.00032413689768873155,
    "training_metadata_probes/readlen_mse": 0.00037545114173553884
  }
}
{
  "epoch": 80,
  "eval_prefixed": {
    "eval_metrics/imp_pval_r2_dsf1": -0.2018746351754735,
    "eval_metrics/den_pval_pearson_gw": 0.28003294819867924,
    "eval_metrics/imp_count_spearman_gw": 0.00950344844977707,
    "eval_metrics/den_pval_r2_dsf1": 0.01580094366186312,
    "eval_metrics/imp_pval_r2_gw": -0.2018746351754735,
    "eval_metrics/imp_count_pearson_gw": 0.02999862228771524,
    "eval_metrics/imp_pval_pearson_gw": 0.19245091849376286,
    "eval_metrics/imp_pval_spearman_1obs": 0.15178635205651106,
    "eval_metrics/den_count_r2_gw": -0.11321116263011417,
    "eval_metrics/imp_pval_pearson_1obs": 0.1284004262914615,
    "eval_metrics/imp_peak_auroc_gw": 0.5551496654768182,
    "eval_metrics/den_pval_r2_1obs": -20.839861079799377,
    "eval_metrics/imp_count_r2_gw": -0.05685920031192824,
    "eval_metrics/den_pval_spearman_gw": 0.2507364918928866,
    "eval_metrics/den_pval_spearman_1obs": 0.12194869326561332,
    "eval_metrics/den_peak_auroc_gw": 0.540468270083314,
    "eval_metrics/den_pval_r2_gw": 0.01580094366186312,
    "eval_metrics/den_pval_spearman_dsf1": 0.2507364918928866,
    "eval_metrics/den_pval_pearson_dsf1": 0.28003294819867924,
    "eval_metrics/imp_pval_spearman_gw": 0.1683005951382839,
    "eval_metrics/imp_pval_pearson_dsf1": 0.19245091849376286,
    "eval_metrics/den_pval_pearson_1obs": 0.14781072511227408,
    "eval_metrics/den_count_spearman_gw": 0.12310134877685631,
    "eval_metrics/den_count_pearson_gw": 0.14091082716262654,
    "eval_metrics/imp_pval_r2_1obs": -33.82292258329909,
    "eval_metrics/imp_pval_spearman_dsf1": 0.1683005951382839,
    "eval_losses/total_loss": 5.987962408469206,
    "eval_losses/count_obs_loss": 1.2130709572842246,
    "eval_losses/count_imp_loss": 1.8524735096901181,
    "eval_losses/pval_obs_loss": 0.3728319511038104,
    "eval_losses/pval_imp_loss": 2.160694621532919,
    "eval_losses/peak_obs_loss": 0.5701332962826678,
    "eval_losses/peak_imp_loss": 0.6094730035180137
  }
}
{
  "epoch": 80,
  "training_metadata_probes": {
    "training_metadata_probes/depth_count_ratio": 1.007125735282898,
    "training_metadata_probes/runtype_mse": 0.000330058770487085,
    "training_metadata_probes/readlen_mse": 0.000338029523845762
  }
}
{
  "epoch": 81,
  "eval_prefixed": {
    "eval_metrics/imp_pval_r2_dsf1": -0.176644537458849,
    "eval_metrics/den_pval_pearson_gw": 0.2864625747193043,
    "eval_metrics/imp_count_spearman_gw": 0.005963109045394915,
    "eval_metrics/den_pval_r2_dsf1": 0.036829314994148474,
    "eval_metrics/imp_pval_r2_gw": -0.176644537458849,
    "eval_metrics/imp_count_pearson_gw": 0.025886691722368436,
    "eval_metrics/imp_pval_pearson_gw": 0.1901604170053606,
    "eval_metrics/imp_pval_spearman_1obs": 0.1942541498191367,
    "eval_metrics/den_count_r2_gw": -0.11923761893574795,
    "eval_metrics/imp_pval_pearson_1obs": 0.16498714607829848,
    "eval_metrics/imp_peak_auroc_gw": 0.547385331444957,
    "eval_metrics/den_pval_r2_1obs": -28.05502938111483,
    "eval_metrics/imp_count_r2_gw": -0.057715808163510955,
    "eval_metrics/den_pval_spearman_gw": 0.24974043581146624,
    "eval_metrics/den_pval_spearman_1obs": 0.12661562650432032,
    "eval_metrics/den_peak_auroc_gw": 0.5433048303075829,
    "eval_metrics/den_pval_r2_gw": 0.036829314994148474,
    "eval_metrics/den_pval_spearman_dsf1": 0.24974043581146624,
    "eval_metrics/den_pval_pearson_dsf1": 0.2864625747193043,
    "eval_metrics/imp_pval_spearman_gw": 0.1678857088763455,
    "eval_metrics/imp_pval_pearson_dsf1": 0.1901604170053606,
    "eval_metrics/den_pval_pearson_1obs": 0.1602732822372529,
    "eval_metrics/den_count_spearman_gw": 0.12247529890093506,
    "eval_metrics/den_count_pearson_gw": 0.1414890030006829,
    "eval_metrics/imp_pval_r2_1obs": -24.900185492857897,
    "eval_metrics/imp_pval_spearman_dsf1": 0.1678857088763455,
    "eval_losses/total_loss": 5.3821300050047665,
    "eval_losses/count_obs_loss": 1.2295835708317004,
    "eval_losses/count_imp_loss": 1.8314916955100164,
    "eval_losses/pval_obs_loss": 0.36060604975117666,
    "eval_losses/pval_imp_loss": 1.4483151958870983,
    "eval_losses/peak_obs_loss": 0.5686252858293684,
    "eval_losses/peak_imp_loss": 0.6086367196033872
  }
}
{
  "epoch": 81,
  "training_metadata_probes": {
    "training_metadata_probes/depth_count_ratio": 1.0071548223495483,
    "training_metadata_probes/runtype_mse": 0.0003588995896279812,
    "training_metadata_probes/readlen_mse": 0.00039334374014288187
  }
}
{
  "epoch": 82,
  "eval_prefixed": {
    "eval_metrics/imp_pval_r2_dsf1": -0.16444006352988066,
    "eval_metrics/den_pval_pearson_gw": 0.2893016287370732,
    "eval_metrics/imp_count_spearman_gw": 0.007349089076907543,
    "eval_metrics/den_pval_r2_dsf1": 0.026494779637704403,
    "eval_metrics/imp_pval_r2_gw": -0.16444006352988066,
    "eval_metrics/imp_count_pearson_gw": 0.026214413370730147,
    "eval_metrics/imp_pval_pearson_gw": 0.20446716467775997,
    "eval_metrics/imp_pval_spearman_1obs": 0.2140728006521421,
    "eval_metrics/den_count_r2_gw": -0.10633449021513987,
    "eval_metrics/imp_pval_pearson_1obs": 0.19682345388545877,
    "eval_metrics/imp_peak_auroc_gw": 0.5227583111930495,
    "eval_metrics/den_pval_r2_1obs": -16.160608194429106,
    "eval_metrics/imp_count_r2_gw": -0.04812351305007413,
    "eval_metrics/den_pval_spearman_gw": 0.24932450019720373,
    "eval_metrics/den_pval_spearman_1obs": 0.1422759343709857,
    "eval_metrics/den_peak_auroc_gw": 0.5373939155895304,
    "eval_metrics/den_pval_r2_gw": 0.026494779637704403,
    "eval_metrics/den_pval_spearman_dsf1": 0.24932450019720373,
    "eval_metrics/den_pval_pearson_dsf1": 0.2893016287370732,
    "eval_metrics/imp_pval_spearman_gw": 0.17562658155996602,
    "eval_metrics/imp_pval_pearson_dsf1": 0.20446716467775997,
    "eval_metrics/den_pval_pearson_1obs": 0.1667059288991272,
    "eval_metrics/den_count_spearman_gw": 0.1235045161998904,
    "eval_metrics/den_count_pearson_gw": 0.1469110279393039,
    "eval_metrics/imp_pval_r2_1obs": -23.258871851526425,
    "eval_metrics/imp_pval_spearman_dsf1": 0.17562658155996602,
    "eval_losses/total_loss": 5.26453079595108,
    "eval_losses/count_obs_loss": 1.1585146933794022,
    "eval_losses/count_imp_loss": 1.8241318823799255,
    "eval_losses/pval_obs_loss": 0.3094809323757593,
    "eval_losses/pval_imp_loss": 1.4640945702318162,
    "eval_losses/peak_obs_loss": 0.5669088583243521,
    "eval_losses/peak_imp_loss": 0.6078306855190367
  }
}
{
  "epoch": 82,
  "training_metadata_probes": {
    "training_metadata_probes/depth_count_ratio": 1.007230281829834,
    "training_metadata_probes/runtype_mse": 0.00034300098195672035,
    "training_metadata_probes/readlen_mse": 0.00036290581920184195
  }
}
{
  "epoch": 83,
  "eval_prefixed": {
    "eval_metrics/imp_pval_r2_dsf1": -0.20822809563621306,
    "eval_metrics/den_pval_pearson_gw": 0.28123564273118973,
    "eval_metrics/imp_count_spearman_gw": 0.0017515392339313078,
    "eval_metrics/den_pval_r2_dsf1": 0.03535207315850322,
    "eval_metrics/imp_pval_r2_gw": -0.20822809563621306,
    "eval_metrics/imp_count_pearson_gw": 0.02478266167380507,
    "eval_metrics/imp_pval_pearson_gw": 0.17781549148143283,
    "eval_metrics/imp_pval_spearman_1obs": 0.18888932908711312,
    "eval_metrics/den_count_r2_gw": -0.07044361456029266,
    "eval_metrics/imp_pval_pearson_1obs": 0.16085687133350543,
    "eval_metrics/imp_peak_auroc_gw": 0.5297253535519738,
    "eval_metrics/den_pval_r2_1obs": -20.53062827967352,
    "eval_metrics/imp_count_r2_gw": -0.06097902871633991,
    "eval_metrics/den_pval_spearman_gw": 0.24851061861103507,
    "eval_metrics/den_pval_spearman_1obs": 0.09139182743569715,
    "eval_metrics/den_peak_auroc_gw": 0.5318379224804797,
    "eval_metrics/den_pval_r2_gw": 0.03535207315850322,
    "eval_metrics/den_pval_spearman_dsf1": 0.24851061861103507,
    "eval_metrics/den_pval_pearson_dsf1": 0.28123564273118973,
    "eval_metrics/imp_pval_spearman_gw": 0.17692240109863502,
    "eval_metrics/imp_pval_pearson_dsf1": 0.17781549148143283,
    "eval_metrics/den_pval_pearson_1obs": 0.10930524864479114,
    "eval_metrics/den_count_spearman_gw": 0.12390945898232154,
    "eval_metrics/den_count_pearson_gw": 0.1456107473196952,
    "eval_metrics/imp_pval_r2_1obs": -28.522555718994116,
    "eval_metrics/imp_pval_spearman_dsf1": 0.17692240109863502,
    "eval_losses/total_loss": 5.993319920766608,
    "eval_losses/count_obs_loss": 1.1822951420357353,
    "eval_losses/count_imp_loss": 1.8399389811924525,
    "eval_losses/pval_obs_loss": 0.3685333771557596,
    "eval_losses/pval_imp_loss": 2.2329109646971266,
    "eval_losses/peak_obs_loss": 0.5651326214796618,
    "eval_losses/peak_imp_loss": 0.6045987412096963
  }
}
{
  "epoch": 83,
  "training_metadata_probes": {
    "training_metadata_probes/depth_count_ratio": 1.007374882698059,
    "training_metadata_probes/runtype_mse": 0.0003519192396197468,
    "training_metadata_probes/readlen_mse": 0.0003857968549709767
  }
}
{
  "epoch": 84,
  "eval_prefixed": {
    "eval_metrics/imp_pval_r2_dsf1": -0.1863516991348883,
    "eval_metrics/den_pval_pearson_gw": 0.28547886513957854,
    "eval_metrics/imp_count_spearman_gw": 0.014619726715678837,
    "eval_metrics/den_pval_r2_dsf1": 0.038134562851213444,
    "eval_metrics/imp_pval_r2_gw": -0.1863516991348883,
    "eval_metrics/imp_count_pearson_gw": 0.02857395313266251,
    "eval_metrics/imp_pval_pearson_gw": 0.1838899486003414,
    "eval_metrics/imp_pval_spearman_1obs": 0.17587844560308247,
    "eval_metrics/den_count_r2_gw": -0.09471621100403933,
    "eval_metrics/imp_pval_pearson_1obs": 0.14173134670607626,
    "eval_metrics/imp_peak_auroc_gw": 0.5223526835053145,
    "eval_metrics/den_pval_r2_1obs": -21.016664745874248,
    "eval_metrics/imp_count_r2_gw": -0.05540149081478692,
    "eval_metrics/den_pval_spearman_gw": 0.2480647607337213,
    "eval_metrics/den_pval_spearman_1obs": 0.10576254336522373,
    "eval_metrics/den_peak_auroc_gw": 0.5325324141212691,
    "eval_metrics/den_pval_r2_gw": 0.038134562851213444,
    "eval_metrics/den_pval_spearman_dsf1": 0.2480647607337213,
    "eval_metrics/den_pval_pearson_dsf1": 0.28547886513957854,
    "eval_metrics/imp_pval_spearman_gw": 0.16719968654765713,
    "eval_metrics/imp_pval_pearson_dsf1": 0.1838899486003414,
    "eval_metrics/den_pval_pearson_1obs": 0.1262193015304786,
    "eval_metrics/den_count_spearman_gw": 0.12336618158992282,
    "eval_metrics/den_count_pearson_gw": 0.1476316662309201,
    "eval_metrics/imp_pval_r2_1obs": -30.338377620615418,
    "eval_metrics/imp_pval_spearman_dsf1": 0.16719968654765713,
    "eval_losses/total_loss": 5.74077515884327,
    "eval_losses/count_obs_loss": 1.1889979376604682,
    "eval_losses/count_imp_loss": 1.8255670912682065,
    "eval_losses/pval_obs_loss": 0.36269546672089126,
    "eval_losses/pval_imp_loss": 1.9441719262432011,
    "eval_losses/peak_obs_loss": 0.5629838512916314,
    "eval_losses/peak_imp_loss": 0.6046013101225808
  }
}
{
  "epoch": 84,
  "training_metadata_probes": {
    "training_metadata_probes/depth_count_ratio": 1.0070219039916992,
    "training_metadata_probes/runtype_mse": 0.00037318855174817145,
    "training_metadata_probes/readlen_mse": 0.00040410200017504394
  }
}
{
  "epoch": 85,
  "eval_prefixed": {
    "eval_metrics/imp_pval_r2_dsf1": -0.229045298151344,
    "eval_metrics/den_pval_pearson_gw": 0.2853522483798626,
    "eval_metrics/imp_count_spearman_gw": 0.004991295774117785,
    "eval_metrics/den_pval_r2_dsf1": 0.02134391799139327,
    "eval_metrics/imp_pval_r2_gw": -0.229045298151344,
    "eval_metrics/imp_count_pearson_gw": 0.02871236534759639,
    "eval_metrics/imp_pval_pearson_gw": 0.1885258046289285,
    "eval_metrics/imp_pval_spearman_1obs": 0.20500294227411583,
    "eval_metrics/den_count_r2_gw": -0.10547087941785784,
    "eval_metrics/imp_pval_pearson_1obs": 0.1723953921288725,
    "eval_metrics/imp_peak_auroc_gw": 0.5147165523055751,
    "eval_metrics/den_pval_r2_1obs": -19.746015540311024,
    "eval_metrics/imp_count_r2_gw": -0.05435303314316971,
    "eval_metrics/den_pval_spearman_gw": 0.25653751760664223,
    "eval_metrics/den_pval_spearman_1obs": 0.14459133356874634,
    "eval_metrics/den_peak_auroc_gw": 0.5274187397205301,
    "eval_metrics/den_pval_r2_gw": 0.02134391799139327,
    "eval_metrics/den_pval_spearman_dsf1": 0.25653751760664223,
    "eval_metrics/den_pval_pearson_dsf1": 0.2853522483798626,
    "eval_metrics/imp_pval_spearman_gw": 0.17685988102467595,
    "eval_metrics/imp_pval_pearson_dsf1": 0.1885258046289285,
    "eval_metrics/den_pval_pearson_1obs": 0.1696547438914422,
    "eval_metrics/den_count_spearman_gw": 0.12317132881575422,
    "eval_metrics/den_count_pearson_gw": 0.14606205614185647,
    "eval_metrics/imp_pval_r2_1obs": -16.512514379059873,
    "eval_metrics/imp_pval_spearman_dsf1": 0.17685988102467595,
    "eval_losses/total_loss": 5.419471512891744,
    "eval_losses/count_obs_loss": 1.1756288926852376,
    "eval_losses/count_imp_loss": 1.7849594269480025,
    "eval_losses/pval_obs_loss": 0.3313330449163914,
    "eval_losses/pval_imp_loss": 1.6553151411196543,
    "eval_losses/peak_obs_loss": 0.5605197941002092,
    "eval_losses/peak_imp_loss": 0.6033956441614363
  }
}
{
  "epoch": 85,
  "training_metadata_probes": {
    "training_metadata_probes/depth_count_ratio": 1.006913423538208,
    "training_metadata_probes/runtype_mse": 0.0004066663677804172,
    "training_metadata_probes/readlen_mse": 0.0003989411052316427
  }
}
{
  "epoch": 86,
  "eval_prefixed": {
    "eval_metrics/imp_pval_r2_dsf1": -0.2500362963968448,
    "eval_metrics/den_pval_pearson_gw": 0.2852864254290532,
    "eval_metrics/imp_count_spearman_gw": 0.005524839826245654,
    "eval_metrics/den_pval_r2_dsf1": 0.01858466995874336,
    "eval_metrics/imp_pval_r2_gw": -0.2500362963968448,
    "eval_metrics/imp_count_pearson_gw": 0.026939676320623784,
    "eval_metrics/imp_pval_pearson_gw": 0.18195755723568183,
    "eval_metrics/imp_pval_spearman_1obs": 0.19669479683243396,
    "eval_metrics/den_count_r2_gw": -0.07937648460972416,
    "eval_metrics/imp_pval_pearson_1obs": 0.15640779497427126,
    "eval_metrics/imp_peak_auroc_gw": 0.5287738234871011,
    "eval_metrics/den_pval_r2_1obs": -20.359930644311444,
    "eval_metrics/imp_count_r2_gw": -0.06555642400206159,
    "eval_metrics/den_pval_spearman_gw": 0.25141333746208977,
    "eval_metrics/den_pval_spearman_1obs": 0.13209342774400987,
    "eval_metrics/den_peak_auroc_gw": 0.5236444577300525,
    "eval_metrics/den_pval_r2_gw": 0.01858466995874336,
    "eval_metrics/den_pval_spearman_dsf1": 0.25141333746208977,
    "eval_metrics/den_pval_pearson_dsf1": 0.2852864254290532,
    "eval_metrics/imp_pval_spearman_gw": 0.17000558793081266,
    "eval_metrics/imp_pval_pearson_dsf1": 0.18195755723568183,
    "eval_metrics/den_pval_pearson_1obs": 0.14153510882552886,
    "eval_metrics/den_count_spearman_gw": 0.1230703055945344,
    "eval_metrics/den_count_pearson_gw": 0.14720454517948,
    "eval_metrics/imp_pval_r2_1obs": -34.65313576931038,
    "eval_metrics/imp_pval_spearman_dsf1": 0.17000558793081266,
    "eval_losses/total_loss": 6.2112037830152795,
    "eval_losses/count_obs_loss": 1.176537415698955,
    "eval_losses/count_imp_loss": 1.8354628114473253,
    "eval_losses/pval_obs_loss": 0.3372844926718819,
    "eval_losses/pval_imp_loss": 2.557335755181691,
    "eval_losses/peak_obs_loss": 0.5591944781573195,
    "eval_losses/peak_imp_loss": 0.5993005148475132
  }
}
{
  "epoch": 86,
  "training_metadata_probes": {
    "training_metadata_probes/depth_count_ratio": 1.0071216821670532,
    "training_metadata_probes/runtype_mse": 0.00039415815263055265,
    "training_metadata_probes/readlen_mse": 0.0003669867292046547
  }
}
{
  "epoch": 87,
  "eval_prefixed": {
    "eval_metrics/imp_pval_r2_dsf1": -0.1990017319110027,
    "eval_metrics/den_pval_pearson_gw": 0.2901243324342527,
    "eval_metrics/imp_count_spearman_gw": 0.008093495635811514,
    "eval_metrics/den_pval_r2_dsf1": 0.03205239573557774,
    "eval_metrics/imp_pval_r2_gw": -0.1990017319110027,
    "eval_metrics/imp_count_pearson_gw": 0.030655134195787092,
    "eval_metrics/imp_pval_pearson_gw": 0.19322398952430203,
    "eval_metrics/imp_pval_spearman_1obs": 0.15248289927754696,
    "eval_metrics/den_count_r2_gw": -0.11576261897303355,
    "eval_metrics/imp_pval_pearson_1obs": 0.1300514879052542,
    "eval_metrics/imp_peak_auroc_gw": 0.5313663703730624,
    "eval_metrics/den_pval_r2_1obs": -20.315505332986238,
    "eval_metrics/imp_count_r2_gw": -0.049013421233307125,
    "eval_metrics/den_pval_spearman_gw": 0.26350128921274113,
    "eval_metrics/den_pval_spearman_1obs": 0.10687675500653605,
    "eval_metrics/den_peak_auroc_gw": 0.5450542875181311,
    "eval_metrics/den_pval_r2_gw": 0.03205239573557774,
    "eval_metrics/den_pval_spearman_dsf1": 0.26350128921274113,
    "eval_metrics/den_pval_pearson_dsf1": 0.2901243324342527,
    "eval_metrics/imp_pval_spearman_gw": 0.18779454388560166,
    "eval_metrics/imp_pval_pearson_dsf1": 0.19322398952430203,
    "eval_metrics/den_pval_pearson_1obs": 0.1138816662377825,
    "eval_metrics/den_count_spearman_gw": 0.12508784180475446,
    "eval_metrics/den_count_pearson_gw": 0.14727476150973848,
    "eval_metrics/imp_pval_r2_1obs": -22.809376239826214,
    "eval_metrics/imp_pval_spearman_dsf1": 0.18779454388560166,
    "eval_losses/total_loss": 5.381417113003983,
    "eval_losses/count_obs_loss": 1.2452929137568725,
    "eval_losses/count_imp_loss": 1.8184782115239946,
    "eval_losses/pval_obs_loss": 0.3441799647744598,
    "eval_losses/pval_imp_loss": 1.4878591080122288,
    "eval_losses/peak_obs_loss": 0.554505920723865,
    "eval_losses/peak_imp_loss": 0.5991438208591371
  }
}
{
  "epoch": 87,
  "training_metadata_probes": {
    "training_metadata_probes/depth_count_ratio": 1.0067819356918335,
    "training_metadata_probes/runtype_mse": 0.00040951251867227256,
    "training_metadata_probes/readlen_mse": 0.00035085566923953593
  }
}
{
  "epoch": 88,
  "eval_prefixed": {
    "eval_metrics/imp_pval_r2_dsf1": -0.19572224427225834,
    "eval_metrics/den_pval_pearson_gw": 0.28296380004796545,
    "eval_metrics/imp_count_spearman_gw": 0.010954028250050868,
    "eval_metrics/den_pval_r2_dsf1": 0.003982349311153217,
    "eval_metrics/imp_pval_r2_gw": -0.19572224427225834,
    "eval_metrics/imp_count_pearson_gw": 0.03348607450930609,
    "eval_metrics/imp_pval_pearson_gw": 0.1961330691027263,
    "eval_metrics/imp_pval_spearman_1obs": 0.18205719559511782,
    "eval_metrics/den_count_r2_gw": -0.09129482934894925,
    "eval_metrics/imp_pval_pearson_1obs": 0.15157313126006297,
    "eval_metrics/imp_peak_auroc_gw": 0.543588056320907,
    "eval_metrics/den_pval_r2_1obs": -18.727966482347284,
    "eval_metrics/imp_count_r2_gw": -0.04764199414734247,
    "eval_metrics/den_pval_spearman_gw": 0.26152560460318963,
    "eval_metrics/den_pval_spearman_1obs": 0.13512745025012196,
    "eval_metrics/den_peak_auroc_gw": 0.5307304431060491,
    "eval_metrics/den_pval_r2_gw": 0.003982349311153217,
    "eval_metrics/den_pval_spearman_dsf1": 0.26152560460318963,
    "eval_metrics/den_pval_pearson_dsf1": 0.28296380004796545,
    "eval_metrics/imp_pval_spearman_gw": 0.1853057605711135,
    "eval_metrics/imp_pval_pearson_dsf1": 0.1961330691027263,
    "eval_metrics/den_pval_pearson_1obs": 0.15271882673570011,
    "eval_metrics/den_count_spearman_gw": 0.12485336322785703,
    "eval_metrics/den_count_pearson_gw": 0.1463744120770379,
    "eval_metrics/imp_pval_r2_1obs": -34.20714665841345,
    "eval_metrics/imp_pval_spearman_dsf1": 0.1853057605711135,
    "eval_losses/total_loss": 5.991060888468239,
    "eval_losses/count_obs_loss": 1.159973365695853,
    "eval_losses/count_imp_loss": 1.834914869732327,
    "eval_losses/pval_obs_loss": 0.33163914778024745,
    "eval_losses/pval_imp_loss": 2.329091220029763,
    "eval_losses/peak_obs_loss": 0.5536086469104415,
    "eval_losses/peak_imp_loss": 0.5960545345904336
  }
}
{
  "epoch": 88,
  "training_metadata_probes": {
    "training_metadata_probes/depth_count_ratio": 1.0066510438919067,
    "training_metadata_probes/runtype_mse": 0.0004364598134998232,
    "training_metadata_probes/readlen_mse": 0.0003180304483976215
  }
}
{
  "epoch": 89,
  "eval_prefixed": {
    "eval_metrics/imp_pval_r2_dsf1": -0.19759704758827487,
    "eval_metrics/den_pval_pearson_gw": 0.2904896673403288,
    "eval_metrics/imp_count_spearman_gw": 0.011691085839304302,
    "eval_metrics/den_pval_r2_dsf1": 0.0374330148586306,
    "eval_metrics/imp_pval_r2_gw": -0.19759704758827487,
    "eval_metrics/imp_count_pearson_gw": 0.030928900169711265,
    "eval_metrics/imp_pval_pearson_gw": 0.20150259397332632,
    "eval_metrics/imp_pval_spearman_1obs": 0.21928689742575241,
    "eval_metrics/den_count_r2_gw": -0.09533797773644029,
    "eval_metrics/imp_pval_pearson_1obs": 0.17711527125969057,
    "eval_metrics/imp_peak_auroc_gw": 0.5330627317491121,
    "eval_metrics/den_pval_r2_1obs": -28.383711611448145,
    "eval_metrics/imp_count_r2_gw": -0.051810529521651695,
    "eval_metrics/den_pval_spearman_gw": 0.26685907907011286,
    "eval_metrics/den_pval_spearman_1obs": 0.1515455095653437,
    "eval_metrics/den_peak_auroc_gw": 0.5333683587357346,
    "eval_metrics/den_pval_r2_gw": 0.0374330148586306,
    "eval_metrics/den_pval_spearman_dsf1": 0.26685907907011286,
    "eval_metrics/den_pval_pearson_dsf1": 0.2904896673403288,
    "eval_metrics/imp_pval_spearman_gw": 0.19459930113398122,
    "eval_metrics/imp_pval_pearson_dsf1": 0.20150259397332632,
    "eval_metrics/den_pval_pearson_1obs": 0.18327599860525592,
    "eval_metrics/den_count_spearman_gw": 0.12575996955801286,
    "eval_metrics/den_count_pearson_gw": 0.1509225834651213,
    "eval_metrics/imp_pval_r2_1obs": -27.966360022661053,
    "eval_metrics/imp_pval_spearman_dsf1": 0.19459930113398122,
    "eval_losses/total_loss": 6.374347155705388,
    "eval_losses/count_obs_loss": 1.219898040357389,
    "eval_losses/count_imp_loss": 1.8084185993860638,
    "eval_losses/pval_obs_loss": 0.3272282789877959,
    "eval_losses/pval_imp_loss": 2.756875794085245,
    "eval_losses/peak_obs_loss": 0.5502560805333289,
    "eval_losses/peak_imp_loss": 0.5942186453039684
  }
}
{
  "epoch": 89,
  "training_metadata_probes": {
    "training_metadata_probes/depth_count_ratio": 1.0069471597671509,
    "training_metadata_probes/runtype_mse": 0.000430649786721915,
    "training_metadata_probes/readlen_mse": 0.00031174527248367667
  }
}
{
  "epoch": 90,
  "eval_prefixed": {
    "eval_metrics/imp_pval_r2_dsf1": -0.2201052986807216,
    "eval_metrics/den_pval_pearson_gw": 0.28483233517526013,
    "eval_metrics/imp_count_spearman_gw": 0.00876039037737265,
    "eval_metrics/den_pval_r2_dsf1": 0.023928263084885416,
    "eval_metrics/imp_pval_r2_gw": -0.2201052986807216,
    "eval_metrics/imp_count_pearson_gw": 0.02970286157159578,
    "eval_metrics/imp_pval_pearson_gw": 0.2013790345203782,
    "eval_metrics/imp_pval_spearman_1obs": 0.21819375736080446,
    "eval_metrics/den_count_r2_gw": -0.07890164440957859,
    "eval_metrics/imp_pval_pearson_1obs": 0.1777460862778955,
    "eval_metrics/imp_peak_auroc_gw": 0.5414473935543267,
    "eval_metrics/den_pval_r2_1obs": -25.812691683678167,
    "eval_metrics/imp_count_r2_gw": -0.0427081740937819,
    "eval_metrics/den_pval_spearman_gw": 0.2677548532799994,
    "eval_metrics/den_pval_spearman_1obs": 0.10537478928197618,
    "eval_metrics/den_peak_auroc_gw": 0.5336180355542814,
    "eval_metrics/den_pval_r2_gw": 0.023928263084885416,
    "eval_metrics/den_pval_spearman_dsf1": 0.2677548532799994,
    "eval_metrics/den_pval_pearson_dsf1": 0.28483233517526013,
    "eval_metrics/imp_pval_spearman_gw": 0.1896118647027967,
    "eval_metrics/imp_pval_pearson_dsf1": 0.2013790345203782,
    "eval_metrics/den_pval_pearson_1obs": 0.14301146651575292,
    "eval_metrics/den_count_spearman_gw": 0.12575208265215468,
    "eval_metrics/den_count_pearson_gw": 0.15406623629755095,
    "eval_metrics/imp_pval_r2_1obs": -28.219040668975612,
    "eval_metrics/imp_pval_spearman_dsf1": 0.1896118647027967,
    "eval_losses/total_loss": 6.060305052608448,
    "eval_losses/count_obs_loss": 1.2342648741446043,
    "eval_losses/count_imp_loss": 1.82464964900698,
    "eval_losses/pval_obs_loss": 0.3293439197403036,
    "eval_losses/pval_imp_loss": 2.3463528944800296,
    "eval_losses/peak_obs_loss": 0.5471467230665056,
    "eval_losses/peak_imp_loss": 0.59353340428973
  }
}
{
  "epoch": 90,
  "training_metadata_probes": {
    "training_metadata_probes/depth_count_ratio": 1.0065836906433105,
    "training_metadata_probes/runtype_mse": 0.0004000654153060168,
    "training_metadata_probes/readlen_mse": 0.0003120875626336783
  }
}
{
  "epoch": 91,
  "eval_prefixed": {
    "eval_metrics/imp_pval_r2_dsf1": -0.22906708698459474,
    "eval_metrics/den_pval_pearson_gw": 0.28758110603513687,
    "eval_metrics/imp_count_spearman_gw": 0.006536993774106765,
    "eval_metrics/den_pval_r2_dsf1": 0.023670408133024817,
    "eval_metrics/imp_pval_r2_gw": -0.22906708698459474,
    "eval_metrics/imp_count_pearson_gw": 0.0315200233063291,
    "eval_metrics/imp_pval_pearson_gw": 0.19579340582565655,
    "eval_metrics/imp_pval_spearman_1obs": 0.2137539112507271,
    "eval_metrics/den_count_r2_gw": -0.10122555404628279,
    "eval_metrics/imp_pval_pearson_1obs": 0.18235603555859553,
    "eval_metrics/imp_peak_auroc_gw": 0.5427875021532341,
    "eval_metrics/den_pval_r2_1obs": -25.050445725923556,
    "eval_metrics/imp_count_r2_gw": -0.05175448960273651,
    "eval_metrics/den_pval_spearman_gw": 0.27248639669924757,
    "eval_metrics/den_pval_spearman_1obs": 0.11239974559820565,
    "eval_metrics/den_peak_auroc_gw": 0.5342095937375181,
    "eval_metrics/den_pval_r2_gw": 0.023670408133024817,
    "eval_metrics/den_pval_spearman_dsf1": 0.27248639669924757,
    "eval_metrics/den_pval_pearson_dsf1": 0.28758110603513687,
    "eval_metrics/imp_pval_spearman_gw": 0.19763733900692998,
    "eval_metrics/imp_pval_pearson_dsf1": 0.19579340582565655,
    "eval_metrics/den_pval_pearson_1obs": 0.13639683609806907,
    "eval_metrics/den_count_spearman_gw": 0.12475648076540584,
    "eval_metrics/den_count_pearson_gw": 0.1497490418780791,
    "eval_metrics/imp_pval_r2_1obs": -22.570536263894986,
    "eval_metrics/imp_pval_spearman_dsf1": 0.19763733900692998,
    "eval_losses/total_loss": 6.653102943875925,
    "eval_losses/count_obs_loss": 1.1728396541193913,
    "eval_losses/count_imp_loss": 1.7939973946601626,
    "eval_losses/pval_obs_loss": 0.30867220236503173,
    "eval_losses/pval_imp_loss": 3.1945949442802912,
    "eval_losses/peak_obs_loss": 0.5463554121946034,
    "eval_losses/peak_imp_loss": 0.5910570470113603
  }
}
{
  "epoch": 91,
  "training_metadata_probes": {
    "training_metadata_probes/depth_count_ratio": 1.0072531700134277,
    "training_metadata_probes/runtype_mse": 0.0004110420704819262,
    "training_metadata_probes/readlen_mse": 0.000287938688416034
  }
}
slurmstepd: error: *** JOB 37341541 ON fc10918 CANCELLED AT 2026-04-26T05:41:31 DUE TO TIME LIMIT ***
