/project/6014832/mforooz/EpiDenoise/candi_venv/lib/python3.10/site-packages/pydantic/_internal/_generate_schema.py:2249: UnsupportedFieldAttributeWarning: The 'repr' attribute with value False was provided to the `Field()` function, which has no effect in the context it was used. 'repr' is field-specific metadata, and can only be attached to a model field using `Annotated` metadata or by assignment. This may have happened because an `Annotated` type alias using the `type` statement was used, or if the `Field()` function was attached to a single member of a union type.
  warnings.warn(
/project/6014832/mforooz/EpiDenoise/candi_venv/lib/python3.10/site-packages/pydantic/_internal/_generate_schema.py:2249: UnsupportedFieldAttributeWarning: The 'frozen' attribute with value True was provided to the `Field()` function, which has no effect in the context it was used. 'frozen' is field-specific metadata, and can only be attached to a model field using `Annotated` metadata or by assignment. This may have happened because an `Annotated` type alias using the `type` statement was used, or if the `Field()` function was attached to a single member of a union type.
  warnings.warn(
wandb: Currently logged in as: mforooz (mforoozz) to https://api.wandb.ai. Use `wandb login --relogin` to force relogin
wandb: WARNING Changes to your `wandb` environment variables will be ignored because your `wandb` session has already started. For more information on how to modify your settings with `wandb.init()` arguments, please refer to https://wandb.me/wandb-init.
wandb: creating run
wandb: Tracking run with wandb version 0.21.2
wandb: Run data is saved locally in /project/6014832/mforooz/EpiDenoise/wandb/run-20260426_024204-cmuvynfn
wandb: Run `wandb offline` to turn off syncing.
wandb: Syncing run baseline_dsf1_only
wandb: ⭐️ View project at https://wandb.ai/mforoozz/candi_sandbox
wandb: 🚀 View run at https://wandb.ai/mforoozz/candi_sandbox/runs/cmuvynfn
[sandbox] Loaded canonical metadata for 8 assay types from data/eic_metadata.csv
{
  "epoch": 0,
  "eval_prefixed": {
    "eval_metrics/imp_pval_pearson_gw": 0.0032685739325455554,
    "eval_metrics/den_pval_pearson_dsf1": -0.02326660446593259,
    "eval_metrics/imp_pval_r2_1obs": -25.868553429824058,
    "eval_metrics/den_count_spearman_gw": 0.023854367978153216,
    "eval_metrics/den_count_r2_gw": -0.05077241185048558,
    "eval_metrics/imp_count_spearman_gw": -0.03789464431719427,
    "eval_metrics/den_pval_pearson_1obs": -0.03245471569550175,
    "eval_metrics/den_pval_r2_gw": -1.3850175657006634,
    "eval_metrics/den_pval_spearman_1obs": -0.014625438811317516,
    "eval_metrics/imp_pval_pearson_1obs": -0.0024660645378014397,
    "eval_metrics/imp_pval_spearman_gw": 0.001811913470324137,
    "eval_metrics/den_pval_pearson_gw": -0.02326660446593259,
    "eval_metrics/imp_pval_r2_gw": -1.635091431159201,
    "eval_metrics/den_pval_r2_1obs": -30.37206107004216,
    "eval_metrics/imp_pval_pearson_dsf1": 0.0032685739325455554,
    "eval_metrics/den_peak_auroc_gw": 0.45118219633432977,
    "eval_metrics/imp_pval_r2_dsf1": -1.635091431159201,
    "eval_metrics/den_pval_spearman_dsf1": 0.0033164700330421855,
    "eval_metrics/imp_pval_spearman_dsf1": 0.001811913470324137,
    "eval_metrics/imp_peak_auroc_gw": 0.4514767524124499,
    "eval_metrics/den_count_pearson_gw": 0.008963474410465048,
    "eval_metrics/den_pval_r2_dsf1": -1.3850175657006634,
    "eval_metrics/den_pval_spearman_gw": 0.0033164700330421855,
    "eval_metrics/imp_pval_spearman_1obs": -0.004297059473947995,
    "eval_metrics/imp_count_pearson_gw": -0.016281379576650493,
    "eval_metrics/imp_count_r2_gw": -0.13364560578383813,
    "eval_losses/total_loss": 6.665065764988723,
    "eval_losses/count_obs_loss": 1.4090482702380733,
    "eval_losses/count_imp_loss": 2.2241686875858004,
    "eval_losses/pval_obs_loss": 1.169633764969675,
    "eval_losses/pval_imp_loss": 1.1624240648178827,
    "eval_losses/peak_obs_loss": 0.6975401232117101,
    "eval_losses/peak_imp_loss": 0.7015360428227319
  }
}
{
  "epoch": 0,
  "training_metadata_probes": {
    "training_metadata_probes/depth_count_ratio": 0.9918758273124695,
    "training_metadata_probes/runtype_mse": 1.2742307831103972e-07,
    "training_metadata_probes/readlen_mse": 3.343582761772268e-07
  }
}
{
  "epoch": 1,
  "eval_prefixed": {
    "eval_metrics/imp_pval_pearson_gw": 0.002805950591354058,
    "eval_metrics/den_pval_pearson_dsf1": -0.014766992725382903,
    "eval_metrics/imp_pval_r2_1obs": -28.283856088479478,
    "eval_metrics/den_count_spearman_gw": 0.036207428991589775,
    "eval_metrics/den_count_r2_gw": -0.0649670817449817,
    "eval_metrics/imp_count_spearman_gw": -0.031286631207247007,
    "eval_metrics/den_pval_pearson_1obs": -0.0199315223328181,
    "eval_metrics/den_pval_r2_gw": -1.398539657798641,
    "eval_metrics/den_pval_spearman_1obs": -0.020156217242572744,
    "eval_metrics/imp_pval_pearson_1obs": 0.010790872208980588,
    "eval_metrics/imp_pval_spearman_gw": 0.00473000537444146,
    "eval_metrics/den_pval_pearson_gw": -0.014766992725382903,
    "eval_metrics/imp_pval_r2_gw": -1.5246797713732667,
    "eval_metrics/den_pval_r2_1obs": -25.174658183442364,
    "eval_metrics/imp_pval_pearson_dsf1": 0.002805950591354058,
    "eval_metrics/den_peak_auroc_gw": 0.4567847968631151,
    "eval_metrics/imp_pval_r2_dsf1": -1.5246797713732667,
    "eval_metrics/den_pval_spearman_dsf1": 0.014650784460408905,
    "eval_metrics/imp_pval_spearman_dsf1": 0.00473000537444146,
    "eval_metrics/imp_peak_auroc_gw": 0.4422185955273848,
    "eval_metrics/den_count_pearson_gw": 0.029244011075015328,
    "eval_metrics/den_pval_r2_dsf1": -1.398539657798641,
    "eval_metrics/den_pval_spearman_gw": 0.014650784460408905,
    "eval_metrics/imp_pval_spearman_1obs": -0.003612205319070939,
    "eval_metrics/imp_count_pearson_gw": -0.01287214421193182,
    "eval_metrics/imp_count_r2_gw": -0.08767524746515006,
    "eval_losses/total_loss": 6.3180310592839595,
    "eval_losses/count_obs_loss": 1.318913393899014,
    "eval_losses/count_imp_loss": 1.9599517167560638,
    "eval_losses/pval_obs_loss": 1.1509371290081425,
    "eval_losses/pval_imp_loss": 1.153603883016677,
    "eval_losses/peak_obs_loss": 0.6925791619639647,
    "eval_losses/peak_imp_loss": 0.6932016138046507
  }
}
{
  "epoch": 1,
  "training_metadata_probes": {
    "training_metadata_probes/depth_count_ratio": 0.9943139553070068,
    "training_metadata_probes/runtype_mse": 4.3096488866467553e-07,
    "training_metadata_probes/readlen_mse": 3.926734734704951e-06
  }
}
{
  "epoch": 2,
  "eval_prefixed": {
    "eval_metrics/imp_pval_pearson_gw": 0.0031293564030737985,
    "eval_metrics/den_pval_pearson_dsf1": -0.0029176395456536404,
    "eval_metrics/imp_pval_r2_1obs": -25.643498365653542,
    "eval_metrics/den_count_spearman_gw": 0.04263629681521241,
    "eval_metrics/den_count_r2_gw": -0.11325237229137693,
    "eval_metrics/imp_count_spearman_gw": -0.02228683204907915,
    "eval_metrics/den_pval_pearson_1obs": -0.016467089673249957,
    "eval_metrics/den_pval_r2_gw": -1.234270627238958,
    "eval_metrics/den_pval_spearman_1obs": -0.023415289730763136,
    "eval_metrics/imp_pval_pearson_1obs": 0.021384886109098306,
    "eval_metrics/imp_pval_spearman_gw": 0.011664460752319394,
    "eval_metrics/den_pval_pearson_gw": -0.0029176395456536404,
    "eval_metrics/imp_pval_r2_gw": -1.563113724365662,
    "eval_metrics/den_pval_r2_1obs": -20.749198464797086,
    "eval_metrics/imp_pval_pearson_dsf1": 0.0031293564030737985,
    "eval_metrics/den_peak_auroc_gw": 0.47173974919865297,
    "eval_metrics/imp_pval_r2_dsf1": -1.563113724365662,
    "eval_metrics/den_pval_spearman_dsf1": 0.03388487354206173,
    "eval_metrics/imp_pval_spearman_dsf1": 0.011664460752319394,
    "eval_metrics/imp_peak_auroc_gw": 0.42493295048711655,
    "eval_metrics/den_count_pearson_gw": 0.04076543431706101,
    "eval_metrics/den_pval_r2_dsf1": -1.234270627238958,
    "eval_metrics/den_pval_spearman_gw": 0.03388487354206173,
    "eval_metrics/imp_pval_spearman_1obs": 0.015986575985754745,
    "eval_metrics/imp_count_pearson_gw": -0.0031003752827393964,
    "eval_metrics/imp_count_r2_gw": -0.07181139643646732,
    "eval_losses/total_loss": 6.241004063110602,
    "eval_losses/count_obs_loss": 1.2624156569179736,
    "eval_losses/count_imp_loss": 1.9915704500107538,
    "eval_losses/pval_obs_loss": 1.12816122644826,
    "eval_losses/pval_imp_loss": 1.1333964362977043,
    "eval_losses/peak_obs_loss": 0.6898739471247322,
    "eval_losses/peak_imp_loss": 0.6877639974866595
  }
}
{
  "epoch": 2,
  "training_metadata_probes": {
    "training_metadata_probes/depth_count_ratio": 0.9968035817146301,
    "training_metadata_probes/runtype_mse": 1.8936754031528835e-06,
    "training_metadata_probes/readlen_mse": 6.554903848154936e-06
  }
}
{
  "epoch": 3,
  "eval_prefixed": {
    "eval_metrics/imp_pval_pearson_gw": 0.006007823543133406,
    "eval_metrics/den_pval_pearson_dsf1": 0.00773029345988394,
    "eval_metrics/imp_pval_r2_1obs": -20.474902542169776,
    "eval_metrics/den_count_spearman_gw": 0.03988480377952604,
    "eval_metrics/den_count_r2_gw": -0.1991597772195785,
    "eval_metrics/imp_count_spearman_gw": -0.015390329368634027,
    "eval_metrics/den_pval_pearson_1obs": -0.015316798791326093,
    "eval_metrics/den_pval_r2_gw": -1.1407603247249485,
    "eval_metrics/den_pval_spearman_1obs": -0.015323882834078586,
    "eval_metrics/imp_pval_pearson_1obs": 0.019713826646607015,
    "eval_metrics/imp_pval_spearman_gw": 0.014591523672725705,
    "eval_metrics/den_pval_pearson_gw": 0.00773029345988394,
    "eval_metrics/imp_pval_r2_gw": -1.3115619395788451,
    "eval_metrics/den_pval_r2_1obs": -26.529478895128214,
    "eval_metrics/imp_pval_pearson_dsf1": 0.006007823543133406,
    "eval_metrics/den_peak_auroc_gw": 0.467999878958818,
    "eval_metrics/imp_pval_r2_dsf1": -1.3115619395788451,
    "eval_metrics/den_pval_spearman_dsf1": 0.02628613688895865,
    "eval_metrics/imp_pval_spearman_dsf1": 0.014591523672725705,
    "eval_metrics/imp_peak_auroc_gw": 0.43216998371793824,
    "eval_metrics/den_count_pearson_gw": 0.049080324918338046,
    "eval_metrics/den_pval_r2_dsf1": -1.1407603247249485,
    "eval_metrics/den_pval_spearman_gw": 0.02628613688895865,
    "eval_metrics/imp_pval_spearman_1obs": 0.026207391601205512,
    "eval_metrics/imp_count_pearson_gw": 0.001606286582139705,
    "eval_metrics/imp_count_r2_gw": -0.06714622164292676,
    "eval_losses/total_loss": 6.033789606470811,
    "eval_losses/count_obs_loss": 1.246370177519949,
    "eval_losses/count_imp_loss": 1.854426540079571,
    "eval_losses/pval_obs_loss": 1.0876136320201975,
    "eval_losses/pval_imp_loss": 1.0909280852665977,
    "eval_losses/peak_obs_loss": 0.6885856248830494,
    "eval_losses/peak_imp_loss": 0.6872284393461924
  }
}
{
  "epoch": 3,
  "training_metadata_probes": {
    "training_metadata_probes/depth_count_ratio": 0.9988617897033691,
    "training_metadata_probes/runtype_mse": 8.137200893543195e-06,
    "training_metadata_probes/readlen_mse": 8.039392923819833e-06
  }
}
{
  "epoch": 4,
  "eval_prefixed": {
    "eval_metrics/imp_pval_pearson_gw": 0.009287233107320462,
    "eval_metrics/den_pval_pearson_dsf1": 0.016354803638885067,
    "eval_metrics/imp_pval_r2_1obs": -25.146947015131502,
    "eval_metrics/den_count_spearman_gw": 0.03578458067345006,
    "eval_metrics/den_count_r2_gw": -0.2933733557694467,
    "eval_metrics/imp_count_spearman_gw": -0.011214781650310751,
    "eval_metrics/den_pval_pearson_1obs": -0.010509997359660798,
    "eval_metrics/den_pval_r2_gw": -0.9812667744657446,
    "eval_metrics/den_pval_spearman_1obs": -0.013238740555004128,
    "eval_metrics/imp_pval_pearson_1obs": 0.02021965829078995,
    "eval_metrics/imp_pval_spearman_gw": 0.017223000355939055,
    "eval_metrics/den_pval_pearson_gw": 0.016354803638885067,
    "eval_metrics/imp_pval_r2_gw": -1.1438044048496108,
    "eval_metrics/den_pval_r2_1obs": -26.062463184863002,
    "eval_metrics/imp_pval_pearson_dsf1": 0.009287233107320462,
    "eval_metrics/den_peak_auroc_gw": 0.47875632557065456,
    "eval_metrics/imp_pval_r2_dsf1": -1.1438044048496108,
    "eval_metrics/den_pval_spearman_dsf1": 0.03664678930432782,
    "eval_metrics/imp_pval_spearman_dsf1": 0.017223000355939055,
    "eval_metrics/imp_peak_auroc_gw": 0.4330606790788607,
    "eval_metrics/den_count_pearson_gw": 0.05152036563958973,
    "eval_metrics/den_pval_r2_dsf1": -0.9812667744657446,
    "eval_metrics/den_pval_spearman_gw": 0.03664678930432782,
    "eval_metrics/imp_pval_spearman_1obs": 0.02860698180194477,
    "eval_metrics/imp_count_pearson_gw": 0.010093335278927244,
    "eval_metrics/imp_count_r2_gw": -0.07905201570112366,
    "eval_losses/total_loss": 5.954191516104498,
    "eval_losses/count_obs_loss": 1.2903476192762977,
    "eval_losses/count_imp_loss": 1.8150292370054457,
    "eval_losses/pval_obs_loss": 1.0465398791589235,
    "eval_losses/pval_imp_loss": 1.0316021631634424,
    "eval_losses/peak_obs_loss": 0.6876706912329322,
    "eval_losses/peak_imp_loss": 0.6875294380717807
  }
}
{
  "epoch": 4,
  "training_metadata_probes": {
    "training_metadata_probes/depth_count_ratio": 1.0000954866409302,
    "training_metadata_probes/runtype_mse": 1.8877661204896867e-05,
    "training_metadata_probes/readlen_mse": 4.332347998570185e-06
  }
}
{
  "epoch": 5,
  "eval_prefixed": {
    "eval_metrics/imp_pval_pearson_gw": 0.010723158341346472,
    "eval_metrics/den_pval_pearson_dsf1": 0.029838105526562828,
    "eval_metrics/imp_pval_r2_1obs": -19.021722997594956,
    "eval_metrics/den_count_spearman_gw": 0.04278787146670512,
    "eval_metrics/den_count_r2_gw": -0.29027270406796096,
    "eval_metrics/imp_count_spearman_gw": -0.005488326231068314,
    "eval_metrics/den_pval_pearson_1obs": -0.0009551666367578468,
    "eval_metrics/den_pval_r2_gw": -0.8733648449038437,
    "eval_metrics/den_pval_spearman_1obs": -0.0032109788396514818,
    "eval_metrics/imp_pval_pearson_1obs": 0.035967703084535306,
    "eval_metrics/imp_pval_spearman_gw": -0.00912547131884891,
    "eval_metrics/den_pval_pearson_gw": 0.029838105526562828,
    "eval_metrics/imp_pval_r2_gw": -1.1223872333442173,
    "eval_metrics/den_pval_r2_1obs": -25.69983830140049,
    "eval_metrics/imp_pval_pearson_dsf1": 0.010723158341346472,
    "eval_metrics/den_peak_auroc_gw": 0.5033455677708157,
    "eval_metrics/imp_pval_r2_dsf1": -1.1223872333442173,
    "eval_metrics/den_pval_spearman_dsf1": 0.036376935502083145,
    "eval_metrics/imp_pval_spearman_dsf1": -0.00912547131884891,
    "eval_metrics/imp_peak_auroc_gw": 0.42762854402653266,
    "eval_metrics/den_count_pearson_gw": 0.05663575224523237,
    "eval_metrics/den_pval_r2_dsf1": -0.8733648449038437,
    "eval_metrics/den_pval_spearman_gw": 0.036376935502083145,
    "eval_metrics/imp_pval_spearman_1obs": 0.046267538942922765,
    "eval_metrics/imp_count_pearson_gw": 0.015720697403363404,
    "eval_metrics/imp_count_r2_gw": -0.09293788191126356,
    "eval_losses/total_loss": 5.861175356726897,
    "eval_losses/count_obs_loss": 1.265523803077246,
    "eval_losses/count_imp_loss": 1.8168997367223103,
    "eval_losses/pval_obs_loss": 1.0089407053432966,
    "eval_losses/pval_imp_loss": 0.9932911121656024,
    "eval_losses/peak_obs_loss": 0.6867175462998842,
    "eval_losses/peak_imp_loss": 0.6882137694056072
  }
}
{
  "epoch": 5,
  "training_metadata_probes": {
    "training_metadata_probes/depth_count_ratio": 1.0003517866134644,
    "training_metadata_probes/runtype_mse": 3.416482650209218e-05,
    "training_metadata_probes/readlen_mse": 1.010655751088052e-06
  }
}
{
  "epoch": 6,
  "eval_prefixed": {
    "eval_metrics/imp_pval_pearson_gw": 0.00715382565653676,
    "eval_metrics/den_pval_pearson_dsf1": 0.0466837085228977,
    "eval_metrics/imp_pval_r2_1obs": -15.136123402882847,
    "eval_metrics/den_count_spearman_gw": 0.048276233982993286,
    "eval_metrics/den_count_r2_gw": -0.36016662592630216,
    "eval_metrics/imp_count_spearman_gw": 0.0005678618612508069,
    "eval_metrics/den_pval_pearson_1obs": 0.013742464460512182,
    "eval_metrics/den_pval_r2_gw": -0.7222928509524051,
    "eval_metrics/den_pval_spearman_1obs": 0.007971098933623983,
    "eval_metrics/imp_pval_pearson_1obs": 0.05757896099535246,
    "eval_metrics/imp_pval_spearman_gw": -0.021599388307975444,
    "eval_metrics/den_pval_pearson_gw": 0.0466837085228977,
    "eval_metrics/imp_pval_r2_gw": -1.1223904337027033,
    "eval_metrics/den_pval_r2_1obs": -24.863713543018488,
    "eval_metrics/imp_pval_pearson_dsf1": 0.00715382565653676,
    "eval_metrics/den_peak_auroc_gw": 0.5103852890676026,
    "eval_metrics/imp_pval_r2_dsf1": -1.1223904337027033,
    "eval_metrics/den_pval_spearman_dsf1": 0.04233285536138781,
    "eval_metrics/imp_pval_spearman_dsf1": -0.021599388307975444,
    "eval_metrics/imp_peak_auroc_gw": 0.43688549248654135,
    "eval_metrics/den_count_pearson_gw": 0.054485278148939345,
    "eval_metrics/den_pval_r2_dsf1": -0.7222928509524051,
    "eval_metrics/den_pval_spearman_gw": 0.04233285536138781,
    "eval_metrics/imp_pval_spearman_1obs": 0.05495632267979527,
    "eval_metrics/imp_count_pearson_gw": 0.01809448016068754,
    "eval_metrics/imp_count_r2_gw": -0.08579092289419275,
    "eval_losses/total_loss": 5.692838241787333,
    "eval_losses/count_obs_loss": 1.2651069799536152,
    "eval_losses/count_imp_loss": 1.7423539336711642,
    "eval_losses/pval_obs_loss": 0.9584395846253947,
    "eval_losses/pval_imp_loss": 0.9278077208806598,
    "eval_losses/peak_obs_loss": 0.6858676781779841,
    "eval_losses/peak_imp_loss": 0.6876196776117597
  }
}
{
  "epoch": 6,
  "training_metadata_probes": {
    "training_metadata_probes/depth_count_ratio": 1.0002281665802002,
    "training_metadata_probes/runtype_mse": 0.0004113233007956296,
    "training_metadata_probes/readlen_mse": 2.0514153220574372e-07
  }
}
{
  "epoch": 7,
  "eval_prefixed": {
    "eval_metrics/imp_pval_pearson_gw": 0.02274814733402944,
    "eval_metrics/den_pval_pearson_dsf1": 0.05650319623007243,
    "eval_metrics/imp_pval_r2_1obs": -25.85959661027627,
    "eval_metrics/den_count_spearman_gw": 0.05125706252502959,
    "eval_metrics/den_count_r2_gw": -0.3858158746441996,
    "eval_metrics/imp_count_spearman_gw": 0.003344228879971406,
    "eval_metrics/den_pval_pearson_1obs": 0.03431397783079822,
    "eval_metrics/den_pval_r2_gw": -0.6221551148469285,
    "eval_metrics/den_pval_spearman_1obs": 0.029574998586659743,
    "eval_metrics/imp_pval_pearson_1obs": 0.09082501084868988,
    "eval_metrics/imp_pval_spearman_gw": -0.008059415288041598,
    "eval_metrics/den_pval_pearson_gw": 0.05650319623007243,
    "eval_metrics/imp_pval_r2_gw": -0.78100238236893,
    "eval_metrics/den_pval_r2_1obs": -28.857134356565822,
    "eval_metrics/imp_pval_pearson_dsf1": 0.02274814733402944,
    "eval_metrics/den_peak_auroc_gw": 0.5152922817212156,
    "eval_metrics/imp_pval_r2_dsf1": -0.78100238236893,
    "eval_metrics/den_pval_spearman_dsf1": 0.0549727902891091,
    "eval_metrics/imp_pval_spearman_dsf1": -0.008059415288041598,
    "eval_metrics/imp_peak_auroc_gw": 0.4402371123243942,
    "eval_metrics/den_count_pearson_gw": 0.05583705697943898,
    "eval_metrics/den_pval_r2_dsf1": -0.6221551148469285,
    "eval_metrics/den_pval_spearman_gw": 0.0549727902891091,
    "eval_metrics/imp_pval_spearman_1obs": 0.0937599909039467,
    "eval_metrics/imp_count_pearson_gw": 0.022959329281649034,
    "eval_metrics/imp_count_r2_gw": -0.0678397440316478,
    "eval_losses/total_loss": 5.60847123359379,
    "eval_losses/count_obs_loss": 1.2754532545804977,
    "eval_losses/count_imp_loss": 1.7497448590066698,
    "eval_losses/pval_obs_loss": 0.878485525909223,
    "eval_losses/pval_imp_loss": 0.903544669113462,
    "eval_losses/peak_obs_loss": 0.6859589297520486,
    "eval_losses/peak_imp_loss": 0.6865769444950043
  }
}
{
  "epoch": 7,
  "training_metadata_probes": {
    "training_metadata_probes/depth_count_ratio": 0.9999334812164307,
    "training_metadata_probes/runtype_mse": 0.0009819528786465526,
    "training_metadata_probes/readlen_mse": 7.105286954356416e-07
  }
}
{
  "epoch": 8,
  "eval_prefixed": {
    "eval_metrics/imp_pval_pearson_gw": 0.02704301781468241,
    "eval_metrics/den_pval_pearson_dsf1": 0.0641871134346155,
    "eval_metrics/imp_pval_r2_1obs": -32.51293275762983,
    "eval_metrics/den_count_spearman_gw": 0.053061839981466734,
    "eval_metrics/den_count_r2_gw": -0.36779360166118064,
    "eval_metrics/imp_count_spearman_gw": 0.0024219079343476414,
    "eval_metrics/den_pval_pearson_1obs": 0.04642542710797371,
    "eval_metrics/den_pval_r2_gw": -0.6107042049475253,
    "eval_metrics/den_pval_spearman_1obs": 0.042855346671463075,
    "eval_metrics/imp_pval_pearson_1obs": 0.09249818587462262,
    "eval_metrics/imp_pval_spearman_gw": -0.002814724354182852,
    "eval_metrics/den_pval_pearson_gw": 0.0641871134346155,
    "eval_metrics/imp_pval_r2_gw": -0.6744354263561204,
    "eval_metrics/den_pval_r2_1obs": -30.106790822392135,
    "eval_metrics/imp_pval_pearson_dsf1": 0.02704301781468241,
    "eval_metrics/den_peak_auroc_gw": 0.5185301891959907,
    "eval_metrics/imp_pval_r2_dsf1": -0.6744354263561204,
    "eval_metrics/den_pval_spearman_dsf1": 0.0634371395074541,
    "eval_metrics/imp_pval_spearman_dsf1": -0.002814724354182852,
    "eval_metrics/imp_peak_auroc_gw": 0.46191004550411335,
    "eval_metrics/den_count_pearson_gw": 0.05785059172347629,
    "eval_metrics/den_pval_r2_dsf1": -0.6107042049475253,
    "eval_metrics/den_pval_spearman_gw": 0.0634371395074541,
    "eval_metrics/imp_pval_spearman_1obs": 0.09087753116533047,
    "eval_metrics/imp_count_pearson_gw": 0.021293886858861768,
    "eval_metrics/imp_count_r2_gw": -0.07247513738417934,
    "eval_losses/total_loss": 5.677160314431316,
    "eval_losses/count_obs_loss": 1.3056753505217402,
    "eval_losses/count_imp_loss": 1.791062645495884,
    "eval_losses/pval_obs_loss": 0.8676434112222571,
    "eval_losses/pval_imp_loss": 0.9246384383194031,
    "eval_losses/peak_obs_loss": 0.685004050010129,
    "eval_losses/peak_imp_loss": 0.6848013003667196
  }
}
{
  "epoch": 8,
  "training_metadata_probes": {
    "training_metadata_probes/depth_count_ratio": 0.9995619058609009,
    "training_metadata_probes/runtype_mse": 0.0007046196842566133,
    "training_metadata_probes/readlen_mse": 8.733379672776209e-07
  }
}
{
  "epoch": 9,
  "eval_prefixed": {
    "eval_metrics/imp_pval_pearson_gw": 0.027358853252879935,
    "eval_metrics/den_pval_pearson_dsf1": 0.06877802039717178,
    "eval_metrics/imp_pval_r2_1obs": -23.652131590757303,
    "eval_metrics/den_count_spearman_gw": 0.05605687119530296,
    "eval_metrics/den_count_r2_gw": -0.3595977099975281,
    "eval_metrics/imp_count_spearman_gw": 0.007776470081764115,
    "eval_metrics/den_pval_pearson_1obs": 0.05271630159481183,
    "eval_metrics/den_pval_r2_gw": -0.6071983128581633,
    "eval_metrics/den_pval_spearman_1obs": 0.044696297969509004,
    "eval_metrics/imp_pval_pearson_1obs": 0.10069100036505713,
    "eval_metrics/imp_pval_spearman_gw": 0.0020093339103799384,
    "eval_metrics/den_pval_pearson_gw": 0.06877802039717178,
    "eval_metrics/imp_pval_r2_gw": -0.6984109902946701,
    "eval_metrics/den_pval_r2_1obs": -26.49873605559682,
    "eval_metrics/imp_pval_pearson_dsf1": 0.027358853252879935,
    "eval_metrics/den_peak_auroc_gw": 0.5119072747858233,
    "eval_metrics/imp_pval_r2_dsf1": -0.6984109902946701,
    "eval_metrics/den_pval_spearman_dsf1": 0.0649191623966882,
    "eval_metrics/imp_pval_spearman_dsf1": 0.0020093339103799384,
    "eval_metrics/imp_peak_auroc_gw": 0.46020474873588924,
    "eval_metrics/den_count_pearson_gw": 0.06056854381734554,
    "eval_metrics/den_pval_r2_dsf1": -0.6071983128581633,
    "eval_metrics/den_pval_spearman_gw": 0.0649191623966882,
    "eval_metrics/imp_pval_spearman_1obs": 0.09492697919102525,
    "eval_metrics/imp_count_pearson_gw": 0.02264559042415053,
    "eval_metrics/imp_count_r2_gw": -0.06379459010210602,
    "eval_losses/total_loss": 5.509750341506381,
    "eval_losses/count_obs_loss": 1.2358837817844592,
    "eval_losses/count_imp_loss": 1.738575243760669,
    "eval_losses/pval_obs_loss": 0.8419912261398215,
    "eval_losses/pval_imp_loss": 0.8937341972949013,
    "eval_losses/peak_obs_loss": 0.6838320227045762,
    "eval_losses/peak_imp_loss": 0.682790426034776
  }
}
{
  "epoch": 9,
  "training_metadata_probes": {
    "training_metadata_probes/depth_count_ratio": 0.9992985725402832,
    "training_metadata_probes/runtype_mse": 0.00046281921095214784,
    "training_metadata_probes/readlen_mse": 7.7812461540816e-07
  }
}
{
  "epoch": 10,
  "eval_prefixed": {
    "eval_metrics/imp_pval_pearson_gw": 0.03764818167768508,
    "eval_metrics/den_pval_pearson_dsf1": 0.0741678197794643,
    "eval_metrics/imp_pval_r2_1obs": -24.807434338376325,
    "eval_metrics/den_count_spearman_gw": 0.05731662244643321,
    "eval_metrics/den_count_r2_gw": -0.4851966329423215,
    "eval_metrics/imp_count_spearman_gw": 0.010744098703062465,
    "eval_metrics/den_pval_pearson_1obs": 0.062270100168749,
    "eval_metrics/den_pval_r2_gw": -0.6854462462245545,
    "eval_metrics/den_pval_spearman_1obs": 0.06297358566387819,
    "eval_metrics/imp_pval_pearson_1obs": 0.11503215285691633,
    "eval_metrics/imp_pval_spearman_gw": 0.018192732559390377,
    "eval_metrics/den_pval_pearson_gw": 0.0741678197794643,
    "eval_metrics/imp_pval_r2_gw": -0.7524505766343996,
    "eval_metrics/den_pval_r2_1obs": -25.47752322479955,
    "eval_metrics/imp_pval_pearson_dsf1": 0.03764818167768508,
    "eval_metrics/den_peak_auroc_gw": 0.5121198922672051,
    "eval_metrics/imp_pval_r2_dsf1": -0.7524505766343996,
    "eval_metrics/den_pval_spearman_dsf1": 0.07308578491870472,
    "eval_metrics/imp_pval_spearman_dsf1": 0.018192732559390377,
    "eval_metrics/imp_peak_auroc_gw": 0.4406789765947704,
    "eval_metrics/den_count_pearson_gw": 0.060041569724777026,
    "eval_metrics/den_pval_r2_dsf1": -0.6854462462245545,
    "eval_metrics/den_pval_spearman_gw": 0.07308578491870472,
    "eval_metrics/imp_pval_spearman_1obs": 0.10286874070653211,
    "eval_metrics/imp_count_pearson_gw": 0.021580075665648717,
    "eval_metrics/imp_count_r2_gw": -0.07478758316453558,
    "eval_losses/total_loss": 5.523703456317124,
    "eval_losses/count_obs_loss": 1.2633586635715084,
    "eval_losses/count_imp_loss": 1.7679485886815995,
    "eval_losses/pval_obs_loss": 0.8251715302467346,
    "eval_losses/pval_imp_loss": 0.8717383765985095,
    "eval_losses/peak_obs_loss": 0.6823616482709584,
    "eval_losses/peak_imp_loss": 0.6811651407726227
  }
}
{
  "epoch": 10,
  "training_metadata_probes": {
    "training_metadata_probes/depth_count_ratio": 0.9988285303115845,
    "training_metadata_probes/runtype_mse": 0.0003247434215154499,
    "training_metadata_probes/readlen_mse": 1.0090718660649145e-06
  }
}
{
  "epoch": 11,
  "eval_prefixed": {
    "eval_metrics/imp_pval_pearson_gw": 0.04343619168041244,
    "eval_metrics/den_pval_pearson_dsf1": 0.08031238628992517,
    "eval_metrics/imp_pval_r2_1obs": -27.91095939535121,
    "eval_metrics/den_count_spearman_gw": 0.0595307732330515,
    "eval_metrics/den_count_r2_gw": -0.4144650553727881,
    "eval_metrics/imp_count_spearman_gw": 0.011585799083337648,
    "eval_metrics/den_pval_pearson_1obs": 0.0671482338174859,
    "eval_metrics/den_pval_r2_gw": -0.7191304443665735,
    "eval_metrics/den_pval_spearman_1obs": 0.06355919585517766,
    "eval_metrics/imp_pval_pearson_1obs": 0.10408690212560552,
    "eval_metrics/imp_pval_spearman_gw": 0.0241838953664948,
    "eval_metrics/den_pval_pearson_gw": 0.08031238628992517,
    "eval_metrics/imp_pval_r2_gw": -0.5939654759355895,
    "eval_metrics/den_pval_r2_1obs": -31.874706465105934,
    "eval_metrics/imp_pval_pearson_dsf1": 0.04343619168041244,
    "eval_metrics/den_peak_auroc_gw": 0.4982295325683582,
    "eval_metrics/imp_pval_r2_dsf1": -0.5939654759355895,
    "eval_metrics/den_pval_spearman_dsf1": 0.07935345907631018,
    "eval_metrics/imp_pval_spearman_dsf1": 0.0241838953664948,
    "eval_metrics/imp_peak_auroc_gw": 0.44960402271335725,
    "eval_metrics/den_count_pearson_gw": 0.06487636591270386,
    "eval_metrics/den_pval_r2_dsf1": -0.7191304443665735,
    "eval_metrics/den_pval_spearman_gw": 0.07935345907631018,
    "eval_metrics/imp_pval_spearman_1obs": 0.0951021607873673,
    "eval_metrics/imp_count_pearson_gw": 0.0242838525926576,
    "eval_metrics/imp_count_r2_gw": -0.06763101847896871,
    "eval_losses/total_loss": 5.486108471688471,
    "eval_losses/count_obs_loss": 1.2220509138546491,
    "eval_losses/count_imp_loss": 1.7744366252233112,
    "eval_losses/pval_obs_loss": 0.803999944737083,
    "eval_losses/pval_imp_loss": 0.8993080958487496,
    "eval_losses/peak_obs_loss": 0.6813397689869529,
    "eval_losses/peak_imp_loss": 0.6783593448381575
  }
}
{
  "epoch": 11,
  "training_metadata_probes": {
    "training_metadata_probes/depth_count_ratio": 0.9982150793075562,
    "training_metadata_probes/runtype_mse": 0.00028735576779581606,
    "training_metadata_probes/readlen_mse": 1.3007669394937693e-06
  }
}
{
  "epoch": 12,
  "eval_prefixed": {
    "eval_metrics/imp_pval_pearson_gw": 0.04647978143175206,
    "eval_metrics/den_pval_pearson_dsf1": 0.08829960212920253,
    "eval_metrics/imp_pval_r2_1obs": -27.46972919565986,
    "eval_metrics/den_count_spearman_gw": 0.061441429879768104,
    "eval_metrics/den_count_r2_gw": -0.36735962813857254,
    "eval_metrics/imp_count_spearman_gw": 0.010062296260045896,
    "eval_metrics/den_pval_pearson_1obs": 0.07789329722130021,
    "eval_metrics/den_pval_r2_gw": -0.5112787378763891,
    "eval_metrics/den_pval_spearman_1obs": 0.05988112470847205,
    "eval_metrics/imp_pval_pearson_1obs": 0.13150600090600728,
    "eval_metrics/imp_pval_spearman_gw": 0.028316157810149244,
    "eval_metrics/den_pval_pearson_gw": 0.08829960212920253,
    "eval_metrics/imp_pval_r2_gw": -0.6619526680726929,
    "eval_metrics/den_pval_r2_1obs": -24.751258125763705,
    "eval_metrics/imp_pval_pearson_dsf1": 0.04647978143175206,
    "eval_metrics/den_peak_auroc_gw": 0.510316027033397,
    "eval_metrics/imp_pval_r2_dsf1": -0.6619526680726929,
    "eval_metrics/den_pval_spearman_dsf1": 0.08424813716316669,
    "eval_metrics/imp_pval_spearman_dsf1": 0.028316157810149244,
    "eval_metrics/imp_peak_auroc_gw": 0.46493149420555224,
    "eval_metrics/den_count_pearson_gw": 0.0660666870397491,
    "eval_metrics/den_pval_r2_dsf1": -0.5112787378763891,
    "eval_metrics/den_pval_spearman_gw": 0.08424813716316669,
    "eval_metrics/imp_pval_spearman_1obs": 0.12520197164674438,
    "eval_metrics/imp_count_pearson_gw": 0.022042932958039087,
    "eval_metrics/imp_count_r2_gw": -0.06401480951745349,
    "eval_losses/total_loss": 5.454276097448249,
    "eval_losses/count_obs_loss": 1.2454608694503182,
    "eval_losses/count_imp_loss": 1.7432760104300484,
    "eval_losses/pval_obs_loss": 0.8046901084874806,
    "eval_losses/pval_imp_loss": 0.866538269179208,
    "eval_losses/peak_obs_loss": 0.6805055439472198,
    "eval_losses/peak_imp_loss": 0.6758220337686085
  }
}
{
  "epoch": 12,
  "training_metadata_probes": {
    "training_metadata_probes/depth_count_ratio": 0.9975616931915283,
    "training_metadata_probes/runtype_mse": 0.00029182794969528913,
    "training_metadata_probes/readlen_mse": 1.733556246108492e-06
  }
}
{
  "epoch": 13,
  "eval_prefixed": {
    "eval_metrics/imp_pval_pearson_gw": 0.05537073590630104,
    "eval_metrics/den_pval_pearson_dsf1": 0.09869021509994606,
    "eval_metrics/imp_pval_r2_1obs": -25.79402686575683,
    "eval_metrics/den_count_spearman_gw": 0.06002056617016738,
    "eval_metrics/den_count_r2_gw": -0.3876444527953251,
    "eval_metrics/imp_count_spearman_gw": 0.010335621085835828,
    "eval_metrics/den_pval_pearson_1obs": 0.08821450543626652,
    "eval_metrics/den_pval_r2_gw": -0.4769342507349816,
    "eval_metrics/den_pval_spearman_1obs": 0.08257928759808374,
    "eval_metrics/imp_pval_pearson_1obs": 0.12072692078257365,
    "eval_metrics/imp_pval_spearman_gw": 0.029411575970595457,
    "eval_metrics/den_pval_pearson_gw": 0.09869021509994606,
    "eval_metrics/imp_pval_r2_gw": -0.4320270063531068,
    "eval_metrics/den_pval_r2_1obs": -29.317420214590207,
    "eval_metrics/imp_pval_pearson_dsf1": 0.05537073590630104,
    "eval_metrics/den_peak_auroc_gw": 0.5066028886100223,
    "eval_metrics/imp_pval_r2_dsf1": -0.4320270063531068,
    "eval_metrics/den_pval_spearman_dsf1": 0.09478536273354235,
    "eval_metrics/imp_pval_spearman_dsf1": 0.029411575970595457,
    "eval_metrics/imp_peak_auroc_gw": 0.4625979792485538,
    "eval_metrics/den_count_pearson_gw": 0.0627250969226129,
    "eval_metrics/den_pval_r2_dsf1": -0.4769342507349816,
    "eval_metrics/den_pval_spearman_gw": 0.09478536273354235,
    "eval_metrics/imp_pval_spearman_1obs": 0.11362974439626466,
    "eval_metrics/imp_count_pearson_gw": 0.025271516231383892,
    "eval_metrics/imp_count_r2_gw": -0.05065064239138209,
    "eval_losses/total_loss": 5.449149237651574,
    "eval_losses/count_obs_loss": 1.2441094870630063,
    "eval_losses/count_imp_loss": 1.7653199481585669,
    "eval_losses/pval_obs_loss": 0.7769866699450895,
    "eval_losses/pval_imp_loss": 0.8788534757636842,
    "eval_losses/peak_obs_loss": 0.6783736865771445,
    "eval_losses/peak_imp_loss": 0.6729001308244372
  }
}
{
  "epoch": 13,
  "training_metadata_probes": {
    "training_metadata_probes/depth_count_ratio": 0.9971071481704712,
    "training_metadata_probes/runtype_mse": 0.00036175508284941316,
    "training_metadata_probes/readlen_mse": 2.1110861325723818e-06
  }
}
{
  "epoch": 14,
  "eval_prefixed": {
    "eval_metrics/imp_pval_pearson_gw": 0.05841450201946178,
    "eval_metrics/den_pval_pearson_dsf1": 0.11606265312844985,
    "eval_metrics/imp_pval_r2_1obs": -23.127222367965448,
    "eval_metrics/den_count_spearman_gw": 0.06496336498012147,
    "eval_metrics/den_count_r2_gw": -0.4318856239768718,
    "eval_metrics/imp_count_spearman_gw": 0.009128171670608918,
    "eval_metrics/den_pval_pearson_1obs": 0.11863503690907046,
    "eval_metrics/den_pval_r2_gw": -0.47893380439269206,
    "eval_metrics/den_pval_spearman_1obs": 0.10660644931726206,
    "eval_metrics/imp_pval_pearson_1obs": 0.13541724239402111,
    "eval_metrics/imp_pval_spearman_gw": 0.027980796179568876,
    "eval_metrics/den_pval_pearson_gw": 0.11606265312844985,
    "eval_metrics/imp_pval_r2_gw": -0.46381520496682255,
    "eval_metrics/den_pval_r2_1obs": -29.341701818763525,
    "eval_metrics/imp_pval_pearson_dsf1": 0.05841450201946178,
    "eval_metrics/den_peak_auroc_gw": 0.506644987031422,
    "eval_metrics/imp_pval_r2_dsf1": -0.46381520496682255,
    "eval_metrics/den_pval_spearman_dsf1": 0.1027826178811748,
    "eval_metrics/imp_pval_spearman_dsf1": 0.027980796179568876,
    "eval_metrics/imp_peak_auroc_gw": 0.4616951101540169,
    "eval_metrics/den_count_pearson_gw": 0.06857170861200614,
    "eval_metrics/den_pval_r2_dsf1": -0.47893380439269206,
    "eval_metrics/den_pval_spearman_gw": 0.1027826178811748,
    "eval_metrics/imp_pval_spearman_1obs": 0.12008356401033246,
    "eval_metrics/imp_count_pearson_gw": 0.023954599681827757,
    "eval_metrics/imp_count_r2_gw": -0.06063885582117091,
    "eval_losses/total_loss": 5.285141367661326,
    "eval_losses/count_obs_loss": 1.2478557142772173,
    "eval_losses/count_imp_loss": 1.700969220153869,
    "eval_losses/pval_obs_loss": 0.7444869291625524,
    "eval_losses/pval_imp_loss": 0.786040229929818,
    "eval_losses/peak_obs_loss": 0.6766985364650425,
    "eval_losses/peak_imp_loss": 0.6689209351463924
  }
}
{
  "epoch": 14,
  "training_metadata_probes": {
    "training_metadata_probes/depth_count_ratio": 0.9966976642608643,
    "training_metadata_probes/runtype_mse": 0.0003680766385514289,
    "training_metadata_probes/readlen_mse": 4.313690624258015e-06
  }
}
{
  "epoch": 15,
  "eval_prefixed": {
    "eval_metrics/imp_pval_pearson_gw": 0.06222470770005621,
    "eval_metrics/den_pval_pearson_dsf1": 0.13272457502439225,
    "eval_metrics/imp_pval_r2_1obs": -26.91281518957367,
    "eval_metrics/den_count_spearman_gw": 0.06531896592848516,
    "eval_metrics/den_count_r2_gw": -0.3721996864515629,
    "eval_metrics/imp_count_spearman_gw": 0.007320227670806272,
    "eval_metrics/den_pval_pearson_1obs": 0.08194585593025151,
    "eval_metrics/den_pval_r2_gw": -0.2856048752111237,
    "eval_metrics/den_pval_spearman_1obs": 0.07590739468949,
    "eval_metrics/imp_pval_pearson_1obs": 0.13891331389031764,
    "eval_metrics/imp_pval_spearman_gw": 0.023797423712470532,
    "eval_metrics/den_pval_pearson_gw": 0.13272457502439225,
    "eval_metrics/imp_pval_r2_gw": -0.3735303743794803,
    "eval_metrics/den_pval_r2_1obs": -22.37622749169255,
    "eval_metrics/imp_pval_pearson_dsf1": 0.06222470770005621,
    "eval_metrics/den_peak_auroc_gw": 0.5054344681189394,
    "eval_metrics/imp_pval_r2_dsf1": -0.3735303743794803,
    "eval_metrics/den_pval_spearman_dsf1": 0.11185367973999846,
    "eval_metrics/imp_pval_spearman_dsf1": 0.023797423712470532,
    "eval_metrics/imp_peak_auroc_gw": 0.47936336619264286,
    "eval_metrics/den_count_pearson_gw": 0.06896189355144375,
    "eval_metrics/den_pval_r2_dsf1": -0.2856048752111237,
    "eval_metrics/den_pval_spearman_gw": 0.11185367973999846,
    "eval_metrics/imp_pval_spearman_1obs": 0.11754051307369842,
    "eval_metrics/imp_count_pearson_gw": 0.023795748238568656,
    "eval_metrics/imp_count_r2_gw": -0.05418339786381444,
    "eval_losses/total_loss": 5.266688641748931,
    "eval_losses/count_obs_loss": 1.2031583080166264,
    "eval_losses/count_imp_loss": 1.719685257427276,
    "eval_losses/pval_obs_loss": 0.7256609311229304,
    "eval_losses/pval_imp_loss": 0.8280682771924942,
    "eval_losses/peak_obs_loss": 0.6745535048999285,
    "eval_losses/peak_imp_loss": 0.6651354848392426
  }
}
{
  "epoch": 15,
  "training_metadata_probes": {
    "training_metadata_probes/depth_count_ratio": 0.9966371655464172,
    "training_metadata_probes/runtype_mse": 0.00039891767664812505,
    "training_metadata_probes/readlen_mse": 6.0435950217652135e-06
  }
}
{
  "epoch": 16,
  "eval_prefixed": {
    "eval_metrics/imp_pval_pearson_gw": 0.07690131035402402,
    "eval_metrics/den_pval_pearson_dsf1": 0.15568840307012005,
    "eval_metrics/imp_pval_r2_1obs": -23.936049835283995,
    "eval_metrics/den_count_spearman_gw": 0.06537501032383936,
    "eval_metrics/den_count_r2_gw": -0.3851659983694264,
    "eval_metrics/imp_count_spearman_gw": 0.006841501167870568,
    "eval_metrics/den_pval_pearson_1obs": 0.109405787742856,
    "eval_metrics/den_pval_r2_gw": -0.20676306665591473,
    "eval_metrics/den_pval_spearman_1obs": 0.08125903160959064,
    "eval_metrics/imp_pval_pearson_1obs": 0.15050114341457152,
    "eval_metrics/imp_pval_spearman_gw": 0.04341425171826148,
    "eval_metrics/den_pval_pearson_gw": 0.15568840307012005,
    "eval_metrics/imp_pval_r2_gw": -0.3093293671482256,
    "eval_metrics/den_pval_r2_1obs": -26.043425102368655,
    "eval_metrics/imp_pval_pearson_dsf1": 0.07690131035402402,
    "eval_metrics/den_peak_auroc_gw": 0.5081672769711163,
    "eval_metrics/imp_pval_r2_dsf1": -0.3093293671482256,
    "eval_metrics/den_pval_spearman_dsf1": 0.12247294262205125,
    "eval_metrics/imp_pval_spearman_dsf1": 0.04341425171826148,
    "eval_metrics/imp_peak_auroc_gw": 0.47941713947710535,
    "eval_metrics/den_count_pearson_gw": 0.07105294424783144,
    "eval_metrics/den_pval_r2_dsf1": -0.20676306665591473,
    "eval_metrics/den_pval_spearman_gw": 0.12247294262205125,
    "eval_metrics/imp_pval_spearman_1obs": 0.12886242500854017,
    "eval_metrics/imp_count_pearson_gw": 0.027883190647347844,
    "eval_metrics/imp_count_r2_gw": -0.055553560481396404,
    "eval_losses/total_loss": 5.122739106171617,
    "eval_losses/count_obs_loss": 1.1972816343370236,
    "eval_losses/count_imp_loss": 1.6914126191820418,
    "eval_losses/pval_obs_loss": 0.6683887388361128,
    "eval_losses/pval_imp_loss": 0.7654570551027381,
    "eval_losses/peak_obs_loss": 0.672035498054404,
    "eval_losses/peak_imp_loss": 0.6615831170763288
  }
}
{
  "epoch": 16,
  "training_metadata_probes": {
    "training_metadata_probes/depth_count_ratio": 0.9967730045318604,
    "training_metadata_probes/runtype_mse": 0.0004500543000176549,
    "training_metadata_probes/readlen_mse": 6.0587590269278735e-06
  }
}
{
  "epoch": 17,
  "eval_prefixed": {
    "eval_metrics/imp_pval_pearson_gw": 0.08998032095694235,
    "eval_metrics/den_pval_pearson_dsf1": 0.17263756753680737,
    "eval_metrics/imp_pval_r2_1obs": -26.481275773867996,
    "eval_metrics/den_count_spearman_gw": 0.06762250850388034,
    "eval_metrics/den_count_r2_gw": -0.3164269236844278,
    "eval_metrics/imp_count_spearman_gw": 0.012514865354447005,
    "eval_metrics/den_pval_pearson_1obs": 0.0859909479011453,
    "eval_metrics/den_pval_r2_gw": -0.11138826693622121,
    "eval_metrics/den_pval_spearman_1obs": 0.06045348232261201,
    "eval_metrics/imp_pval_pearson_1obs": 0.1552674937845459,
    "eval_metrics/imp_pval_spearman_gw": 0.0592723230041039,
    "eval_metrics/den_pval_pearson_gw": 0.17263756753680737,
    "eval_metrics/imp_pval_r2_gw": -0.19200666712850115,
    "eval_metrics/den_pval_r2_1obs": -22.468894270720572,
    "eval_metrics/imp_pval_pearson_dsf1": 0.08998032095694235,
    "eval_metrics/den_peak_auroc_gw": 0.5107687593409518,
    "eval_metrics/imp_pval_r2_dsf1": -0.19200666712850115,
    "eval_metrics/den_pval_spearman_dsf1": 0.14179047358011365,
    "eval_metrics/imp_pval_spearman_dsf1": 0.0592723230041039,
    "eval_metrics/imp_peak_auroc_gw": 0.49279589672945623,
    "eval_metrics/den_count_pearson_gw": 0.07309142637620282,
    "eval_metrics/den_pval_r2_dsf1": -0.11138826693622121,
    "eval_metrics/den_pval_spearman_gw": 0.14179047358011365,
    "eval_metrics/imp_pval_spearman_1obs": 0.14402041196328197,
    "eval_metrics/imp_count_pearson_gw": 0.026544828130840508,
    "eval_metrics/imp_count_r2_gw": -0.05319632602876467,
    "eval_losses/total_loss": 4.991006600180347,
    "eval_losses/count_obs_loss": 1.1673162014860856,
    "eval_losses/count_imp_loss": 1.683566823838249,
    "eval_losses/pval_obs_loss": 0.6199443650088812,
    "eval_losses/pval_imp_loss": 0.7172257800305647,
    "eval_losses/peak_obs_loss": 0.6693691595604545,
    "eval_losses/peak_imp_loss": 0.6565509268215725
  }
}
{
  "epoch": 17,
  "training_metadata_probes": {
    "training_metadata_probes/depth_count_ratio": 0.9968135952949524,
    "training_metadata_probes/runtype_mse": 0.0004902476212009788,
    "training_metadata_probes/readlen_mse": 1.0727399967436213e-05
  }
}
{
  "epoch": 18,
  "eval_prefixed": {
    "eval_metrics/imp_pval_pearson_gw": 0.12019407177355051,
    "eval_metrics/den_pval_pearson_dsf1": 0.19427704249239086,
    "eval_metrics/imp_pval_r2_1obs": -28.73258789119217,
    "eval_metrics/den_count_spearman_gw": 0.069644782160457,
    "eval_metrics/den_count_r2_gw": -0.3712704319581711,
    "eval_metrics/imp_count_spearman_gw": 0.017682865213054046,
    "eval_metrics/den_pval_pearson_1obs": 0.10845211593397452,
    "eval_metrics/den_pval_r2_gw": -0.09161800054588305,
    "eval_metrics/den_pval_spearman_1obs": 0.07767095770358128,
    "eval_metrics/imp_pval_pearson_1obs": 0.1415417630979348,
    "eval_metrics/imp_pval_spearman_gw": 0.08048562574350858,
    "eval_metrics/den_pval_pearson_gw": 0.19427704249239086,
    "eval_metrics/imp_pval_r2_gw": -0.10478212539329115,
    "eval_metrics/den_pval_r2_1obs": -29.170519806267897,
    "eval_metrics/imp_pval_pearson_dsf1": 0.12019407177355051,
    "eval_metrics/den_peak_auroc_gw": 0.5249474634253057,
    "eval_metrics/imp_pval_r2_dsf1": -0.10478212539329115,
    "eval_metrics/den_pval_spearman_dsf1": 0.16050461074983544,
    "eval_metrics/imp_pval_spearman_dsf1": 0.08048562574350858,
    "eval_metrics/imp_peak_auroc_gw": 0.5027929919961516,
    "eval_metrics/den_count_pearson_gw": 0.07776827308024574,
    "eval_metrics/den_pval_r2_dsf1": -0.09161800054588305,
    "eval_metrics/den_pval_spearman_gw": 0.16050461074983544,
    "eval_metrics/imp_pval_spearman_1obs": 0.12969328583975048,
    "eval_metrics/imp_count_pearson_gw": 0.025876949873654954,
    "eval_metrics/imp_count_r2_gw": -0.051908028597028456,
    "eval_losses/total_loss": 5.066562975119603,
    "eval_losses/count_obs_loss": 1.217580464325453,
    "eval_losses/count_imp_loss": 1.7312191109808663,
    "eval_losses/pval_obs_loss": 0.6044700843723196,
    "eval_losses/pval_imp_loss": 0.7298584346260343,
    "eval_losses/peak_obs_loss": 0.6640111356973648,
    "eval_losses/peak_imp_loss": 0.6519081384416611
  }
}
{
  "epoch": 18,
  "training_metadata_probes": {
    "training_metadata_probes/depth_count_ratio": 0.9969356656074524,
    "training_metadata_probes/runtype_mse": 0.0003966041549574584,
    "training_metadata_probes/readlen_mse": 1.2760780919052195e-05
  }
}
{
  "epoch": 19,
  "eval_prefixed": {
    "eval_metrics/imp_pval_pearson_gw": 0.10430594480463437,
    "eval_metrics/den_pval_pearson_dsf1": 0.20175988094783143,
    "eval_metrics/imp_pval_r2_1obs": -27.58060779474503,
    "eval_metrics/den_count_spearman_gw": 0.06930547745372143,
    "eval_metrics/den_count_r2_gw": -0.3850997007489083,
    "eval_metrics/imp_count_spearman_gw": 0.013440038326876855,
    "eval_metrics/den_pval_pearson_1obs": 0.10796297420012324,
    "eval_metrics/den_pval_r2_gw": -0.06978109344816964,
    "eval_metrics/den_pval_spearman_1obs": 0.09342197037020332,
    "eval_metrics/imp_pval_pearson_1obs": 0.18043886161583017,
    "eval_metrics/imp_pval_spearman_gw": 0.07820713938558543,
    "eval_metrics/den_pval_pearson_gw": 0.20175988094783143,
    "eval_metrics/imp_pval_r2_gw": -0.15251360477697679,
    "eval_metrics/den_pval_r2_1obs": -23.06453603342987,
    "eval_metrics/imp_pval_pearson_dsf1": 0.10430594480463437,
    "eval_metrics/den_peak_auroc_gw": 0.5132776927788584,
    "eval_metrics/imp_pval_r2_dsf1": -0.15251360477697679,
    "eval_metrics/den_pval_spearman_dsf1": 0.1681288705818986,
    "eval_metrics/imp_pval_spearman_dsf1": 0.07820713938558543,
    "eval_metrics/imp_peak_auroc_gw": 0.5139620272166256,
    "eval_metrics/den_count_pearson_gw": 0.07665207706342794,
    "eval_metrics/den_pval_r2_dsf1": -0.06978109344816964,
    "eval_metrics/den_pval_spearman_gw": 0.1681288705818986,
    "eval_metrics/imp_pval_spearman_1obs": 0.16439162999056686,
    "eval_metrics/imp_count_pearson_gw": 0.025240958320489247,
    "eval_metrics/imp_count_r2_gw": -0.06424609879220648,
    "eval_losses/total_loss": 4.922458196990192,
    "eval_losses/count_obs_loss": 1.2007035111126148,
    "eval_losses/count_imp_loss": 1.6442036978782169,
    "eval_losses/pval_obs_loss": 0.5793524576645148,
    "eval_losses/pval_imp_loss": 0.7044201995290461,
    "eval_losses/peak_obs_loss": 0.6596024789308247,
    "eval_losses/peak_imp_loss": 0.6464996096633729
  }
}
{
  "epoch": 19,
  "training_metadata_probes": {
    "training_metadata_probes/depth_count_ratio": 0.9970183372497559,
    "training_metadata_probes/runtype_mse": 0.0002609408984426409,
    "training_metadata_probes/readlen_mse": 1.2415292985679116e-05
  }
}
/project/6014832/mforooz/EpiDenoise/candi_venv/lib/python3.10/site-packages/torch/optim/lr_scheduler.py:243: UserWarning: The epoch parameter in `scheduler.step()` was not necessary and is being deprecated where possible. Please use `scheduler.step()` to step the scheduler. During the deprecation, if epoch is different from None, the closed form is used instead of the new chainable form, where available. Please open an issue if you are unable to replicate your use case: https://github.com/pytorch/pytorch/issues/new/choose.
  warnings.warn(EPOCH_DEPRECATION_WARNING, UserWarning)
{
  "epoch": 20,
  "eval_prefixed": {
    "eval_metrics/imp_pval_pearson_gw": 0.11947114223666075,
    "eval_metrics/den_pval_pearson_dsf1": 0.20353793942577844,
    "eval_metrics/imp_pval_r2_1obs": -34.43153548638122,
    "eval_metrics/den_count_spearman_gw": 0.0698018546069796,
    "eval_metrics/den_count_r2_gw": -0.3725856283170991,
    "eval_metrics/imp_count_spearman_gw": 0.0158108180148308,
    "eval_metrics/den_pval_pearson_1obs": 0.11300544800714736,
    "eval_metrics/den_pval_r2_gw": -0.05164488985372755,
    "eval_metrics/den_pval_spearman_1obs": 0.09483696818352567,
    "eval_metrics/imp_pval_pearson_1obs": 0.1940548130909779,
    "eval_metrics/imp_pval_spearman_gw": 0.07570905056870805,
    "eval_metrics/den_pval_pearson_gw": 0.20353793942577844,
    "eval_metrics/imp_pval_r2_gw": -0.11085740485804674,
    "eval_metrics/den_pval_r2_1obs": -26.670558972358506,
    "eval_metrics/imp_pval_pearson_dsf1": 0.11947114223666075,
    "eval_metrics/den_peak_auroc_gw": 0.5091206222424255,
    "eval_metrics/imp_pval_r2_dsf1": -0.11085740485804674,
    "eval_metrics/den_pval_spearman_dsf1": 0.1654125187562092,
    "eval_metrics/imp_pval_spearman_dsf1": 0.07570905056870805,
    "eval_metrics/imp_peak_auroc_gw": 0.5092607110293268,
    "eval_metrics/den_count_pearson_gw": 0.08005719801784787,
    "eval_metrics/den_pval_r2_dsf1": -0.05164488985372755,
    "eval_metrics/den_pval_spearman_gw": 0.1654125187562092,
    "eval_metrics/imp_pval_spearman_1obs": 0.1748441803560425,
    "eval_metrics/imp_count_pearson_gw": 0.02867223015050152,
    "eval_metrics/imp_count_r2_gw": -0.04735267270351627,
    "eval_losses/total_loss": 4.871245934088764,
    "eval_losses/count_obs_loss": 1.152149885892868,
    "eval_losses/count_imp_loss": 1.6580043037732441,
    "eval_losses/pval_obs_loss": 0.5486500912198895,
    "eval_losses/pval_imp_loss": 0.7365947709906668,
    "eval_losses/peak_obs_loss": 0.6542288613946814,
    "eval_losses/peak_imp_loss": 0.6408374214929248
  }
}
{
  "epoch": 20,
  "training_metadata_probes": {
    "training_metadata_probes/depth_count_ratio": 0.9968705177307129,
    "training_metadata_probes/runtype_mse": 0.00017920088430400938,
    "training_metadata_probes/readlen_mse": 1.3475121704686899e-05
  }
}
{
  "epoch": 21,
  "eval_prefixed": {
    "eval_metrics/imp_pval_pearson_gw": 0.11730608616083388,
    "eval_metrics/den_pval_pearson_dsf1": 0.21814025122378217,
    "eval_metrics/imp_pval_r2_1obs": -21.676289781776074,
    "eval_metrics/den_count_spearman_gw": 0.06880214387033616,
    "eval_metrics/den_count_r2_gw": -0.39809729377661857,
    "eval_metrics/imp_count_spearman_gw": 0.013635861101604134,
    "eval_metrics/den_pval_pearson_1obs": 0.10008778676657178,
    "eval_metrics/den_pval_r2_gw": -0.03520433666280502,
    "eval_metrics/den_pval_spearman_1obs": 0.08466212782807747,
    "eval_metrics/imp_pval_pearson_1obs": 0.17510941195567803,
    "eval_metrics/imp_pval_spearman_gw": 0.08277436203218999,
    "eval_metrics/den_pval_pearson_gw": 0.21814025122378217,
    "eval_metrics/imp_pval_r2_gw": -0.11681063460185274,
    "eval_metrics/den_pval_r2_1obs": -28.150850396711235,
    "eval_metrics/imp_pval_pearson_dsf1": 0.11730608616083388,
    "eval_metrics/den_peak_auroc_gw": 0.5244877010040154,
    "eval_metrics/imp_pval_r2_dsf1": -0.11681063460185274,
    "eval_metrics/den_pval_spearman_dsf1": 0.17582298977365066,
    "eval_metrics/imp_pval_spearman_dsf1": 0.08277436203218999,
    "eval_metrics/imp_peak_auroc_gw": 0.5113215158310188,
    "eval_metrics/den_count_pearson_gw": 0.08103554764927953,
    "eval_metrics/den_pval_r2_dsf1": -0.03520433666280502,
    "eval_metrics/den_pval_spearman_gw": 0.17582298977365066,
    "eval_metrics/imp_pval_spearman_1obs": 0.1721566468627485,
    "eval_metrics/imp_count_pearson_gw": 0.02867487838534183,
    "eval_metrics/imp_count_r2_gw": -0.04757199300850478,
    "eval_losses/total_loss": 4.771434457874612,
    "eval_losses/count_obs_loss": 1.1648409178382473,
    "eval_losses/count_imp_loss": 1.6293058300775194,
    "eval_losses/pval_obs_loss": 0.5256668139053019,
    "eval_losses/pval_imp_loss": 0.6703719865708124,
    "eval_losses/peak_obs_loss": 0.647761596660865,
    "eval_losses/peak_imp_loss": 0.6355690062046051
  }
}
{
  "epoch": 21,
  "training_metadata_probes": {
    "training_metadata_probes/depth_count_ratio": 0.9965220093727112,
    "training_metadata_probes/runtype_mse": 0.00015098167932592332,
    "training_metadata_probes/readlen_mse": 1.3202412446844392e-05
  }
}
{
  "epoch": 22,
  "eval_prefixed": {
    "eval_metrics/imp_pval_pearson_gw": 0.1339824000476963,
    "eval_metrics/den_pval_pearson_dsf1": 0.21682478495456867,
    "eval_metrics/imp_pval_r2_1obs": -31.778880386056688,
    "eval_metrics/den_count_spearman_gw": 0.06905201877399236,
    "eval_metrics/den_count_r2_gw": -0.3302673435734263,
    "eval_metrics/imp_count_spearman_gw": 0.011625592142785277,
    "eval_metrics/den_pval_pearson_1obs": 0.09297120642823804,
    "eval_metrics/den_pval_r2_gw": -0.02315520153428551,
    "eval_metrics/den_pval_spearman_1obs": 0.0771059330012342,
    "eval_metrics/imp_pval_pearson_1obs": 0.17835683490534032,
    "eval_metrics/imp_pval_spearman_gw": 0.07690236352771197,
    "eval_metrics/den_pval_pearson_gw": 0.21682478495456867,
    "eval_metrics/imp_pval_r2_gw": -0.07692483238348997,
    "eval_metrics/den_pval_r2_1obs": -23.69798181791304,
    "eval_metrics/imp_pval_pearson_dsf1": 0.1339824000476963,
    "eval_metrics/den_peak_auroc_gw": 0.5233359617844259,
    "eval_metrics/imp_pval_r2_dsf1": -0.07692483238348997,
    "eval_metrics/den_pval_spearman_dsf1": 0.17699828111715912,
    "eval_metrics/imp_pval_spearman_dsf1": 0.07690236352771197,
    "eval_metrics/imp_peak_auroc_gw": 0.5187289507486228,
    "eval_metrics/den_count_pearson_gw": 0.08807642877754436,
    "eval_metrics/den_pval_r2_dsf1": -0.02315520153428551,
    "eval_metrics/den_pval_spearman_gw": 0.17699828111715912,
    "eval_metrics/imp_pval_spearman_1obs": 0.17328054624359496,
    "eval_metrics/imp_count_pearson_gw": 0.0297536603385298,
    "eval_metrics/imp_count_r2_gw": -0.039609082091997365,
    "eval_losses/total_loss": 4.866182714700699,
    "eval_losses/count_obs_loss": 1.1440596031515222,
    "eval_losses/count_imp_loss": 1.6696774637888347,
    "eval_losses/pval_obs_loss": 0.5185175071421423,
    "eval_losses/pval_imp_loss": 0.7911723729163881,
    "eval_losses/peak_obs_loss": 0.6416026534218537,
    "eval_losses/peak_imp_loss": 0.6298203898800744
  }
}
{
  "epoch": 22,
  "training_metadata_probes": {
    "training_metadata_probes/depth_count_ratio": 0.9961698055267334,
    "training_metadata_probes/runtype_mse": 0.00013394717825576663,
    "training_metadata_probes/readlen_mse": 1.4531610759149771e-05
  }
}
{
  "epoch": 23,
  "eval_prefixed": {
    "eval_metrics/imp_pval_pearson_gw": 0.13686288796764398,
    "eval_metrics/den_pval_pearson_dsf1": 0.22686947847863562,
    "eval_metrics/imp_pval_r2_1obs": -28.63390162409928,
    "eval_metrics/den_count_spearman_gw": 0.0710150199742728,
    "eval_metrics/den_count_r2_gw": -0.3466781259451533,
    "eval_metrics/imp_count_spearman_gw": 0.01003755370977366,
    "eval_metrics/den_pval_pearson_1obs": 0.09742013393521406,
    "eval_metrics/den_pval_r2_gw": -0.014624733038300591,
    "eval_metrics/den_pval_spearman_1obs": 0.058581684955279156,
    "eval_metrics/imp_pval_pearson_1obs": 0.19334904628894514,
    "eval_metrics/imp_pval_spearman_gw": 0.08397660406446092,
    "eval_metrics/den_pval_pearson_gw": 0.22686947847863562,
    "eval_metrics/imp_pval_r2_gw": -0.08160555967998284,
    "eval_metrics/den_pval_r2_1obs": -38.51148219010114,
    "eval_metrics/imp_pval_pearson_dsf1": 0.13686288796764398,
    "eval_metrics/den_peak_auroc_gw": 0.5271945557649023,
    "eval_metrics/imp_pval_r2_dsf1": -0.08160555967998284,
    "eval_metrics/den_pval_spearman_dsf1": 0.18363849345978586,
    "eval_metrics/imp_pval_spearman_dsf1": 0.08397660406446092,
    "eval_metrics/imp_peak_auroc_gw": 0.5234957220970575,
    "eval_metrics/den_count_pearson_gw": 0.08832435449987411,
    "eval_metrics/den_pval_r2_dsf1": -0.014624733038300591,
    "eval_metrics/den_pval_spearman_gw": 0.18363849345978586,
    "eval_metrics/imp_pval_spearman_1obs": 0.19425791003748727,
    "eval_metrics/imp_count_pearson_gw": 0.025516123975923243,
    "eval_metrics/imp_count_r2_gw": -0.048312279463769495,
    "eval_losses/total_loss": 4.8398041433997845,
    "eval_losses/count_obs_loss": 1.2051123819853131,
    "eval_losses/count_imp_loss": 1.6274562005012754,
    "eval_losses/pval_obs_loss": 0.5261014525435472,
    "eval_losses/pval_imp_loss": 0.7341788076455631,
    "eval_losses/peak_obs_loss": 0.6337481815564004,
    "eval_losses/peak_imp_loss": 0.6238888279786186
  }
}
{
  "epoch": 23,
  "training_metadata_probes": {
    "training_metadata_probes/depth_count_ratio": 0.9958282113075256,
    "training_metadata_probes/runtype_mse": 0.00013936600589659065,
    "training_metadata_probes/readlen_mse": 1.716805127216503e-05
  }
}
{
  "epoch": 24,
  "eval_prefixed": {
    "eval_metrics/imp_pval_pearson_gw": 0.1369150182350524,
    "eval_metrics/den_pval_pearson_dsf1": 0.22139271152953274,
    "eval_metrics/imp_pval_r2_1obs": -26.281493448917615,
    "eval_metrics/den_count_spearman_gw": 0.07236216680497934,
    "eval_metrics/den_count_r2_gw": -0.359724038150406,
    "eval_metrics/imp_count_spearman_gw": 0.01361484458173278,
    "eval_metrics/den_pval_pearson_1obs": 0.11639561921382617,
    "eval_metrics/den_pval_r2_gw": -0.03030019117074936,
    "eval_metrics/den_pval_spearman_1obs": 0.09888434901521731,
    "eval_metrics/imp_pval_pearson_1obs": 0.18900711868061787,
    "eval_metrics/imp_pval_spearman_gw": 0.08133985561469148,
    "eval_metrics/den_pval_pearson_gw": 0.22139271152953274,
    "eval_metrics/imp_pval_r2_gw": -0.09264093574759362,
    "eval_metrics/den_pval_r2_1obs": -21.564590886598666,
    "eval_metrics/imp_pval_pearson_dsf1": 0.1369150182350524,
    "eval_metrics/den_peak_auroc_gw": 0.5333570359068042,
    "eval_metrics/imp_pval_r2_dsf1": -0.09264093574759362,
    "eval_metrics/den_pval_spearman_dsf1": 0.18358437867318134,
    "eval_metrics/imp_pval_spearman_dsf1": 0.08133985561469148,
    "eval_metrics/imp_peak_auroc_gw": 0.5101897972974082,
    "eval_metrics/den_count_pearson_gw": 0.09765120046301347,
    "eval_metrics/den_pval_r2_dsf1": -0.03030019117074936,
    "eval_metrics/den_pval_spearman_gw": 0.18358437867318134,
    "eval_metrics/imp_pval_spearman_1obs": 0.18699116488665563,
    "eval_metrics/imp_count_pearson_gw": 0.026427398724961908,
    "eval_metrics/imp_count_r2_gw": -0.051457137009431414,
    "eval_losses/total_loss": 4.680282444448063,
    "eval_losses/count_obs_loss": 1.1538927774680288,
    "eval_losses/count_imp_loss": 1.6241818600230746,
    "eval_losses/pval_obs_loss": 0.4853975582671793,
    "eval_losses/pval_imp_loss": 0.6694864210864854,
    "eval_losses/peak_obs_loss": 0.6267452702710503,
    "eval_losses/peak_imp_loss": 0.6187564763757918
  }
}
{
  "epoch": 24,
  "training_metadata_probes": {
    "training_metadata_probes/depth_count_ratio": 0.9955388903617859,
    "training_metadata_probes/runtype_mse": 0.00016724927991162986,
    "training_metadata_probes/readlen_mse": 2.3848755517974496e-05
  }
}
{
  "epoch": 25,
  "eval_prefixed": {
    "eval_metrics/imp_pval_pearson_gw": 0.15264577505692456,
    "eval_metrics/den_pval_pearson_dsf1": 0.22235238394052048,
    "eval_metrics/imp_pval_r2_1obs": -23.995631547209545,
    "eval_metrics/den_count_spearman_gw": 0.07089054468751795,
    "eval_metrics/den_count_r2_gw": -0.4060196743021481,
    "eval_metrics/imp_count_spearman_gw": 0.01099913649074001,
    "eval_metrics/den_pval_pearson_1obs": 0.10631803608205366,
    "eval_metrics/den_pval_r2_gw": -0.02769730802678817,
    "eval_metrics/den_pval_spearman_1obs": 0.0974391081682489,
    "eval_metrics/imp_pval_pearson_1obs": 0.17611203212632856,
    "eval_metrics/imp_pval_spearman_gw": 0.08475829012288134,
    "eval_metrics/den_pval_pearson_gw": 0.22235238394052048,
    "eval_metrics/imp_pval_r2_gw": -0.0854298509320835,
    "eval_metrics/den_pval_r2_1obs": -32.75873258849184,
    "eval_metrics/imp_pval_pearson_dsf1": 0.15264577505692456,
    "eval_metrics/den_peak_auroc_gw": 0.5302486003109877,
    "eval_metrics/imp_pval_r2_dsf1": -0.0854298509320835,
    "eval_metrics/den_pval_spearman_dsf1": 0.1884356783939858,
    "eval_metrics/imp_pval_spearman_dsf1": 0.08475829012288134,
    "eval_metrics/imp_peak_auroc_gw": 0.5139812575267276,
    "eval_metrics/den_count_pearson_gw": 0.08980425527347267,
    "eval_metrics/den_pval_r2_dsf1": -0.02769730802678817,
    "eval_metrics/den_pval_spearman_gw": 0.1884356783939858,
    "eval_metrics/imp_pval_spearman_1obs": 0.1731207932553526,
    "eval_metrics/imp_count_pearson_gw": 0.027231775982294322,
    "eval_metrics/imp_count_r2_gw": -0.052892412614098466,
    "eval_losses/total_loss": 4.752865142973238,
    "eval_losses/count_obs_loss": 1.175242681252329,
    "eval_losses/count_imp_loss": 1.615429869719914,
    "eval_losses/pval_obs_loss": 0.5009481597103571,
    "eval_losses/pval_imp_loss": 0.7365551546570801,
    "eval_losses/peak_obs_loss": 0.6188727358454152,
    "eval_losses/peak_imp_loss": 0.6129819443301548
  }
}
{
  "epoch": 25,
  "training_metadata_probes": {
    "training_metadata_probes/depth_count_ratio": 0.9951758980751038,
    "training_metadata_probes/runtype_mse": 0.00016042418428696692,
    "training_metadata_probes/readlen_mse": 2.399456934654154e-05
  }
}
{
  "epoch": 26,
  "eval_prefixed": {
    "eval_metrics/imp_pval_pearson_gw": 0.16855691459643404,
    "eval_metrics/den_pval_pearson_dsf1": 0.22441271602445723,
    "eval_metrics/imp_pval_r2_1obs": -29.30647332669818,
    "eval_metrics/den_count_spearman_gw": 0.0745230776516745,
    "eval_metrics/den_count_r2_gw": -0.30335896970515597,
    "eval_metrics/imp_count_spearman_gw": 0.01637728673094573,
    "eval_metrics/den_pval_pearson_1obs": 0.11910817345242801,
    "eval_metrics/den_pval_r2_gw": -0.04056500335067855,
    "eval_metrics/den_pval_spearman_1obs": 0.10046320043612311,
    "eval_metrics/imp_pval_pearson_1obs": 0.202509004740961,
    "eval_metrics/imp_pval_spearman_gw": 0.07361550531423491,
    "eval_metrics/den_pval_pearson_gw": 0.22441271602445723,
    "eval_metrics/imp_pval_r2_gw": -0.06871501783059308,
    "eval_metrics/den_pval_r2_1obs": -26.686407763499343,
    "eval_metrics/imp_pval_pearson_dsf1": 0.16855691459643404,
    "eval_metrics/den_peak_auroc_gw": 0.5261081083549012,
    "eval_metrics/imp_pval_r2_dsf1": -0.06871501783059308,
    "eval_metrics/den_pval_spearman_dsf1": 0.18424884881623305,
    "eval_metrics/imp_pval_spearman_dsf1": 0.07361550531423491,
    "eval_metrics/imp_peak_auroc_gw": 0.5161122117369975,
    "eval_metrics/den_count_pearson_gw": 0.10037448098400521,
    "eval_metrics/den_pval_r2_dsf1": -0.04056500335067855,
    "eval_metrics/den_pval_spearman_gw": 0.18424884881623305,
    "eval_metrics/imp_pval_spearman_1obs": 0.20685241888539066,
    "eval_metrics/imp_count_pearson_gw": 0.02863620958773286,
    "eval_metrics/imp_count_r2_gw": -0.04033165925362895,
    "eval_losses/total_loss": 4.7489246846372755,
    "eval_losses/count_obs_loss": 1.122971311211586,
    "eval_losses/count_imp_loss": 1.6598041682016282,
    "eval_losses/pval_obs_loss": 0.47636374576311363,
    "eval_losses/pval_imp_loss": 0.7951557031640458,
    "eval_losses/peak_obs_loss": 0.6119830373086428,
    "eval_losses/peak_imp_loss": 0.6062798249343085
  }
}
{
  "epoch": 26,
  "training_metadata_probes": {
    "training_metadata_probes/depth_count_ratio": 0.9949713349342346,
    "training_metadata_probes/runtype_mse": 0.00019460020121186972,
    "training_metadata_probes/readlen_mse": 3.489022492431104e-05
  }
}
{
  "epoch": 27,
  "eval_prefixed": {
    "eval_metrics/imp_pval_pearson_gw": 0.14999024297613356,
    "eval_metrics/den_pval_pearson_dsf1": 0.23644973184472243,
    "eval_metrics/imp_pval_r2_1obs": -23.59511530250747,
    "eval_metrics/den_count_spearman_gw": 0.07608960895400659,
    "eval_metrics/den_count_r2_gw": -0.27470202993134435,
    "eval_metrics/imp_count_spearman_gw": 0.011037104270172073,
    "eval_metrics/den_pval_pearson_1obs": 0.08611682364809033,
    "eval_metrics/den_pval_r2_gw": -0.014613048381383293,
    "eval_metrics/den_pval_spearman_1obs": 0.067430727004344,
    "eval_metrics/imp_pval_pearson_1obs": 0.2235238995543489,
    "eval_metrics/imp_pval_spearman_gw": 0.08467706057034943,
    "eval_metrics/den_pval_pearson_gw": 0.23644973184472243,
    "eval_metrics/imp_pval_r2_gw": -0.0774149971853469,
    "eval_metrics/den_pval_r2_1obs": -25.870280529202425,
    "eval_metrics/imp_pval_pearson_dsf1": 0.14999024297613356,
    "eval_metrics/den_peak_auroc_gw": 0.5324913571929301,
    "eval_metrics/imp_pval_r2_dsf1": -0.0774149971853469,
    "eval_metrics/den_pval_spearman_dsf1": 0.19888693663786575,
    "eval_metrics/imp_pval_spearman_dsf1": 0.08467706057034943,
    "eval_metrics/imp_peak_auroc_gw": 0.5159212912308,
    "eval_metrics/den_count_pearson_gw": 0.10632550243635226,
    "eval_metrics/den_pval_r2_dsf1": -0.014613048381383293,
    "eval_metrics/den_pval_spearman_gw": 0.19888693663786575,
    "eval_metrics/imp_pval_spearman_1obs": 0.20690745463534016,
    "eval_metrics/imp_count_pearson_gw": 0.02637007832896733,
    "eval_metrics/imp_count_r2_gw": -0.05446672368484896,
    "eval_losses/total_loss": 4.7714401260998685,
    "eval_losses/count_obs_loss": 1.1299609079172737,
    "eval_losses/count_imp_loss": 1.6314498772696844,
    "eval_losses/pval_obs_loss": 0.4884657727456407,
    "eval_losses/pval_imp_loss": 0.8448838752413553,
    "eval_losses/peak_obs_loss": 0.6039577040233111,
    "eval_losses/peak_imp_loss": 0.598717618083197
  }
}
{
  "epoch": 27,
  "training_metadata_probes": {
    "training_metadata_probes/depth_count_ratio": 0.9947390556335449,
    "training_metadata_probes/runtype_mse": 0.00022279117547441274,
    "training_metadata_probes/readlen_mse": 3.3500007702969015e-05
  }
}
{
  "epoch": 28,
  "eval_prefixed": {
    "eval_metrics/imp_pval_pearson_gw": 0.17651303743644217,
    "eval_metrics/den_pval_pearson_dsf1": 0.23709451652279026,
    "eval_metrics/imp_pval_r2_1obs": -32.123653311780565,
    "eval_metrics/den_count_spearman_gw": 0.07698171554677152,
    "eval_metrics/den_count_r2_gw": -0.283374249032178,
    "eval_metrics/imp_count_spearman_gw": 0.007299993943905274,
    "eval_metrics/den_pval_pearson_1obs": 0.12397081151874245,
    "eval_metrics/den_pval_r2_gw": -0.0233195748933858,
    "eval_metrics/den_pval_spearman_1obs": 0.1121804092576609,
    "eval_metrics/imp_pval_pearson_1obs": 0.20284363643694964,
    "eval_metrics/imp_pval_spearman_gw": 0.0988934719625732,
    "eval_metrics/den_pval_pearson_gw": 0.23709451652279026,
    "eval_metrics/imp_pval_r2_gw": -0.07633883995415597,
    "eval_metrics/den_pval_r2_1obs": -22.71250554320209,
    "eval_metrics/imp_pval_pearson_dsf1": 0.17651303743644217,
    "eval_metrics/den_peak_auroc_gw": 0.5298255686716016,
    "eval_metrics/imp_pval_r2_dsf1": -0.07633883995415597,
    "eval_metrics/den_pval_spearman_dsf1": 0.18678140243487526,
    "eval_metrics/imp_pval_spearman_dsf1": 0.0988934719625732,
    "eval_metrics/imp_peak_auroc_gw": 0.5333421541587923,
    "eval_metrics/den_count_pearson_gw": 0.10786839075904266,
    "eval_metrics/den_pval_r2_dsf1": -0.0233195748933858,
    "eval_metrics/den_pval_spearman_gw": 0.18678140243487526,
    "eval_metrics/imp_pval_spearman_1obs": 0.18097143847536384,
    "eval_metrics/imp_count_pearson_gw": 0.032331552740605916,
    "eval_metrics/imp_count_r2_gw": -0.039646347589924504,
    "eval_losses/total_loss": 4.623696220646563,
    "eval_losses/count_obs_loss": 1.1256535978693711,
    "eval_losses/count_imp_loss": 1.607295052399711,
    "eval_losses/pval_obs_loss": 0.46299187652766705,
    "eval_losses/pval_imp_loss": 0.7444184247463469,
    "eval_losses/peak_obs_loss": 0.5954065828731185,
    "eval_losses/peak_imp_loss": 0.5913493231175437
  }
}
{
  "epoch": 28,
  "training_metadata_probes": {
    "training_metadata_probes/depth_count_ratio": 0.994522213935852,
    "training_metadata_probes/runtype_mse": 0.00023475312627851963,
    "training_metadata_probes/readlen_mse": 3.670897058327682e-05
  }
}
{
  "epoch": 29,
  "eval_prefixed": {
    "eval_metrics/imp_pval_pearson_gw": 0.15541589654804694,
    "eval_metrics/den_pval_pearson_dsf1": 0.24008606670203766,
    "eval_metrics/imp_pval_r2_1obs": -28.821287400732253,
    "eval_metrics/den_count_spearman_gw": 0.07545050000301631,
    "eval_metrics/den_count_r2_gw": -0.23327204553477926,
    "eval_metrics/imp_count_spearman_gw": 0.012786853075991565,
    "eval_metrics/den_pval_pearson_1obs": 0.1001847887436222,
    "eval_metrics/den_pval_r2_gw": -0.027757354115167186,
    "eval_metrics/den_pval_spearman_1obs": 0.0693983611397155,
    "eval_metrics/imp_pval_pearson_1obs": 0.21022684555057258,
    "eval_metrics/imp_pval_spearman_gw": 0.08959262422003042,
    "eval_metrics/den_pval_pearson_gw": 0.24008606670203766,
    "eval_metrics/imp_pval_r2_gw": -0.08671187392822673,
    "eval_metrics/den_pval_r2_1obs": -23.605120874464443,
    "eval_metrics/imp_pval_pearson_dsf1": 0.15541589654804694,
    "eval_metrics/den_peak_auroc_gw": 0.5260595554475662,
    "eval_metrics/imp_pval_r2_dsf1": -0.08671187392822673,
    "eval_metrics/den_pval_spearman_dsf1": 0.2065078928442551,
    "eval_metrics/imp_pval_spearman_dsf1": 0.08959262422003042,
    "eval_metrics/imp_peak_auroc_gw": 0.5123863830577917,
    "eval_metrics/den_count_pearson_gw": 0.10456820630219897,
    "eval_metrics/den_pval_r2_dsf1": -0.027757354115167186,
    "eval_metrics/den_pval_spearman_gw": 0.2065078928442551,
    "eval_metrics/imp_pval_spearman_1obs": 0.19882371810595617,
    "eval_metrics/imp_count_pearson_gw": 0.02898960159758904,
    "eval_metrics/imp_count_r2_gw": -0.043552436740738464,
    "eval_losses/total_loss": 4.6774555573632055,
    "eval_losses/count_obs_loss": 1.1292534823480405,
    "eval_losses/count_imp_loss": 1.6169596588800823,
    "eval_losses/pval_obs_loss": 0.4767285796666616,
    "eval_losses/pval_imp_loss": 0.7958724420695078,
    "eval_losses/peak_obs_loss": 0.5870463291281148,
    "eval_losses/peak_imp_loss": 0.5842546392527838
  }
}
{
  "epoch": 29,
  "training_metadata_probes": {
    "training_metadata_probes/depth_count_ratio": 0.9944515228271484,
    "training_metadata_probes/runtype_mse": 0.00029938441002741456,
    "training_metadata_probes/readlen_mse": 4.4441436330089346e-05
  }
}
{
  "epoch": 30,
  "eval_prefixed": {
    "eval_metrics/imp_pval_pearson_gw": 0.17299033787992177,
    "eval_metrics/den_pval_pearson_dsf1": 0.2352211553707572,
    "eval_metrics/imp_pval_r2_1obs": -31.240852269621886,
    "eval_metrics/den_count_spearman_gw": 0.07736913471468859,
    "eval_metrics/den_count_r2_gw": -0.30452387461371844,
    "eval_metrics/imp_count_spearman_gw": 0.007007385750886884,
    "eval_metrics/den_pval_pearson_1obs": 0.11417790438587729,
    "eval_metrics/den_pval_r2_gw": -0.026109799642280006,
    "eval_metrics/den_pval_spearman_1obs": 0.11138522590476622,
    "eval_metrics/imp_pval_pearson_1obs": 0.17984726347975313,
    "eval_metrics/imp_pval_spearman_gw": 0.09987878630552666,
    "eval_metrics/den_pval_pearson_gw": 0.2352211553707572,
    "eval_metrics/imp_pval_r2_gw": -0.07814937491443462,
    "eval_metrics/den_pval_r2_1obs": -23.608097055149347,
    "eval_metrics/imp_pval_pearson_dsf1": 0.17299033787992177,
    "eval_metrics/den_peak_auroc_gw": 0.5295287218403781,
    "eval_metrics/imp_pval_r2_dsf1": -0.07814937491443462,
    "eval_metrics/den_pval_spearman_dsf1": 0.19741185361345964,
    "eval_metrics/imp_pval_spearman_dsf1": 0.09987878630552666,
    "eval_metrics/imp_peak_auroc_gw": 0.5273528452074975,
    "eval_metrics/den_count_pearson_gw": 0.10595889776749046,
    "eval_metrics/den_pval_r2_dsf1": -0.026109799642280006,
    "eval_metrics/den_pval_spearman_gw": 0.19741185361345964,
    "eval_metrics/imp_pval_spearman_1obs": 0.1761060959969636,
    "eval_metrics/imp_count_pearson_gw": 0.029455723701204757,
    "eval_metrics/imp_count_r2_gw": -0.03638159866636025,
    "eval_losses/total_loss": 4.803236940287445,
    "eval_losses/count_obs_loss": 1.1304785452390973,
    "eval_losses/count_imp_loss": 1.5962520894550143,
    "eval_losses/pval_obs_loss": 0.4760449747309873,
    "eval_losses/pval_imp_loss": 0.9881150710677343,
    "eval_losses/peak_obs_loss": 0.5766837534151579,
    "eval_losses/peak_imp_loss": 0.5763035487560999
  }
}
{
  "epoch": 30,
  "training_metadata_probes": {
    "training_metadata_probes/depth_count_ratio": 0.9942503571510315,
    "training_metadata_probes/runtype_mse": 0.0002606112975627184,
    "training_metadata_probes/readlen_mse": 3.5502125683706254e-05
  }
}
{
  "epoch": 31,
  "eval_prefixed": {
    "eval_metrics/imp_pval_pearson_gw": 0.1659906289396098,
    "eval_metrics/den_pval_pearson_dsf1": 0.24222455964742326,
    "eval_metrics/imp_pval_r2_1obs": -19.438198243498242,
    "eval_metrics/den_count_spearman_gw": 0.07617458857309438,
    "eval_metrics/den_count_r2_gw": -0.22782544949889175,
    "eval_metrics/imp_count_spearman_gw": 0.007739970035838184,
    "eval_metrics/den_pval_pearson_1obs": 0.09936010020503186,
    "eval_metrics/den_pval_r2_gw": -0.017936019956770376,
    "eval_metrics/den_pval_spearman_1obs": 0.10172910635996488,
    "eval_metrics/imp_pval_pearson_1obs": 0.2167346146445544,
    "eval_metrics/imp_pval_spearman_gw": 0.09663074812808592,
    "eval_metrics/den_pval_pearson_gw": 0.24222455964742326,
    "eval_metrics/imp_pval_r2_gw": -0.08449506470246669,
    "eval_metrics/den_pval_r2_1obs": -21.352756042676265,
    "eval_metrics/imp_pval_pearson_dsf1": 0.1659906289396098,
    "eval_metrics/den_peak_auroc_gw": 0.5229666179353492,
    "eval_metrics/imp_pval_r2_dsf1": -0.08449506470246669,
    "eval_metrics/den_pval_spearman_dsf1": 0.20291329310167752,
    "eval_metrics/imp_pval_spearman_dsf1": 0.09663074812808592,
    "eval_metrics/imp_peak_auroc_gw": 0.5213466524118329,
    "eval_metrics/den_count_pearson_gw": 0.11915108043620803,
    "eval_metrics/den_pval_r2_dsf1": -0.017936019956770376,
    "eval_metrics/den_pval_spearman_gw": 0.20291329310167752,
    "eval_metrics/imp_pval_spearman_1obs": 0.1930136765138012,
    "eval_metrics/imp_count_pearson_gw": 0.026327916790063365,
    "eval_metrics/imp_count_r2_gw": -0.041245748929859535,
    "eval_losses/total_loss": 4.6684303307219555,
    "eval_losses/count_obs_loss": 1.1170163358512677,
    "eval_losses/count_imp_loss": 1.6377169433094205,
    "eval_losses/pval_obs_loss": 0.45609163139995773,
    "eval_losses/pval_imp_loss": 0.8422215259264386,
    "eval_losses/peak_obs_loss": 0.5686944895669034,
    "eval_losses/peak_imp_loss": 0.5680570611878047
  }
}
{
  "epoch": 31,
  "training_metadata_probes": {
    "training_metadata_probes/depth_count_ratio": 0.9938202500343323,
    "training_metadata_probes/runtype_mse": 0.0003497668367344886,
    "training_metadata_probes/readlen_mse": 4.5001779653830454e-05
  }
}
{
  "epoch": 32,
  "eval_prefixed": {
    "eval_metrics/imp_pval_pearson_gw": 0.15972976659291557,
    "eval_metrics/den_pval_pearson_dsf1": 0.2413949303701022,
    "eval_metrics/imp_pval_r2_1obs": -25.81030834951719,
    "eval_metrics/den_count_spearman_gw": 0.0724285807680168,
    "eval_metrics/den_count_r2_gw": -0.18787059390474214,
    "eval_metrics/imp_count_spearman_gw": 0.006800437562592022,
    "eval_metrics/den_pval_pearson_1obs": 0.11161483153333202,
    "eval_metrics/den_pval_r2_gw": -0.014957653599311803,
    "eval_metrics/den_pval_spearman_1obs": 0.10968514175639464,
    "eval_metrics/imp_pval_pearson_1obs": 0.20740309039071675,
    "eval_metrics/imp_pval_spearman_gw": 0.09951907565611177,
    "eval_metrics/den_pval_pearson_gw": 0.2413949303701022,
    "eval_metrics/imp_pval_r2_gw": -0.08401787491687152,
    "eval_metrics/den_pval_r2_1obs": -22.465527714805923,
    "eval_metrics/imp_pval_pearson_dsf1": 0.15972976659291557,
    "eval_metrics/den_peak_auroc_gw": 0.5315889364044877,
    "eval_metrics/imp_pval_r2_dsf1": -0.08401787491687152,
    "eval_metrics/den_pval_spearman_dsf1": 0.2001870168563685,
    "eval_metrics/imp_pval_spearman_dsf1": 0.09951907565611177,
    "eval_metrics/imp_peak_auroc_gw": 0.5219877523217638,
    "eval_metrics/den_count_pearson_gw": 0.10992858937070675,
    "eval_metrics/den_pval_r2_dsf1": -0.014957653599311803,
    "eval_metrics/den_pval_spearman_gw": 0.2001870168563685,
    "eval_metrics/imp_pval_spearman_1obs": 0.20284797911177915,
    "eval_metrics/imp_count_pearson_gw": 0.02931829700491295,
    "eval_metrics/imp_count_r2_gw": -0.04824290935803095,
    "eval_losses/total_loss": 4.803505792159979,
    "eval_losses/count_obs_loss": 1.0989911211164374,
    "eval_losses/count_imp_loss": 1.6187530122106037,
    "eval_losses/pval_obs_loss": 0.4641671635847735,
    "eval_losses/pval_imp_loss": 1.056465651189524,
    "eval_losses/peak_obs_loss": 0.5589194878151542,
    "eval_losses/peak_imp_loss": 0.5595198999794703
  }
}
{
  "epoch": 32,
  "training_metadata_probes": {
    "training_metadata_probes/depth_count_ratio": 0.9936007261276245,
    "training_metadata_probes/runtype_mse": 0.0003707838768605143,
    "training_metadata_probes/readlen_mse": 4.8362559027737007e-05
  }
}
{
  "epoch": 33,
  "eval_prefixed": {
    "eval_metrics/imp_pval_pearson_gw": 0.1664259898243472,
    "eval_metrics/den_pval_pearson_dsf1": 0.24427632800009297,
    "eval_metrics/imp_pval_r2_1obs": -30.185894855289405,
    "eval_metrics/den_count_spearman_gw": 0.07216701828265638,
    "eval_metrics/den_count_r2_gw": -0.19288591214884168,
    "eval_metrics/imp_count_spearman_gw": 0.008064071258117447,
    "eval_metrics/den_pval_pearson_1obs": 0.08682313646300156,
    "eval_metrics/den_pval_r2_gw": -0.013338286991111661,
    "eval_metrics/den_pval_spearman_1obs": 0.07116968802466984,
    "eval_metrics/imp_pval_pearson_1obs": 0.2371908662484895,
    "eval_metrics/imp_pval_spearman_gw": 0.09953220889231545,
    "eval_metrics/den_pval_pearson_gw": 0.24427632800009297,
    "eval_metrics/imp_pval_r2_gw": -0.07249793131712991,
    "eval_metrics/den_pval_r2_1obs": -22.47495688180886,
    "eval_metrics/imp_pval_pearson_dsf1": 0.1664259898243472,
    "eval_metrics/den_peak_auroc_gw": 0.5351062411012409,
    "eval_metrics/imp_pval_r2_dsf1": -0.07249793131712991,
    "eval_metrics/den_pval_spearman_dsf1": 0.2125563255256057,
    "eval_metrics/imp_pval_spearman_dsf1": 0.09953220889231545,
    "eval_metrics/imp_peak_auroc_gw": 0.5289277972593336,
    "eval_metrics/den_count_pearson_gw": 0.11267866474257685,
    "eval_metrics/den_pval_r2_dsf1": -0.013338286991111661,
    "eval_metrics/den_pval_spearman_gw": 0.2125563255256057,
    "eval_metrics/imp_pval_spearman_1obs": 0.2234858996218329,
    "eval_metrics/imp_count_pearson_gw": 0.025065813681557924,
    "eval_metrics/imp_count_r2_gw": -0.04442523773579491,
    "eval_losses/total_loss": 4.797412716097345,
    "eval_losses/count_obs_loss": 1.1143621747431003,
    "eval_losses/count_imp_loss": 1.6140205689838953,
    "eval_losses/pval_obs_loss": 0.471147292783778,
    "eval_losses/pval_imp_loss": 1.0454824420194777,
    "eval_losses/peak_obs_loss": 0.5499725416302681,
    "eval_losses/peak_imp_loss": 0.5517149846705179
  }
}
{
  "epoch": 33,
  "training_metadata_probes": {
    "training_metadata_probes/depth_count_ratio": 0.9935025572776794,
    "training_metadata_probes/runtype_mse": 0.00040689005982130766,
    "training_metadata_probes/readlen_mse": 4.2618135921657085e-05
  }
}
{
  "epoch": 34,
  "eval_prefixed": {
    "eval_metrics/imp_pval_pearson_gw": 0.1707253518998475,
    "eval_metrics/den_pval_pearson_dsf1": 0.23608875110451327,
    "eval_metrics/imp_pval_r2_1obs": -37.795547767529186,
    "eval_metrics/den_count_spearman_gw": 0.07313236604884117,
    "eval_metrics/den_count_r2_gw": -0.19251892555269395,
    "eval_metrics/imp_count_spearman_gw": 0.0066469898846217524,
    "eval_metrics/den_pval_pearson_1obs": 0.10187665252382622,
    "eval_metrics/den_pval_r2_gw": -0.04577881365964198,
    "eval_metrics/den_pval_spearman_1obs": 0.1050200697691023,
    "eval_metrics/imp_pval_pearson_1obs": 0.18063801228039203,
    "eval_metrics/imp_pval_spearman_gw": 0.11157901581196304,
    "eval_metrics/den_pval_pearson_gw": 0.23608875110451327,
    "eval_metrics/imp_pval_r2_gw": -0.0642972537771204,
    "eval_metrics/den_pval_r2_1obs": -22.4380014161762,
    "eval_metrics/imp_pval_pearson_dsf1": 0.1707253518998475,
    "eval_metrics/den_peak_auroc_gw": 0.5334880868379963,
    "eval_metrics/imp_pval_r2_dsf1": -0.0642972537771204,
    "eval_metrics/den_pval_spearman_dsf1": 0.20084092552532976,
    "eval_metrics/imp_pval_spearman_dsf1": 0.11157901581196304,
    "eval_metrics/imp_peak_auroc_gw": 0.5450029722895134,
    "eval_metrics/den_count_pearson_gw": 0.11580876614837173,
    "eval_metrics/den_pval_r2_dsf1": -0.04577881365964198,
    "eval_metrics/den_pval_spearman_gw": 0.20084092552532976,
    "eval_metrics/imp_pval_spearman_1obs": 0.1813497705106864,
    "eval_metrics/imp_count_pearson_gw": 0.025959273772535936,
    "eval_metrics/imp_count_r2_gw": -0.039615473211544336,
    "eval_losses/total_loss": 4.7553713879499,
    "eval_losses/count_obs_loss": 1.0997647509763115,
    "eval_losses/count_imp_loss": 1.6235212201163882,
    "eval_losses/pval_obs_loss": 0.48258340594015625,
    "eval_losses/pval_imp_loss": 1.0091726544594009,
    "eval_losses/peak_obs_loss": 0.541256170523794,
    "eval_losses/peak_imp_loss": 0.5421362301659962
  }
}
{
  "epoch": 34,
  "training_metadata_probes": {
    "training_metadata_probes/depth_count_ratio": 0.9932413697242737,
    "training_metadata_probes/runtype_mse": 0.0005116148968227208,
    "training_metadata_probes/readlen_mse": 4.493542655836791e-05
  }
}
{
  "epoch": 35,
  "eval_prefixed": {
    "eval_metrics/imp_pval_pearson_gw": 0.16623433153810246,
    "eval_metrics/den_pval_pearson_dsf1": 0.2427404455007299,
    "eval_metrics/imp_pval_r2_1obs": -25.3146115225958,
    "eval_metrics/den_count_spearman_gw": 0.07416648642286083,
    "eval_metrics/den_count_r2_gw": -0.19337749173810334,
    "eval_metrics/imp_count_spearman_gw": 0.005966625057196677,
    "eval_metrics/den_pval_pearson_1obs": 0.09274860000387937,
    "eval_metrics/den_pval_r2_gw": -0.029390904987372946,
    "eval_metrics/den_pval_spearman_1obs": 0.08529271273371536,
    "eval_metrics/imp_pval_pearson_1obs": 0.19462705327434435,
    "eval_metrics/imp_pval_spearman_gw": 0.10882769374745156,
    "eval_metrics/den_pval_pearson_gw": 0.2427404455007299,
    "eval_metrics/imp_pval_r2_gw": -0.10739063176124873,
    "eval_metrics/den_pval_r2_1obs": -22.36097847399485,
    "eval_metrics/imp_pval_pearson_dsf1": 0.16623433153810246,
    "eval_metrics/den_peak_auroc_gw": 0.5375569838066949,
    "eval_metrics/imp_pval_r2_dsf1": -0.10739063176124873,
    "eval_metrics/den_pval_spearman_dsf1": 0.20897729963631803,
    "eval_metrics/imp_pval_spearman_dsf1": 0.10882769374745156,
    "eval_metrics/imp_peak_auroc_gw": 0.5114666841895751,
    "eval_metrics/den_count_pearson_gw": 0.11589006495763131,
    "eval_metrics/den_pval_r2_dsf1": -0.029390904987372946,
    "eval_metrics/den_pval_spearman_gw": 0.20897729963631803,
    "eval_metrics/imp_pval_spearman_1obs": 0.18325591871418723,
    "eval_metrics/imp_count_pearson_gw": 0.02730247024472134,
    "eval_metrics/imp_count_r2_gw": -0.052713238202942915,
    "eval_losses/total_loss": 4.81130052634858,
    "eval_losses/count_obs_loss": 1.1086280926277763,
    "eval_losses/count_imp_loss": 1.6109802401255047,
    "eval_losses/pval_obs_loss": 0.4837347824175499,
    "eval_losses/pval_imp_loss": 1.0989989631232762,
    "eval_losses/peak_obs_loss": 0.5300612175150922,
    "eval_losses/peak_imp_loss": 0.5337447486226521
  }
}
{
  "epoch": 35,
  "training_metadata_probes": {
    "training_metadata_probes/depth_count_ratio": 0.993188202381134,
    "training_metadata_probes/runtype_mse": 0.0006196094327606261,
    "training_metadata_probes/readlen_mse": 4.724495011032559e-05
  }
}
{
  "epoch": 36,
  "eval_prefixed": {
    "eval_metrics/imp_pval_pearson_gw": 0.16160130215483526,
    "eval_metrics/den_pval_pearson_dsf1": 0.24681353642556228,
    "eval_metrics/imp_pval_r2_1obs": -29.305553185928783,
    "eval_metrics/den_count_spearman_gw": 0.07432165932150701,
    "eval_metrics/den_count_r2_gw": -0.2073746489036607,
    "eval_metrics/imp_count_spearman_gw": 0.005577987921142282,
    "eval_metrics/den_pval_pearson_1obs": 0.09473611036101877,
    "eval_metrics/den_pval_r2_gw": -0.019539202087589694,
    "eval_metrics/den_pval_spearman_1obs": 0.09760044882989101,
    "eval_metrics/imp_pval_pearson_1obs": 0.21215315581491542,
    "eval_metrics/imp_pval_spearman_gw": 0.11811209645952574,
    "eval_metrics/den_pval_pearson_gw": 0.24681353642556228,
    "eval_metrics/imp_pval_r2_gw": -0.09204051655891343,
    "eval_metrics/den_pval_r2_1obs": -24.73794961935511,
    "eval_metrics/imp_pval_pearson_dsf1": 0.16160130215483526,
    "eval_metrics/den_peak_auroc_gw": 0.5345265375319601,
    "eval_metrics/imp_pval_r2_dsf1": -0.09204051655891343,
    "eval_metrics/den_pval_spearman_dsf1": 0.21738416061488194,
    "eval_metrics/imp_pval_spearman_dsf1": 0.11811209645952574,
    "eval_metrics/imp_peak_auroc_gw": 0.5089328756224322,
    "eval_metrics/den_count_pearson_gw": 0.12519153005422068,
    "eval_metrics/den_pval_r2_dsf1": -0.019539202087589694,
    "eval_metrics/den_pval_spearman_gw": 0.21738416061488194,
    "eval_metrics/imp_pval_spearman_1obs": 0.18912760969374895,
    "eval_metrics/imp_count_pearson_gw": 0.026907099515526733,
    "eval_metrics/imp_count_r2_gw": -0.04883717307205002,
    "eval_losses/total_loss": 4.602125586016643,
    "eval_losses/count_obs_loss": 1.1216102297368802,
    "eval_losses/count_imp_loss": 1.6183000358324202,
    "eval_losses/pval_obs_loss": 0.4634486022037699,
    "eval_losses/pval_imp_loss": 0.8655901932867155,
    "eval_losses/peak_obs_loss": 0.5219798880188089,
    "eval_losses/peak_imp_loss": 0.5260558315212764
  }
}
{
  "epoch": 36,
  "training_metadata_probes": {
    "training_metadata_probes/depth_count_ratio": 0.9932144284248352,
    "training_metadata_probes/runtype_mse": 0.0008372858865186572,
    "training_metadata_probes/readlen_mse": 4.997361611458473e-05
  }
}
{
  "epoch": 37,
  "eval_prefixed": {
    "eval_metrics/imp_pval_pearson_gw": 0.16395502058523043,
    "eval_metrics/den_pval_pearson_dsf1": 0.2488966337895315,
    "eval_metrics/imp_pval_r2_1obs": -30.57066969904753,
    "eval_metrics/den_count_spearman_gw": 0.07209838533477146,
    "eval_metrics/den_count_r2_gw": -0.19049812100181107,
    "eval_metrics/imp_count_spearman_gw": 0.011713037149916073,
    "eval_metrics/den_pval_pearson_1obs": 0.06578123247967788,
    "eval_metrics/den_pval_r2_gw": -0.02821985852602922,
    "eval_metrics/den_pval_spearman_1obs": 0.071367788079811,
    "eval_metrics/imp_pval_pearson_1obs": 0.1957210069448347,
    "eval_metrics/imp_pval_spearman_gw": 0.10673212647744254,
    "eval_metrics/den_pval_pearson_gw": 0.2488966337895315,
    "eval_metrics/imp_pval_r2_gw": -0.078271330648187,
    "eval_metrics/den_pval_r2_1obs": -28.11915987564729,
    "eval_metrics/imp_pval_pearson_dsf1": 0.16395502058523043,
    "eval_metrics/den_peak_auroc_gw": 0.5540237494247918,
    "eval_metrics/imp_pval_r2_dsf1": -0.078271330648187,
    "eval_metrics/den_pval_spearman_dsf1": 0.22542474011104216,
    "eval_metrics/imp_pval_spearman_dsf1": 0.10673212647744254,
    "eval_metrics/imp_peak_auroc_gw": 0.5060783277966603,
    "eval_metrics/den_count_pearson_gw": 0.12137248944246064,
    "eval_metrics/den_pval_r2_dsf1": -0.02821985852602922,
    "eval_metrics/den_pval_spearman_gw": 0.22542474011104216,
    "eval_metrics/imp_pval_spearman_1obs": 0.1929267236527278,
    "eval_metrics/imp_count_pearson_gw": 0.03232739710605644,
    "eval_metrics/imp_count_r2_gw": -0.0489420446616965,
    "eval_losses/total_loss": 4.653629722834586,
    "eval_losses/count_obs_loss": 1.1128261206965697,
    "eval_losses/count_imp_loss": 1.6092409699682206,
    "eval_losses/pval_obs_loss": 0.4650346363023824,
    "eval_losses/pval_imp_loss": 0.9639067032507488,
    "eval_losses/peak_obs_loss": 0.5129610696121266,
    "eval_losses/peak_imp_loss": 0.518493598415738
  }
}
{
  "epoch": 37,
  "training_metadata_probes": {
    "training_metadata_probes/depth_count_ratio": 0.9930890202522278,
    "training_metadata_probes/runtype_mse": 0.0007796373683959246,
    "training_metadata_probes/readlen_mse": 4.441327473614365e-05
  }
}
{
  "epoch": 38,
  "eval_prefixed": {
    "eval_metrics/imp_pval_pearson_gw": 0.16353369594758582,
    "eval_metrics/den_pval_pearson_dsf1": 0.25169531249833343,
    "eval_metrics/imp_pval_r2_1obs": -23.324212328928507,
    "eval_metrics/den_count_spearman_gw": 0.07806226486277043,
    "eval_metrics/den_count_r2_gw": -0.15073449205699538,
    "eval_metrics/imp_count_spearman_gw": 0.0070192325057488215,
    "eval_metrics/den_pval_pearson_1obs": 0.05493241328880877,
    "eval_metrics/den_pval_r2_gw": -0.02556052921744187,
    "eval_metrics/den_pval_spearman_1obs": 0.062463685457950675,
    "eval_metrics/imp_pval_pearson_1obs": 0.19488246824651484,
    "eval_metrics/imp_pval_spearman_gw": 0.11488545889386491,
    "eval_metrics/den_pval_pearson_gw": 0.25169531249833343,
    "eval_metrics/imp_pval_r2_gw": -0.07866971363243903,
    "eval_metrics/den_pval_r2_1obs": -19.984837515958727,
    "eval_metrics/imp_pval_pearson_dsf1": 0.16353369594758582,
    "eval_metrics/den_peak_auroc_gw": 0.534843648393576,
    "eval_metrics/imp_pval_r2_dsf1": -0.07866971363243903,
    "eval_metrics/den_pval_spearman_dsf1": 0.22173754295370088,
    "eval_metrics/imp_pval_spearman_dsf1": 0.11488545889386491,
    "eval_metrics/imp_peak_auroc_gw": 0.5209013913624856,
    "eval_metrics/den_count_pearson_gw": 0.11939819233253059,
    "eval_metrics/den_pval_r2_dsf1": -0.02556052921744187,
    "eval_metrics/den_pval_spearman_gw": 0.22173754295370088,
    "eval_metrics/imp_pval_spearman_1obs": 0.18994116851549506,
    "eval_metrics/imp_count_pearson_gw": 0.02571882508126446,
    "eval_metrics/imp_count_r2_gw": -0.05246466925239924,
    "eval_losses/total_loss": 4.584096699315858,
    "eval_losses/count_obs_loss": 1.073687918092075,
    "eval_losses/count_imp_loss": 1.6108412174951463,
    "eval_losses/pval_obs_loss": 0.44988858388540776,
    "eval_losses/pval_imp_loss": 0.9610997529789096,
    "eval_losses/peak_obs_loss": 0.5064986571669579,
    "eval_losses/peak_imp_loss": 0.5091008875105116
  }
}
{
  "epoch": 38,
  "training_metadata_probes": {
    "training_metadata_probes/depth_count_ratio": 0.993097186088562,
    "training_metadata_probes/runtype_mse": 0.0008813826134428382,
    "training_metadata_probes/readlen_mse": 4.5101689465809613e-05
  }
}
{
  "epoch": 39,
  "eval_prefixed": {
    "eval_metrics/imp_pval_pearson_gw": 0.16563031914096976,
    "eval_metrics/den_pval_pearson_dsf1": 0.2521706317968078,
    "eval_metrics/imp_pval_r2_1obs": -33.22030298715833,
    "eval_metrics/den_count_spearman_gw": 0.07552347280708858,
    "eval_metrics/den_count_r2_gw": -0.13662724357423328,
    "eval_metrics/imp_count_spearman_gw": 0.009630350473206836,
    "eval_metrics/den_pval_pearson_1obs": 0.07967345267656799,
    "eval_metrics/den_pval_r2_gw": -0.030407880234525238,
    "eval_metrics/den_pval_spearman_1obs": 0.07696701815954199,
    "eval_metrics/imp_pval_pearson_1obs": 0.18246916008167088,
    "eval_metrics/imp_pval_spearman_gw": 0.1206892407250091,
    "eval_metrics/den_pval_pearson_gw": 0.2521706317968078,
    "eval_metrics/imp_pval_r2_gw": -0.07886997448728988,
    "eval_metrics/den_pval_r2_1obs": -34.31093748016836,
    "eval_metrics/imp_pval_pearson_dsf1": 0.16563031914096976,
    "eval_metrics/den_peak_auroc_gw": 0.5519325792084108,
    "eval_metrics/imp_pval_r2_dsf1": -0.07886997448728988,
    "eval_metrics/den_pval_spearman_dsf1": 0.23390808209585248,
    "eval_metrics/imp_pval_spearman_dsf1": 0.1206892407250091,
    "eval_metrics/imp_peak_auroc_gw": 0.525601470289921,
    "eval_metrics/den_count_pearson_gw": 0.12663994575421766,
    "eval_metrics/den_pval_r2_dsf1": -0.030407880234525238,
    "eval_metrics/den_pval_spearman_gw": 0.23390808209585248,
    "eval_metrics/imp_pval_spearman_1obs": 0.17269303198965766,
    "eval_metrics/imp_count_pearson_gw": 0.028407490918797275,
    "eval_metrics/imp_count_r2_gw": -0.04889699441584233,
    "eval_losses/total_loss": 4.753575249354502,
    "eval_losses/count_obs_loss": 1.1414596571734077,
    "eval_losses/count_imp_loss": 1.6140217033643571,
    "eval_losses/pval_obs_loss": 0.48481945264594334,
    "eval_losses/pval_imp_loss": 1.0663408977644784,
    "eval_losses/peak_obs_loss": 0.4932993721020849,
    "eval_losses/peak_imp_loss": 0.49715730879041886
  }
}
{
  "epoch": 39,
  "training_metadata_probes": {
    "training_metadata_probes/depth_count_ratio": 0.9931442737579346,
    "training_metadata_probes/runtype_mse": 0.001196197816170752,
    "training_metadata_probes/readlen_mse": 4.609661118593067e-05
  }
}
{
  "epoch": 40,
  "eval_prefixed": {
    "eval_metrics/imp_pval_pearson_gw": 0.1519805635990841,
    "eval_metrics/den_pval_pearson_dsf1": 0.24561799294315279,
    "eval_metrics/imp_pval_r2_1obs": -29.92947127572486,
    "eval_metrics/den_count_spearman_gw": 0.07560108078947074,
    "eval_metrics/den_count_r2_gw": -0.16250028882006495,
    "eval_metrics/imp_count_spearman_gw": 0.008163978596595454,
    "eval_metrics/den_pval_pearson_1obs": 0.061648992671459714,
    "eval_metrics/den_pval_r2_gw": -0.05144923933095151,
    "eval_metrics/den_pval_spearman_1obs": 0.08274992943914769,
    "eval_metrics/imp_pval_pearson_1obs": 0.15156114773292625,
    "eval_metrics/imp_pval_spearman_gw": 0.12076866319488723,
    "eval_metrics/den_pval_pearson_gw": 0.24561799294315279,
    "eval_metrics/imp_pval_r2_gw": -0.09242900182372851,
    "eval_metrics/den_pval_r2_1obs": -20.019279878715817,
    "eval_metrics/imp_pval_pearson_dsf1": 0.1519805635990841,
    "eval_metrics/den_peak_auroc_gw": 0.5459000635590587,
    "eval_metrics/imp_pval_r2_dsf1": -0.09242900182372851,
    "eval_metrics/den_pval_spearman_dsf1": 0.2279490732164979,
    "eval_metrics/imp_pval_spearman_dsf1": 0.12076866319488723,
    "eval_metrics/imp_peak_auroc_gw": 0.49404541466335966,
    "eval_metrics/den_count_pearson_gw": 0.12082115686529218,
    "eval_metrics/den_pval_r2_dsf1": -0.05144923933095151,
    "eval_metrics/den_pval_spearman_gw": 0.2279490732164979,
    "eval_metrics/imp_pval_spearman_1obs": 0.14736714250180666,
    "eval_metrics/imp_count_pearson_gw": 0.03164272524124485,
    "eval_metrics/imp_count_r2_gw": -0.04380338949575417,
    "eval_losses/total_loss": 4.399200797669198,
    "eval_losses/count_obs_loss": 1.07581122925407,
    "eval_losses/count_imp_loss": 1.592322137620714,
    "eval_losses/pval_obs_loss": 0.430730794409388,
    "eval_losses/pval_imp_loss": 0.8258034232116881,
    "eval_losses/peak_obs_loss": 0.48337481484601375,
    "eval_losses/peak_imp_loss": 0.4883122311698066
  }
}
{
  "epoch": 40,
  "training_metadata_probes": {
    "training_metadata_probes/depth_count_ratio": 0.9931533932685852,
    "training_metadata_probes/runtype_mse": 0.0012135362485423684,
    "training_metadata_probes/readlen_mse": 4.713187081506476e-05
  }
}
{
  "epoch": 41,
  "eval_prefixed": {
    "eval_metrics/imp_pval_pearson_gw": 0.16933625756156823,
    "eval_metrics/den_pval_pearson_dsf1": 0.25017351617938594,
    "eval_metrics/imp_pval_r2_1obs": -29.07369172795525,
    "eval_metrics/den_count_spearman_gw": 0.0787541688763274,
    "eval_metrics/den_count_r2_gw": -0.137374863910518,
    "eval_metrics/imp_count_spearman_gw": 0.007682171283461246,
    "eval_metrics/den_pval_pearson_1obs": 0.09138285727960083,
    "eval_metrics/den_pval_r2_gw": -0.023564257259974842,
    "eval_metrics/den_pval_spearman_1obs": 0.08041772793930088,
    "eval_metrics/imp_pval_pearson_1obs": 0.21870698598730895,
    "eval_metrics/imp_pval_spearman_gw": 0.11122896712721056,
    "eval_metrics/den_pval_pearson_gw": 0.25017351617938594,
    "eval_metrics/imp_pval_r2_gw": -0.06762359159468133,
    "eval_metrics/den_pval_r2_1obs": -23.40537590016179,
    "eval_metrics/imp_pval_pearson_dsf1": 0.16933625756156823,
    "eval_metrics/den_peak_auroc_gw": 0.5327461871562038,
    "eval_metrics/imp_pval_r2_dsf1": -0.06762359159468133,
    "eval_metrics/den_pval_spearman_dsf1": 0.23347673243436223,
    "eval_metrics/imp_pval_spearman_dsf1": 0.11122896712721056,
    "eval_metrics/imp_peak_auroc_gw": 0.5140008234218514,
    "eval_metrics/den_count_pearson_gw": 0.12427569082999405,
    "eval_metrics/den_pval_r2_dsf1": -0.023564257259974842,
    "eval_metrics/den_pval_spearman_gw": 0.23347673243436223,
    "eval_metrics/imp_pval_spearman_1obs": 0.21777044788722075,
    "eval_metrics/imp_count_pearson_gw": 0.033323787306139746,
    "eval_metrics/imp_count_r2_gw": -0.04284646283885568,
    "eval_losses/total_loss": 4.529524442372157,
    "eval_losses/count_obs_loss": 1.089430723535387,
    "eval_losses/count_imp_loss": 1.5997264669055031,
    "eval_losses/pval_obs_loss": 0.4539158277360624,
    "eval_losses/pval_imp_loss": 0.9543656531780486,
    "eval_losses/peak_obs_loss": 0.47403901933055176,
    "eval_losses/peak_imp_loss": 0.47642461411536685
  }
}
{
  "epoch": 41,
  "training_metadata_probes": {
    "training_metadata_probes/depth_count_ratio": 0.9930384755134583,
    "training_metadata_probes/runtype_mse": 0.001335717854090035,
    "training_metadata_probes/readlen_mse": 4.209382677800022e-05
  }
}
{
  "epoch": 42,
  "eval_prefixed": {
    "eval_metrics/imp_pval_pearson_gw": 0.15361508942903981,
    "eval_metrics/den_pval_pearson_dsf1": 0.252836834247175,
    "eval_metrics/imp_pval_r2_1obs": -24.38452394886377,
    "eval_metrics/den_count_spearman_gw": 0.07757786126401303,
    "eval_metrics/den_count_r2_gw": -0.15317479591756325,
    "eval_metrics/imp_count_spearman_gw": 0.007404379211460941,
    "eval_metrics/den_pval_pearson_1obs": 0.11058354633400756,
    "eval_metrics/den_pval_r2_gw": -0.03399833991408509,
    "eval_metrics/den_pval_spearman_1obs": 0.10078624878461274,
    "eval_metrics/imp_pval_pearson_1obs": 0.18585380520819436,
    "eval_metrics/imp_pval_spearman_gw": 0.11755262780671236,
    "eval_metrics/den_pval_pearson_gw": 0.252836834247175,
    "eval_metrics/imp_pval_r2_gw": -0.10019902828130067,
    "eval_metrics/den_pval_r2_1obs": -25.202478130543025,
    "eval_metrics/imp_pval_pearson_dsf1": 0.15361508942903981,
    "eval_metrics/den_peak_auroc_gw": 0.5504620982466484,
    "eval_metrics/imp_pval_r2_dsf1": -0.10019902828130067,
    "eval_metrics/den_pval_spearman_dsf1": 0.2393479158424222,
    "eval_metrics/imp_pval_spearman_dsf1": 0.11755262780671236,
    "eval_metrics/imp_peak_auroc_gw": 0.5111719331371982,
    "eval_metrics/den_count_pearson_gw": 0.12653153267685985,
    "eval_metrics/den_pval_r2_dsf1": -0.03399833991408509,
    "eval_metrics/den_pval_spearman_gw": 0.2393479158424222,
    "eval_metrics/imp_pval_spearman_1obs": 0.17133947401077487,
    "eval_metrics/imp_count_pearson_gw": 0.03146279419842546,
    "eval_metrics/imp_count_r2_gw": -0.05614508620956348,
    "eval_losses/total_loss": 4.4892796195406275,
    "eval_losses/count_obs_loss": 1.114999909149973,
    "eval_losses/count_imp_loss": 1.5888733778681075,
    "eval_losses/pval_obs_loss": 0.46138571974772374,
    "eval_losses/pval_imp_loss": 0.9021884549468283,
    "eval_losses/peak_obs_loss": 0.4618627025108588,
    "eval_losses/peak_imp_loss": 0.4657378163602617
  }
}
{
  "epoch": 42,
  "training_metadata_probes": {
    "training_metadata_probes/depth_count_ratio": 0.9930253624916077,
    "training_metadata_probes/runtype_mse": 0.0015462592709809542,
    "training_metadata_probes/readlen_mse": 4.1203467844752595e-05
  }
}
{
  "epoch": 43,
  "eval_prefixed": {
    "eval_metrics/imp_pval_pearson_gw": 0.15203745509423908,
    "eval_metrics/den_pval_pearson_dsf1": 0.2547356842673923,
    "eval_metrics/imp_pval_r2_1obs": -28.876847092559913,
    "eval_metrics/den_count_spearman_gw": 0.07505298589924735,
    "eval_metrics/den_count_r2_gw": -0.09312547861192415,
    "eval_metrics/imp_count_spearman_gw": 0.007665209735060961,
    "eval_metrics/den_pval_pearson_1obs": 0.0834009904248983,
    "eval_metrics/den_pval_r2_gw": -0.009545416202245739,
    "eval_metrics/den_pval_spearman_1obs": 0.07932674952840374,
    "eval_metrics/imp_pval_pearson_1obs": 0.18425291105883107,
    "eval_metrics/imp_pval_spearman_gw": 0.11799510798345693,
    "eval_metrics/den_pval_pearson_gw": 0.2547356842673923,
    "eval_metrics/imp_pval_r2_gw": -0.07707817203449865,
    "eval_metrics/den_pval_r2_1obs": -24.195656510415066,
    "eval_metrics/imp_pval_pearson_dsf1": 0.15203745509423908,
    "eval_metrics/den_peak_auroc_gw": 0.542429343683376,
    "eval_metrics/imp_pval_r2_dsf1": -0.07707817203449865,
    "eval_metrics/den_pval_spearman_dsf1": 0.23834495796716934,
    "eval_metrics/imp_pval_spearman_dsf1": 0.11799510798345693,
    "eval_metrics/imp_peak_auroc_gw": 0.5244666846905683,
    "eval_metrics/den_count_pearson_gw": 0.12845731410963804,
    "eval_metrics/den_pval_r2_dsf1": -0.009545416202245739,
    "eval_metrics/den_pval_spearman_gw": 0.23834495796716934,
    "eval_metrics/imp_pval_spearman_1obs": 0.1793165770763821,
    "eval_metrics/imp_count_pearson_gw": 0.03247954029246189,
    "eval_metrics/imp_count_r2_gw": -0.03771626462679858,
    "eval_losses/total_loss": 4.819695580897755,
    "eval_losses/count_obs_loss": 1.0796454721375515,
    "eval_losses/count_imp_loss": 1.6250134583503482,
    "eval_losses/pval_obs_loss": 0.5010096638120318,
    "eval_losses/pval_imp_loss": 1.2790087099586214,
    "eval_losses/peak_obs_loss": 0.4536229505350715,
    "eval_losses/peak_imp_loss": 0.4561640154274683
  }
}
{
  "epoch": 43,
  "training_metadata_probes": {
    "training_metadata_probes/depth_count_ratio": 0.9928392767906189,
    "training_metadata_probes/runtype_mse": 0.0014500365359708667,
    "training_metadata_probes/readlen_mse": 3.893776738550514e-05
  }
}
{
  "epoch": 44,
  "eval_prefixed": {
    "eval_metrics/imp_pval_pearson_gw": 0.14463515822139997,
    "eval_metrics/den_pval_pearson_dsf1": 0.2566132269750692,
    "eval_metrics/imp_pval_r2_1obs": -36.256108879339,
    "eval_metrics/den_count_spearman_gw": 0.07738894094302334,
    "eval_metrics/den_count_r2_gw": -0.09379020894476853,
    "eval_metrics/imp_count_spearman_gw": 0.007207126143200344,
    "eval_metrics/den_pval_pearson_1obs": 0.0824141412924387,
    "eval_metrics/den_pval_r2_gw": -0.020150383017311195,
    "eval_metrics/den_pval_spearman_1obs": 0.06373488825213756,
    "eval_metrics/imp_pval_pearson_1obs": 0.19470496538154308,
    "eval_metrics/imp_pval_spearman_gw": 0.11653712776935986,
    "eval_metrics/den_pval_pearson_gw": 0.2566132269750692,
    "eval_metrics/imp_pval_r2_gw": -0.08547817802449569,
    "eval_metrics/den_pval_r2_1obs": -20.98052954429439,
    "eval_metrics/imp_pval_pearson_dsf1": 0.14463515822139997,
    "eval_metrics/den_peak_auroc_gw": 0.5350224805820722,
    "eval_metrics/imp_pval_r2_dsf1": -0.08547817802449569,
    "eval_metrics/den_pval_spearman_dsf1": 0.2409283910104963,
    "eval_metrics/imp_pval_spearman_dsf1": 0.11653712776935986,
    "eval_metrics/imp_peak_auroc_gw": 0.5358284070126343,
    "eval_metrics/den_count_pearson_gw": 0.13682963558216885,
    "eval_metrics/den_pval_r2_dsf1": -0.020150383017311195,
    "eval_metrics/den_pval_spearman_gw": 0.2409283910104963,
    "eval_metrics/imp_pval_spearman_1obs": 0.19853709271391576,
    "eval_metrics/imp_count_pearson_gw": 0.030436190631238758,
    "eval_metrics/imp_count_r2_gw": -0.048104765637344865,
    "eval_losses/total_loss": 4.7908615918437905,
    "eval_losses/count_obs_loss": 1.055393951503854,
    "eval_losses/count_imp_loss": 1.6146033519790286,
    "eval_losses/pval_obs_loss": 0.45289898835318654,
    "eval_losses/pval_imp_loss": 1.3665474875578805,
    "eval_losses/peak_obs_loss": 0.44387633196617426,
    "eval_losses/peak_imp_loss": 0.4433033877894992
  }
}
{
  "epoch": 44,
  "training_metadata_probes": {
    "training_metadata_probes/depth_count_ratio": 0.9928255677223206,
    "training_metadata_probes/runtype_mse": 0.001518452656455338,
    "training_metadata_probes/readlen_mse": 3.546570587786846e-05
  }
}
{
  "epoch": 45,
  "eval_prefixed": {
    "eval_metrics/imp_pval_pearson_gw": 0.13439428676215429,
    "eval_metrics/den_pval_pearson_dsf1": 0.25445239084135546,
    "eval_metrics/imp_pval_r2_1obs": -25.14768200678448,
    "eval_metrics/den_count_spearman_gw": 0.07568050023015016,
    "eval_metrics/den_count_r2_gw": -0.12401805407799606,
    "eval_metrics/imp_count_spearman_gw": 0.0034866705651494935,
    "eval_metrics/den_pval_pearson_1obs": 0.10304288839382168,
    "eval_metrics/den_pval_r2_gw": -0.04281158689430112,
    "eval_metrics/den_pval_spearman_1obs": 0.08949182208080486,
    "eval_metrics/imp_pval_pearson_1obs": 0.2000495219817533,
    "eval_metrics/imp_pval_spearman_gw": 0.11798023575387706,
    "eval_metrics/den_pval_pearson_gw": 0.25445239084135546,
    "eval_metrics/imp_pval_r2_gw": -0.11948019617832543,
    "eval_metrics/den_pval_r2_1obs": -25.482955762779614,
    "eval_metrics/imp_pval_pearson_dsf1": 0.13439428676215429,
    "eval_metrics/den_peak_auroc_gw": 0.5338130793484885,
    "eval_metrics/imp_pval_r2_dsf1": -0.11948019617832543,
    "eval_metrics/den_pval_spearman_dsf1": 0.2403499073929117,
    "eval_metrics/imp_pval_spearman_dsf1": 0.11798023575387706,
    "eval_metrics/imp_peak_auroc_gw": 0.511138198955982,
    "eval_metrics/den_count_pearson_gw": 0.13148374079441724,
    "eval_metrics/den_pval_r2_dsf1": -0.04281158689430112,
    "eval_metrics/den_pval_spearman_gw": 0.2403499073929117,
    "eval_metrics/imp_pval_spearman_1obs": 0.18561942931077688,
    "eval_metrics/imp_count_pearson_gw": 0.029605599052812313,
    "eval_metrics/imp_count_r2_gw": -0.0713533753883408,
    "eval_losses/total_loss": 4.476348460504883,
    "eval_losses/count_obs_loss": 1.0720471669184535,
    "eval_losses/count_imp_loss": 1.605040238963233,
    "eval_losses/pval_obs_loss": 0.40553733706474304,
    "eval_losses/pval_imp_loss": 1.0567761237422626,
    "eval_losses/peak_obs_loss": 0.4324668257644302,
    "eval_losses/peak_imp_loss": 0.4340341442397663
  }
}
{
  "epoch": 45,
  "training_metadata_probes": {
    "training_metadata_probes/depth_count_ratio": 0.992595374584198,
    "training_metadata_probes/runtype_mse": 0.0019283638102933764,
    "training_metadata_probes/readlen_mse": 3.69197477994021e-05
  }
}
{
  "epoch": 46,
  "eval_prefixed": {
    "eval_metrics/imp_pval_pearson_gw": 0.13562017594212813,
    "eval_metrics/den_pval_pearson_dsf1": 0.26174486468631875,
    "eval_metrics/imp_pval_r2_1obs": -28.07557052776473,
    "eval_metrics/den_count_spearman_gw": 0.07599474734143764,
    "eval_metrics/den_count_r2_gw": -0.11087076914144173,
    "eval_metrics/imp_count_spearman_gw": -0.0013038615965574772,
    "eval_metrics/den_pval_pearson_1obs": 0.08540571500902604,
    "eval_metrics/den_pval_r2_gw": -0.01602955884440703,
    "eval_metrics/den_pval_spearman_1obs": 0.08503155763202792,
    "eval_metrics/imp_pval_pearson_1obs": 0.17971451589469253,
    "eval_metrics/imp_pval_spearman_gw": 0.12180704857971135,
    "eval_metrics/den_pval_pearson_gw": 0.26174486468631875,
    "eval_metrics/imp_pval_r2_gw": -0.10121880694801852,
    "eval_metrics/den_pval_r2_1obs": -21.872991862477146,
    "eval_metrics/imp_pval_pearson_dsf1": 0.13562017594212813,
    "eval_metrics/den_peak_auroc_gw": 0.5366658811587611,
    "eval_metrics/imp_pval_r2_dsf1": -0.10121880694801852,
    "eval_metrics/den_pval_spearman_dsf1": 0.2449135146872403,
    "eval_metrics/imp_pval_spearman_dsf1": 0.12180704857971135,
    "eval_metrics/imp_peak_auroc_gw": 0.5079124439214502,
    "eval_metrics/den_count_pearson_gw": 0.12376114467655211,
    "eval_metrics/den_pval_r2_dsf1": -0.01602955884440703,
    "eval_metrics/den_pval_spearman_gw": 0.2449135146872403,
    "eval_metrics/imp_pval_spearman_1obs": 0.16401928203917768,
    "eval_metrics/imp_count_pearson_gw": 0.026629804855301267,
    "eval_metrics/imp_count_r2_gw": -0.058408483522917026,
    "eval_losses/total_loss": 4.914440414868295,
    "eval_losses/count_obs_loss": 1.076665524589388,
    "eval_losses/count_imp_loss": 1.6186496568104578,
    "eval_losses/pval_obs_loss": 0.45836128054284736,
    "eval_losses/pval_imp_loss": 1.5294441848047196,
    "eval_losses/peak_obs_loss": 0.4211779875974906,
    "eval_losses/peak_imp_loss": 0.42057135334563633
  }
}
{
  "epoch": 46,
  "training_metadata_probes": {
    "training_metadata_probes/depth_count_ratio": 0.9923991560935974,
    "training_metadata_probes/runtype_mse": 0.0016090116696432233,
    "training_metadata_probes/readlen_mse": 3.609672057791613e-05
  }
}
{
  "epoch": 47,
  "eval_prefixed": {
    "eval_metrics/imp_pval_pearson_gw": 0.14863180560577247,
    "eval_metrics/den_pval_pearson_dsf1": 0.2583467791984348,
    "eval_metrics/imp_pval_r2_1obs": -25.234368392199542,
    "eval_metrics/den_count_spearman_gw": 0.07253021376794108,
    "eval_metrics/den_count_r2_gw": -0.10282097962831797,
    "eval_metrics/imp_count_spearman_gw": -0.0010608842277745815,
    "eval_metrics/den_pval_pearson_1obs": 0.09589569570227086,
    "eval_metrics/den_pval_r2_gw": -0.02486896314640832,
    "eval_metrics/den_pval_spearman_1obs": 0.07612556914887195,
    "eval_metrics/imp_pval_pearson_1obs": 0.2020812462571831,
    "eval_metrics/imp_pval_spearman_gw": 0.11852154391224437,
    "eval_metrics/den_pval_pearson_gw": 0.2583467791984348,
    "eval_metrics/imp_pval_r2_gw": -0.09218584061482546,
    "eval_metrics/den_pval_r2_1obs": -23.379066947715685,
    "eval_metrics/imp_pval_pearson_dsf1": 0.14863180560577247,
    "eval_metrics/den_peak_auroc_gw": 0.5490157662554226,
    "eval_metrics/imp_pval_r2_dsf1": -0.09218584061482546,
    "eval_metrics/den_pval_spearman_dsf1": 0.24418121913690513,
    "eval_metrics/imp_pval_spearman_dsf1": 0.11852154391224437,
    "eval_metrics/imp_peak_auroc_gw": 0.4889261862202795,
    "eval_metrics/den_count_pearson_gw": 0.13229447950939893,
    "eval_metrics/den_pval_r2_dsf1": -0.02486896314640832,
    "eval_metrics/den_pval_spearman_gw": 0.24418121913690513,
    "eval_metrics/imp_pval_spearman_1obs": 0.19486583264884919,
    "eval_metrics/imp_count_pearson_gw": 0.03184371663808143,
    "eval_metrics/imp_count_r2_gw": -0.0674932786009318,
    "eval_losses/total_loss": 5.0363202880773885,
    "eval_losses/count_obs_loss": 1.0761098689154576,
    "eval_losses/count_imp_loss": 1.6084716793090579,
    "eval_losses/pval_obs_loss": 0.4540625532206736,
    "eval_losses/pval_imp_loss": 1.7180875555745192,
    "eval_losses/peak_obs_loss": 0.4096636893717866,
    "eval_losses/peak_imp_loss": 0.40888199399388026
  }
}
{
  "epoch": 47,
  "training_metadata_probes": {
    "training_metadata_probes/depth_count_ratio": 0.9921343922615051,
    "training_metadata_probes/runtype_mse": 0.002168672624975443,
    "training_metadata_probes/readlen_mse": 4.03063531848602e-05
  }
}
{
  "epoch": 48,
  "eval_prefixed": {
    "eval_metrics/imp_pval_pearson_gw": 0.1515844780729995,
    "eval_metrics/den_pval_pearson_dsf1": 0.2693135389601689,
    "eval_metrics/imp_pval_r2_1obs": -19.872261864223884,
    "eval_metrics/den_count_spearman_gw": 0.07840164863266055,
    "eval_metrics/den_count_r2_gw": -0.09650232262445947,
    "eval_metrics/imp_count_spearman_gw": -0.007830403133481711,
    "eval_metrics/den_pval_pearson_1obs": 0.08862257680524827,
    "eval_metrics/den_pval_r2_gw": -0.025736431252983322,
    "eval_metrics/den_pval_spearman_1obs": 0.06902464958929047,
    "eval_metrics/imp_pval_pearson_1obs": 0.18095943794792724,
    "eval_metrics/imp_pval_spearman_gw": 0.131191243344619,
    "eval_metrics/den_pval_pearson_gw": 0.2693135389601689,
    "eval_metrics/imp_pval_r2_gw": -0.11045309055101059,
    "eval_metrics/den_pval_r2_1obs": -34.269962291539194,
    "eval_metrics/imp_pval_pearson_dsf1": 0.1515844780729995,
    "eval_metrics/den_peak_auroc_gw": 0.554701545825078,
    "eval_metrics/imp_pval_r2_dsf1": -0.11045309055101059,
    "eval_metrics/den_pval_spearman_dsf1": 0.25676170684543465,
    "eval_metrics/imp_pval_spearman_dsf1": 0.131191243344619,
    "eval_metrics/imp_peak_auroc_gw": 0.507180313427923,
    "eval_metrics/den_count_pearson_gw": 0.14189774693161444,
    "eval_metrics/den_pval_r2_dsf1": -0.025736431252983322,
    "eval_metrics/den_pval_spearman_gw": 0.25676170684543465,
    "eval_metrics/imp_pval_spearman_1obs": 0.1714297900559689,
    "eval_metrics/imp_count_pearson_gw": 0.024286611321648315,
    "eval_metrics/imp_count_r2_gw": -0.07387414356596607,
    "eval_losses/total_loss": 4.659148839725132,
    "eval_losses/count_obs_loss": 1.1020935969917398,
    "eval_losses/count_imp_loss": 1.6184665485033913,
    "eval_losses/pval_obs_loss": 0.42270343248903947,
    "eval_losses/pval_imp_loss": 1.2779165787829294,
    "eval_losses/peak_obs_loss": 0.40158416958231674,
    "eval_losses/peak_imp_loss": 0.40028894716312013
  }
}
{
  "epoch": 48,
  "training_metadata_probes": {
    "training_metadata_probes/depth_count_ratio": 0.9919763207435608,
    "training_metadata_probes/runtype_mse": 0.00260974932461977,
    "training_metadata_probes/readlen_mse": 4.247154720360413e-05
  }
}
{
  "epoch": 49,
  "eval_prefixed": {
    "eval_metrics/imp_pval_pearson_gw": 0.1361343382251641,
    "eval_metrics/den_pval_pearson_dsf1": 0.26376168869166194,
    "eval_metrics/imp_pval_r2_1obs": -22.44878797335273,
    "eval_metrics/den_count_spearman_gw": 0.07429564158999602,
    "eval_metrics/den_count_r2_gw": -0.08825801054628261,
    "eval_metrics/imp_count_spearman_gw": -0.0038727043288507537,
    "eval_metrics/den_pval_pearson_1obs": 0.09351996527862196,
    "eval_metrics/den_pval_r2_gw": -0.015171521340665435,
    "eval_metrics/den_pval_spearman_1obs": 0.08463171706396992,
    "eval_metrics/imp_pval_pearson_1obs": 0.2017321888475664,
    "eval_metrics/imp_pval_spearman_gw": 0.11781831243768788,
    "eval_metrics/den_pval_pearson_gw": 0.26376168869166194,
    "eval_metrics/imp_pval_r2_gw": -0.1565327647494148,
    "eval_metrics/den_pval_r2_1obs": -17.691937963791215,
    "eval_metrics/imp_pval_pearson_dsf1": 0.1361343382251641,
    "eval_metrics/den_peak_auroc_gw": 0.5515152105719261,
    "eval_metrics/imp_pval_r2_dsf1": -0.1565327647494148,
    "eval_metrics/den_pval_spearman_dsf1": 0.2466615583495788,
    "eval_metrics/imp_pval_spearman_dsf1": 0.11781831243768788,
    "eval_metrics/imp_peak_auroc_gw": 0.4974296643611264,
    "eval_metrics/den_count_pearson_gw": 0.13718261010638488,
    "eval_metrics/den_pval_r2_dsf1": -0.015171521340665435,
    "eval_metrics/den_pval_spearman_gw": 0.2466615583495788,
    "eval_metrics/imp_pval_spearman_1obs": 0.18798451062564922,
    "eval_metrics/imp_count_pearson_gw": 0.02645391084176178,
    "eval_metrics/imp_count_r2_gw": -0.06467415735250799,
    "eval_losses/total_loss": 4.94905889151912,
    "eval_losses/count_obs_loss": 1.058386136826716,
    "eval_losses/count_imp_loss": 1.609447245559995,
    "eval_losses/pval_obs_loss": 0.4181225654718123,
    "eval_losses/pval_imp_loss": 1.7194847979006314,
    "eval_losses/peak_obs_loss": 0.3909114207092084,
    "eval_losses/peak_imp_loss": 0.3886004391880262
  }
}
{
  "epoch": 49,
  "training_metadata_probes": {
    "training_metadata_probes/depth_count_ratio": 0.9917684197425842,
    "training_metadata_probes/runtype_mse": 0.002723196754232049,
    "training_metadata_probes/readlen_mse": 4.3939351598965004e-05
  }
}
{
  "epoch": 50,
  "eval_prefixed": {
    "eval_metrics/imp_pval_pearson_gw": 0.14560633812040563,
    "eval_metrics/den_pval_pearson_dsf1": 0.2602880279974718,
    "eval_metrics/imp_pval_r2_1obs": -24.465199034309855,
    "eval_metrics/den_count_spearman_gw": 0.07599318782068715,
    "eval_metrics/den_count_r2_gw": -0.09662678857795247,
    "eval_metrics/imp_count_spearman_gw": -0.0030998981334376422,
    "eval_metrics/den_pval_pearson_1obs": 0.11602433859125565,
    "eval_metrics/den_pval_r2_gw": -0.03099546624124183,
    "eval_metrics/den_pval_spearman_1obs": 0.09921059412571032,
    "eval_metrics/imp_pval_pearson_1obs": 0.17664063511978065,
    "eval_metrics/imp_pval_spearman_gw": 0.12230094799548641,
    "eval_metrics/den_pval_pearson_gw": 0.2602880279974718,
    "eval_metrics/imp_pval_r2_gw": -0.1140320433374218,
    "eval_metrics/den_pval_r2_1obs": -20.08823752636026,
    "eval_metrics/imp_pval_pearson_dsf1": 0.14560633812040563,
    "eval_metrics/den_peak_auroc_gw": 0.5554668901821702,
    "eval_metrics/imp_pval_r2_dsf1": -0.1140320433374218,
    "eval_metrics/den_pval_spearman_dsf1": 0.25303233094909683,
    "eval_metrics/imp_pval_spearman_dsf1": 0.12230094799548641,
    "eval_metrics/imp_peak_auroc_gw": 0.5016051726522416,
    "eval_metrics/den_count_pearson_gw": 0.13051197596513175,
    "eval_metrics/den_pval_r2_dsf1": -0.03099546624124183,
    "eval_metrics/den_pval_spearman_gw": 0.25303233094909683,
    "eval_metrics/imp_pval_spearman_1obs": 0.16321520702689787,
    "eval_metrics/imp_count_pearson_gw": 0.03051156555288582,
    "eval_metrics/imp_count_r2_gw": -0.06336675861934075,
    "eval_losses/total_loss": 4.529070573442272,
    "eval_losses/count_obs_loss": 1.0708304784799878,
    "eval_losses/count_imp_loss": 1.5915387026847354,
    "eval_losses/pval_obs_loss": 0.40224011428654194,
    "eval_losses/pval_imp_loss": 1.2554909632142102,
    "eval_losses/peak_obs_loss": 0.3818079523350063,
    "eval_losses/peak_imp_loss": 0.3789797651152762
  }
}
{
  "epoch": 50,
  "training_metadata_probes": {
    "training_metadata_probes/depth_count_ratio": 0.991668701171875,
    "training_metadata_probes/runtype_mse": 0.0027168479282408953,
    "training_metadata_probes/readlen_mse": 4.975241608917713e-05
  }
}
{
  "epoch": 51,
  "eval_prefixed": {
    "eval_metrics/imp_pval_pearson_gw": 0.13576308201022802,
    "eval_metrics/den_pval_pearson_dsf1": 0.2608736218565977,
    "eval_metrics/imp_pval_r2_1obs": -32.62729739357004,
    "eval_metrics/den_count_spearman_gw": 0.07577418398321528,
    "eval_metrics/den_count_r2_gw": -0.057079632034082714,
    "eval_metrics/imp_count_spearman_gw": -0.005914877254111079,
    "eval_metrics/den_pval_pearson_1obs": 0.06614139146710697,
    "eval_metrics/den_pval_r2_gw": -0.0036152149703475023,
    "eval_metrics/den_pval_spearman_1obs": 0.054866389796777625,
    "eval_metrics/imp_pval_pearson_1obs": 0.1619413003878897,
    "eval_metrics/imp_pval_spearman_gw": 0.11658072572849597,
    "eval_metrics/den_pval_pearson_gw": 0.2608736218565977,
    "eval_metrics/imp_pval_r2_gw": -0.12372565507145812,
    "eval_metrics/den_pval_r2_1obs": -30.278370025528385,
    "eval_metrics/imp_pval_pearson_dsf1": 0.13576308201022802,
    "eval_metrics/den_peak_auroc_gw": 0.5497817830870603,
    "eval_metrics/imp_pval_r2_dsf1": -0.12372565507145812,
    "eval_metrics/den_pval_spearman_dsf1": 0.25086045070023105,
    "eval_metrics/imp_pval_spearman_dsf1": 0.11658072572849597,
    "eval_metrics/imp_peak_auroc_gw": 0.5207619603266523,
    "eval_metrics/den_count_pearson_gw": 0.13409718788400488,
    "eval_metrics/den_pval_r2_dsf1": -0.0036152149703475023,
    "eval_metrics/den_pval_spearman_gw": 0.25086045070023105,
    "eval_metrics/imp_pval_spearman_1obs": 0.15400422107311712,
    "eval_metrics/imp_count_pearson_gw": 0.0315435263675378,
    "eval_metrics/imp_count_r2_gw": -0.0684945598597173,
    "eval_losses/total_loss": 5.517477429667978,
    "eval_losses/count_obs_loss": 1.0894647130840702,
    "eval_losses/count_imp_loss": 1.615095121519906,
    "eval_losses/pval_obs_loss": 0.5124946303763672,
    "eval_losses/pval_imp_loss": 2.2919989289745453,
    "eval_losses/peak_obs_loss": 0.37271806284000997,
    "eval_losses/peak_imp_loss": 0.36675994594891864
  }
}
{
  "epoch": 51,
  "training_metadata_probes": {
    "training_metadata_probes/depth_count_ratio": 0.991509199142456,
    "training_metadata_probes/runtype_mse": 0.0027490127831697464,
    "training_metadata_probes/readlen_mse": 5.51632147107739e-05
  }
}
{
  "epoch": 52,
  "eval_prefixed": {
    "eval_metrics/imp_pval_pearson_gw": 0.14394074122584055,
    "eval_metrics/den_pval_pearson_dsf1": 0.26202311001313655,
    "eval_metrics/imp_pval_r2_1obs": -31.5881860234711,
    "eval_metrics/den_count_spearman_gw": 0.07783027348453009,
    "eval_metrics/den_count_r2_gw": -0.04733199661086366,
    "eval_metrics/imp_count_spearman_gw": -0.00825526560182368,
    "eval_metrics/den_pval_pearson_1obs": 0.12551431594980195,
    "eval_metrics/den_pval_r2_gw": -0.009924034699778131,
    "eval_metrics/den_pval_spearman_1obs": 0.09235228898283651,
    "eval_metrics/imp_pval_pearson_1obs": 0.1932749193067485,
    "eval_metrics/imp_pval_spearman_gw": 0.11490600713412062,
    "eval_metrics/den_pval_pearson_gw": 0.26202311001313655,
    "eval_metrics/imp_pval_r2_gw": -0.11283577914753236,
    "eval_metrics/den_pval_r2_1obs": -26.51170474363506,
    "eval_metrics/imp_pval_pearson_dsf1": 0.14394074122584055,
    "eval_metrics/den_peak_auroc_gw": 0.5375329519417422,
    "eval_metrics/imp_pval_r2_dsf1": -0.11283577914753236,
    "eval_metrics/den_pval_spearman_dsf1": 0.24229606786251026,
    "eval_metrics/imp_pval_spearman_dsf1": 0.11490600713412062,
    "eval_metrics/imp_peak_auroc_gw": 0.5274435039954372,
    "eval_metrics/den_count_pearson_gw": 0.14039916287200818,
    "eval_metrics/den_pval_r2_dsf1": -0.009924034699778131,
    "eval_metrics/den_pval_spearman_gw": 0.24229606786251026,
    "eval_metrics/imp_pval_spearman_1obs": 0.18817731695910986,
    "eval_metrics/imp_count_pearson_gw": 0.026540216614237232,
    "eval_metrics/imp_count_r2_gw": -0.06675948347601118,
    "eval_losses/total_loss": 5.753740827258873,
    "eval_losses/count_obs_loss": 1.0658571014278813,
    "eval_losses/count_imp_loss": 1.6039964452622428,
    "eval_losses/pval_obs_loss": 0.5603823165262216,
    "eval_losses/pval_imp_loss": 2.5781878022447464,
    "eval_losses/peak_obs_loss": 0.36424433714465093,
    "eval_losses/peak_imp_loss": 0.3576179347814076
  }
}
{
  "epoch": 52,
  "training_metadata_probes": {
    "training_metadata_probes/depth_count_ratio": 0.9912869334220886,
    "training_metadata_probes/runtype_mse": 0.0029673369135707617,
    "training_metadata_probes/readlen_mse": 5.7933590142056346e-05
  }
}
{
  "epoch": 53,
  "eval_prefixed": {
    "eval_metrics/imp_pval_pearson_gw": 0.1506890290313297,
    "eval_metrics/den_pval_pearson_dsf1": 0.2640461353144737,
    "eval_metrics/imp_pval_r2_1obs": -29.18067595655102,
    "eval_metrics/den_count_spearman_gw": 0.08042819889142143,
    "eval_metrics/den_count_r2_gw": -0.08403286102222822,
    "eval_metrics/imp_count_spearman_gw": -0.012682730747585103,
    "eval_metrics/den_pval_pearson_1obs": 0.10910152879200484,
    "eval_metrics/den_pval_r2_gw": -0.026237475030680857,
    "eval_metrics/den_pval_spearman_1obs": 0.07944412528129893,
    "eval_metrics/imp_pval_pearson_1obs": 0.19706341634885158,
    "eval_metrics/imp_pval_spearman_gw": 0.11386801590948448,
    "eval_metrics/den_pval_pearson_gw": 0.2640461353144737,
    "eval_metrics/imp_pval_r2_gw": -0.08535192796219045,
    "eval_metrics/den_pval_r2_1obs": -21.173134833736967,
    "eval_metrics/imp_pval_pearson_dsf1": 0.1506890290313297,
    "eval_metrics/den_peak_auroc_gw": 0.5472498582373488,
    "eval_metrics/imp_pval_r2_dsf1": -0.08535192796219045,
    "eval_metrics/den_pval_spearman_dsf1": 0.25021324442151327,
    "eval_metrics/imp_pval_spearman_dsf1": 0.11386801590948448,
    "eval_metrics/imp_peak_auroc_gw": 0.5124129183585721,
    "eval_metrics/den_count_pearson_gw": 0.13693046998722772,
    "eval_metrics/den_pval_r2_dsf1": -0.026237475030680857,
    "eval_metrics/den_pval_spearman_gw": 0.25021324442151327,
    "eval_metrics/imp_pval_spearman_1obs": 0.1717573285151211,
    "eval_metrics/imp_count_pearson_gw": 0.02732228475926806,
    "eval_metrics/imp_count_r2_gw": -0.06548058994272421,
    "eval_losses/total_loss": 7.758807050064206,
    "eval_losses/count_obs_loss": 1.0630552949089753,
    "eval_losses/count_imp_loss": 1.6033314031267922,
    "eval_losses/pval_obs_loss": 0.6423522506497408,
    "eval_losses/pval_imp_loss": 4.922379709425426,
    "eval_losses/peak_obs_loss": 0.3540899741806482,
    "eval_losses/peak_imp_loss": 0.34964641609362196
  }
}
{
  "epoch": 53,
  "training_metadata_probes": {
    "training_metadata_probes/depth_count_ratio": 0.9909588098526001,
    "training_metadata_probes/runtype_mse": 0.0028020120225846767,
    "training_metadata_probes/readlen_mse": 4.580567838274874e-05
  }
}
{
  "epoch": 54,
  "eval_prefixed": {
    "eval_metrics/imp_pval_pearson_gw": 0.14631023818242644,
    "eval_metrics/den_pval_pearson_dsf1": 0.2652500392869115,
    "eval_metrics/imp_pval_r2_1obs": -29.233675656808554,
    "eval_metrics/den_count_spearman_gw": 0.0806530496799991,
    "eval_metrics/den_count_r2_gw": -0.0563067399684818,
    "eval_metrics/imp_count_spearman_gw": -0.006030560507778863,
    "eval_metrics/den_pval_pearson_1obs": 0.10776199311964631,
    "eval_metrics/den_pval_r2_gw": -1.798849508495059e-05,
    "eval_metrics/den_pval_spearman_1obs": 0.07557571226327797,
    "eval_metrics/imp_pval_pearson_1obs": 0.18238351325248553,
    "eval_metrics/imp_pval_spearman_gw": 0.10413430797752475,
    "eval_metrics/den_pval_pearson_gw": 0.2652500392869115,
    "eval_metrics/imp_pval_r2_gw": -0.13611435360379145,
    "eval_metrics/den_pval_r2_1obs": -20.700721211613907,
    "eval_metrics/imp_pval_pearson_dsf1": 0.14631023818242644,
    "eval_metrics/den_peak_auroc_gw": 0.5540298181697608,
    "eval_metrics/imp_pval_r2_dsf1": -0.13611435360379145,
    "eval_metrics/den_pval_spearman_dsf1": 0.25042891256436944,
    "eval_metrics/imp_pval_spearman_dsf1": 0.10413430797752475,
    "eval_metrics/imp_peak_auroc_gw": 0.5111679766024746,
    "eval_metrics/den_count_pearson_gw": 0.1334394972563084,
    "eval_metrics/den_pval_r2_dsf1": -1.798849508495059e-05,
    "eval_metrics/den_pval_spearman_gw": 0.25042891256436944,
    "eval_metrics/imp_pval_spearman_1obs": 0.16249345537640575,
    "eval_metrics/imp_count_pearson_gw": 0.03035506834497764,
    "eval_metrics/imp_count_r2_gw": -0.06515059965149379,
    "eval_losses/total_loss": 8.6343612811087,
    "eval_losses/count_obs_loss": 1.0514452841721083,
    "eval_losses/count_imp_loss": 1.6224931393350874,
    "eval_losses/pval_obs_loss": 0.6796352186877477,
    "eval_losses/pval_imp_loss": 5.948558750133666,
    "eval_losses/peak_obs_loss": 0.3460457899460667,
    "eval_losses/peak_imp_loss": 0.3392633345155489
  }
}
{
  "epoch": 54,
  "training_metadata_probes": {
    "training_metadata_probes/depth_count_ratio": 0.9908174872398376,
    "training_metadata_probes/runtype_mse": 0.0029403772205114365,
    "training_metadata_probes/readlen_mse": 5.231272371020168e-05
  }
}
{
  "epoch": 55,
  "eval_prefixed": {
    "eval_metrics/imp_pval_pearson_gw": 0.13467968675115752,
    "eval_metrics/den_pval_pearson_dsf1": 0.25856144721834234,
    "eval_metrics/imp_pval_r2_1obs": -36.78795679952889,
    "eval_metrics/den_count_spearman_gw": 0.08140428096350143,
    "eval_metrics/den_count_r2_gw": -0.06285562519061813,
    "eval_metrics/imp_count_spearman_gw": -0.00843040547722936,
    "eval_metrics/den_pval_pearson_1obs": 0.09305243398749123,
    "eval_metrics/den_pval_r2_gw": -0.016675654485641424,
    "eval_metrics/den_pval_spearman_1obs": 0.07508175597177272,
    "eval_metrics/imp_pval_pearson_1obs": 0.16549749545464737,
    "eval_metrics/imp_pval_spearman_gw": 0.10105806814897829,
    "eval_metrics/den_pval_pearson_gw": 0.25856144721834234,
    "eval_metrics/imp_pval_r2_gw": -0.13772510794579598,
    "eval_metrics/den_pval_r2_1obs": -27.671321699730367,
    "eval_metrics/imp_pval_pearson_dsf1": 0.13467968675115752,
    "eval_metrics/den_peak_auroc_gw": 0.5542265092610256,
    "eval_metrics/imp_pval_r2_dsf1": -0.13772510794579598,
    "eval_metrics/den_pval_spearman_dsf1": 0.24608150653709773,
    "eval_metrics/imp_pval_spearman_dsf1": 0.10105806814897829,
    "eval_metrics/imp_peak_auroc_gw": 0.48978082791128824,
    "eval_metrics/den_count_pearson_gw": 0.13765664338011688,
    "eval_metrics/den_pval_r2_dsf1": -0.016675654485641424,
    "eval_metrics/den_pval_spearman_gw": 0.24608150653709773,
    "eval_metrics/imp_pval_spearman_1obs": 0.15481763968181286,
    "eval_metrics/imp_count_pearson_gw": 0.03457135548570289,
    "eval_metrics/imp_count_r2_gw": -0.07078130601008681,
    "eval_losses/total_loss": 7.664349241378276,
    "eval_losses/count_obs_loss": 1.0739664819679762,
    "eval_losses/count_imp_loss": 1.63547520599668,
    "eval_losses/pval_obs_loss": 0.6549507087390674,
    "eval_losses/pval_imp_loss": 4.783864415827251,
    "eval_losses/peak_obs_loss": 0.3379905045424637,
    "eval_losses/peak_imp_loss": 0.3331295449345831
  }
}
{
  "epoch": 55,
  "training_metadata_probes": {
    "training_metadata_probes/depth_count_ratio": 0.9904934763908386,
    "training_metadata_probes/runtype_mse": 0.003347875317558646,
    "training_metadata_probes/readlen_mse": 6.433231465052813e-05
  }
}
{
  "epoch": 56,
  "eval_prefixed": {
    "eval_metrics/imp_pval_pearson_gw": 0.1483456439575151,
    "eval_metrics/den_pval_pearson_dsf1": 0.26827857986484704,
    "eval_metrics/imp_pval_r2_1obs": -24.57110285164025,
    "eval_metrics/den_count_spearman_gw": 0.08316485895657742,
    "eval_metrics/den_count_r2_gw": -0.06500490291028836,
    "eval_metrics/imp_count_spearman_gw": -0.01205319663177359,
    "eval_metrics/den_pval_pearson_1obs": 0.12347031337451067,
    "eval_metrics/den_pval_r2_gw": -0.026900088967522582,
    "eval_metrics/den_pval_spearman_1obs": 0.09502821584387722,
    "eval_metrics/imp_pval_pearson_1obs": 0.16177470733906837,
    "eval_metrics/imp_pval_spearman_gw": 0.10620914835538084,
    "eval_metrics/den_pval_pearson_gw": 0.26827857986484704,
    "eval_metrics/imp_pval_r2_gw": -0.1315826088387771,
    "eval_metrics/den_pval_r2_1obs": -31.532268648846,
    "eval_metrics/imp_pval_pearson_dsf1": 0.1483456439575151,
    "eval_metrics/den_peak_auroc_gw": 0.5529900870067543,
    "eval_metrics/imp_pval_r2_dsf1": -0.1315826088387771,
    "eval_metrics/den_pval_spearman_dsf1": 0.25884532334975674,
    "eval_metrics/imp_pval_spearman_dsf1": 0.10620914835538084,
    "eval_metrics/imp_peak_auroc_gw": 0.5120805344444763,
    "eval_metrics/den_count_pearson_gw": 0.1482311421270041,
    "eval_metrics/den_pval_r2_dsf1": -0.026900088967522582,
    "eval_metrics/den_pval_spearman_gw": 0.25884532334975674,
    "eval_metrics/imp_pval_spearman_1obs": 0.15135609211284903,
    "eval_metrics/imp_count_pearson_gw": 0.02666346461046487,
    "eval_metrics/imp_count_r2_gw": -0.08714228210273005,
    "eval_losses/total_loss": 8.741456941848522,
    "eval_losses/count_obs_loss": 1.091858538357835,
    "eval_losses/count_imp_loss": 1.644836858151451,
    "eval_losses/pval_obs_loss": 0.6981259127588648,
    "eval_losses/pval_imp_loss": 6.024110913276672,
    "eval_losses/peak_obs_loss": 0.3277963758691361,
    "eval_losses/peak_imp_loss": 0.3215186528506733
  }
}
{
  "epoch": 56,
  "training_metadata_probes": {
    "training_metadata_probes/depth_count_ratio": 0.9901836514472961,
    "training_metadata_probes/runtype_mse": 0.0032030469737946987,
    "training_metadata_probes/readlen_mse": 6.35614778730087e-05
  }
}
{
  "epoch": 57,
  "eval_prefixed": {
    "eval_metrics/imp_pval_pearson_gw": 0.13411612982403429,
    "eval_metrics/den_pval_pearson_dsf1": 0.2704958947387671,
    "eval_metrics/imp_pval_r2_1obs": -26.393835438117577,
    "eval_metrics/den_count_spearman_gw": 0.0843208012292556,
    "eval_metrics/den_count_r2_gw": -0.08006247219486169,
    "eval_metrics/imp_count_spearman_gw": -0.007274144206079796,
    "eval_metrics/den_pval_pearson_1obs": 0.11358673100996959,
    "eval_metrics/den_pval_r2_gw": -0.027309375986305125,
    "eval_metrics/den_pval_spearman_1obs": 0.10742093627104636,
    "eval_metrics/imp_pval_pearson_1obs": 0.19374967291064205,
    "eval_metrics/imp_pval_spearman_gw": 0.09829532226810869,
    "eval_metrics/den_pval_pearson_gw": 0.2704958947387671,
    "eval_metrics/imp_pval_r2_gw": -0.14961913670123245,
    "eval_metrics/den_pval_r2_1obs": -31.596952970238206,
    "eval_metrics/imp_pval_pearson_dsf1": 0.13411612982403429,
    "eval_metrics/den_peak_auroc_gw": 0.5682333294009402,
    "eval_metrics/imp_pval_r2_dsf1": -0.14961913670123245,
    "eval_metrics/den_pval_spearman_dsf1": 0.254584433994426,
    "eval_metrics/imp_pval_spearman_dsf1": 0.09829532226810869,
    "eval_metrics/imp_peak_auroc_gw": 0.5119445389481387,
    "eval_metrics/den_count_pearson_gw": 0.13292069261354444,
    "eval_metrics/den_pval_r2_dsf1": -0.027309375986305125,
    "eval_metrics/den_pval_spearman_gw": 0.254584433994426,
    "eval_metrics/imp_pval_spearman_1obs": 0.1822578585097445,
    "eval_metrics/imp_count_pearson_gw": 0.03482888168911727,
    "eval_metrics/imp_count_r2_gw": -0.07022490440644366,
    "eval_losses/total_loss": 8.097788354590241,
    "eval_losses/count_obs_loss": 1.0966869326014268,
    "eval_losses/count_imp_loss": 1.637511530565837,
    "eval_losses/pval_obs_loss": 0.5172029783777696,
    "eval_losses/pval_imp_loss": 5.488074057632023,
    "eval_losses/peak_obs_loss": 0.3181148089076343,
    "eval_losses/peak_imp_loss": 0.31250260604752433
  }
}
{
  "epoch": 57,
  "training_metadata_probes": {
    "training_metadata_probes/depth_count_ratio": 0.9898396134376526,
    "training_metadata_probes/runtype_mse": 0.003083541989326477,
    "training_metadata_probes/readlen_mse": 6.199951894814149e-05
  }
}
{
  "epoch": 58,
  "eval_prefixed": {
    "eval_metrics/imp_pval_pearson_gw": 0.13003146354227313,
    "eval_metrics/den_pval_pearson_dsf1": 0.25760566472615065,
    "eval_metrics/imp_pval_r2_1obs": -21.824332977393357,
    "eval_metrics/den_count_spearman_gw": 0.08692512245830235,
    "eval_metrics/den_count_r2_gw": -0.05014122386449987,
    "eval_metrics/imp_count_spearman_gw": 0.0005531842151870137,
    "eval_metrics/den_pval_pearson_1obs": 0.09623141700323781,
    "eval_metrics/den_pval_r2_gw": -0.02013583481423059,
    "eval_metrics/den_pval_spearman_1obs": 0.07756611527827574,
    "eval_metrics/imp_pval_pearson_1obs": 0.18679956263226885,
    "eval_metrics/imp_pval_spearman_gw": 0.08474527205652602,
    "eval_metrics/den_pval_pearson_gw": 0.25760566472615065,
    "eval_metrics/imp_pval_r2_gw": -0.14432300422914918,
    "eval_metrics/den_pval_r2_1obs": -28.03633346031523,
    "eval_metrics/imp_pval_pearson_dsf1": 0.13003146354227313,
    "eval_metrics/den_peak_auroc_gw": 0.558448505145725,
    "eval_metrics/imp_pval_r2_dsf1": -0.14432300422914918,
    "eval_metrics/den_pval_spearman_dsf1": 0.23899697896193764,
    "eval_metrics/imp_pval_spearman_dsf1": 0.08474527205652602,
    "eval_metrics/imp_peak_auroc_gw": 0.49645752180140823,
    "eval_metrics/den_count_pearson_gw": 0.13937715360110528,
    "eval_metrics/den_pval_r2_dsf1": -0.02013583481423059,
    "eval_metrics/den_pval_spearman_gw": 0.23899697896193764,
    "eval_metrics/imp_pval_spearman_1obs": 0.18297253373198974,
    "eval_metrics/imp_count_pearson_gw": 0.03273259752706277,
    "eval_metrics/imp_count_r2_gw": -0.0744549750188257,
    "eval_losses/total_loss": 8.037994044783868,
    "eval_losses/count_obs_loss": 1.089101040049603,
    "eval_losses/count_imp_loss": 1.6386552916632757,
    "eval_losses/pval_obs_loss": 0.708147360502105,
    "eval_losses/pval_imp_loss": 5.208951446272078,
    "eval_losses/peak_obs_loss": 0.31135523005535726,
    "eval_losses/peak_imp_loss": 0.3053086823414242
  }
}
{
  "epoch": 58,
  "training_metadata_probes": {
    "training_metadata_probes/depth_count_ratio": 0.9895471930503845,
    "training_metadata_probes/runtype_mse": 0.0033099623396992683,
    "training_metadata_probes/readlen_mse": 9.143559145741165e-05
  }
}
{
  "epoch": 59,
  "eval_prefixed": {
    "eval_metrics/imp_pval_pearson_gw": 0.12834135226402726,
    "eval_metrics/den_pval_pearson_dsf1": 0.26449033095942515,
    "eval_metrics/imp_pval_r2_1obs": -25.94805228931169,
    "eval_metrics/den_count_spearman_gw": 0.09074755396385614,
    "eval_metrics/den_count_r2_gw": -0.06700519105014252,
    "eval_metrics/imp_count_spearman_gw": 0.00026300125735194977,
    "eval_metrics/den_pval_pearson_1obs": 0.11740744434676967,
    "eval_metrics/den_pval_r2_gw": -0.0385891352716305,
    "eval_metrics/den_pval_spearman_1obs": 0.09358826655100314,
    "eval_metrics/imp_pval_pearson_1obs": 0.17803561745677143,
    "eval_metrics/imp_pval_spearman_gw": 0.08762325679981654,
    "eval_metrics/den_pval_pearson_gw": 0.26449033095942515,
    "eval_metrics/imp_pval_r2_gw": -0.18726535668323946,
    "eval_metrics/den_pval_r2_1obs": -22.26175687023488,
    "eval_metrics/imp_pval_pearson_dsf1": 0.12834135226402726,
    "eval_metrics/den_peak_auroc_gw": 0.5593064299322769,
    "eval_metrics/imp_pval_r2_dsf1": -0.18726535668323946,
    "eval_metrics/den_pval_spearman_dsf1": 0.24151292686398432,
    "eval_metrics/imp_pval_spearman_dsf1": 0.08762325679981654,
    "eval_metrics/imp_peak_auroc_gw": 0.4866204488441193,
    "eval_metrics/den_count_pearson_gw": 0.14035357620665118,
    "eval_metrics/den_pval_r2_dsf1": -0.0385891352716305,
    "eval_metrics/den_pval_spearman_gw": 0.24151292686398432,
    "eval_metrics/imp_pval_spearman_1obs": 0.1661946167056207,
    "eval_metrics/imp_count_pearson_gw": 0.03179017001959784,
    "eval_metrics/imp_count_r2_gw": -0.0790623144592029,
    "eval_losses/total_loss": 8.928179154466642,
    "eval_losses/count_obs_loss": 1.0548087334946583,
    "eval_losses/count_imp_loss": 1.5933844163304283,
    "eval_losses/pval_obs_loss": 0.592803670387519,
    "eval_losses/pval_imp_loss": 6.5268575430862485,
    "eval_losses/peak_obs_loss": 0.3041424582663335,
    "eval_losses/peak_imp_loss": 0.29576194877662354
  }
}
{
  "epoch": 59,
  "training_metadata_probes": {
    "training_metadata_probes/depth_count_ratio": 0.9892759919166565,
    "training_metadata_probes/runtype_mse": 0.0033599010203033686,
    "training_metadata_probes/readlen_mse": 6.171823770273477e-05
  }
}
{
  "epoch": 60,
  "eval_prefixed": {
    "eval_metrics/imp_pval_pearson_gw": 0.1454503542987541,
    "eval_metrics/den_pval_pearson_dsf1": 0.2572752416844627,
    "eval_metrics/imp_pval_r2_1obs": -37.448216799587414,
    "eval_metrics/den_count_spearman_gw": 0.0907270951993035,
    "eval_metrics/den_count_r2_gw": -0.0501696446036097,
    "eval_metrics/imp_count_spearman_gw": 0.0026721130264819055,
    "eval_metrics/den_pval_pearson_1obs": 0.12976904985445895,
    "eval_metrics/den_pval_r2_gw": -0.026832991449529612,
    "eval_metrics/den_pval_spearman_1obs": 0.09646462635203093,
    "eval_metrics/imp_pval_pearson_1obs": 0.19506173541340682,
    "eval_metrics/imp_pval_spearman_gw": 0.09004706826798467,
    "eval_metrics/den_pval_pearson_gw": 0.2572752416844627,
    "eval_metrics/imp_pval_r2_gw": -0.14481803746730712,
    "eval_metrics/den_pval_r2_1obs": -25.514084242119843,
    "eval_metrics/imp_pval_pearson_dsf1": 0.1454503542987541,
    "eval_metrics/den_peak_auroc_gw": 0.5601735959057608,
    "eval_metrics/imp_pval_r2_dsf1": -0.14481803746730712,
    "eval_metrics/den_pval_spearman_dsf1": 0.23189314049662188,
    "eval_metrics/imp_pval_spearman_dsf1": 0.09004706826798467,
    "eval_metrics/imp_peak_auroc_gw": 0.5358284425240146,
    "eval_metrics/den_count_pearson_gw": 0.13258567051716932,
    "eval_metrics/den_pval_r2_dsf1": -0.026832991449529612,
    "eval_metrics/den_pval_spearman_gw": 0.23189314049662188,
    "eval_metrics/imp_pval_spearman_1obs": 0.18689076248570186,
    "eval_metrics/imp_count_pearson_gw": 0.033577835413679064,
    "eval_metrics/imp_count_r2_gw": -0.07203510369262102,
    "eval_losses/total_loss": 9.179986650124192,
    "eval_losses/count_obs_loss": 1.0574553993187452,
    "eval_losses/count_imp_loss": 1.6221856578948006,
    "eval_losses/pval_obs_loss": 0.7885050320703733,
    "eval_losses/pval_imp_loss": 6.57982645976165,
    "eval_losses/peak_obs_loss": 0.29631267801711436,
    "eval_losses/peak_imp_loss": 0.28792802670172285
  }
}
{
  "epoch": 60,
  "training_metadata_probes": {
    "training_metadata_probes/depth_count_ratio": 0.9889733195304871,
    "training_metadata_probes/runtype_mse": 0.0031269665341824293,
    "training_metadata_probes/readlen_mse": 7.116051710909232e-05
  }
}
{
  "epoch": 61,
  "eval_prefixed": {
    "eval_metrics/imp_pval_pearson_gw": 0.12655850273690053,
    "eval_metrics/den_pval_pearson_dsf1": 0.25517330901761615,
    "eval_metrics/imp_pval_r2_1obs": -34.31279562276646,
    "eval_metrics/den_count_spearman_gw": 0.0905726204439847,
    "eval_metrics/den_count_r2_gw": -0.05823828501265795,
    "eval_metrics/imp_count_spearman_gw": 0.005780329295449942,
    "eval_metrics/den_pval_pearson_1obs": 0.1173215941740445,
    "eval_metrics/den_pval_r2_gw": -0.04465503946498367,
    "eval_metrics/den_pval_spearman_1obs": 0.09157165091863562,
    "eval_metrics/imp_pval_pearson_1obs": 0.16746444961366555,
    "eval_metrics/imp_pval_spearman_gw": 0.08776474355363507,
    "eval_metrics/den_pval_pearson_gw": 0.25517330901761615,
    "eval_metrics/imp_pval_r2_gw": -0.21845753075001426,
    "eval_metrics/den_pval_r2_1obs": -18.427565140320635,
    "eval_metrics/imp_pval_pearson_dsf1": 0.12655850273690053,
    "eval_metrics/den_peak_auroc_gw": 0.5592104152672,
    "eval_metrics/imp_pval_r2_dsf1": -0.21845753075001426,
    "eval_metrics/den_pval_spearman_dsf1": 0.23868581111533244,
    "eval_metrics/imp_pval_spearman_dsf1": 0.08776474355363507,
    "eval_metrics/imp_peak_auroc_gw": 0.5332023223310641,
    "eval_metrics/den_count_pearson_gw": 0.13610469768632596,
    "eval_metrics/den_pval_r2_dsf1": -0.04465503946498367,
    "eval_metrics/den_pval_spearman_gw": 0.23868581111533244,
    "eval_metrics/imp_pval_spearman_1obs": 0.14644994892177066,
    "eval_metrics/imp_count_pearson_gw": 0.03450239146828637,
    "eval_metrics/imp_count_r2_gw": -0.07503029915534294,
    "eval_losses/total_loss": 8.032447602207723,
    "eval_losses/count_obs_loss": 1.05564373653186,
    "eval_losses/count_imp_loss": 1.5958420501814947,
    "eval_losses/pval_obs_loss": 0.5894016754862509,
    "eval_losses/pval_imp_loss": 5.484202325817138,
    "eval_losses/peak_obs_loss": 0.286831693233628,
    "eval_losses/peak_imp_loss": 0.27937400128160206
  }
}
{
  "epoch": 61,
  "training_metadata_probes": {
    "training_metadata_probes/depth_count_ratio": 0.9887884855270386,
    "training_metadata_probes/runtype_mse": 0.003432309255003929,
    "training_metadata_probes/readlen_mse": 8.194350084522739e-05
  }
}
{
  "epoch": 62,
  "eval_prefixed": {
    "eval_metrics/imp_pval_pearson_gw": 0.13398236071779615,
    "eval_metrics/den_pval_pearson_dsf1": 0.2612827567530698,
    "eval_metrics/imp_pval_r2_1obs": -34.96818337186163,
    "eval_metrics/den_count_spearman_gw": 0.09240963534898079,
    "eval_metrics/den_count_r2_gw": -0.06651516556279792,
    "eval_metrics/imp_count_spearman_gw": 0.00610514324667577,
    "eval_metrics/den_pval_pearson_1obs": 0.11946614049252514,
    "eval_metrics/den_pval_r2_gw": -0.03209881696640748,
    "eval_metrics/den_pval_spearman_1obs": 0.09150630221258842,
    "eval_metrics/imp_pval_pearson_1obs": 0.17419299993794302,
    "eval_metrics/imp_pval_spearman_gw": 0.08048198888058619,
    "eval_metrics/den_pval_pearson_gw": 0.2612827567530698,
    "eval_metrics/imp_pval_r2_gw": -0.17415082258779194,
    "eval_metrics/den_pval_r2_1obs": -23.333863421258865,
    "eval_metrics/imp_pval_pearson_dsf1": 0.13398236071779615,
    "eval_metrics/den_peak_auroc_gw": 0.5636919994853552,
    "eval_metrics/imp_pval_r2_dsf1": -0.17415082258779194,
    "eval_metrics/den_pval_spearman_dsf1": 0.23830909861556424,
    "eval_metrics/imp_pval_spearman_dsf1": 0.08048198888058619,
    "eval_metrics/imp_peak_auroc_gw": 0.5148374782217529,
    "eval_metrics/den_count_pearson_gw": 0.13324471628507845,
    "eval_metrics/den_pval_r2_dsf1": -0.03209881696640748,
    "eval_metrics/den_pval_spearman_gw": 0.23830909861556424,
    "eval_metrics/imp_pval_spearman_1obs": 0.17115595043503393,
    "eval_metrics/imp_count_pearson_gw": 0.03865785699380222,
    "eval_metrics/imp_count_r2_gw": -0.07815127765553141,
    "eval_losses/total_loss": 9.384766345843673,
    "eval_losses/count_obs_loss": 1.0704852852382158,
    "eval_losses/count_imp_loss": 1.623816052126506,
    "eval_losses/pval_obs_loss": 0.704937985853145,
    "eval_losses/pval_imp_loss": 6.942908676370742,
    "eval_losses/peak_obs_loss": 0.2816979336111169,
    "eval_losses/peak_imp_loss": 0.2729741719270509
  }
}
{
  "epoch": 62,
  "training_metadata_probes": {
    "training_metadata_probes/depth_count_ratio": 0.9885567426681519,
    "training_metadata_probes/runtype_mse": 0.003309194464236498,
    "training_metadata_probes/readlen_mse": 7.061807991703972e-05
  }
}
{
  "epoch": 63,
  "eval_prefixed": {
    "eval_metrics/imp_pval_pearson_gw": 0.13128773628601006,
    "eval_metrics/den_pval_pearson_dsf1": 0.25673570044761473,
    "eval_metrics/imp_pval_r2_1obs": -21.532202367129056,
    "eval_metrics/den_count_spearman_gw": 0.09380504559325926,
    "eval_metrics/den_count_r2_gw": -0.05056332620886389,
    "eval_metrics/imp_count_spearman_gw": 0.0021415306271343917,
    "eval_metrics/den_pval_pearson_1obs": 0.13256036879427388,
    "eval_metrics/den_pval_r2_gw": -0.046291825450908854,
    "eval_metrics/den_pval_spearman_1obs": 0.11142546502045832,
    "eval_metrics/imp_pval_pearson_1obs": 0.17295071875144327,
    "eval_metrics/imp_pval_spearman_gw": 0.08329758173556764,
    "eval_metrics/den_pval_pearson_gw": 0.25673570044761473,
    "eval_metrics/imp_pval_r2_gw": -0.23233344284846938,
    "eval_metrics/den_pval_r2_1obs": -23.776472190264034,
    "eval_metrics/imp_pval_pearson_dsf1": 0.13128773628601006,
    "eval_metrics/den_peak_auroc_gw": 0.5558231783287912,
    "eval_metrics/imp_pval_r2_dsf1": -0.23233344284846938,
    "eval_metrics/den_pval_spearman_dsf1": 0.2354448892512181,
    "eval_metrics/imp_pval_spearman_dsf1": 0.08329758173556764,
    "eval_metrics/imp_peak_auroc_gw": 0.5054129292844587,
    "eval_metrics/den_count_pearson_gw": 0.13388560068989663,
    "eval_metrics/den_pval_r2_dsf1": -0.046291825450908854,
    "eval_metrics/den_pval_spearman_gw": 0.2354448892512181,
    "eval_metrics/imp_pval_spearman_1obs": 0.16368006183286635,
    "eval_metrics/imp_count_pearson_gw": 0.03766401608923583,
    "eval_metrics/imp_count_r2_gw": -0.09767416167020214,
    "eval_losses/total_loss": 17.83212318379236,
    "eval_losses/count_obs_loss": 1.05342713861089,
    "eval_losses/count_imp_loss": 1.618973484114995,
    "eval_losses/pval_obs_loss": 1.0608895681798458,
    "eval_losses/pval_imp_loss": 16.74368854789507,
    "eval_losses/peak_obs_loss": 0.2749002270008388,
    "eval_losses/peak_imp_loss": 0.26687566640358124
  }
}
{
  "epoch": 63,
  "training_metadata_probes": {
    "training_metadata_probes/depth_count_ratio": 0.9883474111557007,
    "training_metadata_probes/runtype_mse": 0.003297112649306655,
    "training_metadata_probes/readlen_mse": 7.396221189992502e-05
  }
}
{
  "epoch": 64,
  "eval_prefixed": {
    "eval_metrics/imp_pval_pearson_gw": 0.13442076451425988,
    "eval_metrics/den_pval_pearson_dsf1": 0.2572768431518374,
    "eval_metrics/imp_pval_r2_1obs": -26.29000849338377,
    "eval_metrics/den_count_spearman_gw": 0.09363987639166452,
    "eval_metrics/den_count_r2_gw": -0.06640436499014099,
    "eval_metrics/imp_count_spearman_gw": 0.007604133356627616,
    "eval_metrics/den_pval_pearson_1obs": 0.13360407949719383,
    "eval_metrics/den_pval_r2_gw": -0.0551397648578242,
    "eval_metrics/den_pval_spearman_1obs": 0.11174808825896017,
    "eval_metrics/imp_pval_pearson_1obs": 0.18614079006799747,
    "eval_metrics/imp_pval_spearman_gw": 0.08182563342834587,
    "eval_metrics/den_pval_pearson_gw": 0.2572768431518374,
    "eval_metrics/imp_pval_r2_gw": -0.138116213676139,
    "eval_metrics/den_pval_r2_1obs": -21.582170705811397,
    "eval_metrics/imp_pval_pearson_dsf1": 0.13442076451425988,
    "eval_metrics/den_peak_auroc_gw": 0.5703517419069183,
    "eval_metrics/imp_pval_r2_dsf1": -0.138116213676139,
    "eval_metrics/den_pval_spearman_dsf1": 0.23831647908306328,
    "eval_metrics/imp_pval_spearman_dsf1": 0.08182563342834587,
    "eval_metrics/imp_peak_auroc_gw": 0.5253597356366384,
    "eval_metrics/den_count_pearson_gw": 0.13706111089069103,
    "eval_metrics/den_pval_r2_dsf1": -0.0551397648578242,
    "eval_metrics/den_pval_spearman_gw": 0.23831647908306328,
    "eval_metrics/imp_pval_spearman_1obs": 0.17149966274593134,
    "eval_metrics/imp_count_pearson_gw": 0.03947504358329174,
    "eval_metrics/imp_count_r2_gw": -0.076912372981362,
    "eval_losses/total_loss": 9.17355016667984,
    "eval_losses/count_obs_loss": 1.0719354536972547,
    "eval_losses/count_imp_loss": 1.6333666756039573,
    "eval_losses/pval_obs_loss": 0.6494289813073058,
    "eval_losses/pval_imp_loss": 6.769661132305387,
    "eval_losses/peak_obs_loss": 0.2695013090575996,
    "eval_losses/peak_imp_loss": 0.261797844772301
  }
}
{
  "epoch": 64,
  "training_metadata_probes": {
    "training_metadata_probes/depth_count_ratio": 0.9880552291870117,
    "training_metadata_probes/runtype_mse": 0.0032390905544161797,
    "training_metadata_probes/readlen_mse": 8.005488780327141e-05
  }
}
{
  "epoch": 65,
  "eval_prefixed": {
    "eval_metrics/imp_pval_pearson_gw": 0.13453557133313537,
    "eval_metrics/den_pval_pearson_dsf1": 0.26047828412418694,
    "eval_metrics/imp_pval_r2_1obs": -22.933559175540537,
    "eval_metrics/den_count_spearman_gw": 0.09473979632635073,
    "eval_metrics/den_count_r2_gw": -0.06658551735869914,
    "eval_metrics/imp_count_spearman_gw": 0.0036851744366432973,
    "eval_metrics/den_pval_pearson_1obs": 0.1293615302757213,
    "eval_metrics/den_pval_r2_gw": -0.051873041054415314,
    "eval_metrics/den_pval_spearman_1obs": 0.1072720811017089,
    "eval_metrics/imp_pval_pearson_1obs": 0.1996713923438201,
    "eval_metrics/imp_pval_spearman_gw": 0.0823158261103477,
    "eval_metrics/den_pval_pearson_gw": 0.26047828412418694,
    "eval_metrics/imp_pval_r2_gw": -0.24002846897966676,
    "eval_metrics/den_pval_r2_1obs": -24.915907946498947,
    "eval_metrics/imp_pval_pearson_dsf1": 0.13453557133313537,
    "eval_metrics/den_peak_auroc_gw": 0.5719000930853999,
    "eval_metrics/imp_pval_r2_dsf1": -0.24002846897966676,
    "eval_metrics/den_pval_spearman_dsf1": 0.23829893421806436,
    "eval_metrics/imp_pval_spearman_dsf1": 0.0823158261103477,
    "eval_metrics/imp_peak_auroc_gw": 0.4930119087859817,
    "eval_metrics/den_count_pearson_gw": 0.13818703088174134,
    "eval_metrics/den_pval_r2_dsf1": -0.051873041054415314,
    "eval_metrics/den_pval_spearman_gw": 0.23829893421806436,
    "eval_metrics/imp_pval_spearman_1obs": 0.17971422271970341,
    "eval_metrics/imp_count_pearson_gw": 0.03741553430189101,
    "eval_metrics/imp_count_r2_gw": -0.09608430157058401,
    "eval_losses/total_loss": 10.789631156446902,
    "eval_losses/count_obs_loss": 1.0843555417500044,
    "eval_losses/count_imp_loss": 1.607585106577192,
    "eval_losses/pval_obs_loss": 0.7924162078844873,
    "eval_losses/pval_imp_loss": 8.578806869567387,
    "eval_losses/peak_obs_loss": 0.261092396354989,
    "eval_losses/peak_imp_loss": 0.2506602904389775
  }
}
{
  "epoch": 65,
  "training_metadata_probes": {
    "training_metadata_probes/depth_count_ratio": 0.9876874089241028,
    "training_metadata_probes/runtype_mse": 0.0033396731596440077,
    "training_metadata_probes/readlen_mse": 8.393279858864844e-05
  }
}
{
  "epoch": 66,
  "eval_prefixed": {
    "eval_metrics/imp_pval_pearson_gw": 0.1555380964622138,
    "eval_metrics/den_pval_pearson_dsf1": 0.2643275558151991,
    "eval_metrics/imp_pval_r2_1obs": -44.87255914794224,
    "eval_metrics/den_count_spearman_gw": 0.09464316822393944,
    "eval_metrics/den_count_r2_gw": -0.04361304024973151,
    "eval_metrics/imp_count_spearman_gw": 0.005035627668916807,
    "eval_metrics/den_pval_pearson_1obs": 0.1502018567064768,
    "eval_metrics/den_pval_r2_gw": -0.0334671415744384,
    "eval_metrics/den_pval_spearman_1obs": 0.12593640023411404,
    "eval_metrics/imp_pval_pearson_1obs": 0.17200926952211867,
    "eval_metrics/imp_pval_spearman_gw": 0.08449864291390095,
    "eval_metrics/den_pval_pearson_gw": 0.2643275558151991,
    "eval_metrics/imp_pval_r2_gw": -0.18684297791903504,
    "eval_metrics/den_pval_r2_1obs": -24.407717689199256,
    "eval_metrics/imp_pval_pearson_dsf1": 0.1555380964622138,
    "eval_metrics/den_peak_auroc_gw": 0.5683315359329182,
    "eval_metrics/imp_pval_r2_dsf1": -0.18684297791903504,
    "eval_metrics/den_pval_spearman_dsf1": 0.2437385121073988,
    "eval_metrics/imp_pval_spearman_dsf1": 0.08449864291390095,
    "eval_metrics/imp_peak_auroc_gw": 0.513355476245389,
    "eval_metrics/den_count_pearson_gw": 0.13760659745189754,
    "eval_metrics/den_pval_r2_dsf1": -0.0334671415744384,
    "eval_metrics/den_pval_spearman_gw": 0.2437385121073988,
    "eval_metrics/imp_pval_spearman_1obs": 0.1870866663246266,
    "eval_metrics/imp_count_pearson_gw": 0.0411086068266914,
    "eval_metrics/imp_count_r2_gw": -0.07843075254125735,
    "eval_losses/total_loss": 17.30964029864653,
    "eval_losses/count_obs_loss": 1.0803310933866,
    "eval_losses/count_imp_loss": 1.6302321780295599,
    "eval_losses/pval_obs_loss": 1.027227982780651,
    "eval_losses/pval_imp_loss": 16.151004258602384,
    "eval_losses/peak_obs_loss": 0.2572730328691633,
    "eval_losses/peak_imp_loss": 0.24742106194534
  }
}
{
  "epoch": 66,
  "training_metadata_probes": {
    "training_metadata_probes/depth_count_ratio": 0.9874752163887024,
    "training_metadata_probes/runtype_mse": 0.003203438827767968,
    "training_metadata_probes/readlen_mse": 7.66200537327677e-05
  }
}
{
  "epoch": 67,
  "eval_prefixed": {
    "eval_metrics/imp_pval_pearson_gw": 0.12459525568336839,
    "eval_metrics/den_pval_pearson_dsf1": 0.25493205979613487,
    "eval_metrics/imp_pval_r2_1obs": -25.338416854731243,
    "eval_metrics/den_count_spearman_gw": 0.09683845271612938,
    "eval_metrics/den_count_r2_gw": -0.05632106007339371,
    "eval_metrics/imp_count_spearman_gw": 0.009480283245166508,
    "eval_metrics/den_pval_pearson_1obs": 0.13541814808023014,
    "eval_metrics/den_pval_r2_gw": -0.06827750363774464,
    "eval_metrics/den_pval_spearman_1obs": 0.10732565134126369,
    "eval_metrics/imp_pval_pearson_1obs": 0.18280617565670537,
    "eval_metrics/imp_pval_spearman_gw": 0.07526817821219192,
    "eval_metrics/den_pval_pearson_gw": 0.25493205979613487,
    "eval_metrics/imp_pval_r2_gw": -0.2542244954685336,
    "eval_metrics/den_pval_r2_1obs": -23.027791030884156,
    "eval_metrics/imp_pval_pearson_dsf1": 0.12459525568336839,
    "eval_metrics/den_peak_auroc_gw": 0.5592416736889863,
    "eval_metrics/imp_pval_r2_dsf1": -0.2542244954685336,
    "eval_metrics/den_pval_spearman_dsf1": 0.2345423114657545,
    "eval_metrics/imp_pval_spearman_dsf1": 0.07526817821219192,
    "eval_metrics/imp_peak_auroc_gw": 0.5005309483167116,
    "eval_metrics/den_count_pearson_gw": 0.14128749868771256,
    "eval_metrics/den_pval_r2_dsf1": -0.06827750363774464,
    "eval_metrics/den_pval_spearman_gw": 0.2345423114657545,
    "eval_metrics/imp_pval_spearman_1obs": 0.18462392591905655,
    "eval_metrics/imp_count_pearson_gw": 0.03655588246344147,
    "eval_metrics/imp_count_r2_gw": -0.09931869988889273,
    "eval_losses/total_loss": 14.88781651629037,
    "eval_losses/count_obs_loss": 1.0588227204586331,
    "eval_losses/count_imp_loss": 1.6523989949907576,
    "eval_losses/pval_obs_loss": 0.9149451713616911,
    "eval_losses/pval_imp_loss": 13.382854374628218,
    "eval_losses/peak_obs_loss": 0.2506675512382859,
    "eval_losses/peak_imp_loss": 0.24120633777171846
  }
}
{
  "epoch": 67,
  "training_metadata_probes": {
    "training_metadata_probes/depth_count_ratio": 0.9871101379394531,
    "training_metadata_probes/runtype_mse": 0.003196258330717683,
    "training_metadata_probes/readlen_mse": 8.102312131086364e-05
  }
}
{
  "epoch": 68,
  "eval_prefixed": {
    "eval_metrics/imp_pval_pearson_gw": 0.1322389200111733,
    "eval_metrics/den_pval_pearson_dsf1": 0.249159125408991,
    "eval_metrics/imp_pval_r2_1obs": -27.16414523186761,
    "eval_metrics/den_count_spearman_gw": 0.097371285657148,
    "eval_metrics/den_count_r2_gw": -0.03321162476716231,
    "eval_metrics/imp_count_spearman_gw": 0.006607930906960502,
    "eval_metrics/den_pval_pearson_1obs": 0.12584161221840126,
    "eval_metrics/den_pval_r2_gw": -0.0718195083086268,
    "eval_metrics/den_pval_spearman_1obs": 0.10318321356387199,
    "eval_metrics/imp_pval_pearson_1obs": 0.16249073349264642,
    "eval_metrics/imp_pval_spearman_gw": 0.07564894910640192,
    "eval_metrics/den_pval_pearson_gw": 0.249159125408991,
    "eval_metrics/imp_pval_r2_gw": -0.3016337158573859,
    "eval_metrics/den_pval_r2_1obs": -24.434909817359912,
    "eval_metrics/imp_pval_pearson_dsf1": 0.1322389200111733,
    "eval_metrics/den_peak_auroc_gw": 0.5605854680538274,
    "eval_metrics/imp_pval_r2_dsf1": -0.3016337158573859,
    "eval_metrics/den_pval_spearman_dsf1": 0.23007145881152447,
    "eval_metrics/imp_pval_spearman_dsf1": 0.07564894910640192,
    "eval_metrics/imp_peak_auroc_gw": 0.5265642052304103,
    "eval_metrics/den_count_pearson_gw": 0.1355293453058326,
    "eval_metrics/den_pval_r2_dsf1": -0.0718195083086268,
    "eval_metrics/den_pval_spearman_gw": 0.23007145881152447,
    "eval_metrics/imp_pval_spearman_1obs": 0.16814912400417176,
    "eval_metrics/imp_count_pearson_gw": 0.038843275000256236,
    "eval_metrics/imp_count_r2_gw": -0.09275715831351293,
    "eval_losses/total_loss": 16.922556350791925,
    "eval_losses/count_obs_loss": 1.0661500794322867,
    "eval_losses/count_imp_loss": 1.6518353280566989,
    "eval_losses/pval_obs_loss": 1.0555049961334781,
    "eval_losses/pval_imp_loss": 15.672275878134228,
    "eval_losses/peak_obs_loss": 0.24464876851753184,
    "eval_losses/peak_imp_loss": 0.23581245269567247
  }
}
{
  "epoch": 68,
  "training_metadata_probes": {
    "training_metadata_probes/depth_count_ratio": 0.9868014454841614,
    "training_metadata_probes/runtype_mse": 0.0032938208896666765,
    "training_metadata_probes/readlen_mse": 8.155969408107921e-05
  }
}
{
  "epoch": 69,
  "eval_prefixed": {
    "eval_metrics/imp_pval_pearson_gw": 0.11888146727892851,
    "eval_metrics/den_pval_pearson_dsf1": 0.24432164802386214,
    "eval_metrics/imp_pval_r2_1obs": -22.032161180943145,
    "eval_metrics/den_count_spearman_gw": 0.09786789893733386,
    "eval_metrics/den_count_r2_gw": -0.05425977228691625,
    "eval_metrics/imp_count_spearman_gw": 0.012004921538287609,
    "eval_metrics/den_pval_pearson_1obs": 0.1303032308458473,
    "eval_metrics/den_pval_r2_gw": -0.0941548633691797,
    "eval_metrics/den_pval_spearman_1obs": 0.1114834435054435,
    "eval_metrics/imp_pval_pearson_1obs": 0.19517575651185498,
    "eval_metrics/imp_pval_spearman_gw": 0.07749512354421441,
    "eval_metrics/den_pval_pearson_gw": 0.24432164802386214,
    "eval_metrics/imp_pval_r2_gw": -0.47247275737363453,
    "eval_metrics/den_pval_r2_1obs": -21.91656250840296,
    "eval_metrics/imp_pval_pearson_dsf1": 0.11888146727892851,
    "eval_metrics/den_peak_auroc_gw": 0.5732358312821288,
    "eval_metrics/imp_pval_r2_dsf1": -0.47247275737363453,
    "eval_metrics/den_pval_spearman_dsf1": 0.22606986362964177,
    "eval_metrics/imp_pval_spearman_dsf1": 0.07749512354421441,
    "eval_metrics/imp_peak_auroc_gw": 0.5081999818020653,
    "eval_metrics/den_count_pearson_gw": 0.13905654808408335,
    "eval_metrics/den_pval_r2_dsf1": -0.0941548633691797,
    "eval_metrics/den_pval_spearman_gw": 0.22606986362964177,
    "eval_metrics/imp_pval_spearman_1obs": 0.18884877370273215,
    "eval_metrics/imp_count_pearson_gw": 0.03926385040188232,
    "eval_metrics/imp_count_r2_gw": -0.106953738256984,
    "eval_losses/total_loss": 8.799903197361058,
    "eval_losses/count_obs_loss": 1.058073202246114,
    "eval_losses/count_imp_loss": 1.5975999784848047,
    "eval_losses/pval_obs_loss": 0.683821744040439,
    "eval_losses/pval_imp_loss": 6.402413943457225,
    "eval_losses/peak_obs_loss": 0.2380438392099581,
    "eval_losses/peak_imp_loss": 0.22724473364059888
  }
}
{
  "epoch": 69,
  "training_metadata_probes": {
    "training_metadata_probes/depth_count_ratio": 0.9866654276847839,
    "training_metadata_probes/runtype_mse": 0.0031470335088670254,
    "training_metadata_probes/readlen_mse": 0.00011376118345651776
  }
}
{
  "epoch": 70,
  "eval_prefixed": {
    "eval_metrics/imp_pval_pearson_gw": 0.13291363752934904,
    "eval_metrics/den_pval_pearson_dsf1": 0.25614722225009845,
    "eval_metrics/imp_pval_r2_1obs": -27.691777274894868,
    "eval_metrics/den_count_spearman_gw": 0.1007306833754376,
    "eval_metrics/den_count_r2_gw": -0.06605042263760222,
    "eval_metrics/imp_count_spearman_gw": 0.006017933679164718,
    "eval_metrics/den_pval_pearson_1obs": 0.14298045781048896,
    "eval_metrics/den_pval_r2_gw": -0.0649873702364272,
    "eval_metrics/den_pval_spearman_1obs": 0.12676997115974342,
    "eval_metrics/imp_pval_pearson_1obs": 0.17923594691923686,
    "eval_metrics/imp_pval_spearman_gw": 0.08384525615422159,
    "eval_metrics/den_pval_pearson_gw": 0.25614722225009845,
    "eval_metrics/imp_pval_r2_gw": -0.263888867921915,
    "eval_metrics/den_pval_r2_1obs": -25.92132677933963,
    "eval_metrics/imp_pval_pearson_dsf1": 0.13291363752934904,
    "eval_metrics/den_peak_auroc_gw": 0.5792126141139611,
    "eval_metrics/imp_pval_r2_dsf1": -0.263888867921915,
    "eval_metrics/den_pval_spearman_dsf1": 0.22974374426388397,
    "eval_metrics/imp_pval_spearman_dsf1": 0.08384525615422159,
    "eval_metrics/imp_peak_auroc_gw": 0.49892415997658973,
    "eval_metrics/den_count_pearson_gw": 0.14265684572685705,
    "eval_metrics/den_pval_r2_dsf1": -0.0649873702364272,
    "eval_metrics/den_pval_spearman_gw": 0.22974374426388397,
    "eval_metrics/imp_pval_spearman_1obs": 0.1678953008182843,
    "eval_metrics/imp_count_pearson_gw": 0.03604336689311331,
    "eval_metrics/imp_count_r2_gw": -0.09891013623146817,
    "eval_losses/total_loss": 13.777136652044168,
    "eval_losses/count_obs_loss": 1.083155908082661,
    "eval_losses/count_imp_loss": 1.6144134288742429,
    "eval_losses/pval_obs_loss": 1.0678712543296187,
    "eval_losses/pval_imp_loss": 11.90712660172629,
    "eval_losses/peak_obs_loss": 0.23280521109700203,
    "eval_losses/peak_imp_loss": 0.2227635435050442
  }
}
{
  "epoch": 70,
  "training_metadata_probes": {
    "training_metadata_probes/depth_count_ratio": 0.9864044785499573,
    "training_metadata_probes/runtype_mse": 0.003137109102681279,
    "training_metadata_probes/readlen_mse": 0.00011584546155063435
  }
}
{
  "epoch": 71,
  "eval_prefixed": {
    "eval_metrics/imp_pval_pearson_gw": 0.12018661626747676,
    "eval_metrics/den_pval_pearson_dsf1": 0.24760749406490695,
    "eval_metrics/imp_pval_r2_1obs": -26.210577109071085,
    "eval_metrics/den_count_spearman_gw": 0.10117295189890008,
    "eval_metrics/den_count_r2_gw": -0.04108558005298702,
    "eval_metrics/imp_count_spearman_gw": 0.011228863681930486,
    "eval_metrics/den_pval_pearson_1obs": 0.1517462613609448,
    "eval_metrics/den_pval_r2_gw": -0.0748345397900955,
    "eval_metrics/den_pval_spearman_1obs": 0.11760234025168399,
    "eval_metrics/imp_pval_pearson_1obs": 0.17467035025372982,
    "eval_metrics/imp_pval_spearman_gw": 0.07240677189443755,
    "eval_metrics/den_pval_pearson_gw": 0.24760749406490695,
    "eval_metrics/imp_pval_r2_gw": -0.33021560687642193,
    "eval_metrics/den_pval_r2_1obs": -20.77267491507756,
    "eval_metrics/imp_pval_pearson_dsf1": 0.12018661626747676,
    "eval_metrics/den_peak_auroc_gw": 0.5717195650169129,
    "eval_metrics/imp_pval_r2_dsf1": -0.33021560687642193,
    "eval_metrics/den_pval_spearman_dsf1": 0.22654812885944078,
    "eval_metrics/imp_pval_spearman_dsf1": 0.07240677189443755,
    "eval_metrics/imp_peak_auroc_gw": 0.5077148650680856,
    "eval_metrics/den_count_pearson_gw": 0.13825483392237833,
    "eval_metrics/den_pval_r2_dsf1": -0.0748345397900955,
    "eval_metrics/den_pval_spearman_gw": 0.22654812885944078,
    "eval_metrics/imp_pval_spearman_1obs": 0.1691710752691153,
    "eval_metrics/imp_count_pearson_gw": 0.03687115712374281,
    "eval_metrics/imp_count_r2_gw": -0.10264367204282283,
    "eval_losses/total_loss": 13.10771014727652,
    "eval_losses/count_obs_loss": 1.0500351802298897,
    "eval_losses/count_imp_loss": 1.623917977961283,
    "eval_losses/pval_obs_loss": 0.9933974809552494,
    "eval_losses/pval_imp_loss": 11.232414201138512,
    "eval_losses/peak_obs_loss": 0.22671570236745633,
    "eval_losses/peak_imp_loss": 0.21755187745605195
  }
}
{
  "epoch": 71,
  "training_metadata_probes": {
    "training_metadata_probes/depth_count_ratio": 0.9858643412590027,
    "training_metadata_probes/runtype_mse": 0.0031027488876134157,
    "training_metadata_probes/readlen_mse": 0.00011044994607800618
  }
}
{
  "epoch": 72,
  "eval_prefixed": {
    "eval_metrics/imp_pval_pearson_gw": 0.117449018572058,
    "eval_metrics/den_pval_pearson_dsf1": 0.25581544762673347,
    "eval_metrics/imp_pval_r2_1obs": -19.519157849778757,
    "eval_metrics/den_count_spearman_gw": 0.10076535255064513,
    "eval_metrics/den_count_r2_gw": -0.0437898357394863,
    "eval_metrics/imp_count_spearman_gw": 0.008735382528963841,
    "eval_metrics/den_pval_pearson_1obs": 0.13964913163554707,
    "eval_metrics/den_pval_r2_gw": -0.08713527537660248,
    "eval_metrics/den_pval_spearman_1obs": 0.11184891630234893,
    "eval_metrics/imp_pval_pearson_1obs": 0.17706852809975057,
    "eval_metrics/imp_pval_spearman_gw": 0.07380494659778886,
    "eval_metrics/den_pval_pearson_gw": 0.25581544762673347,
    "eval_metrics/imp_pval_r2_gw": -0.47058437720954915,
    "eval_metrics/den_pval_r2_1obs": -22.585585075414443,
    "eval_metrics/imp_pval_pearson_dsf1": 0.117449018572058,
    "eval_metrics/den_peak_auroc_gw": 0.5763227963683418,
    "eval_metrics/imp_pval_r2_dsf1": -0.47058437720954915,
    "eval_metrics/den_pval_spearman_dsf1": 0.23336091271357232,
    "eval_metrics/imp_pval_spearman_dsf1": 0.07380494659778886,
    "eval_metrics/imp_peak_auroc_gw": 0.5093357507139831,
    "eval_metrics/den_count_pearson_gw": 0.15037558353996197,
    "eval_metrics/den_pval_r2_dsf1": -0.08713527537660248,
    "eval_metrics/den_pval_spearman_gw": 0.23336091271357232,
    "eval_metrics/imp_pval_spearman_1obs": 0.16712561623217706,
    "eval_metrics/imp_count_pearson_gw": 0.03461235927488093,
    "eval_metrics/imp_count_r2_gw": -0.1257874203602263,
    "eval_losses/total_loss": 17.083837263972352,
    "eval_losses/count_obs_loss": 1.055127125037344,
    "eval_losses/count_imp_loss": 1.6169000390976194,
    "eval_losses/pval_obs_loss": 0.9097239414328023,
    "eval_losses/pval_imp_loss": 16.14707875440991,
    "eval_losses/peak_obs_loss": 0.22044408733123227,
    "eval_losses/peak_imp_loss": 0.2088656568574527
  }
}
{
  "epoch": 72,
  "training_metadata_probes": {
    "training_metadata_probes/depth_count_ratio": 0.9854947924613953,
    "training_metadata_probes/runtype_mse": 0.003295476548373699,
    "training_metadata_probes/readlen_mse": 0.00010077305341837928
  }
}
{
  "epoch": 73,
  "eval_prefixed": {
    "eval_metrics/imp_pval_pearson_gw": 0.11366484251283553,
    "eval_metrics/den_pval_pearson_dsf1": 0.2556504058915092,
    "eval_metrics/imp_pval_r2_1obs": -35.419205620310656,
    "eval_metrics/den_count_spearman_gw": 0.10129539007627633,
    "eval_metrics/den_count_r2_gw": -0.062294372126308194,
    "eval_metrics/imp_count_spearman_gw": 0.012492278082502504,
    "eval_metrics/den_pval_pearson_1obs": 0.1447832963466154,
    "eval_metrics/den_pval_r2_gw": -0.08983164008460558,
    "eval_metrics/den_pval_spearman_1obs": 0.13373155691345157,
    "eval_metrics/imp_pval_pearson_1obs": 0.16600105788056102,
    "eval_metrics/imp_pval_spearman_gw": 0.08035938657975698,
    "eval_metrics/den_pval_pearson_gw": 0.2556504058915092,
    "eval_metrics/imp_pval_r2_gw": -0.4445678777550431,
    "eval_metrics/den_pval_r2_1obs": -20.42037478951938,
    "eval_metrics/imp_pval_pearson_dsf1": 0.11366484251283553,
    "eval_metrics/den_peak_auroc_gw": 0.587345401457225,
    "eval_metrics/imp_pval_r2_dsf1": -0.4445678777550431,
    "eval_metrics/den_pval_spearman_dsf1": 0.235568764605883,
    "eval_metrics/imp_pval_spearman_dsf1": 0.08035938657975698,
    "eval_metrics/imp_peak_auroc_gw": 0.5077477799212785,
    "eval_metrics/den_count_pearson_gw": 0.13773903460241854,
    "eval_metrics/den_pval_r2_dsf1": -0.08983164008460558,
    "eval_metrics/den_pval_spearman_gw": 0.235568764605883,
    "eval_metrics/imp_pval_spearman_1obs": 0.15885698294773992,
    "eval_metrics/imp_count_pearson_gw": 0.03807721127541588,
    "eval_metrics/imp_count_r2_gw": -0.1051817768586045,
    "eval_losses/total_loss": 17.575773395156784,
    "eval_losses/count_obs_loss": 1.0553033077403118,
    "eval_losses/count_imp_loss": 1.6181913320980374,
    "eval_losses/pval_obs_loss": 1.0381504987415515,
    "eval_losses/pval_imp_loss": 16.59284387032191,
    "eval_losses/peak_obs_loss": 0.2152499236950749,
    "eval_losses/peak_imp_loss": 0.20638217120653107
  }
}
{
  "epoch": 73,
  "training_metadata_probes": {
    "training_metadata_probes/depth_count_ratio": 0.985434889793396,
    "training_metadata_probes/runtype_mse": 0.0029097844380885363,
    "training_metadata_probes/readlen_mse": 9.829165355768055e-05
  }
}
{
  "epoch": 74,
  "eval_prefixed": {
    "eval_metrics/imp_pval_pearson_gw": 0.12333816473209669,
    "eval_metrics/den_pval_pearson_dsf1": 0.2578701053249748,
    "eval_metrics/imp_pval_r2_1obs": -25.20385984920874,
    "eval_metrics/den_count_spearman_gw": 0.10364091352233223,
    "eval_metrics/den_count_r2_gw": -0.073168752837804,
    "eval_metrics/imp_count_spearman_gw": 0.013789265342999056,
    "eval_metrics/den_pval_pearson_1obs": 0.132440023864068,
    "eval_metrics/den_pval_r2_gw": -0.09601465830878557,
    "eval_metrics/den_pval_spearman_1obs": 0.10947424020130968,
    "eval_metrics/imp_pval_pearson_1obs": 0.155025594852983,
    "eval_metrics/imp_pval_spearman_gw": 0.07973359545730203,
    "eval_metrics/den_pval_pearson_gw": 0.2578701053249748,
    "eval_metrics/imp_pval_r2_gw": -0.2979318325378688,
    "eval_metrics/den_pval_r2_1obs": -25.092513139015455,
    "eval_metrics/imp_pval_pearson_dsf1": 0.12333816473209669,
    "eval_metrics/den_peak_auroc_gw": 0.575425769206087,
    "eval_metrics/imp_pval_r2_dsf1": -0.2979318325378688,
    "eval_metrics/den_pval_spearman_dsf1": 0.24656730814774241,
    "eval_metrics/imp_pval_spearman_dsf1": 0.07973359545730203,
    "eval_metrics/imp_peak_auroc_gw": 0.5253755162798949,
    "eval_metrics/den_count_pearson_gw": 0.14080692153718127,
    "eval_metrics/den_pval_r2_dsf1": -0.09601465830878557,
    "eval_metrics/den_pval_spearman_gw": 0.24656730814774241,
    "eval_metrics/imp_pval_spearman_1obs": 0.15094371683867927,
    "eval_metrics/imp_count_pearson_gw": 0.044638810009466456,
    "eval_metrics/imp_count_r2_gw": -0.09384714604786974,
    "eval_losses/total_loss": 17.41797829537015,
    "eval_losses/count_obs_loss": 1.0821728784787028,
    "eval_losses/count_imp_loss": 1.616152858923352,
    "eval_losses/pval_obs_loss": 0.8991132086436999,
    "eval_losses/pval_imp_loss": 16.543470581372578,
    "eval_losses/peak_obs_loss": 0.2128028018694175,
    "eval_losses/peak_imp_loss": 0.20570346263666
  }
}
{
  "epoch": 74,
  "training_metadata_probes": {
    "training_metadata_probes/depth_count_ratio": 0.9850262403488159,
    "training_metadata_probes/runtype_mse": 0.0029310621321201324,
    "training_metadata_probes/readlen_mse": 9.810217306949198e-05
  }
}
{
  "epoch": 75,
  "eval_prefixed": {
    "eval_metrics/imp_pval_pearson_gw": 0.12305137645434736,
    "eval_metrics/den_pval_pearson_dsf1": 0.25282600892732215,
    "eval_metrics/imp_pval_r2_1obs": -27.021576817542286,
    "eval_metrics/den_count_spearman_gw": 0.10395860509903959,
    "eval_metrics/den_count_r2_gw": -0.06158636102565197,
    "eval_metrics/imp_count_spearman_gw": 0.014334490776922521,
    "eval_metrics/den_pval_pearson_1obs": 0.1369439735150847,
    "eval_metrics/den_pval_r2_gw": -0.09689805465508497,
    "eval_metrics/den_pval_spearman_1obs": 0.11787308427463161,
    "eval_metrics/imp_pval_pearson_1obs": 0.16127625665819598,
    "eval_metrics/imp_pval_spearman_gw": 0.07591848680240715,
    "eval_metrics/den_pval_pearson_gw": 0.25282600892732215,
    "eval_metrics/imp_pval_r2_gw": -0.33390231872308923,
    "eval_metrics/den_pval_r2_1obs": -27.496420533738,
    "eval_metrics/imp_pval_pearson_dsf1": 0.12305137645434736,
    "eval_metrics/den_peak_auroc_gw": 0.5832457138836101,
    "eval_metrics/imp_pval_r2_dsf1": -0.33390231872308923,
    "eval_metrics/den_pval_spearman_dsf1": 0.23424124401837412,
    "eval_metrics/imp_pval_spearman_dsf1": 0.07591848680240715,
    "eval_metrics/imp_peak_auroc_gw": 0.5179141274248664,
    "eval_metrics/den_count_pearson_gw": 0.1422239044914022,
    "eval_metrics/den_pval_r2_dsf1": -0.09689805465508497,
    "eval_metrics/den_pval_spearman_gw": 0.23424124401837412,
    "eval_metrics/imp_pval_spearman_1obs": 0.15845143572318593,
    "eval_metrics/imp_count_pearson_gw": 0.041028419252677216,
    "eval_metrics/imp_count_r2_gw": -0.10065950888103575,
    "eval_losses/total_loss": 16.22969830786123,
    "eval_losses/count_obs_loss": 1.0795206702069233,
    "eval_losses/count_imp_loss": 1.6145591934521992,
    "eval_losses/pval_obs_loss": 1.0440463745280315,
    "eval_losses/pval_imp_loss": 14.949724740452236,
    "eval_losses/peak_obs_loss": 0.2088800372653886,
    "eval_losses/peak_imp_loss": 0.2006540528483807
  }
}
{
  "epoch": 75,
  "training_metadata_probes": {
    "training_metadata_probes/depth_count_ratio": 0.9847912192344666,
    "training_metadata_probes/runtype_mse": 0.0029807561077177525,
    "training_metadata_probes/readlen_mse": 0.00012686701666098088
  }
}
{
  "epoch": 76,
  "eval_prefixed": {
    "eval_metrics/imp_pval_pearson_gw": 0.10306398672539563,
    "eval_metrics/den_pval_pearson_dsf1": 0.24810170693519085,
    "eval_metrics/imp_pval_r2_1obs": -31.16995801321179,
    "eval_metrics/den_count_spearman_gw": 0.10500769365129649,
    "eval_metrics/den_count_r2_gw": -0.08098027260078793,
    "eval_metrics/imp_count_spearman_gw": 0.012918561326891365,
    "eval_metrics/den_pval_pearson_1obs": 0.1124588465455944,
    "eval_metrics/den_pval_r2_gw": -0.12709186654843077,
    "eval_metrics/den_pval_spearman_1obs": 0.09029673762304492,
    "eval_metrics/imp_pval_pearson_1obs": 0.17902041690069295,
    "eval_metrics/imp_pval_spearman_gw": 0.07720638297783973,
    "eval_metrics/den_pval_pearson_gw": 0.24810170693519085,
    "eval_metrics/imp_pval_r2_gw": -0.5503445007118191,
    "eval_metrics/den_pval_r2_1obs": -21.34664196167151,
    "eval_metrics/imp_pval_pearson_dsf1": 0.10306398672539563,
    "eval_metrics/den_peak_auroc_gw": 0.5740083023123569,
    "eval_metrics/imp_pval_r2_dsf1": -0.5503445007118191,
    "eval_metrics/den_pval_spearman_dsf1": 0.23652126001323961,
    "eval_metrics/imp_pval_spearman_dsf1": 0.07720638297783973,
    "eval_metrics/imp_peak_auroc_gw": 0.5215826681327022,
    "eval_metrics/den_count_pearson_gw": 0.138816246174668,
    "eval_metrics/den_pval_r2_dsf1": -0.12709186654843077,
    "eval_metrics/den_pval_spearman_gw": 0.23652126001323961,
    "eval_metrics/imp_pval_spearman_1obs": 0.17921878178907977,
    "eval_metrics/imp_count_pearson_gw": 0.03637748727637772,
    "eval_metrics/imp_count_r2_gw": -0.08773090747826365,
    "eval_losses/total_loss": 21.009688908136205,
    "eval_losses/count_obs_loss": 1.0545592088448374,
    "eval_losses/count_imp_loss": 1.6010493390143863,
    "eval_losses/pval_obs_loss": 1.1441391333937645,
    "eval_losses/pval_imp_loss": 20.6547544352592,
    "eval_losses/peak_obs_loss": 0.2015620372013042,
    "eval_losses/peak_imp_loss": 0.19366556193147386
  }
}
{
  "epoch": 76,
  "training_metadata_probes": {
    "training_metadata_probes/depth_count_ratio": 0.9847353100776672,
    "training_metadata_probes/runtype_mse": 0.0027780591044574976,
    "training_metadata_probes/readlen_mse": 0.0001236068201251328
  }
}
{
  "epoch": 77,
  "eval_prefixed": {
    "eval_metrics/imp_pval_pearson_gw": 0.12261410568293835,
    "eval_metrics/den_pval_pearson_dsf1": 0.2524616889220277,
    "eval_metrics/imp_pval_r2_1obs": -24.344859367401693,
    "eval_metrics/den_count_spearman_gw": 0.10383615896078233,
    "eval_metrics/den_count_r2_gw": -0.053974980898173215,
    "eval_metrics/imp_count_spearman_gw": 0.014125214259787891,
    "eval_metrics/den_pval_pearson_1obs": 0.14864981494304774,
    "eval_metrics/den_pval_r2_gw": -0.11480083078744927,
    "eval_metrics/den_pval_spearman_1obs": 0.12399311416942713,
    "eval_metrics/imp_pval_pearson_1obs": 0.18654590605734803,
    "eval_metrics/imp_pval_spearman_gw": 0.07625817294931968,
    "eval_metrics/den_pval_pearson_gw": 0.2524616889220277,
    "eval_metrics/imp_pval_r2_gw": -0.5564637927831835,
    "eval_metrics/den_pval_r2_1obs": -19.971422424131468,
    "eval_metrics/imp_pval_pearson_dsf1": 0.12261410568293835,
    "eval_metrics/den_peak_auroc_gw": 0.5725766026698869,
    "eval_metrics/imp_pval_r2_dsf1": -0.5564637927831835,
    "eval_metrics/den_pval_spearman_dsf1": 0.23585341380296287,
    "eval_metrics/imp_pval_spearman_dsf1": 0.07625817294931968,
    "eval_metrics/imp_peak_auroc_gw": 0.5233774317108728,
    "eval_metrics/den_count_pearson_gw": 0.14073719227024795,
    "eval_metrics/den_pval_r2_dsf1": -0.11480083078744927,
    "eval_metrics/den_pval_spearman_gw": 0.23585341380296287,
    "eval_metrics/imp_pval_spearman_1obs": 0.18311022252149833,
    "eval_metrics/imp_count_pearson_gw": 0.036836752638457315,
    "eval_metrics/imp_count_r2_gw": -0.11760907073258971,
    "eval_losses/total_loss": 20.367303167371766,
    "eval_losses/count_obs_loss": 1.0557962452110492,
    "eval_losses/count_imp_loss": 1.6056133007246352,
    "eval_losses/pval_obs_loss": 1.0822467345156168,
    "eval_losses/pval_imp_loss": 19.95803799421068,
    "eval_losses/peak_obs_loss": 0.19936086982488632,
    "eval_losses/peak_imp_loss": 0.18670343767319406
  }
}
{
  "epoch": 77,
  "training_metadata_probes": {
    "training_metadata_probes/depth_count_ratio": 0.9845089316368103,
    "training_metadata_probes/runtype_mse": 0.0029645157046616077,
    "training_metadata_probes/readlen_mse": 0.00012327072909101844
  }
}
{
  "epoch": 78,
  "eval_prefixed": {
    "eval_metrics/imp_pval_pearson_gw": 0.11263247598553934,
    "eval_metrics/den_pval_pearson_dsf1": 0.24767343135011433,
    "eval_metrics/imp_pval_r2_1obs": -28.573701789645618,
    "eval_metrics/den_count_spearman_gw": 0.10698953094108969,
    "eval_metrics/den_count_r2_gw": -0.06371148277248231,
    "eval_metrics/imp_count_spearman_gw": 0.02154255637081921,
    "eval_metrics/den_pval_pearson_1obs": 0.16831401177363373,
    "eval_metrics/den_pval_r2_gw": -0.13143577450645974,
    "eval_metrics/den_pval_spearman_1obs": 0.13531531013051107,
    "eval_metrics/imp_pval_pearson_1obs": 0.18313870066037727,
    "eval_metrics/imp_pval_spearman_gw": 0.07961738205881035,
    "eval_metrics/den_pval_pearson_gw": 0.24767343135011433,
    "eval_metrics/imp_pval_r2_gw": -0.5762758257717316,
    "eval_metrics/den_pval_r2_1obs": -24.825690940163895,
    "eval_metrics/imp_pval_pearson_dsf1": 0.11263247598553934,
    "eval_metrics/den_peak_auroc_gw": 0.5721387504270122,
    "eval_metrics/imp_pval_r2_dsf1": -0.5762758257717316,
    "eval_metrics/den_pval_spearman_dsf1": 0.23870931654109184,
    "eval_metrics/imp_pval_spearman_dsf1": 0.07961738205881035,
    "eval_metrics/imp_peak_auroc_gw": 0.5142890606180691,
    "eval_metrics/den_count_pearson_gw": 0.14400792394314377,
    "eval_metrics/den_pval_r2_dsf1": -0.13143577450645974,
    "eval_metrics/den_pval_spearman_gw": 0.23870931654109184,
    "eval_metrics/imp_pval_spearman_1obs": 0.16837084503584795,
    "eval_metrics/imp_count_pearson_gw": 0.03923630614216173,
    "eval_metrics/imp_count_r2_gw": -0.12028361922126359,
    "eval_losses/total_loss": 15.352018805220723,
    "eval_losses/count_obs_loss": 1.0443445208825564,
    "eval_losses/count_imp_loss": 1.589660788339282,
    "eval_losses/pval_obs_loss": 0.833748098658888,
    "eval_losses/pval_imp_loss": 14.2463001164179,
    "eval_losses/peak_obs_loss": 0.19443147296183988,
    "eval_losses/peak_imp_loss": 0.18374700264798272
  }
}
{
  "epoch": 78,
  "training_metadata_probes": {
    "training_metadata_probes/depth_count_ratio": 0.9841564893722534,
    "training_metadata_probes/runtype_mse": 0.0029427488334476948,
    "training_metadata_probes/readlen_mse": 0.00012011048966087401
  }
}
{
  "epoch": 79,
  "eval_prefixed": {
    "eval_metrics/imp_pval_pearson_gw": 0.10905415515622331,
    "eval_metrics/den_pval_pearson_dsf1": 0.24901758379220204,
    "eval_metrics/imp_pval_r2_1obs": -31.60803905422133,
    "eval_metrics/den_count_spearman_gw": 0.10554369959822617,
    "eval_metrics/den_count_r2_gw": -0.05424448130408159,
    "eval_metrics/imp_count_spearman_gw": 0.01399799997605937,
    "eval_metrics/den_pval_pearson_1obs": 0.14910782071743406,
    "eval_metrics/den_pval_r2_gw": -0.14391726296245497,
    "eval_metrics/den_pval_spearman_1obs": 0.13995669378626205,
    "eval_metrics/imp_pval_pearson_1obs": 0.15866877294343246,
    "eval_metrics/imp_pval_spearman_gw": 0.08340780982982568,
    "eval_metrics/den_pval_pearson_gw": 0.24901758379220204,
    "eval_metrics/imp_pval_r2_gw": -0.5144684594973291,
    "eval_metrics/den_pval_r2_1obs": -23.945892292691354,
    "eval_metrics/imp_pval_pearson_dsf1": 0.10905415515622331,
    "eval_metrics/den_peak_auroc_gw": 0.5808221899866934,
    "eval_metrics/imp_pval_r2_dsf1": -0.5144684594973291,
    "eval_metrics/den_pval_spearman_dsf1": 0.22959809382471216,
    "eval_metrics/imp_pval_spearman_dsf1": 0.08340780982982568,
    "eval_metrics/imp_peak_auroc_gw": 0.5359908227337633,
    "eval_metrics/den_count_pearson_gw": 0.14126339071969451,
    "eval_metrics/den_pval_r2_dsf1": -0.14391726296245497,
    "eval_metrics/den_pval_spearman_gw": 0.22959809382471216,
    "eval_metrics/imp_pval_spearman_1obs": 0.15003188955606447,
    "eval_metrics/imp_count_pearson_gw": 0.034292775493610414,
    "eval_metrics/imp_count_r2_gw": -0.10680222849773154,
    "eval_losses/total_loss": 11.609240460405616,
    "eval_losses/count_obs_loss": 1.055660187413818,
    "eval_losses/count_imp_loss": 1.6417363096797277,
    "eval_losses/pval_obs_loss": 0.7306168310736355,
    "eval_losses/pval_imp_loss": 9.792758312490252,
    "eval_losses/peak_obs_loss": 0.19163600492634272,
    "eval_losses/peak_imp_loss": 0.18424958753443899
  }
}
{
  "epoch": 79,
  "training_metadata_probes": {
    "training_metadata_probes/depth_count_ratio": 0.9838601350784302,
    "training_metadata_probes/runtype_mse": 0.0027762185782194138,
    "training_metadata_probes/readlen_mse": 0.00015460242866538465
  }
}
{
  "epoch": 80,
  "eval_prefixed": {
    "eval_metrics/imp_pval_pearson_gw": 0.11430629189791423,
    "eval_metrics/den_pval_pearson_dsf1": 0.24764830250550354,
    "eval_metrics/imp_pval_r2_1obs": -35.58450151772391,
    "eval_metrics/den_count_spearman_gw": 0.10531889242523551,
    "eval_metrics/den_count_r2_gw": -0.0652342220584911,
    "eval_metrics/imp_count_spearman_gw": 0.022260900690197438,
    "eval_metrics/den_pval_pearson_1obs": 0.14467768970337747,
    "eval_metrics/den_pval_r2_gw": -0.1353000300911035,
    "eval_metrics/den_pval_spearman_1obs": 0.11867364373970268,
    "eval_metrics/imp_pval_pearson_1obs": 0.12518978943574308,
    "eval_metrics/imp_pval_spearman_gw": 0.07767008298367964,
    "eval_metrics/den_pval_pearson_gw": 0.24764830250550354,
    "eval_metrics/imp_pval_r2_gw": -0.7117215578308289,
    "eval_metrics/den_pval_r2_1obs": -19.86339234475241,
    "eval_metrics/imp_pval_pearson_dsf1": 0.11430629189791423,
    "eval_metrics/den_peak_auroc_gw": 0.5836169484788879,
    "eval_metrics/imp_pval_r2_dsf1": -0.7117215578308289,
    "eval_metrics/den_pval_spearman_dsf1": 0.2413092880306619,
    "eval_metrics/imp_pval_spearman_dsf1": 0.07767008298367964,
    "eval_metrics/imp_peak_auroc_gw": 0.5525355017672208,
    "eval_metrics/den_count_pearson_gw": 0.13429843538554115,
    "eval_metrics/den_pval_r2_dsf1": -0.1353000300911035,
    "eval_metrics/den_pval_spearman_gw": 0.2413092880306619,
    "eval_metrics/imp_pval_spearman_1obs": 0.1364543469792916,
    "eval_metrics/imp_count_pearson_gw": 0.042712147652064374,
    "eval_metrics/imp_count_r2_gw": -0.09780714871353992,
    "eval_losses/total_loss": 26.51707463358578,
    "eval_losses/count_obs_loss": 1.0521119142833508,
    "eval_losses/count_imp_loss": 1.6140278227745541,
    "eval_losses/pval_obs_loss": 1.2931083170206923,
    "eval_losses/pval_imp_loss": 27.137177780507102,
    "eval_losses/peak_obs_loss": 0.18801351489597246,
    "eval_losses/peak_imp_loss": 0.18168181642180398
  }
}
{
  "epoch": 80,
  "training_metadata_probes": {
    "training_metadata_probes/depth_count_ratio": 0.9836368560791016,
    "training_metadata_probes/runtype_mse": 0.002828916534781456,
    "training_metadata_probes/readlen_mse": 0.00012829634943045676
  }
}
{
  "epoch": 81,
  "eval_prefixed": {
    "eval_metrics/imp_pval_pearson_gw": 0.12028269453615409,
    "eval_metrics/den_pval_pearson_dsf1": 0.25294481529118984,
    "eval_metrics/imp_pval_r2_1obs": -26.139122212767095,
    "eval_metrics/den_count_spearman_gw": 0.10297376983681462,
    "eval_metrics/den_count_r2_gw": -0.07511694305648157,
    "eval_metrics/imp_count_spearman_gw": 0.018253310635329055,
    "eval_metrics/den_pval_pearson_1obs": 0.14596097471076064,
    "eval_metrics/den_pval_r2_gw": -0.1427878101700164,
    "eval_metrics/den_pval_spearman_1obs": 0.1127605022854976,
    "eval_metrics/imp_pval_pearson_1obs": 0.16872325715505415,
    "eval_metrics/imp_pval_spearman_gw": 0.0874467599768132,
    "eval_metrics/den_pval_pearson_gw": 0.25294481529118984,
    "eval_metrics/imp_pval_r2_gw": -0.5707146985694672,
    "eval_metrics/den_pval_r2_1obs": -26.33722895515126,
    "eval_metrics/imp_pval_pearson_dsf1": 0.12028269453615409,
    "eval_metrics/den_peak_auroc_gw": 0.5902294072850732,
    "eval_metrics/imp_pval_r2_dsf1": -0.5707146985694672,
    "eval_metrics/den_pval_spearman_dsf1": 0.24999343358431256,
    "eval_metrics/imp_pval_spearman_dsf1": 0.0874467599768132,
    "eval_metrics/imp_peak_auroc_gw": 0.5223399725996105,
    "eval_metrics/den_count_pearson_gw": 0.13555654565080708,
    "eval_metrics/den_pval_r2_dsf1": -0.1427878101700164,
    "eval_metrics/den_pval_spearman_gw": 0.24999343358431256,
    "eval_metrics/imp_pval_spearman_1obs": 0.1692844028285947,
    "eval_metrics/imp_count_pearson_gw": 0.03954361532103374,
    "eval_metrics/imp_count_r2_gw": -0.10210903203527712,
    "eval_losses/total_loss": 11.971816105179881,
    "eval_losses/count_obs_loss": 1.0622889446584802,
    "eval_losses/count_imp_loss": 1.613180382857247,
    "eval_losses/pval_obs_loss": 0.687774561933781,
    "eval_losses/pval_imp_loss": 10.314487771382408,
    "eval_losses/peak_obs_loss": 0.18623133935034275,
    "eval_losses/peak_imp_loss": 0.17867495214182233
  }
}
{
  "epoch": 81,
  "training_metadata_probes": {
    "training_metadata_probes/depth_count_ratio": 0.9832060933113098,
    "training_metadata_probes/runtype_mse": 0.002865435555577278,
    "training_metadata_probes/readlen_mse": 0.00015209041885100305
  }
}
{
  "epoch": 82,
  "eval_prefixed": {
    "eval_metrics/imp_pval_pearson_gw": 0.12881853313200056,
    "eval_metrics/den_pval_pearson_dsf1": 0.24683027484111095,
    "eval_metrics/imp_pval_r2_1obs": -24.277070438627348,
    "eval_metrics/den_count_spearman_gw": 0.10601990649874321,
    "eval_metrics/den_count_r2_gw": -0.053668337052251935,
    "eval_metrics/imp_count_spearman_gw": 0.015544911434883062,
    "eval_metrics/den_pval_pearson_1obs": 0.16072733494404115,
    "eval_metrics/den_pval_r2_gw": -0.17236876006310178,
    "eval_metrics/den_pval_spearman_1obs": 0.13739784475833336,
    "eval_metrics/imp_pval_pearson_1obs": 0.19768304187834027,
    "eval_metrics/imp_pval_spearman_gw": 0.08670137103569049,
    "eval_metrics/den_pval_pearson_gw": 0.24683027484111095,
    "eval_metrics/imp_pval_r2_gw": -0.6736226528800646,
    "eval_metrics/den_pval_r2_1obs": -15.531839999260477,
    "eval_metrics/imp_pval_pearson_dsf1": 0.12881853313200056,
    "eval_metrics/den_peak_auroc_gw": 0.5866961839169725,
    "eval_metrics/imp_pval_r2_dsf1": -0.6736226528800646,
    "eval_metrics/den_pval_spearman_dsf1": 0.24015482640996536,
    "eval_metrics/imp_pval_spearman_dsf1": 0.08670137103569049,
    "eval_metrics/imp_peak_auroc_gw": 0.5195294938563375,
    "eval_metrics/den_count_pearson_gw": 0.1434404654734719,
    "eval_metrics/den_pval_r2_dsf1": -0.17236876006310178,
    "eval_metrics/den_pval_spearman_gw": 0.24015482640996536,
    "eval_metrics/imp_pval_spearman_1obs": 0.19077209476273807,
    "eval_metrics/imp_count_pearson_gw": 0.036724589428298975,
    "eval_metrics/imp_count_r2_gw": -0.08880747938409078,
    "eval_losses/total_loss": 13.966959646461826,
    "eval_losses/count_obs_loss": 1.036527198396231,
    "eval_losses/count_imp_loss": 1.6195943875918313,
    "eval_losses/pval_obs_loss": 0.7378762070285646,
    "eval_losses/pval_imp_loss": 12.701348352999915,
    "eval_losses/peak_obs_loss": 0.17969008544950107,
    "eval_losses/peak_imp_loss": 0.17076881218051154
  }
}
{
  "epoch": 82,
  "training_metadata_probes": {
    "training_metadata_probes/depth_count_ratio": 0.9829164147377014,
    "training_metadata_probes/runtype_mse": 0.002630719682201743,
    "training_metadata_probes/readlen_mse": 0.0001456298487028107
  }
}
{
  "epoch": 83,
  "eval_prefixed": {
    "eval_metrics/imp_pval_pearson_gw": 0.09773962595038087,
    "eval_metrics/den_pval_pearson_dsf1": 0.23768965038770098,
    "eval_metrics/imp_pval_r2_1obs": -29.935983493042542,
    "eval_metrics/den_count_spearman_gw": 0.10396939893312343,
    "eval_metrics/den_count_r2_gw": -0.03871856440616837,
    "eval_metrics/imp_count_spearman_gw": 0.013394113510948947,
    "eval_metrics/den_pval_pearson_1obs": 0.10457980023075882,
    "eval_metrics/den_pval_r2_gw": -0.17762617842921374,
    "eval_metrics/den_pval_spearman_1obs": 0.07725595144267802,
    "eval_metrics/imp_pval_pearson_1obs": 0.13909357904441774,
    "eval_metrics/imp_pval_spearman_gw": 0.08729552644369015,
    "eval_metrics/den_pval_pearson_gw": 0.23768965038770098,
    "eval_metrics/imp_pval_r2_gw": -0.98031585591861,
    "eval_metrics/den_pval_r2_1obs": -19.52801484932369,
    "eval_metrics/imp_pval_pearson_dsf1": 0.09773962595038087,
    "eval_metrics/den_peak_auroc_gw": 0.5825140965697999,
    "eval_metrics/imp_pval_r2_dsf1": -0.98031585591861,
    "eval_metrics/den_pval_spearman_dsf1": 0.23625753844909061,
    "eval_metrics/imp_pval_spearman_dsf1": 0.08729552644369015,
    "eval_metrics/imp_peak_auroc_gw": 0.5330486689746586,
    "eval_metrics/den_count_pearson_gw": 0.13698146736868166,
    "eval_metrics/den_pval_r2_dsf1": -0.17762617842921374,
    "eval_metrics/den_pval_spearman_gw": 0.23625753844909061,
    "eval_metrics/imp_pval_spearman_1obs": 0.14755337441980296,
    "eval_metrics/imp_count_pearson_gw": 0.03873111496102952,
    "eval_metrics/imp_count_r2_gw": -0.1108806183817608,
    "eval_losses/total_loss": 21.237291689079843,
    "eval_losses/count_obs_loss": 1.0514108232761685,
    "eval_losses/count_imp_loss": 1.626137519639636,
    "eval_losses/pval_obs_loss": 1.11175132033072,
    "eval_losses/pval_imp_loss": 20.999319454980274,
    "eval_losses/peak_obs_loss": 0.17840629580773806,
    "eval_losses/peak_imp_loss": 0.16938377100796925
  }
}
{
  "epoch": 83,
  "training_metadata_probes": {
    "training_metadata_probes/depth_count_ratio": 0.982796847820282,
    "training_metadata_probes/runtype_mse": 0.0030154557898640633,
    "training_metadata_probes/readlen_mse": 0.0001467307738494128
  }
}
{
  "epoch": 84,
  "eval_prefixed": {
    "eval_metrics/imp_pval_pearson_gw": 0.10839940963815602,
    "eval_metrics/den_pval_pearson_dsf1": 0.24558653494980381,
    "eval_metrics/imp_pval_r2_1obs": -31.551038339509223,
    "eval_metrics/den_count_spearman_gw": 0.10354201967051042,
    "eval_metrics/den_count_r2_gw": -0.059826199391166415,
    "eval_metrics/imp_count_spearman_gw": 0.01993260194299412,
    "eval_metrics/den_pval_pearson_1obs": 0.12893182499177974,
    "eval_metrics/den_pval_r2_gw": -0.16049391755124995,
    "eval_metrics/den_pval_spearman_1obs": 0.11384961822332294,
    "eval_metrics/imp_pval_pearson_1obs": 0.150759645491018,
    "eval_metrics/imp_pval_spearman_gw": 0.0782525698335987,
    "eval_metrics/den_pval_pearson_gw": 0.24558653494980381,
    "eval_metrics/imp_pval_r2_gw": -0.6622669704993677,
    "eval_metrics/den_pval_r2_1obs": -20.038132291021448,
    "eval_metrics/imp_pval_pearson_dsf1": 0.10839940963815602,
    "eval_metrics/den_peak_auroc_gw": 0.5839982508275042,
    "eval_metrics/imp_pval_r2_dsf1": -0.6622669704993677,
    "eval_metrics/den_pval_spearman_dsf1": 0.23570279964057653,
    "eval_metrics/imp_pval_spearman_dsf1": 0.0782525698335987,
    "eval_metrics/imp_peak_auroc_gw": 0.5181505053542405,
    "eval_metrics/den_count_pearson_gw": 0.13827017828436128,
    "eval_metrics/den_pval_r2_dsf1": -0.16049391755124995,
    "eval_metrics/den_pval_spearman_gw": 0.23570279964057653,
    "eval_metrics/imp_pval_spearman_1obs": 0.15356069635097486,
    "eval_metrics/imp_count_pearson_gw": 0.03939523059099364,
    "eval_metrics/imp_count_r2_gw": -0.12064102859780103,
    "eval_losses/total_loss": 16.814639962033223,
    "eval_losses/count_obs_loss": 1.0487285279913952,
    "eval_losses/count_imp_loss": 1.6227584519083538,
    "eval_losses/pval_obs_loss": 1.0004281915332143,
    "eval_losses/pval_imp_loss": 15.8103090619284,
    "eval_losses/peak_obs_loss": 0.17568164269782996,
    "eval_losses/peak_imp_loss": 0.16732806688736354
  }
}
{
  "epoch": 84,
  "training_metadata_probes": {
    "training_metadata_probes/depth_count_ratio": 0.9824457168579102,
    "training_metadata_probes/runtype_mse": 0.0027701505459845066,
    "training_metadata_probes/readlen_mse": 0.00013662964920513332
  }
}
{
  "epoch": 85,
  "eval_prefixed": {
    "eval_metrics/imp_pval_pearson_gw": 0.11555331469409996,
    "eval_metrics/den_pval_pearson_dsf1": 0.24292798372794336,
    "eval_metrics/imp_pval_r2_1obs": -17.17470934629418,
    "eval_metrics/den_count_spearman_gw": 0.10389766691755359,
    "eval_metrics/den_count_r2_gw": -0.058744928919873644,
    "eval_metrics/imp_count_spearman_gw": 0.017587571398290335,
    "eval_metrics/den_pval_pearson_1obs": 0.16895096787055464,
    "eval_metrics/den_pval_r2_gw": -0.17004348785933612,
    "eval_metrics/den_pval_spearman_1obs": 0.13708484570910276,
    "eval_metrics/imp_pval_pearson_1obs": 0.18256191371354305,
    "eval_metrics/imp_pval_spearman_gw": 0.08314888770192547,
    "eval_metrics/den_pval_pearson_gw": 0.24292798372794336,
    "eval_metrics/imp_pval_r2_gw": -0.781133175876091,
    "eval_metrics/den_pval_r2_1obs": -18.758871288070203,
    "eval_metrics/imp_pval_pearson_dsf1": 0.11555331469409996,
    "eval_metrics/den_peak_auroc_gw": 0.5787748032361255,
    "eval_metrics/imp_pval_r2_dsf1": -0.781133175876091,
    "eval_metrics/den_pval_spearman_dsf1": 0.23880650648686233,
    "eval_metrics/imp_pval_spearman_dsf1": 0.08314888770192547,
    "eval_metrics/imp_peak_auroc_gw": 0.5150145968889359,
    "eval_metrics/den_count_pearson_gw": 0.13841055194988208,
    "eval_metrics/den_pval_r2_dsf1": -0.17004348785933612,
    "eval_metrics/den_pval_spearman_gw": 0.23880650648686233,
    "eval_metrics/imp_pval_spearman_1obs": 0.19005220496047265,
    "eval_metrics/imp_count_pearson_gw": 0.04302612853066493,
    "eval_metrics/imp_count_r2_gw": -0.12843401816786443,
    "eval_losses/total_loss": 11.80429783919336,
    "eval_losses/count_obs_loss": 1.045231652887244,
    "eval_losses/count_imp_loss": 1.5979535797285656,
    "eval_losses/pval_obs_loss": 0.7250869813326158,
    "eval_losses/pval_imp_loss": 10.137081308970375,
    "eval_losses/peak_obs_loss": 0.1718816440552473,
    "eval_losses/peak_imp_loss": 0.1620986768532367
  }
}
{
  "epoch": 85,
  "training_metadata_probes": {
    "training_metadata_probes/depth_count_ratio": 0.9822514057159424,
    "training_metadata_probes/runtype_mse": 0.002855728380382061,
    "training_metadata_probes/readlen_mse": 0.00015933002578094602
  }
}
{
  "epoch": 86,
  "eval_prefixed": {
    "eval_metrics/imp_pval_pearson_gw": 0.12061069423835429,
    "eval_metrics/den_pval_pearson_dsf1": 0.24078852722481028,
    "eval_metrics/imp_pval_r2_1obs": -35.9397898421388,
    "eval_metrics/den_count_spearman_gw": 0.10416976487527846,
    "eval_metrics/den_count_r2_gw": -0.04174814006519662,
    "eval_metrics/imp_count_spearman_gw": 0.020312099751060984,
    "eval_metrics/den_pval_pearson_1obs": 0.1451566354555421,
    "eval_metrics/den_pval_r2_gw": -0.1400665097680381,
    "eval_metrics/den_pval_spearman_1obs": 0.1242140670598373,
    "eval_metrics/imp_pval_pearson_1obs": 0.15725956056756707,
    "eval_metrics/imp_pval_spearman_gw": 0.08146237707422925,
    "eval_metrics/den_pval_pearson_gw": 0.24078852722481028,
    "eval_metrics/imp_pval_r2_gw": -1.0593849243898672,
    "eval_metrics/den_pval_r2_1obs": -19.74781260104049,
    "eval_metrics/imp_pval_pearson_dsf1": 0.12061069423835429,
    "eval_metrics/den_peak_auroc_gw": 0.5771343696682828,
    "eval_metrics/imp_pval_r2_dsf1": -1.0593849243898672,
    "eval_metrics/den_pval_spearman_dsf1": 0.23574717913351365,
    "eval_metrics/imp_pval_spearman_dsf1": 0.08146237707422925,
    "eval_metrics/imp_peak_auroc_gw": 0.5057959609958349,
    "eval_metrics/den_count_pearson_gw": 0.13810506661263244,
    "eval_metrics/den_pval_r2_dsf1": -0.1400665097680381,
    "eval_metrics/den_pval_spearman_gw": 0.23574717913351365,
    "eval_metrics/imp_pval_spearman_1obs": 0.1708634301806439,
    "eval_metrics/imp_count_pearson_gw": 0.043294244413522795,
    "eval_metrics/imp_count_r2_gw": -0.1324815497585258,
    "eval_losses/total_loss": 17.472369713610725,
    "eval_losses/count_obs_loss": 1.0417618916222924,
    "eval_losses/count_imp_loss": 1.62132622987505,
    "eval_losses/pval_obs_loss": 0.9679645476372618,
    "eval_losses/pval_imp_loss": 16.665421214368607,
    "eval_losses/peak_obs_loss": 0.17033890419100461,
    "eval_losses/peak_imp_loss": 0.16111179594955746
  }
}
{
  "epoch": 86,
  "training_metadata_probes": {
    "training_metadata_probes/depth_count_ratio": 0.9817294478416443,
    "training_metadata_probes/runtype_mse": 0.002646888606250286,
    "training_metadata_probes/readlen_mse": 0.00014939070388209075
  }
}
{
  "epoch": 87,
  "eval_prefixed": {
    "eval_metrics/imp_pval_pearson_gw": 0.11281420116771072,
    "eval_metrics/den_pval_pearson_dsf1": 0.24901095416772764,
    "eval_metrics/imp_pval_r2_1obs": -23.86275446263223,
    "eval_metrics/den_count_spearman_gw": 0.10372167453002819,
    "eval_metrics/den_count_r2_gw": -0.06407608933866743,
    "eval_metrics/imp_count_spearman_gw": 0.017482136311851602,
    "eval_metrics/den_pval_pearson_1obs": 0.11736059492211912,
    "eval_metrics/den_pval_r2_gw": -0.19914913647140253,
    "eval_metrics/den_pval_spearman_1obs": 0.10736933672973062,
    "eval_metrics/imp_pval_pearson_1obs": 0.1472248248312445,
    "eval_metrics/imp_pval_spearman_gw": 0.08939074819971744,
    "eval_metrics/den_pval_pearson_gw": 0.24901095416772764,
    "eval_metrics/imp_pval_r2_gw": -0.6101567578566783,
    "eval_metrics/den_pval_r2_1obs": -19.56366355794314,
    "eval_metrics/imp_pval_pearson_dsf1": 0.11281420116771072,
    "eval_metrics/den_peak_auroc_gw": 0.5984829427238698,
    "eval_metrics/imp_pval_r2_dsf1": -0.6101567578566783,
    "eval_metrics/den_pval_spearman_dsf1": 0.24621489711043013,
    "eval_metrics/imp_pval_spearman_dsf1": 0.08939074819971744,
    "eval_metrics/imp_peak_auroc_gw": 0.5354286817560157,
    "eval_metrics/den_count_pearson_gw": 0.1371884021025739,
    "eval_metrics/den_pval_r2_dsf1": -0.19914913647140253,
    "eval_metrics/den_pval_spearman_gw": 0.24621489711043013,
    "eval_metrics/imp_pval_spearman_1obs": 0.1452369291204353,
    "eval_metrics/imp_count_pearson_gw": 0.03975567464017547,
    "eval_metrics/imp_count_r2_gw": -0.11999890901253976,
    "eval_losses/total_loss": 13.904896747124823,
    "eval_losses/count_obs_loss": 1.0645406873602616,
    "eval_losses/count_imp_loss": 1.6266280147764418,
    "eval_losses/pval_obs_loss": 0.7731232145114949,
    "eval_losses/pval_imp_loss": 12.569130048865365,
    "eval_losses/peak_obs_loss": 0.16851215878207432,
    "eval_losses/peak_imp_loss": 0.15825419305335908
  }
}
{
  "epoch": 87,
  "training_metadata_probes": {
    "training_metadata_probes/depth_count_ratio": 0.9814032912254333,
    "training_metadata_probes/runtype_mse": 0.0026046356651932,
    "training_metadata_probes/readlen_mse": 0.00013514528109226376
  }
}
{
  "epoch": 88,
  "eval_prefixed": {
    "eval_metrics/imp_pval_pearson_gw": 0.11454808259648937,
    "eval_metrics/den_pval_pearson_dsf1": 0.2425986484495776,
    "eval_metrics/imp_pval_r2_1obs": -35.5068044854172,
    "eval_metrics/den_count_spearman_gw": 0.10528993239931994,
    "eval_metrics/den_count_r2_gw": -0.04802601230287449,
    "eval_metrics/imp_count_spearman_gw": 0.02068958883108576,
    "eval_metrics/den_pval_pearson_1obs": 0.17137588820600955,
    "eval_metrics/den_pval_r2_gw": -0.1704898485657421,
    "eval_metrics/den_pval_spearman_1obs": 0.1439135083543902,
    "eval_metrics/imp_pval_pearson_1obs": 0.14776654591754315,
    "eval_metrics/imp_pval_spearman_gw": 0.0796476103602327,
    "eval_metrics/den_pval_pearson_gw": 0.2425986484495776,
    "eval_metrics/imp_pval_r2_gw": -0.6452561483845835,
    "eval_metrics/den_pval_r2_1obs": -18.067142069731954,
    "eval_metrics/imp_pval_pearson_dsf1": 0.11454808259648937,
    "eval_metrics/den_peak_auroc_gw": 0.583262838441071,
    "eval_metrics/imp_pval_r2_dsf1": -0.6452561483845835,
    "eval_metrics/den_pval_spearman_dsf1": 0.23780656671101155,
    "eval_metrics/imp_pval_spearman_dsf1": 0.0796476103602327,
    "eval_metrics/imp_peak_auroc_gw": 0.5340599571289244,
    "eval_metrics/den_count_pearson_gw": 0.13407916169135684,
    "eval_metrics/den_pval_r2_dsf1": -0.1704898485657421,
    "eval_metrics/den_pval_spearman_gw": 0.23780656671101155,
    "eval_metrics/imp_pval_spearman_1obs": 0.15671691615936212,
    "eval_metrics/imp_count_pearson_gw": 0.04441306092254337,
    "eval_metrics/imp_count_r2_gw": -0.11463603950135454,
    "eval_losses/total_loss": 14.089868342847025,
    "eval_losses/count_obs_loss": 1.0445750975295116,
    "eval_losses/count_imp_loss": 1.6273120471409388,
    "eval_losses/pval_obs_loss": 0.7703890931841574,
    "eval_losses/pval_imp_loss": 12.820844281287421,
    "eval_losses/peak_obs_loss": 0.1661018818420799,
    "eval_losses/peak_imp_loss": 0.1592876801769885
  }
}
{
  "epoch": 88,
  "training_metadata_probes": {
    "training_metadata_probes/depth_count_ratio": 0.9814209938049316,
    "training_metadata_probes/runtype_mse": 0.002641525585204363,
    "training_metadata_probes/readlen_mse": 0.000159023969899863
  }
}
{
  "epoch": 89,
  "eval_prefixed": {
    "eval_metrics/imp_pval_pearson_gw": 0.11026962694253713,
    "eval_metrics/den_pval_pearson_dsf1": 0.244090136607778,
    "eval_metrics/imp_pval_r2_1obs": -29.506014048837198,
    "eval_metrics/den_count_spearman_gw": 0.10488318089542074,
    "eval_metrics/den_count_r2_gw": -0.04912666847601999,
    "eval_metrics/imp_count_spearman_gw": 0.02496631920385478,
    "eval_metrics/den_pval_pearson_1obs": 0.19715983015645944,
    "eval_metrics/den_pval_r2_gw": -0.200309184782538,
    "eval_metrics/den_pval_spearman_1obs": 0.1511260680025488,
    "eval_metrics/imp_pval_pearson_1obs": 0.2009677043666699,
    "eval_metrics/imp_pval_spearman_gw": 0.07930661041350193,
    "eval_metrics/den_pval_pearson_gw": 0.244090136607778,
    "eval_metrics/imp_pval_r2_gw": -0.8460245728089484,
    "eval_metrics/den_pval_r2_1obs": -26.91285126535555,
    "eval_metrics/imp_pval_pearson_dsf1": 0.11026962694253713,
    "eval_metrics/den_peak_auroc_gw": 0.5979745956711721,
    "eval_metrics/imp_pval_r2_dsf1": -0.8460245728089484,
    "eval_metrics/den_pval_spearman_dsf1": 0.2455758396554154,
    "eval_metrics/imp_pval_spearman_dsf1": 0.07930661041350193,
    "eval_metrics/imp_peak_auroc_gw": 0.5210134382245095,
    "eval_metrics/den_count_pearson_gw": 0.13755498583869716,
    "eval_metrics/den_pval_r2_dsf1": -0.200309184782538,
    "eval_metrics/den_pval_spearman_gw": 0.2455758396554154,
    "eval_metrics/imp_pval_spearman_1obs": 0.20075131890285763,
    "eval_metrics/imp_count_pearson_gw": 0.04207291378868774,
    "eval_metrics/imp_count_r2_gw": -0.10553851026331477,
    "eval_losses/total_loss": 19.600634376861546,
    "eval_losses/count_obs_loss": 1.0546916174261194,
    "eval_losses/count_imp_loss": 1.6175684313925485,
    "eval_losses/pval_obs_loss": 0.9363136850297451,
    "eval_losses/pval_imp_loss": 19.27351756228341,
    "eval_losses/peak_obs_loss": 0.16388206487815632,
    "eval_losses/peak_imp_loss": 0.15457706543661298
  }
}
{
  "epoch": 89,
  "training_metadata_probes": {
    "training_metadata_probes/depth_count_ratio": 0.980925977230072,
    "training_metadata_probes/runtype_mse": 0.002793137915432453,
    "training_metadata_probes/readlen_mse": 0.00011345683742547408
  }
}
slurmstepd: error: *** JOB 37341540 ON fc10909 CANCELLED AT 2026-04-26T05:41:31 DUE TO TIME LIMIT ***
