/project/6014832/mforooz/EpiDenoise/candi_venv/lib/python3.10/site-packages/pydantic/_internal/_generate_schema.py:2249: UnsupportedFieldAttributeWarning: The 'repr' attribute with value False was provided to the `Field()` function, which has no effect in the context it was used. 'repr' is field-specific metadata, and can only be attached to a model field using `Annotated` metadata or by assignment. This may have happened because an `Annotated` type alias using the `type` statement was used, or if the `Field()` function was attached to a single member of a union type.
  warnings.warn(
/project/6014832/mforooz/EpiDenoise/candi_venv/lib/python3.10/site-packages/pydantic/_internal/_generate_schema.py:2249: UnsupportedFieldAttributeWarning: The 'frozen' attribute with value True was provided to the `Field()` function, which has no effect in the context it was used. 'frozen' is field-specific metadata, and can only be attached to a model field using `Annotated` metadata or by assignment. This may have happened because an `Annotated` type alias using the `type` statement was used, or if the `Field()` function was attached to a single member of a union type.
  warnings.warn(
wandb: Currently logged in as: mforooz (mforoozz) to https://api.wandb.ai. Use `wandb login --relogin` to force relogin
wandb: WARNING Changes to your `wandb` environment variables will be ignored because your `wandb` session has already started. For more information on how to modify your settings with `wandb.init()` arguments, please refer to https://wandb.me/wandb-init.
wandb: creating run
wandb: Tracking run with wandb version 0.21.2
wandb: Run data is saved locally in /project/6014832/mforooz/EpiDenoise/wandb/run-20260426_024126-b5xqqqrx
wandb: Run `wandb offline` to turn off syncing.
wandb: Syncing run baseline_anchor
wandb: ⭐️ View project at https://wandb.ai/mforoozz/candi_sandbox
wandb: 🚀 View run at https://wandb.ai/mforoozz/candi_sandbox/runs/b5xqqqrx
[sandbox] Loaded canonical metadata for 8 assay types from data/eic_metadata.csv
{
  "epoch": 0,
  "eval_prefixed": {
    "eval_metrics/imp_count_pearson_gw": -0.017001014957915887,
    "eval_metrics/den_count_r2_gw": -0.052276839430459555,
    "eval_metrics/den_pval_pearson_dsf1": -0.02560952377174736,
    "eval_metrics/imp_count_spearman_gw": -0.034410305219901335,
    "eval_metrics/den_pval_r2_gw": -1.4108517103208076,
    "eval_metrics/imp_pval_spearman_gw": -0.01103375179684771,
    "eval_metrics/den_pval_r2_1obs": -30.2870644240375,
    "eval_metrics/den_pval_pearson_gw": -0.02560952377174736,
    "eval_metrics/den_count_pearson_gw": -0.0029876389476397123,
    "eval_metrics/den_pval_spearman_dsf1": -0.006697378489279838,
    "eval_metrics/imp_pval_r2_dsf1": -1.658863513198567,
    "eval_metrics/den_count_spearman_gw": 0.01830797753233571,
    "eval_metrics/den_pval_spearman_gw": -0.006697378489279838,
    "eval_metrics/imp_count_r2_gw": -0.1634933768413461,
    "eval_metrics/den_pval_r2_dsf1": -1.4108517103208076,
    "eval_metrics/den_pval_pearson_1obs": -0.03780065501934204,
    "eval_metrics/den_pval_spearman_1obs": -0.00911027632324172,
    "eval_metrics/imp_pval_pearson_1obs": 0.00494612437539636,
    "eval_metrics/imp_pval_r2_gw": -1.658863513198567,
    "eval_metrics/imp_pval_spearman_dsf1": -0.01103375179684771,
    "eval_metrics/den_peak_auroc_gw": 0.45073216928581467,
    "eval_metrics/imp_pval_r2_1obs": -25.784866958253257,
    "eval_metrics/imp_pval_pearson_gw": -0.002195901308570885,
    "eval_metrics/imp_pval_pearson_dsf1": -0.002195901308570885,
    "eval_metrics/imp_peak_auroc_gw": 0.44922434336953326,
    "eval_metrics/imp_pval_spearman_1obs": -0.0017929002474650054,
    "eval_losses/total_loss": 6.789057177540503,
    "eval_losses/count_obs_loss": 1.4405286100349928,
    "eval_losses/count_imp_loss": 2.322914725258237,
    "eval_losses/pval_obs_loss": 1.1732097377902584,
    "eval_losses/pval_imp_loss": 1.1656274927986994,
    "eval_losses/peak_obs_loss": 0.6996303694812875,
    "eval_losses/peak_imp_loss": 0.7043517974634019
  }
}
{
  "epoch": 0,
  "training_metadata_probes": {
    "training_metadata_probes/depth_count_ratio": 0.9914858937263489,
    "training_metadata_probes/runtype_mse": 1.2902465762465454e-08,
    "training_metadata_probes/readlen_mse": 2.7218421294605832e-08
  }
}
{
  "epoch": 1,
  "eval_prefixed": {
    "eval_metrics/imp_count_pearson_gw": -0.0206830082791832,
    "eval_metrics/den_count_r2_gw": -0.048951938548433514,
    "eval_metrics/den_pval_pearson_dsf1": -0.01276540350150562,
    "eval_metrics/imp_count_spearman_gw": -0.04288133112139928,
    "eval_metrics/den_pval_r2_gw": -1.4719075283281509,
    "eval_metrics/imp_pval_spearman_gw": -0.002373010947172135,
    "eval_metrics/den_pval_r2_1obs": -24.970621011424402,
    "eval_metrics/den_pval_pearson_gw": -0.01276540350150562,
    "eval_metrics/den_count_pearson_gw": 0.014831271482092378,
    "eval_metrics/den_pval_spearman_dsf1": -0.002670060949475027,
    "eval_metrics/imp_pval_r2_dsf1": -1.5887477638856573,
    "eval_metrics/den_count_spearman_gw": 0.029008253149259203,
    "eval_metrics/den_pval_spearman_gw": -0.002670060949475027,
    "eval_metrics/imp_count_r2_gw": -0.1288718355163168,
    "eval_metrics/den_pval_r2_dsf1": -1.4719075283281509,
    "eval_metrics/den_pval_pearson_1obs": -0.03411512948514428,
    "eval_metrics/den_pval_spearman_1obs": -0.01378262726193584,
    "eval_metrics/imp_pval_pearson_1obs": 0.011207614814685215,
    "eval_metrics/imp_pval_r2_gw": -1.5887477638856573,
    "eval_metrics/imp_pval_spearman_dsf1": -0.002373010947172135,
    "eval_metrics/den_peak_auroc_gw": 0.4591945777289228,
    "eval_metrics/imp_pval_r2_1obs": -28.036533062320363,
    "eval_metrics/imp_pval_pearson_gw": 0.0036047633408406187,
    "eval_metrics/imp_pval_pearson_dsf1": 0.0036047633408406187,
    "eval_metrics/imp_peak_auroc_gw": 0.4415031511141107,
    "eval_metrics/imp_pval_spearman_1obs": 0.000261364143068337,
    "eval_losses/total_loss": 6.494310024929674,
    "eval_losses/count_obs_loss": 1.3637143969535828,
    "eval_losses/count_imp_loss": 2.091181376623729,
    "eval_losses/pval_obs_loss": 1.161604951871069,
    "eval_losses/pval_imp_loss": 1.1630995973708138,
    "eval_losses/peak_obs_loss": 0.6939983603201414,
    "eval_losses/peak_imp_loss": 0.6965034069522978
  }
}
{
  "epoch": 1,
  "training_metadata_probes": {
    "training_metadata_probes/depth_count_ratio": 0.9934342503547668,
    "training_metadata_probes/runtype_mse": 2.990360314925056e-08,
    "training_metadata_probes/readlen_mse": 1.5693073862621532e-07
  }
}
{
  "epoch": 2,
  "eval_prefixed": {
    "eval_metrics/imp_count_pearson_gw": -0.015562599018021645,
    "eval_metrics/den_count_r2_gw": -0.0622725355362369,
    "eval_metrics/den_pval_pearson_dsf1": -0.007297370767925091,
    "eval_metrics/imp_count_spearman_gw": -0.03488366511091249,
    "eval_metrics/den_pval_r2_gw": -1.3895425110181845,
    "eval_metrics/imp_pval_spearman_gw": 0.0023264611833270043,
    "eval_metrics/den_pval_r2_1obs": -20.344517309801628,
    "eval_metrics/den_pval_pearson_gw": -0.007297370767925091,
    "eval_metrics/den_count_pearson_gw": 0.02642450497928382,
    "eval_metrics/den_pval_spearman_dsf1": 0.009507203293776313,
    "eval_metrics/imp_pval_r2_dsf1": -1.733249637787294,
    "eval_metrics/den_count_spearman_gw": 0.037462376082613394,
    "eval_metrics/den_pval_spearman_gw": 0.009507203293776313,
    "eval_metrics/imp_count_r2_gw": -0.0996398629095924,
    "eval_metrics/den_pval_r2_dsf1": -1.3895425110181845,
    "eval_metrics/den_pval_pearson_1obs": -0.03328184185796233,
    "eval_metrics/den_pval_spearman_1obs": -0.020496751461929186,
    "eval_metrics/imp_pval_pearson_1obs": 0.011065587104808185,
    "eval_metrics/imp_pval_r2_gw": -1.733249637787294,
    "eval_metrics/imp_pval_spearman_dsf1": 0.0023264611833270043,
    "eval_metrics/den_peak_auroc_gw": 0.47521593549890223,
    "eval_metrics/imp_pval_r2_1obs": -25.10630646031349,
    "eval_metrics/imp_pval_pearson_gw": 0.0037278679152396286,
    "eval_metrics/imp_pval_pearson_dsf1": 0.0037278679152396286,
    "eval_metrics/imp_peak_auroc_gw": 0.42281981595608087,
    "eval_metrics/imp_pval_spearman_1obs": 0.008291105765739413,
    "eval_losses/total_loss": 6.500560133865005,
    "eval_losses/count_obs_loss": 1.3060456898651625,
    "eval_losses/count_imp_loss": 2.1883321451762368,
    "eval_losses/pval_obs_loss": 1.1551024380483126,
    "eval_losses/pval_imp_loss": 1.1578921174246168,
    "eval_losses/peak_obs_loss": 0.6921524828986118,
    "eval_losses/peak_imp_loss": 0.6917396064788576
  }
}
{
  "epoch": 2,
  "training_metadata_probes": {
    "training_metadata_probes/depth_count_ratio": 0.9954532980918884,
    "training_metadata_probes/runtype_mse": 8.606717472048331e-08,
    "training_metadata_probes/readlen_mse": 5.295944447425427e-07
  }
}
{
  "epoch": 3,
  "eval_prefixed": {
    "eval_metrics/imp_count_pearson_gw": -0.006556835117624446,
    "eval_metrics/den_count_r2_gw": -0.10120717185365806,
    "eval_metrics/den_pval_pearson_dsf1": -0.004998604709534878,
    "eval_metrics/imp_count_spearman_gw": -0.022702439495371176,
    "eval_metrics/den_pval_r2_gw": -1.428313684243738,
    "eval_metrics/imp_pval_spearman_gw": 0.010390370034793163,
    "eval_metrics/den_pval_r2_1obs": -25.605603126754712,
    "eval_metrics/den_pval_pearson_gw": -0.004998604709534878,
    "eval_metrics/den_count_pearson_gw": 0.03189501761205879,
    "eval_metrics/den_pval_spearman_dsf1": 0.01911486812151224,
    "eval_metrics/imp_pval_r2_dsf1": -1.6132439978017912,
    "eval_metrics/den_count_spearman_gw": 0.04401111186078455,
    "eval_metrics/den_pval_spearman_gw": 0.01911486812151224,
    "eval_metrics/imp_count_r2_gw": -0.06723987441280842,
    "eval_metrics/den_pval_r2_dsf1": -1.428313684243738,
    "eval_metrics/den_pval_pearson_1obs": -0.027321554084712835,
    "eval_metrics/den_pval_spearman_1obs": -0.028157564748935313,
    "eval_metrics/imp_pval_pearson_1obs": 0.010636358172632754,
    "eval_metrics/imp_pval_r2_gw": -1.6132439978017912,
    "eval_metrics/imp_pval_spearman_dsf1": 0.010390370034793163,
    "eval_metrics/den_peak_auroc_gw": 0.4693019410922965,
    "eval_metrics/imp_pval_r2_1obs": -19.582273509898602,
    "eval_metrics/imp_pval_pearson_gw": 0.001607131388034701,
    "eval_metrics/imp_pval_pearson_dsf1": 0.001607131388034701,
    "eval_metrics/imp_peak_auroc_gw": 0.4280528272598121,
    "eval_metrics/imp_pval_spearman_1obs": 0.0020311539038705764,
    "eval_losses/total_loss": 6.297619178106911,
    "eval_losses/count_obs_loss": 1.274729344405626,
    "eval_losses/count_imp_loss": 2.0010560911799233,
    "eval_losses/pval_obs_loss": 1.1488158216601925,
    "eval_losses/pval_imp_loss": 1.148917457414052,
    "eval_losses/peak_obs_loss": 0.6914866519601721,
    "eval_losses/peak_imp_loss": 0.6893381873766581
  }
}
{
  "epoch": 3,
  "training_metadata_probes": {
    "training_metadata_probes/depth_count_ratio": 0.9973072409629822,
    "training_metadata_probes/runtype_mse": 2.626445052555937e-07,
    "training_metadata_probes/readlen_mse": 1.2135026281612227e-06
  }
}
{
  "epoch": 4,
  "eval_prefixed": {
    "eval_metrics/imp_count_pearson_gw": -0.0015207752129797534,
    "eval_metrics/den_count_r2_gw": -0.1489154277914783,
    "eval_metrics/den_pval_pearson_dsf1": -0.0009142184096976722,
    "eval_metrics/imp_count_spearman_gw": -0.018481344431833666,
    "eval_metrics/den_pval_r2_gw": -1.3597848028760546,
    "eval_metrics/imp_pval_spearman_gw": 0.00977113122228605,
    "eval_metrics/den_pval_r2_1obs": -24.62130779441338,
    "eval_metrics/den_pval_pearson_gw": -0.0009142184096976722,
    "eval_metrics/den_count_pearson_gw": 0.036221732585353925,
    "eval_metrics/den_pval_spearman_dsf1": 0.020686370921982992,
    "eval_metrics/imp_pval_r2_dsf1": -1.5674138223260634,
    "eval_metrics/den_count_spearman_gw": 0.044757918763946226,
    "eval_metrics/den_pval_spearman_gw": 0.020686370921982992,
    "eval_metrics/imp_count_r2_gw": -0.06249179957499542,
    "eval_metrics/den_pval_r2_dsf1": -1.3597848028760546,
    "eval_metrics/den_pval_pearson_1obs": -0.016426678566730107,
    "eval_metrics/den_pval_spearman_1obs": -0.023019358353275496,
    "eval_metrics/imp_pval_pearson_1obs": 0.01411426807790699,
    "eval_metrics/imp_pval_r2_gw": -1.5674138223260634,
    "eval_metrics/imp_pval_spearman_dsf1": 0.00977113122228605,
    "eval_metrics/den_peak_auroc_gw": 0.48026263410318687,
    "eval_metrics/imp_pval_r2_1obs": -23.535582454393545,
    "eval_metrics/imp_pval_pearson_gw": 0.003096834405340136,
    "eval_metrics/imp_pval_pearson_dsf1": 0.003096834405340136,
    "eval_metrics/imp_peak_auroc_gw": 0.43598705396140786,
    "eval_metrics/imp_pval_spearman_1obs": 0.00777406801745245,
    "eval_losses/total_loss": 6.20726872196323,
    "eval_losses/count_obs_loss": 1.2949441647843312,
    "eval_losses/count_imp_loss": 1.8676758266630626,
    "eval_losses/pval_obs_loss": 1.1528745826921964,
    "eval_losses/pval_imp_loss": 1.1458380998127045,
    "eval_losses/peak_obs_loss": 0.6908365127287412,
    "eval_losses/peak_imp_loss": 0.6883054877084399
  }
}
{
  "epoch": 4,
  "training_metadata_probes": {
    "training_metadata_probes/depth_count_ratio": 0.9987701773643494,
    "training_metadata_probes/runtype_mse": 6.73304555220966e-07,
    "training_metadata_probes/readlen_mse": 1.852309424066334e-06
  }
}
{
  "epoch": 5,
  "eval_prefixed": {
    "eval_metrics/imp_count_pearson_gw": 0.003255185419841418,
    "eval_metrics/den_count_r2_gw": -0.15034671555984316,
    "eval_metrics/den_pval_pearson_dsf1": 0.005248954233569461,
    "eval_metrics/imp_count_spearman_gw": -0.010689559485346044,
    "eval_metrics/den_pval_r2_gw": -1.2589493615483298,
    "eval_metrics/imp_pval_spearman_gw": 0.015154593715165705,
    "eval_metrics/den_pval_r2_1obs": -24.372691070653207,
    "eval_metrics/den_pval_pearson_gw": 0.005248954233569461,
    "eval_metrics/den_count_pearson_gw": 0.04548898375727922,
    "eval_metrics/den_pval_spearman_dsf1": 0.02814197357003364,
    "eval_metrics/imp_pval_r2_dsf1": -1.6244316946488584,
    "eval_metrics/den_count_spearman_gw": 0.04772551632971133,
    "eval_metrics/den_pval_spearman_gw": 0.02814197357003364,
    "eval_metrics/imp_count_r2_gw": -0.07830154834605314,
    "eval_metrics/den_pval_r2_dsf1": -1.2589493615483298,
    "eval_metrics/den_pval_pearson_1obs": -0.015359866961309882,
    "eval_metrics/den_pval_spearman_1obs": -0.024225305743729296,
    "eval_metrics/imp_pval_pearson_1obs": 0.030544204149572624,
    "eval_metrics/imp_pval_r2_gw": -1.6244316946488584,
    "eval_metrics/imp_pval_spearman_dsf1": 0.015154593715165705,
    "eval_metrics/den_peak_auroc_gw": 0.4965459712724256,
    "eval_metrics/imp_pval_r2_1obs": -17.47284671452099,
    "eval_metrics/imp_pval_pearson_gw": 0.003928978467084807,
    "eval_metrics/imp_pval_pearson_dsf1": 0.003928978467084807,
    "eval_metrics/imp_peak_auroc_gw": 0.4300487480210002,
    "eval_metrics/imp_pval_spearman_1obs": 0.030418606998738662,
    "eval_losses/total_loss": 6.142755391566377,
    "eval_losses/count_obs_loss": 1.2599602176954872,
    "eval_losses/count_imp_loss": 1.864772427649725,
    "eval_losses/pval_obs_loss": 1.1362074723369198,
    "eval_losses/pval_imp_loss": 1.1337876395573692,
    "eval_losses/peak_obs_loss": 0.6902806782408765,
    "eval_losses/peak_imp_loss": 0.6884134847020346
  }
}
{
  "epoch": 5,
  "training_metadata_probes": {
    "training_metadata_probes/depth_count_ratio": 0.9998947381973267,
    "training_metadata_probes/runtype_mse": 1.244805730493681e-06,
    "training_metadata_probes/readlen_mse": 2.4250180103990715e-06
  }
}
{
  "epoch": 6,
  "eval_prefixed": {
    "eval_metrics/imp_count_pearson_gw": 0.004533105910735367,
    "eval_metrics/den_count_r2_gw": -0.18392457014987318,
    "eval_metrics/den_pval_pearson_dsf1": 0.009873602546002459,
    "eval_metrics/imp_count_spearman_gw": -0.006932708752471218,
    "eval_metrics/den_pval_r2_gw": -1.1949523526833727,
    "eval_metrics/imp_pval_spearman_gw": -0.006340615708304421,
    "eval_metrics/den_pval_r2_1obs": -23.575412889666076,
    "eval_metrics/den_pval_pearson_gw": 0.009873602546002459,
    "eval_metrics/den_count_pearson_gw": 0.050711870707585295,
    "eval_metrics/den_pval_spearman_dsf1": 0.030288116349346483,
    "eval_metrics/imp_pval_r2_dsf1": -1.810692501031148,
    "eval_metrics/den_count_spearman_gw": 0.04671646743943104,
    "eval_metrics/den_pval_spearman_gw": 0.030288116349346483,
    "eval_metrics/imp_count_r2_gw": -0.07070540091302345,
    "eval_metrics/den_pval_r2_dsf1": -1.1949523526833727,
    "eval_metrics/den_pval_pearson_1obs": -0.0185629835147043,
    "eval_metrics/den_pval_spearman_1obs": -0.028251189054590016,
    "eval_metrics/imp_pval_pearson_1obs": 0.02420813065680069,
    "eval_metrics/imp_pval_r2_gw": -1.810692501031148,
    "eval_metrics/imp_pval_spearman_dsf1": -0.006340615708304421,
    "eval_metrics/den_peak_auroc_gw": 0.497047902283476,
    "eval_metrics/imp_pval_r2_1obs": -13.699383249539725,
    "eval_metrics/imp_pval_pearson_gw": 0.003880700920634563,
    "eval_metrics/imp_pval_pearson_dsf1": 0.003880700920634563,
    "eval_metrics/imp_peak_auroc_gw": 0.43753843062424236,
    "eval_metrics/imp_pval_spearman_1obs": 0.028746957356316286,
    "eval_losses/total_loss": 6.071968308797008,
    "eval_losses/count_obs_loss": 1.26780046836326,
    "eval_losses/count_imp_loss": 1.8012897358054207,
    "eval_losses/pval_obs_loss": 1.127773736652575,
    "eval_losses/pval_imp_loss": 1.1131458623068673,
    "eval_losses/peak_obs_loss": 0.690019522842608,
    "eval_losses/peak_imp_loss": 0.6881750074643938
  }
}
{
  "epoch": 6,
  "training_metadata_probes": {
    "training_metadata_probes/depth_count_ratio": 1.0008203983306885,
    "training_metadata_probes/runtype_mse": 3.0115941171970917e-06,
    "training_metadata_probes/readlen_mse": 2.9028369681327604e-06
  }
}
{
  "epoch": 7,
  "eval_prefixed": {
    "eval_metrics/imp_count_pearson_gw": 0.006523688253115064,
    "eval_metrics/den_count_r2_gw": -0.19133273103860426,
    "eval_metrics/den_pval_pearson_dsf1": 0.013872039015711235,
    "eval_metrics/imp_count_spearman_gw": -0.008565112163883896,
    "eval_metrics/den_pval_r2_gw": -1.0982751531896984,
    "eval_metrics/imp_pval_spearman_gw": -0.00617927288018768,
    "eval_metrics/den_pval_r2_1obs": -27.538910950243427,
    "eval_metrics/den_pval_pearson_gw": 0.013872039015711235,
    "eval_metrics/den_count_pearson_gw": 0.05663736316292718,
    "eval_metrics/den_pval_spearman_dsf1": 0.033460468873674536,
    "eval_metrics/imp_pval_r2_dsf1": -1.4024321069904677,
    "eval_metrics/den_count_spearman_gw": 0.04375017912609251,
    "eval_metrics/den_pval_spearman_gw": 0.033460468873674536,
    "eval_metrics/imp_count_r2_gw": -0.06317303994593755,
    "eval_metrics/den_pval_r2_dsf1": -1.0982751531896984,
    "eval_metrics/den_pval_pearson_1obs": -0.016495571207135646,
    "eval_metrics/den_pval_spearman_1obs": -0.021214929175341932,
    "eval_metrics/imp_pval_pearson_1obs": 0.02520141730894379,
    "eval_metrics/imp_pval_r2_gw": -1.4024321069904677,
    "eval_metrics/imp_pval_spearman_dsf1": -0.00617927288018768,
    "eval_metrics/den_peak_auroc_gw": 0.49710045573312217,
    "eval_metrics/imp_pval_r2_1obs": -23.839085533806802,
    "eval_metrics/imp_pval_pearson_gw": 0.00888843314151884,
    "eval_metrics/imp_pval_pearson_dsf1": 0.00888843314151884,
    "eval_metrics/imp_peak_auroc_gw": 0.44496097577624244,
    "eval_metrics/imp_pval_spearman_1obs": 0.04155789660818299,
    "eval_losses/total_loss": 6.076952117054086,
    "eval_losses/count_obs_loss": 1.2922295990743136,
    "eval_losses/count_imp_loss": 1.819025352833763,
    "eval_losses/pval_obs_loss": 1.1021293535044319,
    "eval_losses/pval_imp_loss": 1.1030833853615656,
    "eval_losses/peak_obs_loss": 0.6898796934830514,
    "eval_losses/peak_imp_loss": 0.688148782366798
  }
}
{
  "epoch": 7,
  "training_metadata_probes": {
    "training_metadata_probes/depth_count_ratio": 1.0015217065811157,
    "training_metadata_probes/runtype_mse": 5.655709628626937e-06,
    "training_metadata_probes/readlen_mse": 2.6710347356129205e-06
  }
}
{
  "epoch": 8,
  "eval_prefixed": {
    "eval_metrics/imp_count_pearson_gw": 0.007481258151875366,
    "eval_metrics/den_count_r2_gw": -0.18292735940580993,
    "eval_metrics/den_pval_pearson_dsf1": 0.017593597309266778,
    "eval_metrics/imp_count_spearman_gw": -0.009632546377893406,
    "eval_metrics/den_pval_r2_gw": -0.997689861984291,
    "eval_metrics/imp_pval_spearman_gw": -0.001530247385925364,
    "eval_metrics/den_pval_r2_1obs": -29.50396132802513,
    "eval_metrics/den_pval_pearson_gw": 0.017593597309266778,
    "eval_metrics/den_count_pearson_gw": 0.06073711543975055,
    "eval_metrics/den_pval_spearman_dsf1": 0.040341959189947735,
    "eval_metrics/imp_pval_r2_dsf1": -1.1271134540651253,
    "eval_metrics/den_count_spearman_gw": 0.044869827515970254,
    "eval_metrics/den_pval_spearman_gw": 0.040341959189947735,
    "eval_metrics/imp_count_r2_gw": -0.07646677823234761,
    "eval_metrics/den_pval_r2_dsf1": -0.997689861984291,
    "eval_metrics/den_pval_pearson_1obs": -0.016603414226234525,
    "eval_metrics/den_pval_spearman_1obs": -0.019097663756304045,
    "eval_metrics/imp_pval_pearson_1obs": 0.021724487613287886,
    "eval_metrics/imp_pval_r2_gw": -1.1271134540651253,
    "eval_metrics/imp_pval_spearman_dsf1": -0.001530247385925364,
    "eval_metrics/den_peak_auroc_gw": 0.5080801756395802,
    "eval_metrics/imp_pval_r2_1obs": -30.736821295643452,
    "eval_metrics/imp_pval_pearson_gw": 0.00867102798113751,
    "eval_metrics/imp_pval_pearson_dsf1": 0.00867102798113751,
    "eval_metrics/imp_peak_auroc_gw": 0.46341656160872596,
    "eval_metrics/imp_pval_spearman_1obs": 0.041484259119461825,
    "eval_losses/total_loss": 6.143838400903501,
    "eval_losses/count_obs_loss": 1.3377688213398582,
    "eval_losses/count_imp_loss": 1.8921713999339513,
    "eval_losses/pval_obs_loss": 1.0837681285644833,
    "eval_losses/pval_imp_loss": 1.0773003498713176,
    "eval_losses/peak_obs_loss": 0.6899602099468833,
    "eval_losses/peak_imp_loss": 0.688590699718112
  }
}
{
  "epoch": 8,
  "training_metadata_probes": {
    "training_metadata_probes/depth_count_ratio": 1.0020862817764282,
    "training_metadata_probes/runtype_mse": 1.0338704669266008e-05,
    "training_metadata_probes/readlen_mse": 1.7010816009133123e-06
  }
}
{
  "epoch": 9,
  "eval_prefixed": {
    "eval_metrics/imp_count_pearson_gw": 0.008031915189580076,
    "eval_metrics/den_count_r2_gw": -0.17715995411906652,
    "eval_metrics/den_pval_pearson_dsf1": 0.022569288157300388,
    "eval_metrics/imp_count_spearman_gw": -0.00901727014443246,
    "eval_metrics/den_pval_r2_gw": -0.959777914074998,
    "eval_metrics/imp_pval_spearman_gw": 0.0059339514500322006,
    "eval_metrics/den_pval_r2_1obs": -26.209252033478144,
    "eval_metrics/den_pval_pearson_gw": 0.022569288157300388,
    "eval_metrics/den_count_pearson_gw": 0.0635397429782882,
    "eval_metrics/den_pval_spearman_dsf1": 0.050447797534949726,
    "eval_metrics/imp_pval_r2_dsf1": -1.1041140858236727,
    "eval_metrics/den_count_spearman_gw": 0.04570590697533159,
    "eval_metrics/den_pval_spearman_gw": 0.050447797534949726,
    "eval_metrics/imp_count_r2_gw": -0.07130066669436572,
    "eval_metrics/den_pval_r2_dsf1": -0.959777914074998,
    "eval_metrics/den_pval_pearson_1obs": -0.01957611481473003,
    "eval_metrics/den_pval_spearman_1obs": -0.027314746002386217,
    "eval_metrics/imp_pval_pearson_1obs": 0.021245844358909093,
    "eval_metrics/imp_pval_r2_gw": -1.1041140858236727,
    "eval_metrics/imp_pval_spearman_dsf1": 0.0059339514500322006,
    "eval_metrics/den_peak_auroc_gw": 0.5072233250024734,
    "eval_metrics/imp_pval_r2_1obs": -22.662626850194467,
    "eval_metrics/imp_pval_pearson_gw": 0.01082668816259626,
    "eval_metrics/imp_pval_pearson_dsf1": 0.01082668816259626,
    "eval_metrics/imp_peak_auroc_gw": 0.45945999751855315,
    "eval_metrics/imp_pval_spearman_1obs": 0.045938132500964714,
    "eval_losses/total_loss": 5.965186808454363,
    "eval_losses/count_obs_loss": 1.2668128241049617,
    "eval_losses/count_imp_loss": 1.8410506522844707,
    "eval_losses/pval_obs_loss": 1.051678060701019,
    "eval_losses/pval_imp_loss": 1.0371333899952115,
    "eval_losses/peak_obs_loss": 0.6898224581229059,
    "eval_losses/peak_imp_loss": 0.6888379161320035
  }
}
{
  "epoch": 9,
  "training_metadata_probes": {
    "training_metadata_probes/depth_count_ratio": 1.0026724338531494,
    "training_metadata_probes/runtype_mse": 1.7133153960458003e-05,
    "training_metadata_probes/readlen_mse": 1.0279007938152063e-06
  }
}
{
  "epoch": 10,
  "eval_prefixed": {
    "eval_metrics/imp_count_pearson_gw": 0.009599884929706431,
    "eval_metrics/den_count_r2_gw": -0.2511953873212106,
    "eval_metrics/den_pval_pearson_dsf1": 0.02769406912480726,
    "eval_metrics/imp_count_spearman_gw": -0.008924635614099927,
    "eval_metrics/den_pval_r2_gw": -1.098726593894905,
    "eval_metrics/imp_pval_spearman_gw": 0.0036220259982208845,
    "eval_metrics/den_pval_r2_1obs": -25.16132270014273,
    "eval_metrics/den_pval_pearson_gw": 0.02769406912480726,
    "eval_metrics/den_count_pearson_gw": 0.061407550369806,
    "eval_metrics/den_pval_spearman_dsf1": 0.05344226645872027,
    "eval_metrics/imp_pval_r2_dsf1": -1.1934929562668029,
    "eval_metrics/den_count_spearman_gw": 0.047565168017567834,
    "eval_metrics/den_pval_spearman_gw": 0.05344226645872027,
    "eval_metrics/imp_count_r2_gw": -0.08527842263661754,
    "eval_metrics/den_pval_r2_dsf1": -1.098726593894905,
    "eval_metrics/den_pval_pearson_1obs": -0.019120663945757673,
    "eval_metrics/den_pval_spearman_1obs": -0.021786754726121037,
    "eval_metrics/imp_pval_pearson_1obs": 0.01899476586342124,
    "eval_metrics/imp_pval_r2_gw": -1.1934929562668029,
    "eval_metrics/imp_pval_spearman_dsf1": 0.0036220259982208845,
    "eval_metrics/den_peak_auroc_gw": 0.5155663179166351,
    "eval_metrics/imp_pval_r2_1obs": -23.9658386401176,
    "eval_metrics/imp_pval_pearson_gw": 0.012834181854111467,
    "eval_metrics/imp_pval_pearson_dsf1": 0.012834181854111467,
    "eval_metrics/imp_peak_auroc_gw": 0.4358228049637633,
    "eval_metrics/imp_pval_spearman_1obs": 0.049707653317481185,
    "eval_losses/total_loss": 6.030561836926561,
    "eval_losses/count_obs_loss": 1.3104480418719744,
    "eval_losses/count_imp_loss": 1.8909508500780379,
    "eval_losses/pval_obs_loss": 1.0524459481239319,
    "eval_losses/pval_imp_loss": 1.01437094665709,
    "eval_losses/peak_obs_loss": 0.6883841243229414,
    "eval_losses/peak_imp_loss": 0.6887347575217958
  }
}
{
  "epoch": 10,
  "training_metadata_probes": {
    "training_metadata_probes/depth_count_ratio": 1.0033589601516724,
    "training_metadata_probes/runtype_mse": 1.339749178441707e-05,
    "training_metadata_probes/readlen_mse": 9.335313961855718e-07
  }
}
{
  "epoch": 11,
  "eval_prefixed": {
    "eval_metrics/imp_count_pearson_gw": 0.01136597182111083,
    "eval_metrics/den_count_r2_gw": -0.21912307165436246,
    "eval_metrics/den_pval_pearson_dsf1": 0.032937538581073136,
    "eval_metrics/imp_count_spearman_gw": -0.008257143986618075,
    "eval_metrics/den_pval_r2_gw": -1.1583477808799045,
    "eval_metrics/imp_pval_spearman_gw": -0.005892580096655504,
    "eval_metrics/den_pval_r2_1obs": -31.700554546583152,
    "eval_metrics/den_pval_pearson_gw": 0.032937538581073136,
    "eval_metrics/den_count_pearson_gw": 0.06556222416264446,
    "eval_metrics/den_pval_spearman_dsf1": 0.05959253871671895,
    "eval_metrics/imp_pval_r2_dsf1": -0.9463862041568859,
    "eval_metrics/den_count_spearman_gw": 0.04994626758811088,
    "eval_metrics/den_pval_spearman_gw": 0.05959253871671895,
    "eval_metrics/imp_count_r2_gw": -0.0822743955215442,
    "eval_metrics/den_pval_r2_dsf1": -1.1583477808799045,
    "eval_metrics/den_pval_pearson_1obs": -0.021946943021152708,
    "eval_metrics/den_pval_spearman_1obs": -0.022183159331897923,
    "eval_metrics/imp_pval_pearson_1obs": 0.015382922627770948,
    "eval_metrics/imp_pval_r2_gw": -0.9463862041568859,
    "eval_metrics/imp_pval_spearman_dsf1": -0.005892580096655504,
    "eval_metrics/den_peak_auroc_gw": 0.5056062145163489,
    "eval_metrics/imp_pval_r2_1obs": -26.987564134960977,
    "eval_metrics/imp_pval_pearson_gw": 0.014779846107731351,
    "eval_metrics/imp_pval_pearson_dsf1": 0.014779846107731351,
    "eval_metrics/imp_peak_auroc_gw": 0.43849929119512765,
    "eval_metrics/imp_pval_spearman_1obs": 0.03637455263371711,
    "eval_losses/total_loss": 6.000307852500363,
    "eval_losses/count_obs_loss": 1.2746154524778064,
    "eval_losses/count_imp_loss": 1.9170240485478962,
    "eval_losses/pval_obs_loss": 1.0295656684197878,
    "eval_losses/pval_imp_loss": 1.025066862030635,
    "eval_losses/peak_obs_loss": 0.6876580793606607,
    "eval_losses/peak_imp_loss": 0.687172860380203
  }
}
{
  "epoch": 11,
  "training_metadata_probes": {
    "training_metadata_probes/depth_count_ratio": 1.003806233406067,
    "training_metadata_probes/runtype_mse": 1.2939246516907588e-05,
    "training_metadata_probes/readlen_mse": 9.445233786209428e-07
  }
}
{
  "epoch": 12,
  "eval_prefixed": {
    "eval_metrics/imp_count_pearson_gw": 0.009639587138071731,
    "eval_metrics/den_count_r2_gw": -0.20093139038511473,
    "eval_metrics/den_pval_pearson_dsf1": 0.038430676080200725,
    "eval_metrics/imp_count_spearman_gw": -0.009283776573075405,
    "eval_metrics/den_pval_r2_gw": -0.8664950321925919,
    "eval_metrics/imp_pval_spearman_gw": -0.0005267403018561522,
    "eval_metrics/den_pval_r2_1obs": -24.513018023263253,
    "eval_metrics/den_pval_pearson_gw": 0.038430676080200725,
    "eval_metrics/den_count_pearson_gw": 0.06537209580787212,
    "eval_metrics/den_pval_spearman_dsf1": 0.06716264459017597,
    "eval_metrics/imp_pval_r2_dsf1": -1.0593665726279937,
    "eval_metrics/den_count_spearman_gw": 0.05534720656342445,
    "eval_metrics/den_pval_spearman_gw": 0.06716264459017597,
    "eval_metrics/imp_count_r2_gw": -0.08172418993580496,
    "eval_metrics/den_pval_r2_dsf1": -0.8664950321925919,
    "eval_metrics/den_pval_pearson_1obs": -0.02286040597200075,
    "eval_metrics/den_pval_spearman_1obs": -0.031270832631445665,
    "eval_metrics/imp_pval_pearson_1obs": 0.02694970581754364,
    "eval_metrics/imp_pval_r2_gw": -1.0593665726279937,
    "eval_metrics/imp_pval_spearman_dsf1": -0.0005267403018561522,
    "eval_metrics/den_peak_auroc_gw": 0.5206368648298187,
    "eval_metrics/imp_pval_r2_1obs": -26.716575810615353,
    "eval_metrics/imp_pval_pearson_gw": 0.016713920575779095,
    "eval_metrics/imp_pval_pearson_dsf1": 0.016713920575779095,
    "eval_metrics/imp_peak_auroc_gw": 0.45131770461294746,
    "eval_metrics/imp_pval_spearman_1obs": 0.046492670210689445,
    "eval_losses/total_loss": 6.026952942735271,
    "eval_losses/count_obs_loss": 1.3237456600917012,
    "eval_losses/count_imp_loss": 1.9117432255593558,
    "eval_losses/pval_obs_loss": 1.0308350779508288,
    "eval_losses/pval_imp_loss": 1.00358147658999,
    "eval_losses/peak_obs_loss": 0.686879218408936,
    "eval_losses/peak_imp_loss": 0.6862223924152435
  }
}
{
  "epoch": 12,
  "training_metadata_probes": {
    "training_metadata_probes/depth_count_ratio": 1.0040526390075684,
    "training_metadata_probes/runtype_mse": 2.3699232770013623e-05,
    "training_metadata_probes/readlen_mse": 1.3794951883028261e-06
  }
}
{
  "epoch": 13,
  "eval_prefixed": {
    "eval_metrics/imp_count_pearson_gw": 0.011592050775467965,
    "eval_metrics/den_count_r2_gw": -0.21610220162441415,
    "eval_metrics/den_pval_pearson_dsf1": 0.044693462729858434,
    "eval_metrics/imp_count_spearman_gw": -0.011344483179326969,
    "eval_metrics/den_pval_r2_gw": -0.8706039835646536,
    "eval_metrics/imp_pval_spearman_gw": 0.0005687419069039988,
    "eval_metrics/den_pval_r2_1obs": -29.14239806097831,
    "eval_metrics/den_pval_pearson_gw": 0.044693462729858434,
    "eval_metrics/den_count_pearson_gw": 0.061637523530072555,
    "eval_metrics/den_pval_spearman_dsf1": 0.06749725745673442,
    "eval_metrics/imp_pval_r2_dsf1": -0.7865344442133476,
    "eval_metrics/den_count_spearman_gw": 0.05760919886451457,
    "eval_metrics/den_pval_spearman_gw": 0.06749725745673442,
    "eval_metrics/imp_count_r2_gw": -0.06805757474379104,
    "eval_metrics/den_pval_r2_dsf1": -0.8706039835646536,
    "eval_metrics/den_pval_pearson_1obs": -0.009020549655695887,
    "eval_metrics/den_pval_spearman_1obs": -0.014588137727381392,
    "eval_metrics/imp_pval_pearson_1obs": 0.026537347035223827,
    "eval_metrics/imp_pval_r2_gw": -0.7865344442133476,
    "eval_metrics/imp_pval_spearman_dsf1": 0.0005687419069039988,
    "eval_metrics/den_peak_auroc_gw": 0.5186619023874659,
    "eval_metrics/imp_pval_r2_1obs": -24.871620023324567,
    "eval_metrics/imp_pval_pearson_gw": 0.019819876260318402,
    "eval_metrics/imp_pval_pearson_dsf1": 0.019819876260318402,
    "eval_metrics/imp_peak_auroc_gw": 0.44126436464460905,
    "eval_metrics/imp_pval_spearman_1obs": 0.043059712532893424,
    "eval_losses/total_loss": 6.063140523276831,
    "eval_losses/count_obs_loss": 1.3387537253530402,
    "eval_losses/count_imp_loss": 1.9508494649614607,
    "eval_losses/pval_obs_loss": 1.0201104675468646,
    "eval_losses/pval_imp_loss": 1.0048532391351366,
    "eval_losses/peak_obs_loss": 0.6857391580155021,
    "eval_losses/peak_imp_loss": 0.6857072181171842
  }
}
{
  "epoch": 13,
  "training_metadata_probes": {
    "training_metadata_probes/depth_count_ratio": 1.004096508026123,
    "training_metadata_probes/runtype_mse": 7.96257154433988e-05,
    "training_metadata_probes/readlen_mse": 2.4282771846628748e-06
  }
}
{
  "epoch": 14,
  "eval_prefixed": {
    "eval_metrics/imp_count_pearson_gw": 0.012223048408890868,
    "eval_metrics/den_count_r2_gw": -0.25782853987636445,
    "eval_metrics/den_pval_pearson_dsf1": 0.0605430268057573,
    "eval_metrics/imp_count_spearman_gw": -0.008622179039308838,
    "eval_metrics/den_pval_r2_gw": -0.8645074095661304,
    "eval_metrics/imp_pval_spearman_gw": 0.0057413566687907315,
    "eval_metrics/den_pval_r2_1obs": -29.30663537683338,
    "eval_metrics/den_pval_pearson_gw": 0.0605430268057573,
    "eval_metrics/den_count_pearson_gw": 0.06428411030700724,
    "eval_metrics/den_pval_spearman_dsf1": 0.06522189716037578,
    "eval_metrics/imp_pval_r2_dsf1": -0.837238417002085,
    "eval_metrics/den_count_spearman_gw": 0.06347776433937592,
    "eval_metrics/den_pval_spearman_gw": 0.06522189716037578,
    "eval_metrics/imp_count_r2_gw": -0.08158710770921769,
    "eval_metrics/den_pval_r2_dsf1": -0.8645074095661304,
    "eval_metrics/den_pval_pearson_1obs": 0.015219571733675701,
    "eval_metrics/den_pval_spearman_1obs": 0.00410315318257302,
    "eval_metrics/imp_pval_pearson_1obs": 0.05797657439862156,
    "eval_metrics/imp_pval_r2_gw": -0.837238417002085,
    "eval_metrics/imp_pval_spearman_dsf1": 0.0057413566687907315,
    "eval_metrics/den_peak_auroc_gw": 0.5140194893313746,
    "eval_metrics/imp_pval_r2_1obs": -22.62780563761775,
    "eval_metrics/imp_pval_pearson_gw": 0.02507737719764601,
    "eval_metrics/imp_pval_pearson_dsf1": 0.02507737719764601,
    "eval_metrics/imp_peak_auroc_gw": 0.4327070966818662,
    "eval_metrics/imp_pval_spearman_1obs": 0.057660774958690535,
    "eval_losses/total_loss": 5.907122164964676,
    "eval_losses/count_obs_loss": 1.356612492548792,
    "eval_losses/count_imp_loss": 1.8820026526375422,
    "eval_losses/pval_obs_loss": 0.9665242825683794,
    "eval_losses/pval_imp_loss": 0.9302471885605464,
    "eval_losses/peak_obs_loss": 0.6850619253359342,
    "eval_losses/peak_imp_loss": 0.6848641794825358
  }
}
{
  "epoch": 14,
  "training_metadata_probes": {
    "training_metadata_probes/depth_count_ratio": 1.0038495063781738,
    "training_metadata_probes/runtype_mse": 0.0006338843377307057,
    "training_metadata_probes/readlen_mse": 3.0271396553871455e-06
  }
}
{
  "epoch": 15,
  "eval_prefixed": {
    "eval_metrics/imp_count_pearson_gw": 0.011788342168392052,
    "eval_metrics/den_count_r2_gw": -0.22319967823785128,
    "eval_metrics/den_pval_pearson_dsf1": 0.06541301716903322,
    "eval_metrics/imp_count_spearman_gw": -0.007926575168229637,
    "eval_metrics/den_pval_r2_gw": -0.5557686246552823,
    "eval_metrics/imp_pval_spearman_gw": 0.015378317403909252,
    "eval_metrics/den_pval_r2_1obs": -22.41110170831523,
    "eval_metrics/den_pval_pearson_gw": 0.06541301716903322,
    "eval_metrics/den_count_pearson_gw": 0.06454472283305797,
    "eval_metrics/den_pval_spearman_dsf1": 0.07267328160825375,
    "eval_metrics/imp_pval_r2_dsf1": -0.711485693011984,
    "eval_metrics/den_count_spearman_gw": 0.06345620731920419,
    "eval_metrics/den_pval_spearman_gw": 0.07267328160825375,
    "eval_metrics/imp_count_r2_gw": -0.07488267855890951,
    "eval_metrics/den_pval_r2_dsf1": -0.5557686246552823,
    "eval_metrics/den_pval_pearson_1obs": 0.0209910767505215,
    "eval_metrics/den_pval_spearman_1obs": 0.008013823639678732,
    "eval_metrics/imp_pval_pearson_1obs": 0.08057065165439059,
    "eval_metrics/imp_pval_r2_gw": -0.711485693011984,
    "eval_metrics/imp_pval_spearman_dsf1": 0.015378317403909252,
    "eval_metrics/den_peak_auroc_gw": 0.5201371652283491,
    "eval_metrics/imp_pval_r2_1obs": -26.382114311035917,
    "eval_metrics/imp_pval_pearson_gw": 0.030343673219913544,
    "eval_metrics/imp_pval_pearson_dsf1": 0.030343673219913544,
    "eval_metrics/imp_peak_auroc_gw": 0.4518843525829109,
    "eval_metrics/imp_pval_spearman_1obs": 0.07443142354495208,
    "eval_losses/total_loss": 5.815830256593855,
    "eval_losses/count_obs_loss": 1.3022249505708092,
    "eval_losses/count_imp_loss": 1.919513614404769,
    "eval_losses/pval_obs_loss": 0.9108910207685671,
    "eval_losses/pval_imp_loss": 0.9178698469722082,
    "eval_losses/peak_obs_loss": 0.6844534936704134,
    "eval_losses/peak_imp_loss": 0.6830581284704662
  }
}
{
  "epoch": 15,
  "training_metadata_probes": {
    "training_metadata_probes/depth_count_ratio": 1.0026153326034546,
    "training_metadata_probes/runtype_mse": 0.0016797904390841722,
    "training_metadata_probes/readlen_mse": 5.377954039431643e-06
  }
}
{
  "epoch": 16,
  "eval_prefixed": {
    "eval_metrics/imp_count_pearson_gw": 0.012886934095553847,
    "eval_metrics/den_count_r2_gw": -0.22808863078336622,
    "eval_metrics/den_pval_pearson_dsf1": 0.06794905606109655,
    "eval_metrics/imp_count_spearman_gw": -0.010956465036528114,
    "eval_metrics/den_pval_r2_gw": -0.58821521316296,
    "eval_metrics/imp_pval_spearman_gw": 0.023993380378755147,
    "eval_metrics/den_pval_r2_1obs": -26.071605242151907,
    "eval_metrics/den_pval_pearson_gw": 0.06794905606109655,
    "eval_metrics/den_count_pearson_gw": 0.06586990751920414,
    "eval_metrics/den_pval_spearman_dsf1": 0.07408360805491675,
    "eval_metrics/imp_pval_r2_dsf1": -0.806364492922099,
    "eval_metrics/den_count_spearman_gw": 0.06433729603075082,
    "eval_metrics/den_pval_spearman_gw": 0.07408360805491675,
    "eval_metrics/imp_count_r2_gw": -0.07987718016216651,
    "eval_metrics/den_pval_r2_dsf1": -0.58821521316296,
    "eval_metrics/den_pval_pearson_1obs": 0.029799532928863254,
    "eval_metrics/den_pval_spearman_1obs": 0.020802387092255566,
    "eval_metrics/imp_pval_pearson_1obs": 0.083086381925063,
    "eval_metrics/imp_pval_r2_gw": -0.806364492922099,
    "eval_metrics/imp_pval_spearman_dsf1": 0.023993380378755147,
    "eval_metrics/den_peak_auroc_gw": 0.5238849526082011,
    "eval_metrics/imp_pval_r2_1obs": -23.104406561285348,
    "eval_metrics/imp_pval_pearson_gw": 0.03288158674960926,
    "eval_metrics/imp_pval_pearson_dsf1": 0.03288158674960926,
    "eval_metrics/imp_peak_auroc_gw": 0.4543240596162163,
    "eval_metrics/imp_pval_spearman_1obs": 0.07144088052814168,
    "eval_losses/total_loss": 5.769502606438963,
    "eval_losses/count_obs_loss": 1.3126985454245617,
    "eval_losses/count_imp_loss": 1.910082391330174,
    "eval_losses/pval_obs_loss": 0.8875960001820012,
    "eval_losses/pval_imp_loss": 0.8876888491804638,
    "eval_losses/peak_obs_loss": 0.6843001905240511,
    "eval_losses/peak_imp_loss": 0.6824350792264181
  }
}
{
  "epoch": 16,
  "training_metadata_probes": {
    "training_metadata_probes/depth_count_ratio": 1.0021672248840332,
    "training_metadata_probes/runtype_mse": 0.0015597403980791569,
    "training_metadata_probes/readlen_mse": 6.706919066346018e-06
  }
}
{
  "epoch": 17,
  "eval_prefixed": {
    "eval_metrics/imp_count_pearson_gw": 0.010751314552700413,
    "eval_metrics/den_count_r2_gw": -0.19028122575329498,
    "eval_metrics/den_pval_pearson_dsf1": 0.07134085072251956,
    "eval_metrics/imp_count_spearman_gw": -0.014250012514962312,
    "eval_metrics/den_pval_r2_gw": -0.5538890371428792,
    "eval_metrics/imp_pval_spearman_gw": 0.023049091739060917,
    "eval_metrics/den_pval_r2_1obs": -22.046849457634337,
    "eval_metrics/den_pval_pearson_gw": 0.07134085072251956,
    "eval_metrics/den_count_pearson_gw": 0.06644609742981725,
    "eval_metrics/den_pval_spearman_dsf1": 0.07946832338110354,
    "eval_metrics/imp_pval_r2_dsf1": -0.6633544447599059,
    "eval_metrics/den_count_spearman_gw": 0.06405785792744911,
    "eval_metrics/den_pval_spearman_gw": 0.07946832338110354,
    "eval_metrics/imp_count_r2_gw": -0.0799523118789909,
    "eval_metrics/den_pval_r2_dsf1": -0.5538890371428792,
    "eval_metrics/den_pval_pearson_1obs": 0.02689946694973562,
    "eval_metrics/den_pval_spearman_1obs": 0.02117525292108288,
    "eval_metrics/imp_pval_pearson_1obs": 0.08571513643532637,
    "eval_metrics/imp_pval_r2_gw": -0.6633544447599059,
    "eval_metrics/imp_pval_spearman_dsf1": 0.023049091739060917,
    "eval_metrics/den_peak_auroc_gw": 0.5212663683305304,
    "eval_metrics/imp_pval_r2_1obs": -25.170091052552802,
    "eval_metrics/imp_pval_pearson_gw": 0.03358063284279538,
    "eval_metrics/imp_pval_pearson_dsf1": 0.03358063284279538,
    "eval_metrics/imp_peak_auroc_gw": 0.46075612819777806,
    "eval_metrics/imp_pval_spearman_1obs": 0.08421326264866494,
    "eval_losses/total_loss": 5.724957291232912,
    "eval_losses/count_obs_loss": 1.2815814904476468,
    "eval_losses/count_imp_loss": 1.9290918603775993,
    "eval_losses/pval_obs_loss": 0.8652944925584292,
    "eval_losses/pval_imp_loss": 0.880463339033581,
    "eval_losses/peak_obs_loss": 0.6840007956090727,
    "eval_losses/peak_imp_loss": 0.6817165300959632
  }
}
{
  "epoch": 17,
  "training_metadata_probes": {
    "training_metadata_probes/depth_count_ratio": 1.0016124248504639,
    "training_metadata_probes/runtype_mse": 0.0011902431724593043,
    "training_metadata_probes/readlen_mse": 7.18589899406652e-06
  }
}
{
  "epoch": 18,
  "eval_prefixed": {
    "eval_metrics/imp_count_pearson_gw": 0.007568873226686958,
    "eval_metrics/den_count_r2_gw": -0.19803705770983077,
    "eval_metrics/den_pval_pearson_dsf1": 0.0762574540981165,
    "eval_metrics/imp_count_spearman_gw": -0.019852375772901103,
    "eval_metrics/den_pval_r2_gw": -0.5656538065522662,
    "eval_metrics/imp_pval_spearman_gw": 0.03133166592475937,
    "eval_metrics/den_pval_r2_1obs": -29.08062866385451,
    "eval_metrics/den_pval_pearson_gw": 0.0762574540981165,
    "eval_metrics/den_count_pearson_gw": 0.06931322983061698,
    "eval_metrics/den_pval_spearman_dsf1": 0.08182137609098261,
    "eval_metrics/imp_pval_r2_dsf1": -0.5269932210947262,
    "eval_metrics/den_count_spearman_gw": 0.06366679567544797,
    "eval_metrics/den_pval_spearman_gw": 0.08182137609098261,
    "eval_metrics/imp_count_r2_gw": -0.07763586790426318,
    "eval_metrics/den_pval_r2_dsf1": -0.5656538065522662,
    "eval_metrics/den_pval_pearson_1obs": 0.04088097662162526,
    "eval_metrics/den_pval_spearman_1obs": 0.031561297645152905,
    "eval_metrics/imp_pval_pearson_1obs": 0.08490636919639886,
    "eval_metrics/imp_pval_r2_gw": -0.5269932210947262,
    "eval_metrics/imp_pval_spearman_dsf1": 0.03133166592475937,
    "eval_metrics/den_peak_auroc_gw": 0.5333885003792841,
    "eval_metrics/imp_pval_r2_1obs": -27.309978135260536,
    "eval_metrics/imp_pval_pearson_gw": 0.04371561216450775,
    "eval_metrics/imp_pval_pearson_dsf1": 0.04371561216450775,
    "eval_metrics/imp_peak_auroc_gw": 0.4466596669703042,
    "eval_metrics/imp_pval_spearman_1obs": 0.08015509238813988,
    "eval_losses/total_loss": 5.919553392811825,
    "eval_losses/count_obs_loss": 1.3798192849284725,
    "eval_losses/count_imp_loss": 2.029576553238763,
    "eval_losses/pval_obs_loss": 0.88060546548743,
    "eval_losses/pval_imp_loss": 0.8789821077906896,
    "eval_losses/peak_obs_loss": 0.6830894554916181,
    "eval_losses/peak_imp_loss": 0.6815838501566932
  }
}
{
  "epoch": 18,
  "training_metadata_probes": {
    "training_metadata_probes/depth_count_ratio": 1.0012257099151611,
    "training_metadata_probes/runtype_mse": 0.0009064425248652697,
    "training_metadata_probes/readlen_mse": 8.28223619464552e-06
  }
}
{
  "epoch": 19,
  "eval_prefixed": {
    "eval_metrics/imp_count_pearson_gw": 0.006593412110796346,
    "eval_metrics/den_count_r2_gw": -0.19355019144781307,
    "eval_metrics/den_pval_pearson_dsf1": 0.07957842015036333,
    "eval_metrics/imp_count_spearman_gw": -0.021307505573982775,
    "eval_metrics/den_pval_r2_gw": -0.5560077979696514,
    "eval_metrics/imp_pval_spearman_gw": 0.02951199537060121,
    "eval_metrics/den_pval_r2_1obs": -22.73260300130921,
    "eval_metrics/den_pval_pearson_gw": 0.07957842015036333,
    "eval_metrics/den_count_pearson_gw": 0.06683215106482078,
    "eval_metrics/den_pval_spearman_dsf1": 0.08375215933195379,
    "eval_metrics/imp_pval_r2_dsf1": -0.6998717258844134,
    "eval_metrics/den_count_spearman_gw": 0.06311696026419984,
    "eval_metrics/den_pval_spearman_gw": 0.08375215933195379,
    "eval_metrics/imp_count_r2_gw": -0.09590848973636752,
    "eval_metrics/den_pval_r2_dsf1": -0.5560077979696514,
    "eval_metrics/den_pval_pearson_1obs": 0.06372275307627492,
    "eval_metrics/den_pval_spearman_1obs": 0.05652420912299844,
    "eval_metrics/imp_pval_pearson_1obs": 0.09847234829240256,
    "eval_metrics/imp_pval_r2_gw": -0.6998717258844134,
    "eval_metrics/imp_pval_spearman_dsf1": 0.02951199537060121,
    "eval_metrics/den_peak_auroc_gw": 0.5216176685063313,
    "eval_metrics/imp_pval_r2_1obs": -25.871134025243794,
    "eval_metrics/imp_pval_pearson_gw": 0.037569011015298276,
    "eval_metrics/imp_pval_pearson_dsf1": 0.037569011015298276,
    "eval_metrics/imp_peak_auroc_gw": 0.4638916353189142,
    "eval_metrics/imp_pval_spearman_1obs": 0.094190109120984,
    "eval_losses/total_loss": 5.804363756587631,
    "eval_losses/count_obs_loss": 1.3698729402140568,
    "eval_losses/count_imp_loss": 1.933216093078492,
    "eval_losses/pval_obs_loss": 0.8633959740400314,
    "eval_losses/pval_imp_loss": 0.8700327239339314,
    "eval_losses/peak_obs_loss": 0.6829741063870882,
    "eval_losses/peak_imp_loss": 0.6808333406372676
  }
}
{
  "epoch": 19,
  "training_metadata_probes": {
    "training_metadata_probes/depth_count_ratio": 1.0007603168487549,
    "training_metadata_probes/runtype_mse": 0.0006935060955584049,
    "training_metadata_probes/readlen_mse": 8.336360224348027e-06
  }
}
/project/6014832/mforooz/EpiDenoise/candi_venv/lib/python3.10/site-packages/torch/optim/lr_scheduler.py:243: UserWarning: The epoch parameter in `scheduler.step()` was not necessary and is being deprecated where possible. Please use `scheduler.step()` to step the scheduler. During the deprecation, if epoch is different from None, the closed form is used instead of the new chainable form, where available. Please open an issue if you are unable to replicate your use case: https://github.com/pytorch/pytorch/issues/new/choose.
  warnings.warn(EPOCH_DEPRECATION_WARNING, UserWarning)
{
  "epoch": 20,
  "eval_prefixed": {
    "eval_metrics/imp_count_pearson_gw": 0.009242447786077503,
    "eval_metrics/den_count_r2_gw": -0.18315033551581442,
    "eval_metrics/den_pval_pearson_dsf1": 0.08464421966652337,
    "eval_metrics/imp_count_spearman_gw": -0.019518154449395943,
    "eval_metrics/den_pval_r2_gw": -0.5274113964192964,
    "eval_metrics/imp_pval_spearman_gw": 0.03220700709851121,
    "eval_metrics/den_pval_r2_1obs": -26.66611889098417,
    "eval_metrics/den_pval_pearson_gw": 0.08464421966652337,
    "eval_metrics/den_count_pearson_gw": 0.0678615852223294,
    "eval_metrics/den_pval_spearman_dsf1": 0.08538986682809274,
    "eval_metrics/imp_pval_r2_dsf1": -0.5422254620121332,
    "eval_metrics/den_count_spearman_gw": 0.06373186836356605,
    "eval_metrics/den_pval_spearman_gw": 0.08538986682809274,
    "eval_metrics/imp_count_r2_gw": -0.07447628444405521,
    "eval_metrics/den_pval_r2_dsf1": -0.5274113964192964,
    "eval_metrics/den_pval_pearson_1obs": 0.07046382756762844,
    "eval_metrics/den_pval_spearman_1obs": 0.06930473776802198,
    "eval_metrics/imp_pval_pearson_1obs": 0.11129723331661866,
    "eval_metrics/imp_pval_r2_gw": -0.5422254620121332,
    "eval_metrics/imp_pval_spearman_dsf1": 0.03220700709851121,
    "eval_metrics/den_peak_auroc_gw": 0.5114783461026956,
    "eval_metrics/imp_pval_r2_1obs": -32.567477721946155,
    "eval_metrics/imp_pval_pearson_gw": 0.047197794592070824,
    "eval_metrics/imp_pval_pearson_dsf1": 0.047197794592070824,
    "eval_metrics/imp_peak_auroc_gw": 0.4675252496340068,
    "eval_metrics/imp_pval_spearman_1obs": 0.10788617945669436,
    "eval_losses/total_loss": 5.742024554625938,
    "eval_losses/count_obs_loss": 1.3031952373291318,
    "eval_losses/count_imp_loss": 1.9715758713464888,
    "eval_losses/pval_obs_loss": 0.8397099697276166,
    "eval_losses/pval_imp_loss": 0.8666483234791529,
    "eval_losses/peak_obs_loss": 0.6825543736156664,
    "eval_losses/peak_imp_loss": 0.6801716467690846
  }
}
{
  "epoch": 20,
  "training_metadata_probes": {
    "training_metadata_probes/depth_count_ratio": 1.0004594326019287,
    "training_metadata_probes/runtype_mse": 0.000627393601462245,
    "training_metadata_probes/readlen_mse": 8.259584319603164e-06
  }
}
{
  "epoch": 21,
  "eval_prefixed": {
    "eval_metrics/imp_count_pearson_gw": 0.009906551224135217,
    "eval_metrics/den_count_r2_gw": -0.19597499630065687,
    "eval_metrics/den_pval_pearson_dsf1": 0.09337019795662184,
    "eval_metrics/imp_count_spearman_gw": -0.018405727241200164,
    "eval_metrics/den_pval_r2_gw": -0.45548287142194843,
    "eval_metrics/imp_pval_spearman_gw": 0.03724789222635223,
    "eval_metrics/den_pval_r2_1obs": -28.57994361219256,
    "eval_metrics/den_pval_pearson_gw": 0.09337019795662184,
    "eval_metrics/den_count_pearson_gw": 0.06776688802993273,
    "eval_metrics/den_pval_spearman_dsf1": 0.09260956942783101,
    "eval_metrics/imp_pval_r2_dsf1": -0.541391760946043,
    "eval_metrics/den_count_spearman_gw": 0.06455822807901225,
    "eval_metrics/den_pval_spearman_gw": 0.09260956942783101,
    "eval_metrics/imp_count_r2_gw": -0.07988951824476455,
    "eval_metrics/den_pval_r2_dsf1": -0.45548287142194843,
    "eval_metrics/den_pval_pearson_1obs": 0.06396849034583858,
    "eval_metrics/den_pval_spearman_1obs": 0.06934740866929257,
    "eval_metrics/imp_pval_pearson_1obs": 0.10234266863433673,
    "eval_metrics/imp_pval_r2_gw": -0.541391760946043,
    "eval_metrics/imp_pval_spearman_dsf1": 0.03724789222635223,
    "eval_metrics/den_peak_auroc_gw": 0.533796536536639,
    "eval_metrics/imp_pval_r2_1obs": -20.373775593200136,
    "eval_metrics/imp_pval_pearson_gw": 0.047583208474818436,
    "eval_metrics/imp_pval_pearson_dsf1": 0.047583208474818436,
    "eval_metrics/imp_peak_auroc_gw": 0.4622757354510577,
    "eval_metrics/imp_pval_spearman_1obs": 0.10086289349335183,
    "eval_losses/total_loss": 5.690389118696514,
    "eval_losses/count_obs_loss": 1.3331102932754315,
    "eval_losses/count_imp_loss": 1.9334750099787636,
    "eval_losses/pval_obs_loss": 0.8300038921205621,
    "eval_losses/pval_imp_loss": 0.8195537990993924,
    "eval_losses/peak_obs_loss": 0.6817087876169305,
    "eval_losses/peak_imp_loss": 0.6797176523814126
  }
}
{
  "epoch": 21,
  "training_metadata_probes": {
    "training_metadata_probes/depth_count_ratio": 1.0003830194473267,
    "training_metadata_probes/runtype_mse": 0.0006493175169453025,
    "training_metadata_probes/readlen_mse": 7.5602724791679066e-06
  }
}
{
  "epoch": 22,
  "eval_prefixed": {
    "eval_metrics/imp_count_pearson_gw": 0.011729627714740919,
    "eval_metrics/den_count_r2_gw": -0.16162940097512826,
    "eval_metrics/den_pval_pearson_dsf1": 0.09956727248592008,
    "eval_metrics/imp_count_spearman_gw": -0.017605907514734342,
    "eval_metrics/den_pval_r2_gw": -0.41562178714571507,
    "eval_metrics/imp_pval_spearman_gw": 0.0377010926217104,
    "eval_metrics/den_pval_r2_1obs": -23.75241359230215,
    "eval_metrics/den_pval_pearson_gw": 0.09956727248592008,
    "eval_metrics/den_count_pearson_gw": 0.07325918590159793,
    "eval_metrics/den_pval_spearman_dsf1": 0.0972651238146911,
    "eval_metrics/imp_pval_r2_dsf1": -0.3921393078012938,
    "eval_metrics/den_count_spearman_gw": 0.06436447028618426,
    "eval_metrics/den_pval_spearman_gw": 0.0972651238146911,
    "eval_metrics/imp_count_r2_gw": -0.07296079119653981,
    "eval_metrics/den_pval_r2_dsf1": -0.41562178714571507,
    "eval_metrics/den_pval_pearson_1obs": 0.06476667617129064,
    "eval_metrics/den_pval_spearman_1obs": 0.06475373293932095,
    "eval_metrics/imp_pval_pearson_1obs": 0.11197479626871572,
    "eval_metrics/imp_pval_r2_gw": -0.3921393078012938,
    "eval_metrics/imp_pval_spearman_dsf1": 0.0377010926217104,
    "eval_metrics/den_peak_auroc_gw": 0.5360430677053702,
    "eval_metrics/imp_pval_r2_1obs": -30.14003205554133,
    "eval_metrics/imp_pval_pearson_gw": 0.05402908866138508,
    "eval_metrics/imp_pval_pearson_dsf1": 0.05402908866138508,
    "eval_metrics/imp_peak_auroc_gw": 0.4768882816228826,
    "eval_metrics/imp_pval_spearman_1obs": 0.10963926335717782,
    "eval_losses/total_loss": 5.7367669434139605,
    "eval_losses/count_obs_loss": 1.299793145374248,
    "eval_losses/count_imp_loss": 2.001098660249559,
    "eval_losses/pval_obs_loss": 0.8109597893137681,
    "eval_losses/pval_imp_loss": 0.8729629984923771,
    "eval_losses/peak_obs_loss": 0.6808498274338873,
    "eval_losses/peak_imp_loss": 0.6788348139278473
  }
}
{
  "epoch": 22,
  "training_metadata_probes": {
    "training_metadata_probes/depth_count_ratio": 1.0001977682113647,
    "training_metadata_probes/runtype_mse": 0.0006592239951714873,
    "training_metadata_probes/readlen_mse": 5.858019449078711e-06
  }
}
{
  "epoch": 23,
  "eval_prefixed": {
    "eval_metrics/imp_count_pearson_gw": 0.00964338442160321,
    "eval_metrics/den_count_r2_gw": -0.17064239651425464,
    "eval_metrics/den_pval_pearson_dsf1": 0.10671338332375806,
    "eval_metrics/imp_count_spearman_gw": -0.019638837366808472,
    "eval_metrics/den_pval_r2_gw": -0.3357564561854013,
    "eval_metrics/imp_pval_spearman_gw": 0.04364850770202779,
    "eval_metrics/den_pval_r2_1obs": -39.83151603797285,
    "eval_metrics/den_pval_pearson_gw": 0.10671338332375806,
    "eval_metrics/den_count_pearson_gw": 0.0722267728714015,
    "eval_metrics/den_pval_spearman_dsf1": 0.10324400478524397,
    "eval_metrics/imp_pval_r2_dsf1": -0.4240120177733182,
    "eval_metrics/den_count_spearman_gw": 0.06469304586225644,
    "eval_metrics/den_pval_spearman_gw": 0.10324400478524397,
    "eval_metrics/imp_count_r2_gw": -0.08390191995053924,
    "eval_metrics/den_pval_r2_dsf1": -0.3357564561854013,
    "eval_metrics/den_pval_pearson_1obs": 0.058514919818423404,
    "eval_metrics/den_pval_spearman_1obs": 0.053345075534618445,
    "eval_metrics/imp_pval_pearson_1obs": 0.12600077570061244,
    "eval_metrics/imp_pval_r2_gw": -0.4240120177733182,
    "eval_metrics/imp_pval_spearman_dsf1": 0.04364850770202779,
    "eval_metrics/den_peak_auroc_gw": 0.5264427783154288,
    "eval_metrics/imp_pval_r2_1obs": -27.11844791193118,
    "eval_metrics/imp_pval_pearson_gw": 0.05732314582980637,
    "eval_metrics/imp_pval_pearson_dsf1": 0.05732314582980637,
    "eval_metrics/imp_peak_auroc_gw": 0.47910803165998905,
    "eval_metrics/imp_pval_spearman_1obs": 0.11812622897225042,
    "eval_losses/total_loss": 5.835541583989796,
    "eval_losses/count_obs_loss": 1.4312534724411212,
    "eval_losses/count_imp_loss": 1.9642811559495472,
    "eval_losses/pval_obs_loss": 0.839342187894018,
    "eval_losses/pval_imp_loss": 0.8372799318934244,
    "eval_losses/peak_obs_loss": 0.680190163223367,
    "eval_losses/peak_imp_loss": 0.678461734264616
  }
}
{
  "epoch": 23,
  "training_metadata_probes": {
    "training_metadata_probes/depth_count_ratio": 1.000132441520691,
    "training_metadata_probes/runtype_mse": 0.0006460833246819675,
    "training_metadata_probes/readlen_mse": 5.634694389300421e-06
  }
}
{
  "epoch": 24,
  "eval_prefixed": {
    "eval_metrics/imp_count_pearson_gw": 0.012321156111457163,
    "eval_metrics/den_count_r2_gw": -0.17905335963121344,
    "eval_metrics/den_pval_pearson_dsf1": 0.11392829861908563,
    "eval_metrics/imp_count_spearman_gw": -0.014137862609969928,
    "eval_metrics/den_pval_r2_gw": -0.3588123023153956,
    "eval_metrics/imp_pval_spearman_gw": 0.043500968484026514,
    "eval_metrics/den_pval_r2_1obs": -21.90293982532479,
    "eval_metrics/den_pval_pearson_gw": 0.11392829861908563,
    "eval_metrics/den_count_pearson_gw": 0.07784936529136949,
    "eval_metrics/den_pval_spearman_dsf1": 0.10923259640436923,
    "eval_metrics/imp_pval_r2_dsf1": -0.4164294808810014,
    "eval_metrics/den_count_spearman_gw": 0.06324942446721997,
    "eval_metrics/den_pval_spearman_gw": 0.10923259640436923,
    "eval_metrics/imp_count_r2_gw": -0.08670109914312174,
    "eval_metrics/den_pval_r2_dsf1": -0.3588123023153956,
    "eval_metrics/den_pval_pearson_1obs": 0.0822167403365663,
    "eval_metrics/den_pval_spearman_1obs": 0.07781935261391686,
    "eval_metrics/imp_pval_pearson_1obs": 0.12981865840080742,
    "eval_metrics/imp_pval_r2_gw": -0.4164294808810014,
    "eval_metrics/imp_pval_spearman_dsf1": 0.043500968484026514,
    "eval_metrics/den_peak_auroc_gw": 0.532309968057234,
    "eval_metrics/imp_pval_r2_1obs": -24.819441100751504,
    "eval_metrics/imp_pval_pearson_gw": 0.065440824164802,
    "eval_metrics/imp_pval_pearson_dsf1": 0.065440824164802,
    "eval_metrics/imp_peak_auroc_gw": 0.4711717847887739,
    "eval_metrics/imp_pval_spearman_1obs": 0.12174846421478455,
    "eval_losses/total_loss": 5.663992132403348,
    "eval_losses/count_obs_loss": 1.3387917782130994,
    "eval_losses/count_imp_loss": 1.9623137286731176,
    "eval_losses/pval_obs_loss": 0.7917002102262095,
    "eval_losses/pval_imp_loss": 0.8015932275189294,
    "eval_losses/peak_obs_loss": 0.6801540506513495,
    "eval_losses/peak_imp_loss": 0.6782248389153254
  }
}
{
  "epoch": 24,
  "training_metadata_probes": {
    "training_metadata_probes/depth_count_ratio": 1.0003547668457031,
    "training_metadata_probes/runtype_mse": 0.0006951246759854257,
    "training_metadata_probes/readlen_mse": 5.186078396945959e-06
  }
}
{
  "epoch": 25,
  "eval_prefixed": {
    "eval_metrics/imp_count_pearson_gw": 0.012315339843062536,
    "eval_metrics/den_count_r2_gw": -0.20538884178615255,
    "eval_metrics/den_pval_pearson_dsf1": 0.1215582013660184,
    "eval_metrics/imp_count_spearman_gw": -0.01644735347414508,
    "eval_metrics/den_pval_r2_gw": -0.3097024818778776,
    "eval_metrics/imp_pval_spearman_gw": 0.054097185080785794,
    "eval_metrics/den_pval_r2_1obs": -34.44705305196652,
    "eval_metrics/den_pval_pearson_gw": 0.1215582013660184,
    "eval_metrics/den_count_pearson_gw": 0.07128701595808563,
    "eval_metrics/den_pval_spearman_dsf1": 0.11634192377495918,
    "eval_metrics/imp_pval_r2_dsf1": -0.36567787463900764,
    "eval_metrics/den_count_spearman_gw": 0.0596934954242419,
    "eval_metrics/den_pval_spearman_gw": 0.11634192377495918,
    "eval_metrics/imp_count_r2_gw": -0.08388594524014448,
    "eval_metrics/den_pval_r2_dsf1": -0.3097024818778776,
    "eval_metrics/den_pval_pearson_1obs": 0.0892531501727047,
    "eval_metrics/den_pval_spearman_1obs": 0.08751808639706209,
    "eval_metrics/imp_pval_pearson_1obs": 0.13658368629994727,
    "eval_metrics/imp_pval_r2_gw": -0.36567787463900764,
    "eval_metrics/imp_pval_spearman_dsf1": 0.054097185080785794,
    "eval_metrics/den_peak_auroc_gw": 0.5291428310127326,
    "eval_metrics/imp_pval_r2_1obs": -22.820670095191325,
    "eval_metrics/imp_pval_pearson_gw": 0.07563573378415424,
    "eval_metrics/imp_pval_pearson_dsf1": 0.07563573378415424,
    "eval_metrics/imp_peak_auroc_gw": 0.47427474553384563,
    "eval_metrics/imp_pval_spearman_1obs": 0.13004815591019095,
    "eval_losses/total_loss": 5.695899677119757,
    "eval_losses/count_obs_loss": 1.384741187095642,
    "eval_losses/count_imp_loss": 1.9529875526352534,
    "eval_losses/pval_obs_loss": 0.8012176508966246,
    "eval_losses/pval_imp_loss": 0.7836774209189037,
    "eval_losses/peak_obs_loss": 0.6794197896593496,
    "eval_losses/peak_imp_loss": 0.6779318480264573
  }
}
{
  "epoch": 25,
  "training_metadata_probes": {
    "training_metadata_probes/depth_count_ratio": 1.0005178451538086,
    "training_metadata_probes/runtype_mse": 0.0006935326964594424,
    "training_metadata_probes/readlen_mse": 4.4027283365721814e-06
  }
}
{
  "epoch": 26,
  "eval_prefixed": {
    "eval_metrics/imp_count_pearson_gw": 0.01227536816163809,
    "eval_metrics/den_count_r2_gw": -0.15835986372043684,
    "eval_metrics/den_pval_pearson_dsf1": 0.1340072552342654,
    "eval_metrics/imp_count_spearman_gw": -0.009602880190922999,
    "eval_metrics/den_pval_r2_gw": -0.27581660602645686,
    "eval_metrics/imp_pval_spearman_gw": 0.0627608089989504,
    "eval_metrics/den_pval_r2_1obs": -28.26559015205341,
    "eval_metrics/den_pval_pearson_gw": 0.1340072552342654,
    "eval_metrics/den_count_pearson_gw": 0.07795452108582954,
    "eval_metrics/den_pval_spearman_dsf1": 0.12281501556559543,
    "eval_metrics/imp_pval_r2_dsf1": -0.24181426449291563,
    "eval_metrics/den_count_spearman_gw": 0.05974760811954677,
    "eval_metrics/den_pval_spearman_gw": 0.12281501556559543,
    "eval_metrics/imp_count_r2_gw": -0.07142910524065399,
    "eval_metrics/den_pval_r2_dsf1": -0.27581660602645686,
    "eval_metrics/den_pval_pearson_1obs": 0.08862019909850603,
    "eval_metrics/den_pval_spearman_1obs": 0.08533785760921515,
    "eval_metrics/imp_pval_pearson_1obs": 0.1598723498764374,
    "eval_metrics/imp_pval_r2_gw": -0.24181426449291563,
    "eval_metrics/imp_pval_spearman_dsf1": 0.0627608089989504,
    "eval_metrics/den_peak_auroc_gw": 0.5289611355713537,
    "eval_metrics/imp_pval_r2_1obs": -28.334593635274185,
    "eval_metrics/imp_pval_pearson_gw": 0.08672228928596254,
    "eval_metrics/imp_pval_pearson_dsf1": 0.08672228928596254,
    "eval_metrics/imp_peak_auroc_gw": 0.47766631565894,
    "eval_metrics/imp_pval_spearman_1obs": 0.15232998556999428,
    "eval_losses/total_loss": 5.6136512724976795,
    "eval_losses/count_obs_loss": 1.292352070933894,
    "eval_losses/count_imp_loss": 2.0229099686183627,
    "eval_losses/pval_obs_loss": 0.7474600515867534,
    "eval_losses/pval_imp_loss": 0.7910845118855673,
    "eval_losses/peak_obs_loss": 0.6795056540715066,
    "eval_losses/peak_imp_loss": 0.6775824351916238
  }
}
{
  "epoch": 26,
  "training_metadata_probes": {
    "training_metadata_probes/depth_count_ratio": 1.000799298286438,
    "training_metadata_probes/runtype_mse": 0.000754414068069309,
    "training_metadata_probes/readlen_mse": 3.6242643091100035e-06
  }
}
{
  "epoch": 27,
  "eval_prefixed": {
    "eval_metrics/imp_count_pearson_gw": 0.011934308102123424,
    "eval_metrics/den_count_r2_gw": -0.14363017779955425,
    "eval_metrics/den_pval_pearson_dsf1": 0.14846909513366163,
    "eval_metrics/imp_count_spearman_gw": -0.011163350884260567,
    "eval_metrics/den_pval_r2_gw": -0.18070434444557568,
    "eval_metrics/imp_pval_spearman_gw": 0.06838207753710392,
    "eval_metrics/den_pval_r2_1obs": -27.736300601231026,
    "eval_metrics/den_pval_pearson_gw": 0.14846909513366163,
    "eval_metrics/den_count_pearson_gw": 0.08204692275356999,
    "eval_metrics/den_pval_spearman_dsf1": 0.1347580881759895,
    "eval_metrics/imp_pval_r2_dsf1": -0.2333249623605375,
    "eval_metrics/den_count_spearman_gw": 0.06112491702291732,
    "eval_metrics/den_pval_spearman_gw": 0.1347580881759895,
    "eval_metrics/imp_count_r2_gw": -0.09101681846769641,
    "eval_metrics/den_pval_r2_dsf1": -0.18070434444557568,
    "eval_metrics/den_pval_pearson_1obs": 0.06211796347787114,
    "eval_metrics/den_pval_spearman_1obs": 0.05797762582654964,
    "eval_metrics/imp_pval_pearson_1obs": 0.17934180511575606,
    "eval_metrics/imp_pval_r2_gw": -0.2333249623605375,
    "eval_metrics/imp_pval_spearman_dsf1": 0.06838207753710392,
    "eval_metrics/den_peak_auroc_gw": 0.5323155361664637,
    "eval_metrics/imp_pval_r2_1obs": -22.924015058450554,
    "eval_metrics/imp_pval_pearson_gw": 0.08089772936341072,
    "eval_metrics/imp_pval_pearson_dsf1": 0.08089772936341072,
    "eval_metrics/imp_peak_auroc_gw": 0.49321598391124566,
    "eval_metrics/imp_pval_spearman_1obs": 0.1673116487843686,
    "eval_losses/total_loss": 5.574154565208836,
    "eval_losses/count_obs_loss": 1.309625874224462,
    "eval_losses/count_imp_loss": 1.975997783834972,
    "eval_losses/pval_obs_loss": 0.7455555243711722,
    "eval_losses/pval_imp_loss": 0.7735099797210996,
    "eval_losses/peak_obs_loss": 0.6789080539816305,
    "eval_losses/peak_imp_loss": 0.6766025310470944
  }
}
{
  "epoch": 27,
  "training_metadata_probes": {
    "training_metadata_probes/depth_count_ratio": 1.0010626316070557,
    "training_metadata_probes/runtype_mse": 0.0008531145285815,
    "training_metadata_probes/readlen_mse": 3.2885036489460617e-06
  }
}
{
  "epoch": 28,
  "eval_prefixed": {
    "eval_metrics/imp_count_pearson_gw": 0.015332289481727731,
    "eval_metrics/den_count_r2_gw": -0.1491465768671614,
    "eval_metrics/den_pval_pearson_dsf1": 0.16025150130084703,
    "eval_metrics/imp_count_spearman_gw": -0.013502828952150592,
    "eval_metrics/den_pval_r2_gw": -0.15545806556073136,
    "eval_metrics/imp_pval_spearman_gw": 0.09158697265998465,
    "eval_metrics/den_pval_r2_1obs": -24.554826274065515,
    "eval_metrics/den_pval_pearson_gw": 0.16025150130084703,
    "eval_metrics/den_count_pearson_gw": 0.08229074998311453,
    "eval_metrics/den_pval_spearman_dsf1": 0.1454948628327673,
    "eval_metrics/imp_pval_r2_dsf1": -0.18833668822940625,
    "eval_metrics/den_count_spearman_gw": 0.0655267170815881,
    "eval_metrics/den_pval_spearman_gw": 0.1454948628327673,
    "eval_metrics/imp_count_r2_gw": -0.07886390114078069,
    "eval_metrics/den_pval_r2_dsf1": -0.15545806556073136,
    "eval_metrics/den_pval_pearson_1obs": 0.08490778388927299,
    "eval_metrics/den_pval_spearman_1obs": 0.08348760604190582,
    "eval_metrics/imp_pval_pearson_1obs": 0.16363474934376657,
    "eval_metrics/imp_pval_r2_gw": -0.18833668822940625,
    "eval_metrics/imp_pval_spearman_dsf1": 0.09158697265998465,
    "eval_metrics/den_peak_auroc_gw": 0.5326343166323313,
    "eval_metrics/imp_pval_r2_1obs": -31.52701194967874,
    "eval_metrics/imp_pval_pearson_gw": 0.10046826830754678,
    "eval_metrics/imp_pval_pearson_dsf1": 0.10046826830754678,
    "eval_metrics/imp_peak_auroc_gw": 0.505586562776804,
    "eval_metrics/imp_pval_spearman_1obs": 0.13940974705578793,
    "eval_losses/total_loss": 5.484151901775284,
    "eval_losses/count_obs_loss": 1.3100415029023822,
    "eval_losses/count_imp_loss": 1.9802414954654755,
    "eval_losses/pval_obs_loss": 0.6929829183377718,
    "eval_losses/pval_imp_loss": 0.7267413636048635,
    "eval_losses/peak_obs_loss": 0.6776845125775588,
    "eval_losses/peak_imp_loss": 0.6749483403705415
  }
}
{
  "epoch": 28,
  "training_metadata_probes": {
    "training_metadata_probes/depth_count_ratio": 1.0013835430145264,
    "training_metadata_probes/runtype_mse": 0.0008523745927959681,
    "training_metadata_probes/readlen_mse": 3.4014367429335834e-06
  }
}
{
  "epoch": 29,
  "eval_prefixed": {
    "eval_metrics/imp_count_pearson_gw": 0.013612184471668794,
    "eval_metrics/den_count_r2_gw": -0.13121009738824127,
    "eval_metrics/den_pval_pearson_dsf1": 0.1656096918128529,
    "eval_metrics/imp_count_spearman_gw": -0.008218650846473472,
    "eval_metrics/den_pval_r2_gw": -0.15052353613244182,
    "eval_metrics/imp_pval_spearman_gw": 0.08243813394022573,
    "eval_metrics/den_pval_r2_1obs": -25.568258740832743,
    "eval_metrics/den_pval_pearson_gw": 0.1656096918128529,
    "eval_metrics/den_count_pearson_gw": 0.07941241372272519,
    "eval_metrics/den_pval_spearman_dsf1": 0.1475055077776675,
    "eval_metrics/imp_pval_r2_dsf1": -0.20531865984619488,
    "eval_metrics/den_count_spearman_gw": 0.06283357364625593,
    "eval_metrics/den_pval_spearman_gw": 0.1475055077776675,
    "eval_metrics/imp_count_r2_gw": -0.0834583582165078,
    "eval_metrics/den_pval_r2_dsf1": -0.15052353613244182,
    "eval_metrics/den_pval_pearson_1obs": 0.06728523944356742,
    "eval_metrics/den_pval_spearman_1obs": 0.059371633676560655,
    "eval_metrics/imp_pval_pearson_1obs": 0.19415257353518559,
    "eval_metrics/imp_pval_r2_gw": -0.20531865984619488,
    "eval_metrics/imp_pval_spearman_dsf1": 0.08243813394022573,
    "eval_metrics/den_peak_auroc_gw": 0.5226176138739899,
    "eval_metrics/imp_pval_r2_1obs": -28.276112300840722,
    "eval_metrics/imp_pval_pearson_gw": 0.09733174185431193,
    "eval_metrics/imp_pval_pearson_dsf1": 0.09733174185431193,
    "eval_metrics/imp_peak_auroc_gw": 0.4921327769124664,
    "eval_metrics/imp_pval_spearman_1obs": 0.1823702830977854,
    "eval_losses/total_loss": 5.52605086447377,
    "eval_losses/count_obs_loss": 1.324198281294421,
    "eval_losses/count_imp_loss": 1.970123343051426,
    "eval_losses/pval_obs_loss": 0.7022223151043842,
    "eval_losses/pval_imp_loss": 0.7603076909269605,
    "eval_losses/peak_obs_loss": 0.6770240711538416,
    "eval_losses/peak_imp_loss": 0.6746177115137615
  }
}
{
  "epoch": 29,
  "training_metadata_probes": {
    "training_metadata_probes/depth_count_ratio": 1.001603126525879,
    "training_metadata_probes/runtype_mse": 0.0008591412333771586,
    "training_metadata_probes/readlen_mse": 3.1536112601315835e-06
  }
}
{
  "epoch": 30,
  "eval_prefixed": {
    "eval_metrics/imp_count_pearson_gw": 0.015214354224828265,
    "eval_metrics/den_count_r2_gw": -0.17662652338117804,
    "eval_metrics/den_pval_pearson_dsf1": 0.16573889048672036,
    "eval_metrics/imp_count_spearman_gw": -0.013688531149537208,
    "eval_metrics/den_pval_r2_gw": -0.13541510416836314,
    "eval_metrics/imp_pval_spearman_gw": 0.09527868306934577,
    "eval_metrics/den_pval_r2_1obs": -25.96976996787544,
    "eval_metrics/den_pval_pearson_gw": 0.16573889048672036,
    "eval_metrics/den_count_pearson_gw": 0.08032837251084857,
    "eval_metrics/den_pval_spearman_dsf1": 0.14344423579506832,
    "eval_metrics/imp_pval_r2_dsf1": -0.17568476815704553,
    "eval_metrics/den_count_spearman_gw": 0.06644181115104016,
    "eval_metrics/den_pval_spearman_gw": 0.14344423579506832,
    "eval_metrics/imp_count_r2_gw": -0.06942673306421658,
    "eval_metrics/den_pval_r2_dsf1": -0.13541510416836314,
    "eval_metrics/den_pval_pearson_1obs": 0.09096133918731204,
    "eval_metrics/den_pval_spearman_1obs": 0.08922675817553513,
    "eval_metrics/imp_pval_pearson_1obs": 0.1528980593152699,
    "eval_metrics/imp_pval_r2_gw": -0.17568476815704553,
    "eval_metrics/imp_pval_spearman_dsf1": 0.09527868306934577,
    "eval_metrics/den_peak_auroc_gw": 0.5299819178408689,
    "eval_metrics/imp_pval_r2_1obs": -30.559919650912367,
    "eval_metrics/imp_pval_pearson_gw": 0.10654335911016143,
    "eval_metrics/imp_pval_pearson_dsf1": 0.10654335911016143,
    "eval_metrics/imp_peak_auroc_gw": 0.5111592245355804,
    "eval_metrics/imp_pval_spearman_1obs": 0.14380064774933699,
    "eval_losses/total_loss": 5.525504318384551,
    "eval_losses/count_obs_loss": 1.3411673981892436,
    "eval_losses/count_imp_loss": 1.9559721360130915,
    "eval_losses/pval_obs_loss": 0.6916641330248431,
    "eval_losses/pval_imp_loss": 0.7662082615766733,
    "eval_losses/peak_obs_loss": 0.6769212484359741,
    "eval_losses/peak_imp_loss": 0.6745992364391448
  }
}
{
  "epoch": 30,
  "training_metadata_probes": {
    "training_metadata_probes/depth_count_ratio": 1.0018398761749268,
    "training_metadata_probes/runtype_mse": 0.0007227858295664191,
    "training_metadata_probes/readlen_mse": 2.778850557660917e-06
  }
}
{
  "epoch": 31,
  "eval_prefixed": {
    "eval_metrics/imp_count_pearson_gw": 0.013136150978786487,
    "eval_metrics/den_count_r2_gw": -0.1386013868278588,
    "eval_metrics/den_pval_pearson_dsf1": 0.178995590418038,
    "eval_metrics/imp_count_spearman_gw": -0.012907923226715292,
    "eval_metrics/den_pval_r2_gw": -0.09282635429519885,
    "eval_metrics/imp_pval_spearman_gw": 0.09765051658250436,
    "eval_metrics/den_pval_r2_1obs": -23.428040093877836,
    "eval_metrics/den_pval_pearson_gw": 0.178995590418038,
    "eval_metrics/den_count_pearson_gw": 0.09054819581184634,
    "eval_metrics/den_pval_spearman_dsf1": 0.15474212580074398,
    "eval_metrics/imp_pval_r2_dsf1": -0.1467580759409688,
    "eval_metrics/den_count_spearman_gw": 0.06759421945217114,
    "eval_metrics/den_pval_spearman_gw": 0.15474212580074398,
    "eval_metrics/imp_count_r2_gw": -0.07298126168102913,
    "eval_metrics/den_pval_r2_dsf1": -0.09282635429519885,
    "eval_metrics/den_pval_pearson_1obs": 0.0849880051223169,
    "eval_metrics/den_pval_spearman_1obs": 0.08839708988494566,
    "eval_metrics/imp_pval_pearson_1obs": 0.19553033410320206,
    "eval_metrics/imp_pval_r2_gw": -0.1467580759409688,
    "eval_metrics/imp_pval_spearman_dsf1": 0.09765051658250436,
    "eval_metrics/den_peak_auroc_gw": 0.5213184248552477,
    "eval_metrics/imp_pval_r2_1obs": -19.278780365747615,
    "eval_metrics/imp_pval_pearson_gw": 0.10859237599467474,
    "eval_metrics/imp_pval_pearson_dsf1": 0.10859237599467474,
    "eval_metrics/imp_peak_auroc_gw": 0.5061013182627602,
    "eval_metrics/imp_pval_spearman_1obs": 0.17582856106168393,
    "eval_losses/total_loss": 5.4318501008184334,
    "eval_losses/count_obs_loss": 1.306121953223881,
    "eval_losses/count_imp_loss": 2.0052996183198597,
    "eval_losses/pval_obs_loss": 0.6495436888776327,
    "eval_losses/pval_imp_loss": 0.6984610448754023,
    "eval_losses/peak_obs_loss": 0.6763761569010583,
    "eval_losses/peak_imp_loss": 0.6737858596302214
  }
}
{
  "epoch": 31,
  "training_metadata_probes": {
    "training_metadata_probes/depth_count_ratio": 1.0020865201950073,
    "training_metadata_probes/runtype_mse": 0.0005475698853842914,
    "training_metadata_probes/readlen_mse": 2.907080670411233e-06
  }
}
{
  "epoch": 32,
  "eval_prefixed": {
    "eval_metrics/imp_count_pearson_gw": 0.015163736013207762,
    "eval_metrics/den_count_r2_gw": -0.12335395854135654,
    "eval_metrics/den_pval_pearson_dsf1": 0.18076324010096295,
    "eval_metrics/imp_count_spearman_gw": -0.013997964206896134,
    "eval_metrics/den_pval_r2_gw": -0.09077989459071716,
    "eval_metrics/imp_pval_spearman_gw": 0.09692489492163521,
    "eval_metrics/den_pval_r2_1obs": -25.562081163035156,
    "eval_metrics/den_pval_pearson_gw": 0.18076324010096295,
    "eval_metrics/den_count_pearson_gw": 0.08376833728260336,
    "eval_metrics/den_pval_spearman_dsf1": 0.1547492126295833,
    "eval_metrics/imp_pval_r2_dsf1": -0.1613506176744083,
    "eval_metrics/den_count_spearman_gw": 0.06599329434091551,
    "eval_metrics/den_pval_spearman_gw": 0.1547492126295833,
    "eval_metrics/imp_count_r2_gw": -0.08513141963331544,
    "eval_metrics/den_pval_r2_dsf1": -0.09077989459071716,
    "eval_metrics/den_pval_pearson_1obs": 0.08261161718952567,
    "eval_metrics/den_pval_spearman_1obs": 0.0877994573356806,
    "eval_metrics/imp_pval_pearson_1obs": 0.17914706037660677,
    "eval_metrics/imp_pval_r2_gw": -0.1613506176744083,
    "eval_metrics/imp_pval_spearman_dsf1": 0.09692489492163521,
    "eval_metrics/den_peak_auroc_gw": 0.5343750697066286,
    "eval_metrics/imp_pval_r2_1obs": -25.44745143471274,
    "eval_metrics/imp_pval_pearson_gw": 0.10868346660826651,
    "eval_metrics/imp_pval_pearson_dsf1": 0.10868346660826651,
    "eval_metrics/imp_peak_auroc_gw": 0.507262649537811,
    "eval_metrics/imp_pval_spearman_1obs": 0.16695790412642944,
    "eval_losses/total_loss": 5.44634392543843,
    "eval_losses/count_obs_loss": 1.2814036662641324,
    "eval_losses/count_imp_loss": 1.9880734275257776,
    "eval_losses/pval_obs_loss": 0.6520262186072374,
    "eval_losses/pval_imp_loss": 0.762102410197258,
    "eval_losses/peak_obs_loss": 0.6753083310629192,
    "eval_losses/peak_imp_loss": 0.6729675578692603
  }
}
{
  "epoch": 32,
  "training_metadata_probes": {
    "training_metadata_probes/depth_count_ratio": 1.002084493637085,
    "training_metadata_probes/runtype_mse": 0.0006025648908689618,
    "training_metadata_probes/readlen_mse": 2.821054295054637e-06
  }
}
{
  "epoch": 33,
  "eval_prefixed": {
    "eval_metrics/imp_count_pearson_gw": 0.012222478683624003,
    "eval_metrics/den_count_r2_gw": -0.1298647678941989,
    "eval_metrics/den_pval_pearson_dsf1": 0.18784078105205768,
    "eval_metrics/imp_count_spearman_gw": -0.01458985813997989,
    "eval_metrics/den_pval_r2_gw": -0.06296836171974514,
    "eval_metrics/imp_pval_spearman_gw": 0.09911854453034956,
    "eval_metrics/den_pval_r2_1obs": -25.334408937082916,
    "eval_metrics/den_pval_pearson_gw": 0.18784078105205768,
    "eval_metrics/den_count_pearson_gw": 0.08534471146068474,
    "eval_metrics/den_pval_spearman_dsf1": 0.1583226295088269,
    "eval_metrics/imp_pval_r2_dsf1": -0.126444555257856,
    "eval_metrics/den_count_spearman_gw": 0.06678817612374102,
    "eval_metrics/den_pval_spearman_gw": 0.1583226295088269,
    "eval_metrics/imp_count_r2_gw": -0.07872184025166577,
    "eval_metrics/den_pval_r2_dsf1": -0.06296836171974514,
    "eval_metrics/den_pval_pearson_1obs": 0.06877254602793408,
    "eval_metrics/den_pval_spearman_1obs": 0.06950088436956196,
    "eval_metrics/imp_pval_pearson_1obs": 0.2287524889661221,
    "eval_metrics/imp_pval_r2_gw": -0.126444555257856,
    "eval_metrics/imp_pval_spearman_dsf1": 0.09911854453034956,
    "eval_metrics/den_peak_auroc_gw": 0.5301337499781607,
    "eval_metrics/imp_pval_r2_1obs": -29.809945754915553,
    "eval_metrics/imp_pval_pearson_gw": 0.11644710645463968,
    "eval_metrics/imp_pval_pearson_dsf1": 0.11644710645463968,
    "eval_metrics/imp_peak_auroc_gw": 0.5131599259243823,
    "eval_metrics/imp_pval_spearman_1obs": 0.21222373065252784,
    "eval_losses/total_loss": 5.42752019997294,
    "eval_losses/count_obs_loss": 1.3151745874630778,
    "eval_losses/count_imp_loss": 1.9731882659215776,
    "eval_losses/pval_obs_loss": 0.6526866108179092,
    "eval_losses/pval_imp_loss": 0.7154261987242434,
    "eval_losses/peak_obs_loss": 0.6738221715939673,
    "eval_losses/peak_imp_loss": 0.6720775843612732
  }
}
{
  "epoch": 33,
  "training_metadata_probes": {
    "training_metadata_probes/depth_count_ratio": 1.0021674633026123,
    "training_metadata_probes/runtype_mse": 0.0004470038693398237,
    "training_metadata_probes/readlen_mse": 2.985435457958374e-06
  }
}
{
  "epoch": 34,
  "eval_prefixed": {
    "eval_metrics/imp_count_pearson_gw": 0.013383609811878867,
    "eval_metrics/den_count_r2_gw": -0.136976285906554,
    "eval_metrics/den_pval_pearson_dsf1": 0.1836833587945684,
    "eval_metrics/imp_count_spearman_gw": -0.01594442937175645,
    "eval_metrics/den_pval_r2_gw": -0.0811230321885934,
    "eval_metrics/imp_pval_spearman_gw": 0.10834254381366483,
    "eval_metrics/den_pval_r2_1obs": -25.565561590986643,
    "eval_metrics/den_pval_pearson_gw": 0.1836833587945684,
    "eval_metrics/den_count_pearson_gw": 0.08830384352002416,
    "eval_metrics/den_pval_spearman_dsf1": 0.15631768793752773,
    "eval_metrics/imp_pval_r2_dsf1": -0.11285048104852963,
    "eval_metrics/den_count_spearman_gw": 0.07072392652797699,
    "eval_metrics/den_pval_spearman_gw": 0.15631768793752773,
    "eval_metrics/imp_count_r2_gw": -0.07223828066999444,
    "eval_metrics/den_pval_r2_dsf1": -0.0811230321885934,
    "eval_metrics/den_pval_pearson_1obs": 0.08371756272390485,
    "eval_metrics/den_pval_spearman_1obs": 0.08687746479701002,
    "eval_metrics/imp_pval_pearson_1obs": 0.17091196051074398,
    "eval_metrics/imp_pval_r2_gw": -0.11285048104852963,
    "eval_metrics/imp_pval_spearman_dsf1": 0.10834254381366483,
    "eval_metrics/den_peak_auroc_gw": 0.5264427852262824,
    "eval_metrics/imp_pval_r2_1obs": -38.0197751024941,
    "eval_metrics/imp_pval_pearson_gw": 0.12408962463664394,
    "eval_metrics/imp_pval_pearson_dsf1": 0.12408962463664394,
    "eval_metrics/imp_peak_auroc_gw": 0.5301513837979264,
    "eval_metrics/imp_pval_spearman_1obs": 0.16497372557639794,
    "eval_losses/total_loss": 5.441689874094568,
    "eval_losses/count_obs_loss": 1.2831935317892778,
    "eval_losses/count_imp_loss": 1.995112507116227,
    "eval_losses/pval_obs_loss": 0.638240191105165,
    "eval_losses/pval_imp_loss": 0.7687856456826604,
    "eval_losses/peak_obs_loss": 0.6731677980799424,
    "eval_losses/peak_imp_loss": 0.6706846223937141
  }
}
{
  "epoch": 34,
  "training_metadata_probes": {
    "training_metadata_probes/depth_count_ratio": 1.002152919769287,
    "training_metadata_probes/runtype_mse": 0.0003355535736773163,
    "training_metadata_probes/readlen_mse": 3.4938611861434765e-06
  }
}
{
  "epoch": 35,
  "eval_prefixed": {
    "eval_metrics/imp_count_pearson_gw": 0.015290049736254982,
    "eval_metrics/den_count_r2_gw": -0.1393289071007064,
    "eval_metrics/den_pval_pearson_dsf1": 0.20183094948113553,
    "eval_metrics/imp_count_spearman_gw": -0.017262395813514672,
    "eval_metrics/den_pval_r2_gw": -0.0601607019455481,
    "eval_metrics/imp_pval_spearman_gw": 0.10723174207221292,
    "eval_metrics/den_pval_r2_1obs": -25.758021557250313,
    "eval_metrics/den_pval_pearson_gw": 0.20183094948113553,
    "eval_metrics/den_count_pearson_gw": 0.08927845243229776,
    "eval_metrics/den_pval_spearman_dsf1": 0.16918964945048098,
    "eval_metrics/imp_pval_r2_dsf1": -0.1688674117661907,
    "eval_metrics/den_count_spearman_gw": 0.07295255228814562,
    "eval_metrics/den_pval_spearman_gw": 0.16918964945048098,
    "eval_metrics/imp_count_r2_gw": -0.0866339739102223,
    "eval_metrics/den_pval_r2_dsf1": -0.0601607019455481,
    "eval_metrics/den_pval_pearson_1obs": 0.07028854331981979,
    "eval_metrics/den_pval_spearman_1obs": 0.07009024684056527,
    "eval_metrics/imp_pval_pearson_1obs": 0.18365666229603073,
    "eval_metrics/imp_pval_r2_gw": -0.1688674117661907,
    "eval_metrics/imp_pval_spearman_dsf1": 0.10723174207221292,
    "eval_metrics/den_peak_auroc_gw": 0.5322846725710257,
    "eval_metrics/imp_pval_r2_1obs": -25.58492199812055,
    "eval_metrics/imp_pval_pearson_gw": 0.12372001532524352,
    "eval_metrics/imp_pval_pearson_dsf1": 0.12372001532524352,
    "eval_metrics/imp_peak_auroc_gw": 0.5040276814117899,
    "eval_metrics/imp_pval_spearman_1obs": 0.16711945477279003,
    "eval_losses/total_loss": 5.41831840986484,
    "eval_losses/count_obs_loss": 1.305083761873998,
    "eval_losses/count_imp_loss": 1.9662950880943784,
    "eval_losses/pval_obs_loss": 0.6431554902933145,
    "eval_losses/pval_imp_loss": 0.7391749402833363,
    "eval_losses/peak_obs_loss": 0.671423675198304,
    "eval_losses/peak_imp_loss": 0.6706857917800783
  }
}
{
  "epoch": 35,
  "training_metadata_probes": {
    "training_metadata_probes/depth_count_ratio": 1.002196192741394,
    "training_metadata_probes/runtype_mse": 0.0002500280679669231,
    "training_metadata_probes/readlen_mse": 3.0554788281733636e-06
  }
}
{
  "epoch": 36,
  "eval_prefixed": {
    "eval_metrics/imp_count_pearson_gw": 0.013027857939180518,
    "eval_metrics/den_count_r2_gw": -0.15395628639705575,
    "eval_metrics/den_pval_pearson_dsf1": 0.2073837908744616,
    "eval_metrics/imp_count_spearman_gw": -0.022689501724184092,
    "eval_metrics/den_pval_r2_gw": -0.038876996817085875,
    "eval_metrics/imp_pval_spearman_gw": 0.11554567597043995,
    "eval_metrics/den_pval_r2_1obs": -28.864980190768744,
    "eval_metrics/den_pval_pearson_gw": 0.2073837908744616,
    "eval_metrics/den_count_pearson_gw": 0.09523863714850067,
    "eval_metrics/den_pval_spearman_dsf1": 0.1699761845570014,
    "eval_metrics/imp_pval_r2_dsf1": -0.12346143787072628,
    "eval_metrics/den_count_spearman_gw": 0.07381446637516745,
    "eval_metrics/den_pval_spearman_gw": 0.1699761845570014,
    "eval_metrics/imp_count_r2_gw": -0.08016192245642441,
    "eval_metrics/den_pval_r2_dsf1": -0.038876996817085875,
    "eval_metrics/den_pval_pearson_1obs": 0.07634199481751573,
    "eval_metrics/den_pval_spearman_1obs": 0.08435572500700547,
    "eval_metrics/imp_pval_pearson_1obs": 0.20490620843326998,
    "eval_metrics/imp_pval_r2_gw": -0.12346143787072628,
    "eval_metrics/imp_pval_spearman_dsf1": 0.11554567597043995,
    "eval_metrics/den_peak_auroc_gw": 0.527135059581836,
    "eval_metrics/imp_pval_r2_1obs": -28.998801753822818,
    "eval_metrics/imp_pval_pearson_gw": 0.13027617713022563,
    "eval_metrics/imp_pval_pearson_dsf1": 0.13027617713022563,
    "eval_metrics/imp_peak_auroc_gw": 0.5034679950320987,
    "eval_metrics/imp_pval_spearman_1obs": 0.17792609026612166,
    "eval_losses/total_loss": 5.389991306111608,
    "eval_losses/count_obs_loss": 1.3393437791811793,
    "eval_losses/count_imp_loss": 1.9683800585686215,
    "eval_losses/pval_obs_loss": 0.6334967524989655,
    "eval_losses/pval_imp_loss": 0.6748542617119494,
    "eval_losses/peak_obs_loss": 0.6703085099395952,
    "eval_losses/peak_imp_loss": 0.6704166654556517
  }
}
{
  "epoch": 36,
  "training_metadata_probes": {
    "training_metadata_probes/depth_count_ratio": 1.0021770000457764,
    "training_metadata_probes/runtype_mse": 0.00016239372780546546,
    "training_metadata_probes/readlen_mse": 3.2945958992058877e-06
  }
}
{
  "epoch": 37,
  "eval_prefixed": {
    "eval_metrics/imp_count_pearson_gw": 0.01780645275444147,
    "eval_metrics/den_count_r2_gw": -0.15042105576198223,
    "eval_metrics/den_pval_pearson_dsf1": 0.21417312803800756,
    "eval_metrics/imp_count_spearman_gw": -0.014184724105839482,
    "eval_metrics/den_pval_r2_gw": -0.03968726298839676,
    "eval_metrics/imp_pval_spearman_gw": 0.11986223853250948,
    "eval_metrics/den_pval_r2_1obs": -33.272131386783414,
    "eval_metrics/den_pval_pearson_gw": 0.21417312803800756,
    "eval_metrics/den_count_pearson_gw": 0.09368625906982313,
    "eval_metrics/den_pval_spearman_dsf1": 0.17694976788027938,
    "eval_metrics/imp_pval_r2_dsf1": -0.11237658285762825,
    "eval_metrics/den_count_spearman_gw": 0.07102291309676799,
    "eval_metrics/den_pval_spearman_gw": 0.17694976788027938,
    "eval_metrics/imp_count_r2_gw": -0.07469562473273522,
    "eval_metrics/den_pval_r2_dsf1": -0.03968726298839676,
    "eval_metrics/den_pval_pearson_1obs": 0.06343621609649792,
    "eval_metrics/den_pval_spearman_1obs": 0.07372118049954875,
    "eval_metrics/imp_pval_pearson_1obs": 0.18529954431430687,
    "eval_metrics/imp_pval_r2_gw": -0.11237658285762825,
    "eval_metrics/imp_pval_spearman_dsf1": 0.11986223853250948,
    "eval_metrics/den_peak_auroc_gw": 0.5433224918431548,
    "eval_metrics/imp_pval_r2_1obs": -30.43244388206332,
    "eval_metrics/imp_pval_pearson_gw": 0.1410249083613356,
    "eval_metrics/imp_pval_pearson_dsf1": 0.1410249083613356,
    "eval_metrics/imp_peak_auroc_gw": 0.5020666805687481,
    "eval_metrics/imp_pval_spearman_1obs": 0.1750857599798588,
    "eval_losses/total_loss": 5.342059428068368,
    "eval_losses/count_obs_loss": 1.3206326875247454,
    "eval_losses/count_imp_loss": 1.9440396598407201,
    "eval_losses/pval_obs_loss": 0.6122152003410616,
    "eval_losses/pval_imp_loss": 0.692758199123163,
    "eval_losses/peak_obs_loss": 0.6684462255553195,
    "eval_losses/peak_imp_loss": 0.6695222031502497
  }
}
{
  "epoch": 37,
  "training_metadata_probes": {
    "training_metadata_probes/depth_count_ratio": 1.002150058746338,
    "training_metadata_probes/runtype_mse": 0.00015715839981567115,
    "training_metadata_probes/readlen_mse": 3.3025205539161107e-06
  }
}
{
  "epoch": 38,
  "eval_prefixed": {
    "eval_metrics/imp_count_pearson_gw": 0.011720650899593555,
    "eval_metrics/den_count_r2_gw": -0.1293715061102402,
    "eval_metrics/den_pval_pearson_dsf1": 0.21308381599000745,
    "eval_metrics/imp_count_spearman_gw": -0.022845878617275748,
    "eval_metrics/den_pval_r2_gw": -0.03779157045480899,
    "eval_metrics/imp_pval_spearman_gw": 0.12275894265084408,
    "eval_metrics/den_pval_r2_1obs": -23.13063872129594,
    "eval_metrics/den_pval_pearson_gw": 0.21308381599000745,
    "eval_metrics/den_count_pearson_gw": 0.09272064845763932,
    "eval_metrics/den_pval_spearman_dsf1": 0.17594562564429306,
    "eval_metrics/imp_pval_r2_dsf1": -0.11907215234144951,
    "eval_metrics/den_count_spearman_gw": 0.07668896725168964,
    "eval_metrics/den_pval_spearman_gw": 0.17594562564429306,
    "eval_metrics/imp_count_r2_gw": -0.08164511870524678,
    "eval_metrics/den_pval_r2_dsf1": -0.03779157045480899,
    "eval_metrics/den_pval_pearson_1obs": 0.05312709614793819,
    "eval_metrics/den_pval_spearman_1obs": 0.06100491814610109,
    "eval_metrics/imp_pval_pearson_1obs": 0.21265565554448773,
    "eval_metrics/imp_pval_r2_gw": -0.11907215234144951,
    "eval_metrics/imp_pval_spearman_dsf1": 0.12275894265084408,
    "eval_metrics/den_peak_auroc_gw": 0.5276531575156608,
    "eval_metrics/imp_pval_r2_1obs": -23.274478829857507,
    "eval_metrics/imp_pval_pearson_gw": 0.13995426582793394,
    "eval_metrics/imp_pval_pearson_dsf1": 0.13995426582793394,
    "eval_metrics/imp_peak_auroc_gw": 0.5119763641548761,
    "eval_metrics/imp_pval_spearman_1obs": 0.19848075057702472,
    "eval_losses/total_loss": 5.223209159644811,
    "eval_losses/count_obs_loss": 1.2321875895324506,
    "eval_losses/count_imp_loss": 1.943405564815279,
    "eval_losses/pval_obs_loss": 0.5728338846054516,
    "eval_losses/pval_imp_loss": 0.7040598981437229,
    "eval_losses/peak_obs_loss": 0.668869109530198,
    "eval_losses/peak_imp_loss": 0.6691728191716331
  }
}
{
  "epoch": 38,
  "training_metadata_probes": {
    "training_metadata_probes/depth_count_ratio": 1.00220787525177,
    "training_metadata_probes/runtype_mse": 0.00015606639499310404,
    "training_metadata_probes/readlen_mse": 3.85662406188203e-06
  }
}
{
  "epoch": 39,
  "eval_prefixed": {
    "eval_metrics/imp_count_pearson_gw": 0.015190455596894026,
    "eval_metrics/den_count_r2_gw": -0.11997304426782214,
    "eval_metrics/den_pval_pearson_dsf1": 0.22556123176687642,
    "eval_metrics/imp_count_spearman_gw": -0.020250913047415626,
    "eval_metrics/den_pval_r2_gw": -0.03547324080322654,
    "eval_metrics/imp_pval_spearman_gw": 0.128088253332029,
    "eval_metrics/den_pval_r2_1obs": -41.41884579059747,
    "eval_metrics/den_pval_pearson_gw": 0.22556123176687642,
    "eval_metrics/den_count_pearson_gw": 0.09874662760289778,
    "eval_metrics/den_pval_spearman_dsf1": 0.18816936164731934,
    "eval_metrics/imp_pval_r2_dsf1": -0.10575617755037277,
    "eval_metrics/den_count_spearman_gw": 0.07702725495955498,
    "eval_metrics/den_pval_spearman_gw": 0.18816936164731934,
    "eval_metrics/imp_count_r2_gw": -0.07412626571716424,
    "eval_metrics/den_pval_r2_dsf1": -0.03547324080322654,
    "eval_metrics/den_pval_pearson_1obs": 0.06679396373587415,
    "eval_metrics/den_pval_spearman_1obs": 0.0688972625578874,
    "eval_metrics/imp_pval_pearson_1obs": 0.19055790448975232,
    "eval_metrics/imp_pval_r2_gw": -0.10575617755037277,
    "eval_metrics/imp_pval_spearman_dsf1": 0.128088253332029,
    "eval_metrics/den_peak_auroc_gw": 0.538727584841677,
    "eval_metrics/imp_pval_r2_1obs": -33.70696737166913,
    "eval_metrics/imp_pval_pearson_gw": 0.14964815214394578,
    "eval_metrics/imp_pval_pearson_dsf1": 0.14964815214394578,
    "eval_metrics/imp_peak_auroc_gw": 0.5256186657962948,
    "eval_metrics/imp_pval_spearman_1obs": 0.1754148087399748,
    "eval_losses/total_loss": 5.570824481546879,
    "eval_losses/count_obs_loss": 1.3893803554145914,
    "eval_losses/count_imp_loss": 1.956323088161529,
    "eval_losses/pval_obs_loss": 0.6538084031229741,
    "eval_losses/pval_imp_loss": 0.8275687278854469,
    "eval_losses/peak_obs_loss": 0.666243104558242,
    "eval_losses/peak_imp_loss": 0.6679468982749515
  }
}
{
  "epoch": 39,
  "training_metadata_probes": {
    "training_metadata_probes/depth_count_ratio": 1.0023393630981445,
    "training_metadata_probes/runtype_mse": 0.0001046111574396491,
    "training_metadata_probes/readlen_mse": 3.6347148579807254e-06
  }
}
{
  "epoch": 40,
  "eval_prefixed": {
    "eval_metrics/imp_count_pearson_gw": 0.018178112141045165,
    "eval_metrics/den_count_r2_gw": -0.14726457235614268,
    "eval_metrics/den_pval_pearson_dsf1": 0.21936645306413993,
    "eval_metrics/imp_count_spearman_gw": -0.022198327178985705,
    "eval_metrics/den_pval_r2_gw": -0.03332519993261033,
    "eval_metrics/imp_pval_spearman_gw": 0.1298948002578209,
    "eval_metrics/den_pval_r2_1obs": -23.720799906705302,
    "eval_metrics/den_pval_pearson_gw": 0.21936645306413993,
    "eval_metrics/den_count_pearson_gw": 0.09394018604162786,
    "eval_metrics/den_pval_spearman_dsf1": 0.18305476799137943,
    "eval_metrics/imp_pval_r2_dsf1": -0.10702228079868856,
    "eval_metrics/den_count_spearman_gw": 0.07582758204262749,
    "eval_metrics/den_pval_spearman_gw": 0.18305476799137943,
    "eval_metrics/imp_count_r2_gw": -0.07058707833282196,
    "eval_metrics/den_pval_r2_dsf1": -0.03332519993261033,
    "eval_metrics/den_pval_pearson_1obs": 0.07240808096340563,
    "eval_metrics/den_pval_spearman_1obs": 0.0867737135526444,
    "eval_metrics/imp_pval_pearson_1obs": 0.1548255644766392,
    "eval_metrics/imp_pval_r2_gw": -0.10702228079868856,
    "eval_metrics/imp_pval_spearman_dsf1": 0.1298948002578209,
    "eval_metrics/den_peak_auroc_gw": 0.5362934548942749,
    "eval_metrics/imp_pval_r2_1obs": -29.86733756734621,
    "eval_metrics/imp_pval_pearson_gw": 0.14657951202539224,
    "eval_metrics/imp_pval_pearson_dsf1": 0.14657951202539224,
    "eval_metrics/imp_peak_auroc_gw": 0.4935835704725197,
    "eval_metrics/imp_pval_spearman_1obs": 0.1403027210327402,
    "eval_losses/total_loss": 5.143714051203508,
    "eval_losses/count_obs_loss": 1.255259394645691,
    "eval_losses/count_imp_loss": 1.9276188120009408,
    "eval_losses/pval_obs_loss": 0.5507071923072401,
    "eval_losses/pval_imp_loss": 0.6295636748037641,
    "eval_losses/peak_obs_loss": 0.6648380826962622,
    "eval_losses/peak_imp_loss": 0.667279624276691
  }
}
{
  "epoch": 40,
  "training_metadata_probes": {
    "training_metadata_probes/depth_count_ratio": 1.002468466758728,
    "training_metadata_probes/runtype_mse": 0.00014200543228071183,
    "training_metadata_probes/readlen_mse": 4.389805781102041e-06
  }
}
{
  "epoch": 41,
  "eval_prefixed": {
    "eval_metrics/imp_count_pearson_gw": 0.01635733322565636,
    "eval_metrics/den_count_r2_gw": -0.13621238075605804,
    "eval_metrics/den_pval_pearson_dsf1": 0.2294189158634062,
    "eval_metrics/imp_count_spearman_gw": -0.025912265079514187,
    "eval_metrics/den_pval_r2_gw": -0.02001055136984116,
    "eval_metrics/imp_pval_spearman_gw": 0.135838129226409,
    "eval_metrics/den_pval_r2_1obs": -27.740908333873293,
    "eval_metrics/den_pval_pearson_gw": 0.2294189158634062,
    "eval_metrics/den_count_pearson_gw": 0.09706514332394459,
    "eval_metrics/den_pval_spearman_dsf1": 0.1865374137314366,
    "eval_metrics/imp_pval_r2_dsf1": -0.08344657992549766,
    "eval_metrics/den_count_spearman_gw": 0.07885767596123246,
    "eval_metrics/den_pval_spearman_gw": 0.1865374137314366,
    "eval_metrics/imp_count_r2_gw": -0.06594454883854589,
    "eval_metrics/den_pval_r2_dsf1": -0.02001055136984116,
    "eval_metrics/den_pval_pearson_1obs": 0.08946422221580226,
    "eval_metrics/den_pval_spearman_1obs": 0.09652836888279363,
    "eval_metrics/imp_pval_pearson_1obs": 0.24040806401402703,
    "eval_metrics/imp_pval_r2_gw": -0.08344657992549766,
    "eval_metrics/imp_pval_spearman_dsf1": 0.135838129226409,
    "eval_metrics/den_peak_auroc_gw": 0.5248209824350112,
    "eval_metrics/imp_pval_r2_1obs": -28.525450956942418,
    "eval_metrics/imp_pval_pearson_gw": 0.16747412366408204,
    "eval_metrics/imp_pval_pearson_dsf1": 0.16747412366408204,
    "eval_metrics/imp_peak_auroc_gw": 0.5135395236576753,
    "eval_metrics/imp_pval_spearman_1obs": 0.2272809707572244,
    "eval_losses/total_loss": 5.183631539013923,
    "eval_losses/count_obs_loss": 1.277932102742948,
    "eval_losses/count_imp_loss": 1.9224419858720567,
    "eval_losses/pval_obs_loss": 0.5620149313839838,
    "eval_losses/pval_imp_loss": 0.644658751667492,
    "eval_losses/peak_obs_loss": 0.6635054240101262,
    "eval_losses/peak_imp_loss": 0.6661311695500026
  }
}
{
  "epoch": 41,
  "training_metadata_probes": {
    "training_metadata_probes/depth_count_ratio": 1.0026425123214722,
    "training_metadata_probes/runtype_mse": 9.411510836798698e-05,
    "training_metadata_probes/readlen_mse": 3.994214239355642e-06
  }
}
{
  "epoch": 42,
  "eval_prefixed": {
    "eval_metrics/imp_count_pearson_gw": 0.015547021418728584,
    "eval_metrics/den_count_r2_gw": -0.15336136344635098,
    "eval_metrics/den_pval_pearson_dsf1": 0.23482684050931743,
    "eval_metrics/imp_count_spearman_gw": -0.027940050588076616,
    "eval_metrics/den_pval_r2_gw": -0.025476806975194808,
    "eval_metrics/imp_pval_spearman_gw": 0.14444178250663142,
    "eval_metrics/den_pval_r2_1obs": -29.593258941917945,
    "eval_metrics/den_pval_pearson_gw": 0.23482684050931743,
    "eval_metrics/den_count_pearson_gw": 0.09910288282155402,
    "eval_metrics/den_pval_spearman_dsf1": 0.191240617843513,
    "eval_metrics/imp_pval_r2_dsf1": -0.12066729495390655,
    "eval_metrics/den_count_spearman_gw": 0.08019175426625144,
    "eval_metrics/den_pval_spearman_gw": 0.191240617843513,
    "eval_metrics/imp_count_r2_gw": -0.07820804148659695,
    "eval_metrics/den_pval_r2_dsf1": -0.025476806975194808,
    "eval_metrics/den_pval_pearson_1obs": 0.09867823081961098,
    "eval_metrics/den_pval_spearman_1obs": 0.10505940221096127,
    "eval_metrics/imp_pval_pearson_1obs": 0.2030787244291296,
    "eval_metrics/imp_pval_r2_gw": -0.12066729495390655,
    "eval_metrics/imp_pval_spearman_dsf1": 0.14444178250663142,
    "eval_metrics/den_peak_auroc_gw": 0.5391050408816552,
    "eval_metrics/imp_pval_r2_1obs": -23.871089398896203,
    "eval_metrics/imp_pval_pearson_gw": 0.16184816905666913,
    "eval_metrics/imp_pval_pearson_dsf1": 0.16184816905666913,
    "eval_metrics/imp_peak_auroc_gw": 0.5118266746890092,
    "eval_metrics/imp_pval_spearman_1obs": 0.19811631344034714,
    "eval_losses/total_loss": 5.233868975566063,
    "eval_losses/count_obs_loss": 1.3512080029437417,
    "eval_losses/count_imp_loss": 1.909746377241044,
    "eval_losses/pval_obs_loss": 0.5788889140393095,
    "eval_losses/pval_imp_loss": 0.6133364666667249,
    "eval_losses/peak_obs_loss": 0.6608930496793044,
    "eval_losses/peak_imp_loss": 0.6651521509601956
  }
}
{
  "epoch": 42,
  "training_metadata_probes": {
    "training_metadata_probes/depth_count_ratio": 1.0028092861175537,
    "training_metadata_probes/runtype_mse": 6.508467777166516e-05,
    "training_metadata_probes/readlen_mse": 4.268961674824823e-06
  }
}
{
  "epoch": 43,
  "eval_prefixed": {
    "eval_metrics/imp_count_pearson_gw": 0.014275933431077099,
    "eval_metrics/den_count_r2_gw": -0.10375307208782819,
    "eval_metrics/den_pval_pearson_dsf1": 0.2280997271269658,
    "eval_metrics/imp_count_spearman_gw": -0.027992992442658515,
    "eval_metrics/den_pval_r2_gw": -0.022435543732781327,
    "eval_metrics/imp_pval_spearman_gw": 0.14299698615226938,
    "eval_metrics/den_pval_r2_1obs": -28.239406671536443,
    "eval_metrics/den_pval_pearson_gw": 0.2280997271269658,
    "eval_metrics/den_count_pearson_gw": 0.10314489257105283,
    "eval_metrics/den_pval_spearman_dsf1": 0.19228909878523348,
    "eval_metrics/imp_pval_r2_dsf1": -0.09611953348063561,
    "eval_metrics/den_count_spearman_gw": 0.08072057957631774,
    "eval_metrics/den_pval_spearman_gw": 0.19228909878523348,
    "eval_metrics/imp_count_r2_gw": -0.06724146464507902,
    "eval_metrics/den_pval_r2_dsf1": -0.022435543732781327,
    "eval_metrics/den_pval_pearson_1obs": 0.07876739957320847,
    "eval_metrics/den_pval_spearman_1obs": 0.08265585580787495,
    "eval_metrics/imp_pval_pearson_1obs": 0.20556443733059698,
    "eval_metrics/imp_pval_r2_gw": -0.09611953348063561,
    "eval_metrics/imp_pval_spearman_dsf1": 0.14299698615226938,
    "eval_metrics/den_peak_auroc_gw": 0.5308830793573396,
    "eval_metrics/imp_pval_r2_1obs": -28.49626142719334,
    "eval_metrics/imp_pval_pearson_gw": 0.15985097517333333,
    "eval_metrics/imp_pval_pearson_dsf1": 0.15985097517333333,
    "eval_metrics/imp_peak_auroc_gw": 0.5215980987450379,
    "eval_metrics/imp_pval_spearman_1obs": 0.19479966729195003,
    "eval_losses/total_loss": 5.273829900818926,
    "eval_losses/count_obs_loss": 1.2701737543469982,
    "eval_losses/count_imp_loss": 1.966788922037397,
    "eval_losses/pval_obs_loss": 0.5801120400428772,
    "eval_losses/pval_imp_loss": 0.7029449323724423,
    "eval_losses/peak_obs_loss": 0.6600984907463977,
    "eval_losses/peak_imp_loss": 0.6639465708581228
  }
}
{
  "epoch": 43,
  "training_metadata_probes": {
    "training_metadata_probes/depth_count_ratio": 1.0029340982437134,
    "training_metadata_probes/runtype_mse": 4.266554969944991e-05,
    "training_metadata_probes/readlen_mse": 4.698720658780076e-06
  }
}
{
  "epoch": 44,
  "eval_prefixed": {
    "eval_metrics/imp_count_pearson_gw": 0.013987896954714661,
    "eval_metrics/den_count_r2_gw": -0.1114320878575329,
    "eval_metrics/den_pval_pearson_dsf1": 0.23103304127672394,
    "eval_metrics/imp_count_spearman_gw": -0.02387836909825252,
    "eval_metrics/den_pval_r2_gw": -0.014363467394033836,
    "eval_metrics/imp_pval_spearman_gw": 0.14332759202639547,
    "eval_metrics/den_pval_r2_1obs": -24.145040235420332,
    "eval_metrics/den_pval_pearson_gw": 0.23103304127672394,
    "eval_metrics/den_count_pearson_gw": 0.10961858537293186,
    "eval_metrics/den_pval_spearman_dsf1": 0.19193425350780696,
    "eval_metrics/imp_pval_r2_dsf1": -0.08452590419854475,
    "eval_metrics/den_count_spearman_gw": 0.08444846725633089,
    "eval_metrics/den_pval_spearman_gw": 0.19193425350780696,
    "eval_metrics/imp_count_r2_gw": -0.06453186452249893,
    "eval_metrics/den_pval_r2_dsf1": -0.014363467394033836,
    "eval_metrics/den_pval_pearson_1obs": 0.08021424632936128,
    "eval_metrics/den_pval_spearman_1obs": 0.08265253455321153,
    "eval_metrics/imp_pval_pearson_1obs": 0.2030576608395056,
    "eval_metrics/imp_pval_r2_gw": -0.08452590419854475,
    "eval_metrics/imp_pval_spearman_dsf1": 0.14332759202639547,
    "eval_metrics/den_peak_auroc_gw": 0.5195550395168095,
    "eval_metrics/imp_pval_r2_1obs": -35.652317274330834,
    "eval_metrics/imp_pval_pearson_gw": 0.16169507777880107,
    "eval_metrics/imp_pval_pearson_dsf1": 0.16169507777880107,
    "eval_metrics/imp_peak_auroc_gw": 0.5324371501514547,
    "eval_metrics/imp_pval_spearman_1obs": 0.20596115543721177,
    "eval_losses/total_loss": 5.203637042254406,
    "eval_losses/count_obs_loss": 1.2062145981349444,
    "eval_losses/count_imp_loss": 1.9393673340479534,
    "eval_losses/pval_obs_loss": 0.5460238207474744,
    "eval_losses/pval_imp_loss": 0.766431332284969,
    "eval_losses/peak_obs_loss": 0.6592718260852914,
    "eval_losses/peak_imp_loss": 0.6624812796002343
  }
}
{
  "epoch": 44,
  "training_metadata_probes": {
    "training_metadata_probes/depth_count_ratio": 1.0033330917358398,
    "training_metadata_probes/runtype_mse": 3.1380492146126926e-05,
    "training_metadata_probes/readlen_mse": 4.470182830118574e-06
  }
}
{
  "epoch": 45,
  "eval_prefixed": {
    "eval_metrics/imp_count_pearson_gw": 0.010471590231024912,
    "eval_metrics/den_count_r2_gw": -0.15409190054708832,
    "eval_metrics/den_pval_pearson_dsf1": 0.22953015122268544,
    "eval_metrics/imp_count_spearman_gw": -0.027406609500189475,
    "eval_metrics/den_pval_r2_gw": -0.021708938540456628,
    "eval_metrics/imp_pval_spearman_gw": 0.13559706595576346,
    "eval_metrics/den_pval_r2_1obs": -29.599951274538505,
    "eval_metrics/den_pval_pearson_gw": 0.22953015122268544,
    "eval_metrics/den_count_pearson_gw": 0.10279540693705999,
    "eval_metrics/den_pval_spearman_dsf1": 0.18737684552953393,
    "eval_metrics/imp_pval_r2_dsf1": -0.10547180254303537,
    "eval_metrics/den_count_spearman_gw": 0.0829727214044058,
    "eval_metrics/den_pval_spearman_gw": 0.18737684552953393,
    "eval_metrics/imp_count_r2_gw": -0.09023895011641254,
    "eval_metrics/den_pval_r2_dsf1": -0.021708938540456628,
    "eval_metrics/den_pval_pearson_1obs": 0.11027635238066355,
    "eval_metrics/den_pval_spearman_1obs": 0.11301479266879491,
    "eval_metrics/imp_pval_pearson_1obs": 0.23393330680823604,
    "eval_metrics/imp_pval_r2_gw": -0.10547180254303537,
    "eval_metrics/imp_pval_spearman_dsf1": 0.13559706595576346,
    "eval_metrics/den_peak_auroc_gw": 0.5179354578476308,
    "eval_metrics/imp_pval_r2_1obs": -25.233612449299073,
    "eval_metrics/imp_pval_pearson_gw": 0.15195855554488916,
    "eval_metrics/imp_pval_pearson_dsf1": 0.15195855554488916,
    "eval_metrics/imp_peak_auroc_gw": 0.5148637118266132,
    "eval_metrics/imp_pval_spearman_1obs": 0.20672725145696366,
    "eval_losses/total_loss": 5.1360963274430675,
    "eval_losses/count_obs_loss": 1.2588965641824823,
    "eval_losses/count_imp_loss": 1.9185714154016404,
    "eval_losses/pval_obs_loss": 0.5186670696313836,
    "eval_losses/pval_imp_loss": 0.6757073896744895,
    "eval_losses/peak_obs_loss": 0.6580711030646375,
    "eval_losses/peak_imp_loss": 0.6634208914779481
  }
}
{
  "epoch": 45,
  "training_metadata_probes": {
    "training_metadata_probes/depth_count_ratio": 1.0033639669418335,
    "training_metadata_probes/runtype_mse": 2.1644646039931104e-05,
    "training_metadata_probes/readlen_mse": 4.366834673419362e-06
  }
}
{
  "epoch": 46,
  "eval_prefixed": {
    "eval_metrics/imp_count_pearson_gw": 0.011714281118844472,
    "eval_metrics/den_count_r2_gw": -0.14365589163448692,
    "eval_metrics/den_pval_pearson_dsf1": 0.23566476895513533,
    "eval_metrics/imp_count_spearman_gw": -0.02625751742633977,
    "eval_metrics/den_pval_r2_gw": -0.02207162110409811,
    "eval_metrics/imp_pval_spearman_gw": 0.14424446261496027,
    "eval_metrics/den_pval_r2_1obs": -25.15729390268418,
    "eval_metrics/den_pval_pearson_gw": 0.23566476895513533,
    "eval_metrics/den_count_pearson_gw": 0.09947508111700269,
    "eval_metrics/den_pval_spearman_dsf1": 0.19609469378034344,
    "eval_metrics/imp_pval_r2_dsf1": -0.10019632189411021,
    "eval_metrics/den_count_spearman_gw": 0.08512992490830405,
    "eval_metrics/den_pval_spearman_gw": 0.19609469378034344,
    "eval_metrics/imp_count_r2_gw": -0.07493040125624603,
    "eval_metrics/den_pval_r2_dsf1": -0.02207162110409811,
    "eval_metrics/den_pval_pearson_1obs": 0.09847160585616764,
    "eval_metrics/den_pval_spearman_1obs": 0.10517452831883127,
    "eval_metrics/imp_pval_pearson_1obs": 0.20810071347902218,
    "eval_metrics/imp_pval_r2_gw": -0.10019632189411021,
    "eval_metrics/imp_pval_spearman_dsf1": 0.14424446261496027,
    "eval_metrics/den_peak_auroc_gw": 0.5202315180298207,
    "eval_metrics/imp_pval_r2_1obs": -27.990022512478756,
    "eval_metrics/imp_pval_pearson_gw": 0.14957963444647335,
    "eval_metrics/imp_pval_pearson_dsf1": 0.14957963444647335,
    "eval_metrics/imp_peak_auroc_gw": 0.5150246729508847,
    "eval_metrics/imp_pval_spearman_1obs": 0.1901811505106392,
    "eval_losses/total_loss": 5.1964428840345995,
    "eval_losses/count_obs_loss": 1.2576156572291726,
    "eval_losses/count_imp_loss": 1.9335307024774098,
    "eval_losses/pval_obs_loss": 0.5398082528110152,
    "eval_losses/pval_imp_loss": 0.7120265739541205,
    "eval_losses/peak_obs_loss": 0.6566803808275022,
    "eval_losses/peak_imp_loss": 0.6626607089761704
  }
}
{
  "epoch": 46,
  "training_metadata_probes": {
    "training_metadata_probes/depth_count_ratio": 1.0038238763809204,
    "training_metadata_probes/runtype_mse": 3.1303414289141074e-05,
    "training_metadata_probes/readlen_mse": 4.578394509735517e-06
  }
}
{
  "epoch": 47,
  "eval_prefixed": {
    "eval_metrics/imp_count_pearson_gw": 0.013330950852601773,
    "eval_metrics/den_count_r2_gw": -0.14057661356613474,
    "eval_metrics/den_pval_pearson_dsf1": 0.23538044321206766,
    "eval_metrics/imp_count_spearman_gw": -0.02643275985475408,
    "eval_metrics/den_pval_r2_gw": -0.026141318944008216,
    "eval_metrics/imp_pval_spearman_gw": 0.14389629259646702,
    "eval_metrics/den_pval_r2_1obs": -27.0206778468504,
    "eval_metrics/den_pval_pearson_gw": 0.23538044321206766,
    "eval_metrics/den_count_pearson_gw": 0.1060829390220246,
    "eval_metrics/den_pval_spearman_dsf1": 0.1962875371026315,
    "eval_metrics/imp_pval_r2_dsf1": -0.08892942675797581,
    "eval_metrics/den_count_spearman_gw": 0.08359627910999856,
    "eval_metrics/den_pval_spearman_gw": 0.1962875371026315,
    "eval_metrics/imp_count_r2_gw": -0.07257753724318207,
    "eval_metrics/den_pval_r2_dsf1": -0.026141318944008216,
    "eval_metrics/den_pval_pearson_1obs": 0.08432505674366104,
    "eval_metrics/den_pval_spearman_1obs": 0.08861149872518413,
    "eval_metrics/imp_pval_pearson_1obs": 0.21949492034591025,
    "eval_metrics/imp_pval_r2_gw": -0.08892942675797581,
    "eval_metrics/imp_pval_spearman_dsf1": 0.14389629259646702,
    "eval_metrics/den_peak_auroc_gw": 0.532018058735964,
    "eval_metrics/imp_pval_r2_1obs": -25.571254611078135,
    "eval_metrics/imp_pval_pearson_gw": 0.16016232086315987,
    "eval_metrics/imp_pval_pearson_dsf1": 0.16016232086315987,
    "eval_metrics/imp_peak_auroc_gw": 0.4965118995656528,
    "eval_metrics/imp_pval_spearman_1obs": 0.2069976539323217,
    "eval_losses/total_loss": 5.159701924084833,
    "eval_losses/count_obs_loss": 1.2618118438281511,
    "eval_losses/count_imp_loss": 1.9145352670124598,
    "eval_losses/pval_obs_loss": 0.5164248896272559,
    "eval_losses/pval_imp_loss": 0.7106555424748905,
    "eval_losses/peak_obs_loss": 0.6555621004418323,
    "eval_losses/peak_imp_loss": 0.6632002199453021
  }
}
{
  "epoch": 47,
  "training_metadata_probes": {
    "training_metadata_probes/depth_count_ratio": 1.0040210485458374,
    "training_metadata_probes/runtype_mse": 2.8769432901754044e-05,
    "training_metadata_probes/readlen_mse": 5.130331373948138e-06
  }
}
{
  "epoch": 48,
  "eval_prefixed": {
    "eval_metrics/imp_count_pearson_gw": 0.008409266792503851,
    "eval_metrics/den_count_r2_gw": -0.13987325461719582,
    "eval_metrics/den_pval_pearson_dsf1": 0.2572061742202526,
    "eval_metrics/imp_count_spearman_gw": -0.03158785100613547,
    "eval_metrics/den_pval_r2_gw": -0.0023963737477772436,
    "eval_metrics/imp_pval_spearman_gw": 0.16520963889357937,
    "eval_metrics/den_pval_r2_1obs": -39.82449743946559,
    "eval_metrics/den_pval_pearson_gw": 0.2572061742202526,
    "eval_metrics/den_count_pearson_gw": 0.11441741327412035,
    "eval_metrics/den_pval_spearman_dsf1": 0.21449441098109018,
    "eval_metrics/imp_pval_r2_dsf1": -0.0859760817819773,
    "eval_metrics/den_count_spearman_gw": 0.09104629638554707,
    "eval_metrics/den_pval_spearman_gw": 0.21449441098109018,
    "eval_metrics/imp_count_r2_gw": -0.07925905313204597,
    "eval_metrics/den_pval_r2_dsf1": -0.0023963737477772436,
    "eval_metrics/den_pval_pearson_1obs": 0.08986536603295367,
    "eval_metrics/den_pval_spearman_1obs": 0.09155660998356986,
    "eval_metrics/imp_pval_pearson_1obs": 0.20638203674868222,
    "eval_metrics/imp_pval_r2_gw": -0.0859760817819773,
    "eval_metrics/imp_pval_spearman_dsf1": 0.16520963889357937,
    "eval_metrics/den_peak_auroc_gw": 0.5362734043073035,
    "eval_metrics/imp_pval_r2_1obs": -20.15984134180162,
    "eval_metrics/imp_pval_pearson_gw": 0.17789075464483292,
    "eval_metrics/imp_pval_pearson_dsf1": 0.17789075464483292,
    "eval_metrics/imp_peak_auroc_gw": 0.5148242286816882,
    "eval_metrics/imp_pval_spearman_1obs": 0.1932246570316595,
    "eval_losses/total_loss": 5.252214091397994,
    "eval_losses/count_obs_loss": 1.3177003656563007,
    "eval_losses/count_imp_loss": 1.9093085470653715,
    "eval_losses/pval_obs_loss": 0.5391046503944764,
    "eval_losses/pval_imp_loss": 0.7371150225637451,
    "eval_losses/peak_obs_loss": 0.6526891110759032,
    "eval_losses/peak_imp_loss": 0.6622544825077057
  }
}
{
  "epoch": 48,
  "training_metadata_probes": {
    "training_metadata_probes/depth_count_ratio": 1.004394769668579,
    "training_metadata_probes/runtype_mse": 3.724235648405738e-05,
    "training_metadata_probes/readlen_mse": 4.9397012844565324e-06
  }
}
{
  "epoch": 49,
  "eval_prefixed": {
    "eval_metrics/imp_count_pearson_gw": 0.007632672390346194,
    "eval_metrics/den_count_r2_gw": -0.13226874304138622,
    "eval_metrics/den_pval_pearson_dsf1": 0.24076331089446812,
    "eval_metrics/imp_count_spearman_gw": -0.03127257275137963,
    "eval_metrics/den_pval_r2_gw": -0.01298675169486308,
    "eval_metrics/imp_pval_spearman_gw": 0.15450523677948197,
    "eval_metrics/den_pval_r2_1obs": -20.088290784704036,
    "eval_metrics/den_pval_pearson_gw": 0.24076331089446812,
    "eval_metrics/den_count_pearson_gw": 0.1107503698256455,
    "eval_metrics/den_pval_spearman_dsf1": 0.20625120524630314,
    "eval_metrics/imp_pval_r2_dsf1": -0.12176357368580057,
    "eval_metrics/den_count_spearman_gw": 0.0877308928780727,
    "eval_metrics/den_pval_spearman_gw": 0.20625120524630314,
    "eval_metrics/imp_count_r2_gw": -0.08324299732537987,
    "eval_metrics/den_pval_r2_dsf1": -0.01298675169486308,
    "eval_metrics/den_pval_pearson_1obs": 0.09895823118705793,
    "eval_metrics/den_pval_spearman_1obs": 0.11012170601333653,
    "eval_metrics/imp_pval_pearson_1obs": 0.22155989320313055,
    "eval_metrics/imp_pval_r2_gw": -0.12176357368580057,
    "eval_metrics/imp_pval_spearman_dsf1": 0.15450523677948197,
    "eval_metrics/den_peak_auroc_gw": 0.5331667515055586,
    "eval_metrics/imp_pval_r2_1obs": -22.67442576840785,
    "eval_metrics/imp_pval_pearson_gw": 0.16380894964649564,
    "eval_metrics/imp_pval_pearson_dsf1": 0.16380894964649564,
    "eval_metrics/imp_peak_auroc_gw": 0.5042520792328612,
    "eval_metrics/imp_pval_spearman_1obs": 0.20717956962096165,
    "eval_losses/total_loss": 5.075038378004376,
    "eval_losses/count_obs_loss": 1.2281692545664937,
    "eval_losses/count_imp_loss": 1.9129471532882205,
    "eval_losses/pval_obs_loss": 0.4717858164865327,
    "eval_losses/pval_imp_loss": 0.7132131126783197,
    "eval_losses/peak_obs_loss": 0.650971269136981,
    "eval_losses/peak_imp_loss": 0.6600701288571433
  }
}
{
  "epoch": 49,
  "training_metadata_probes": {
    "training_metadata_probes/depth_count_ratio": 1.0046519041061401,
    "training_metadata_probes/runtype_mse": 2.1911626390647143e-05,
    "training_metadata_probes/readlen_mse": 4.471034117159434e-06
  }
}
{
  "epoch": 50,
  "eval_prefixed": {
    "eval_metrics/imp_count_pearson_gw": 0.01074679772229126,
    "eval_metrics/den_count_r2_gw": -0.14847063987392936,
    "eval_metrics/den_pval_pearson_dsf1": 0.24361595088052318,
    "eval_metrics/imp_count_spearman_gw": -0.030341514339946384,
    "eval_metrics/den_pval_r2_gw": -0.024120309150517494,
    "eval_metrics/imp_pval_spearman_gw": 0.16408730559181675,
    "eval_metrics/den_pval_r2_1obs": -22.814063203647102,
    "eval_metrics/den_pval_pearson_gw": 0.24361595088052318,
    "eval_metrics/den_count_pearson_gw": 0.10691984965600759,
    "eval_metrics/den_pval_spearman_dsf1": 0.21510584605893177,
    "eval_metrics/imp_pval_r2_dsf1": -0.09497328141404031,
    "eval_metrics/den_count_spearman_gw": 0.08871812493288102,
    "eval_metrics/den_pval_spearman_gw": 0.21510584605893177,
    "eval_metrics/imp_count_r2_gw": -0.06833281806831373,
    "eval_metrics/den_pval_r2_dsf1": -0.024120309150517494,
    "eval_metrics/den_pval_pearson_1obs": 0.11638427552718081,
    "eval_metrics/den_pval_spearman_1obs": 0.11470725959306592,
    "eval_metrics/imp_pval_pearson_1obs": 0.20388589136021595,
    "eval_metrics/imp_pval_r2_gw": -0.09497328141404031,
    "eval_metrics/imp_pval_spearman_dsf1": 0.16408730559181675,
    "eval_metrics/den_peak_auroc_gw": 0.5362676241196067,
    "eval_metrics/imp_pval_r2_1obs": -24.279429384394543,
    "eval_metrics/imp_pval_pearson_gw": 0.1745696094419275,
    "eval_metrics/imp_pval_pearson_dsf1": 0.1745696094419275,
    "eval_metrics/imp_peak_auroc_gw": 0.5087751149282965,
    "eval_metrics/imp_pval_spearman_1obs": 0.18356525152805372,
    "eval_losses/total_loss": 4.984506432785757,
    "eval_losses/count_obs_loss": 1.2515523472898884,
    "eval_losses/count_imp_loss": 1.8883855815917727,
    "eval_losses/pval_obs_loss": 0.4871256917839147,
    "eval_losses/pval_imp_loss": 0.586513669791794,
    "eval_losses/peak_obs_loss": 0.648190447374394,
    "eval_losses/peak_imp_loss": 0.6587592235633305
  }
}
{
  "epoch": 50,
  "training_metadata_probes": {
    "training_metadata_probes/depth_count_ratio": 1.005111813545227,
    "training_metadata_probes/runtype_mse": 2.347655208723154e-05,
    "training_metadata_probes/readlen_mse": 4.637341135094175e-06
  }
}
{
  "epoch": 51,
  "eval_prefixed": {
    "eval_metrics/imp_count_pearson_gw": 0.012134148565579265,
    "eval_metrics/den_count_r2_gw": -0.10920736497451863,
    "eval_metrics/den_pval_pearson_dsf1": 0.251931900936669,
    "eval_metrics/imp_count_spearman_gw": -0.03318001098733943,
    "eval_metrics/den_pval_r2_gw": -0.0016819575843002572,
    "eval_metrics/imp_pval_spearman_gw": 0.17777657988032072,
    "eval_metrics/den_pval_r2_1obs": -34.93941884580663,
    "eval_metrics/den_pval_pearson_gw": 0.251931900936669,
    "eval_metrics/den_count_pearson_gw": 0.11189072852415081,
    "eval_metrics/den_pval_spearman_dsf1": 0.22013858985093068,
    "eval_metrics/imp_pval_r2_dsf1": -0.10561691270299352,
    "eval_metrics/den_count_spearman_gw": 0.09171041913291199,
    "eval_metrics/den_pval_spearman_gw": 0.22013858985093068,
    "eval_metrics/imp_count_r2_gw": -0.07625420148917805,
    "eval_metrics/den_pval_r2_dsf1": -0.0016819575843002572,
    "eval_metrics/den_pval_pearson_1obs": 0.0672892582553782,
    "eval_metrics/den_pval_spearman_1obs": 0.07304317772013466,
    "eval_metrics/imp_pval_pearson_1obs": 0.19501697205539262,
    "eval_metrics/imp_pval_r2_gw": -0.10561691270299352,
    "eval_metrics/imp_pval_spearman_dsf1": 0.17777657988032072,
    "eval_metrics/den_peak_auroc_gw": 0.5288854327397794,
    "eval_metrics/imp_pval_r2_1obs": -32.659363732117384,
    "eval_metrics/imp_pval_pearson_gw": 0.17102812611985774,
    "eval_metrics/imp_pval_pearson_dsf1": 0.17102812611985774,
    "eval_metrics/imp_peak_auroc_gw": 0.5292073600194466,
    "eval_metrics/imp_pval_spearman_1obs": 0.1896390464018505,
    "eval_losses/total_loss": 5.196871908694065,
    "eval_losses/count_obs_loss": 1.2929385508361615,
    "eval_losses/count_imp_loss": 1.9184729986720614,
    "eval_losses/pval_obs_loss": 0.5426209416228199,
    "eval_losses/pval_imp_loss": 0.703045862771216,
    "eval_losses/peak_obs_loss": 0.6454448041162992,
    "eval_losses/peak_imp_loss": 0.6547658769857316
  }
}
{
  "epoch": 51,
  "training_metadata_probes": {
    "training_metadata_probes/depth_count_ratio": 1.0056126117706299,
    "training_metadata_probes/runtype_mse": 2.2516136596095748e-05,
    "training_metadata_probes/readlen_mse": 4.388886281958548e-06
  }
}
{
  "epoch": 52,
  "eval_prefixed": {
    "eval_metrics/imp_count_pearson_gw": 0.006438153533501521,
    "eval_metrics/den_count_r2_gw": -0.10097633998091557,
    "eval_metrics/den_pval_pearson_dsf1": 0.2479215361619074,
    "eval_metrics/imp_count_spearman_gw": -0.03705229585639986,
    "eval_metrics/den_pval_r2_gw": -0.04342706389560003,
    "eval_metrics/imp_pval_spearman_gw": 0.17605316060577875,
    "eval_metrics/den_pval_r2_1obs": -30.29654644070413,
    "eval_metrics/den_pval_pearson_gw": 0.2479215361619074,
    "eval_metrics/den_count_pearson_gw": 0.11634442002564595,
    "eval_metrics/den_pval_spearman_dsf1": 0.21521744889319336,
    "eval_metrics/imp_pval_r2_dsf1": -0.10612957448662957,
    "eval_metrics/den_count_spearman_gw": 0.09204449571386561,
    "eval_metrics/den_pval_spearman_gw": 0.21521744889319336,
    "eval_metrics/imp_count_r2_gw": -0.07115267711603035,
    "eval_metrics/den_pval_r2_dsf1": -0.04342706389560003,
    "eval_metrics/den_pval_pearson_1obs": 0.11484336438833882,
    "eval_metrics/den_pval_spearman_1obs": 0.1077905622725963,
    "eval_metrics/imp_pval_pearson_1obs": 0.2160608621299385,
    "eval_metrics/imp_pval_r2_gw": -0.10612957448662957,
    "eval_metrics/imp_pval_spearman_dsf1": 0.17605316060577875,
    "eval_metrics/den_peak_auroc_gw": 0.516015064816024,
    "eval_metrics/imp_pval_r2_1obs": -31.242501351725156,
    "eval_metrics/imp_pval_pearson_gw": 0.17316077176540617,
    "eval_metrics/imp_pval_pearson_dsf1": 0.17316077176540617,
    "eval_metrics/imp_peak_auroc_gw": 0.5352625079019264,
    "eval_metrics/imp_pval_spearman_1obs": 0.21787146304678087,
    "eval_losses/total_loss": 5.089254647683303,
    "eval_losses/count_obs_loss": 1.2457063417685659,
    "eval_losses/count_imp_loss": 1.909024715423584,
    "eval_losses/pval_obs_loss": 0.5085284298616707,
    "eval_losses/pval_imp_loss": 0.6854063647961806,
    "eval_losses/peak_obs_loss": 0.6433784530351037,
    "eval_losses/peak_imp_loss": 0.6526284142146035
  }
}
{
  "epoch": 52,
  "training_metadata_probes": {
    "training_metadata_probes/depth_count_ratio": 1.005881667137146,
    "training_metadata_probes/runtype_mse": 2.1736044800491072e-05,
    "training_metadata_probes/readlen_mse": 4.294488007872133e-06
  }
}
{
  "epoch": 53,
  "eval_prefixed": {
    "eval_metrics/imp_count_pearson_gw": 0.007024501066004473,
    "eval_metrics/den_count_r2_gw": -0.15679830007161627,
    "eval_metrics/den_pval_pearson_dsf1": 0.2437719381330106,
    "eval_metrics/imp_count_spearman_gw": -0.03723172125237039,
    "eval_metrics/den_pval_r2_gw": -0.01716894918736388,
    "eval_metrics/imp_pval_spearman_gw": 0.17274096519858104,
    "eval_metrics/den_pval_r2_1obs": -23.894498408474764,
    "eval_metrics/den_pval_pearson_gw": 0.2437719381330106,
    "eval_metrics/den_count_pearson_gw": 0.11294267538591828,
    "eval_metrics/den_pval_spearman_dsf1": 0.2093355638545961,
    "eval_metrics/imp_pval_r2_dsf1": -0.08015730276502325,
    "eval_metrics/den_count_spearman_gw": 0.09097689885823974,
    "eval_metrics/den_pval_spearman_gw": 0.2093355638545961,
    "eval_metrics/imp_count_r2_gw": -0.07233277591390341,
    "eval_metrics/den_pval_r2_dsf1": -0.01716894918736388,
    "eval_metrics/den_pval_pearson_1obs": 0.11939858407468389,
    "eval_metrics/den_pval_spearman_1obs": 0.1184110235846082,
    "eval_metrics/imp_pval_pearson_1obs": 0.21548357091489292,
    "eval_metrics/imp_pval_r2_gw": -0.08015730276502325,
    "eval_metrics/imp_pval_spearman_dsf1": 0.17274096519858104,
    "eval_metrics/den_peak_auroc_gw": 0.5239840660558509,
    "eval_metrics/imp_pval_r2_1obs": -28.51046244846754,
    "eval_metrics/imp_pval_pearson_gw": 0.18516666134671558,
    "eval_metrics/imp_pval_pearson_dsf1": 0.18516666134671558,
    "eval_metrics/imp_peak_auroc_gw": 0.5243503035023995,
    "eval_metrics/imp_pval_spearman_1obs": 0.19446628988962217,
    "eval_losses/total_loss": 4.981930950674915,
    "eval_losses/count_obs_loss": 1.2336219141357823,
    "eval_losses/count_imp_loss": 1.9147468001123458,
    "eval_losses/pval_obs_loss": 0.44461047511523294,
    "eval_losses/pval_imp_loss": 0.6455097261461473,
    "eval_losses/peak_obs_loss": 0.6407776380840101,
    "eval_losses/peak_imp_loss": 0.6521560161832779
  }
}
{
  "epoch": 53,
  "training_metadata_probes": {
    "training_metadata_probes/depth_count_ratio": 1.0063384771347046,
    "training_metadata_probes/runtype_mse": 1.7009315342875198e-05,
    "training_metadata_probes/readlen_mse": 4.0144686863641255e-06
  }
}
{
  "epoch": 54,
  "eval_prefixed": {
    "eval_metrics/imp_count_pearson_gw": 0.009949400778471803,
    "eval_metrics/den_count_r2_gw": -0.11932706804253121,
    "eval_metrics/den_pval_pearson_dsf1": 0.25339419191311063,
    "eval_metrics/imp_count_spearman_gw": -0.028815666732976607,
    "eval_metrics/den_pval_r2_gw": 0.0002690896996290347,
    "eval_metrics/imp_pval_spearman_gw": 0.16719796087779815,
    "eval_metrics/den_pval_r2_1obs": -23.54843905309214,
    "eval_metrics/den_pval_pearson_gw": 0.25339419191311063,
    "eval_metrics/den_count_pearson_gw": 0.11295515573338459,
    "eval_metrics/den_pval_spearman_dsf1": 0.21699031939655347,
    "eval_metrics/imp_pval_r2_dsf1": -0.11049004425527859,
    "eval_metrics/den_count_spearman_gw": 0.08933262103437682,
    "eval_metrics/den_pval_spearman_gw": 0.21699031939655347,
    "eval_metrics/imp_count_r2_gw": -0.07271550936200444,
    "eval_metrics/den_pval_r2_dsf1": 0.0002690896996290347,
    "eval_metrics/den_pval_pearson_1obs": 0.09896998063777573,
    "eval_metrics/den_pval_spearman_1obs": 0.0942003213336149,
    "eval_metrics/imp_pval_pearson_1obs": 0.21778800286766556,
    "eval_metrics/imp_pval_r2_gw": -0.11049004425527859,
    "eval_metrics/imp_pval_spearman_dsf1": 0.16719796087779815,
    "eval_metrics/den_peak_auroc_gw": 0.5296023058041958,
    "eval_metrics/imp_pval_r2_1obs": -28.977037315085937,
    "eval_metrics/imp_pval_pearson_gw": 0.17395924149997652,
    "eval_metrics/imp_pval_pearson_dsf1": 0.17395924149997652,
    "eval_metrics/imp_peak_auroc_gw": 0.5171672895615455,
    "eval_metrics/imp_pval_spearman_1obs": 0.19643815508202445,
    "eval_losses/total_loss": 5.1775340271782815,
    "eval_losses/count_obs_loss": 1.2041221904127222,
    "eval_losses/count_imp_loss": 1.9278084824955652,
    "eval_losses/pval_obs_loss": 0.46359556124815227,
    "eval_losses/pval_imp_loss": 0.8861237876708545,
    "eval_losses/peak_obs_loss": 0.638309259163706,
    "eval_losses/peak_imp_loss": 0.6501079400380453
  }
}
{
  "epoch": 54,
  "training_metadata_probes": {
    "training_metadata_probes/depth_count_ratio": 1.0069533586502075,
    "training_metadata_probes/runtype_mse": 1.6743175365263596e-05,
    "training_metadata_probes/readlen_mse": 4.1233333831769414e-06
  }
}
{
  "epoch": 55,
  "eval_prefixed": {
    "eval_metrics/imp_count_pearson_gw": 0.012047019359352628,
    "eval_metrics/den_count_r2_gw": -0.13767564132233304,
    "eval_metrics/den_pval_pearson_dsf1": 0.25314796545487633,
    "eval_metrics/imp_count_spearman_gw": -0.035849308680864556,
    "eval_metrics/den_pval_r2_gw": -0.010917519951408194,
    "eval_metrics/imp_pval_spearman_gw": 0.1869674035542772,
    "eval_metrics/den_pval_r2_1obs": -32.0982789608002,
    "eval_metrics/den_pval_pearson_gw": 0.25314796545487633,
    "eval_metrics/den_count_pearson_gw": 0.11630340404563437,
    "eval_metrics/den_pval_spearman_dsf1": 0.22614395540693,
    "eval_metrics/imp_pval_r2_dsf1": -0.11647433558522072,
    "eval_metrics/den_count_spearman_gw": 0.09005026487292314,
    "eval_metrics/den_pval_spearman_gw": 0.22614395540693,
    "eval_metrics/imp_count_r2_gw": -0.08003861904305068,
    "eval_metrics/den_pval_r2_dsf1": -0.010917519951408194,
    "eval_metrics/den_pval_pearson_1obs": 0.09174346144764538,
    "eval_metrics/den_pval_spearman_1obs": 0.09480699000364713,
    "eval_metrics/imp_pval_pearson_1obs": 0.18600167727304828,
    "eval_metrics/imp_pval_r2_gw": -0.11647433558522072,
    "eval_metrics/imp_pval_spearman_dsf1": 0.1869674035542772,
    "eval_metrics/den_peak_auroc_gw": 0.5315612410647459,
    "eval_metrics/imp_pval_r2_1obs": -36.05040920767233,
    "eval_metrics/imp_pval_pearson_gw": 0.17140536501057566,
    "eval_metrics/imp_pval_pearson_dsf1": 0.17140536501057566,
    "eval_metrics/imp_peak_auroc_gw": 0.5071235845842809,
    "eval_metrics/imp_pval_spearman_1obs": 0.1817309206148017,
    "eval_losses/total_loss": 5.078606294768274,
    "eval_losses/count_obs_loss": 1.251373023578995,
    "eval_losses/count_imp_loss": 1.9415266636818174,
    "eval_losses/pval_obs_loss": 0.49510935586754623,
    "eval_losses/pval_imp_loss": 0.6611892965341372,
    "eval_losses/peak_obs_loss": 0.635450110623711,
    "eval_losses/peak_imp_loss": 0.6504143438641987
  }
}
{
  "epoch": 55,
  "training_metadata_probes": {
    "training_metadata_probes/depth_count_ratio": 1.007401704788208,
    "training_metadata_probes/runtype_mse": 1.9660450561787002e-05,
    "training_metadata_probes/readlen_mse": 5.3003559514763765e-06
  }
}
{
  "epoch": 56,
  "eval_prefixed": {
    "eval_metrics/imp_count_pearson_gw": 0.005907600281283348,
    "eval_metrics/den_count_r2_gw": -0.14203541151782195,
    "eval_metrics/den_pval_pearson_dsf1": 0.2575178607121894,
    "eval_metrics/imp_count_spearman_gw": -0.03760700090421638,
    "eval_metrics/den_pval_r2_gw": -0.012513355338063577,
    "eval_metrics/imp_pval_spearman_gw": 0.18524744584711822,
    "eval_metrics/den_pval_r2_1obs": -36.91159893361944,
    "eval_metrics/den_pval_pearson_gw": 0.2575178607121894,
    "eval_metrics/den_count_pearson_gw": 0.12307678197363489,
    "eval_metrics/den_pval_spearman_dsf1": 0.22138569602241576,
    "eval_metrics/imp_pval_r2_dsf1": -0.10863356545257122,
    "eval_metrics/den_count_spearman_gw": 0.08961971883394876,
    "eval_metrics/den_pval_spearman_gw": 0.22138569602241576,
    "eval_metrics/imp_count_r2_gw": -0.081180631467887,
    "eval_metrics/den_pval_r2_dsf1": -0.012513355338063577,
    "eval_metrics/den_pval_pearson_1obs": 0.10219499162600473,
    "eval_metrics/den_pval_spearman_1obs": 0.09518034998282805,
    "eval_metrics/imp_pval_pearson_1obs": 0.1829762643836956,
    "eval_metrics/imp_pval_r2_gw": -0.10863356545257122,
    "eval_metrics/imp_pval_spearman_dsf1": 0.18524744584711822,
    "eval_metrics/den_peak_auroc_gw": 0.5311142091563292,
    "eval_metrics/imp_pval_r2_1obs": -24.847177816284937,
    "eval_metrics/imp_pval_pearson_gw": 0.17594048215283287,
    "eval_metrics/imp_pval_pearson_dsf1": 0.17594048215283287,
    "eval_metrics/imp_peak_auroc_gw": 0.5236064623204151,
    "eval_metrics/imp_pval_spearman_1obs": 0.17608479935313703,
    "eval_losses/total_loss": 5.156459130866049,
    "eval_losses/count_obs_loss": 1.3086791618874198,
    "eval_losses/count_imp_loss": 1.9521972499196492,
    "eval_losses/pval_obs_loss": 0.4975893215741962,
    "eval_losses/pval_imp_loss": 0.6781816067052118,
    "eval_losses/peak_obs_loss": 0.6323065106806002,
    "eval_losses/peak_imp_loss": 0.6483385146610321
  }
}
{
  "epoch": 56,
  "training_metadata_probes": {
    "training_metadata_probes/depth_count_ratio": 1.0076289176940918,
    "training_metadata_probes/runtype_mse": 1.955891275429167e-05,
    "training_metadata_probes/readlen_mse": 5.456381131807575e-06
  }
}
{
  "epoch": 57,
  "eval_prefixed": {
    "eval_metrics/imp_count_pearson_gw": 0.011164125400624933,
    "eval_metrics/den_count_r2_gw": -0.16916188604738577,
    "eval_metrics/den_pval_pearson_dsf1": 0.26037484462569027,
    "eval_metrics/imp_count_spearman_gw": -0.03303831714145281,
    "eval_metrics/den_pval_r2_gw": -0.016469828566588445,
    "eval_metrics/imp_pval_spearman_gw": 0.17395893715060035,
    "eval_metrics/den_pval_r2_1obs": -36.56092287839747,
    "eval_metrics/den_pval_pearson_gw": 0.26037484462569027,
    "eval_metrics/den_count_pearson_gw": 0.11300697140273099,
    "eval_metrics/den_pval_spearman_dsf1": 0.21942613640223568,
    "eval_metrics/imp_pval_r2_dsf1": -0.1075094567284007,
    "eval_metrics/den_count_spearman_gw": 0.08975570620147799,
    "eval_metrics/den_pval_spearman_gw": 0.21942613640223568,
    "eval_metrics/imp_count_r2_gw": -0.07504145785497017,
    "eval_metrics/den_pval_r2_dsf1": -0.016469828566588445,
    "eval_metrics/den_pval_pearson_1obs": 0.1291507485959875,
    "eval_metrics/den_pval_spearman_1obs": 0.13267863293468177,
    "eval_metrics/imp_pval_pearson_1obs": 0.2100865182925075,
    "eval_metrics/imp_pval_r2_gw": -0.1075094567284007,
    "eval_metrics/imp_pval_spearman_dsf1": 0.17395893715060035,
    "eval_metrics/den_peak_auroc_gw": 0.5402626644365124,
    "eval_metrics/imp_pval_r2_1obs": -26.013177094840756,
    "eval_metrics/imp_pval_pearson_gw": 0.16726645824336817,
    "eval_metrics/imp_pval_pearson_dsf1": 0.16726645824336817,
    "eval_metrics/imp_peak_auroc_gw": 0.5221257714277336,
    "eval_metrics/imp_pval_spearman_1obs": 0.1979519093336652,
    "eval_losses/total_loss": 5.264176657147656,
    "eval_losses/count_obs_loss": 1.3129136970168667,
    "eval_losses/count_imp_loss": 1.9468077194123041,
    "eval_losses/pval_obs_loss": 0.4886293920234924,
    "eval_losses/pval_imp_loss": 0.824921031438169,
    "eval_losses/peak_obs_loss": 0.6292837309209924,
    "eval_losses/peak_imp_loss": 0.6462805765488792
  }
}
{
  "epoch": 57,
  "training_metadata_probes": {
    "training_metadata_probes/depth_count_ratio": 1.008257508277893,
    "training_metadata_probes/runtype_mse": 1.793531009752769e-05,
    "training_metadata_probes/readlen_mse": 5.139733730175067e-06
  }
}
{
  "epoch": 58,
  "eval_prefixed": {
    "eval_metrics/imp_count_pearson_gw": 0.009127639231294216,
    "eval_metrics/den_count_r2_gw": -0.12226810685273548,
    "eval_metrics/den_pval_pearson_dsf1": 0.2572693439984792,
    "eval_metrics/imp_count_spearman_gw": -0.027830232608443695,
    "eval_metrics/den_pval_r2_gw": 0.002595235364311122,
    "eval_metrics/imp_pval_spearman_gw": 0.15534306902872455,
    "eval_metrics/den_pval_r2_1obs": -31.866204951110465,
    "eval_metrics/den_pval_pearson_gw": 0.2572693439984792,
    "eval_metrics/den_count_pearson_gw": 0.11770601253221302,
    "eval_metrics/den_pval_spearman_dsf1": 0.21570269118207816,
    "eval_metrics/imp_pval_r2_dsf1": -0.0893400245208727,
    "eval_metrics/den_count_spearman_gw": 0.09011053468114331,
    "eval_metrics/den_pval_spearman_gw": 0.21570269118207816,
    "eval_metrics/imp_count_r2_gw": -0.07265945362658893,
    "eval_metrics/den_pval_r2_dsf1": 0.002595235364311122,
    "eval_metrics/den_pval_pearson_1obs": 0.07827345913239314,
    "eval_metrics/den_pval_spearman_1obs": 0.08344126608081616,
    "eval_metrics/imp_pval_pearson_1obs": 0.21791072463337702,
    "eval_metrics/imp_pval_r2_gw": -0.0893400245208727,
    "eval_metrics/imp_pval_spearman_dsf1": 0.15534306902872455,
    "eval_metrics/den_peak_auroc_gw": 0.532294524981975,
    "eval_metrics/imp_pval_r2_1obs": -21.823659182099174,
    "eval_metrics/imp_pval_pearson_gw": 0.16255438534749878,
    "eval_metrics/imp_pval_pearson_dsf1": 0.16255438534749878,
    "eval_metrics/imp_peak_auroc_gw": 0.505058932634008,
    "eval_metrics/imp_pval_spearman_1obs": 0.21332090968421613,
    "eval_losses/total_loss": 5.2438873275195395,
    "eval_losses/count_obs_loss": 1.310459224017043,
    "eval_losses/count_imp_loss": 1.9356240970747811,
    "eval_losses/pval_obs_loss": 0.49438640515099425,
    "eval_losses/pval_imp_loss": 0.8104198460304548,
    "eval_losses/peak_obs_loss": 0.6275548009495986,
    "eval_losses/peak_imp_loss": 0.6455910442367433
  }
}
{
  "epoch": 58,
  "training_metadata_probes": {
    "training_metadata_probes/depth_count_ratio": 1.0088165998458862,
    "training_metadata_probes/runtype_mse": 1.8391279809293337e-05,
    "training_metadata_probes/readlen_mse": 4.554595761874225e-06
  }
}
{
  "epoch": 59,
  "eval_prefixed": {
    "eval_metrics/imp_count_pearson_gw": 0.008428856072622158,
    "eval_metrics/den_count_r2_gw": -0.16004941916678983,
    "eval_metrics/den_pval_pearson_dsf1": 0.258975376965521,
    "eval_metrics/imp_count_spearman_gw": -0.027325680571595984,
    "eval_metrics/den_pval_r2_gw": -0.004110709839544456,
    "eval_metrics/imp_pval_spearman_gw": 0.16069934843489347,
    "eval_metrics/den_pval_r2_1obs": -25.18485388834182,
    "eval_metrics/den_pval_pearson_gw": 0.258975376965521,
    "eval_metrics/den_count_pearson_gw": 0.11815642201537757,
    "eval_metrics/den_pval_spearman_dsf1": 0.2142147923549416,
    "eval_metrics/imp_pval_r2_dsf1": -0.1158111842647344,
    "eval_metrics/den_count_spearman_gw": 0.09223508757462363,
    "eval_metrics/den_pval_spearman_gw": 0.2142147923549416,
    "eval_metrics/imp_count_r2_gw": -0.07745326443885622,
    "eval_metrics/den_pval_r2_dsf1": -0.004110709839544456,
    "eval_metrics/den_pval_pearson_1obs": 0.11368588355866163,
    "eval_metrics/den_pval_spearman_1obs": 0.1144222859344461,
    "eval_metrics/imp_pval_pearson_1obs": 0.20226468966067176,
    "eval_metrics/imp_pval_r2_gw": -0.1158111842647344,
    "eval_metrics/imp_pval_spearman_dsf1": 0.16069934843489347,
    "eval_metrics/den_peak_auroc_gw": 0.5299800310217789,
    "eval_metrics/imp_pval_r2_1obs": -25.54615205931917,
    "eval_metrics/imp_pval_pearson_gw": 0.16301670711901453,
    "eval_metrics/imp_pval_pearson_dsf1": 0.16301670711901453,
    "eval_metrics/imp_peak_auroc_gw": 0.5024015900069673,
    "eval_metrics/imp_pval_spearman_1obs": 0.18743572339389342,
    "eval_losses/total_loss": 4.9723139052113865,
    "eval_losses/count_obs_loss": 1.2176170443233691,
    "eval_losses/count_imp_loss": 1.8729278615542821,
    "eval_losses/pval_obs_loss": 0.4523646937664843,
    "eval_losses/pval_imp_loss": 0.7109468271216702,
    "eval_losses/peak_obs_loss": 0.6261757839667169,
    "eval_losses/peak_imp_loss": 0.6445044402092223
  }
}
{
  "epoch": 59,
  "training_metadata_probes": {
    "training_metadata_probes/depth_count_ratio": 1.008944034576416,
    "training_metadata_probes/runtype_mse": 1.7885686247609556e-05,
    "training_metadata_probes/readlen_mse": 4.703386821347522e-06
  }
}
{
  "epoch": 60,
  "eval_prefixed": {
    "eval_metrics/imp_count_pearson_gw": 0.011858100800531074,
    "eval_metrics/den_count_r2_gw": -0.1308049024199125,
    "eval_metrics/den_pval_pearson_dsf1": 0.25474788373532264,
    "eval_metrics/imp_count_spearman_gw": -0.023695449224743707,
    "eval_metrics/den_pval_r2_gw": -0.007870868810198073,
    "eval_metrics/imp_pval_spearman_gw": 0.1602000971896265,
    "eval_metrics/den_pval_r2_1obs": -28.698146513419697,
    "eval_metrics/den_pval_pearson_gw": 0.25474788373532264,
    "eval_metrics/den_count_pearson_gw": 0.11341619074932839,
    "eval_metrics/den_pval_spearman_dsf1": 0.21105086959725927,
    "eval_metrics/imp_pval_r2_dsf1": -0.10318902212622649,
    "eval_metrics/den_count_spearman_gw": 0.0901880353487342,
    "eval_metrics/den_pval_spearman_gw": 0.21105086959725927,
    "eval_metrics/imp_count_r2_gw": -0.06519137550683336,
    "eval_metrics/den_pval_r2_dsf1": -0.007870868810198073,
    "eval_metrics/den_pval_pearson_1obs": 0.11479041022003482,
    "eval_metrics/den_pval_spearman_1obs": 0.10974054921895646,
    "eval_metrics/imp_pval_pearson_1obs": 0.216714783431223,
    "eval_metrics/imp_pval_r2_gw": -0.10318902212622649,
    "eval_metrics/imp_pval_spearman_dsf1": 0.1602000971896265,
    "eval_metrics/den_peak_auroc_gw": 0.5310303165955833,
    "eval_metrics/imp_pval_r2_1obs": -37.26810973637311,
    "eval_metrics/imp_pval_pearson_gw": 0.17636967237506593,
    "eval_metrics/imp_pval_pearson_dsf1": 0.17636967237506593,
    "eval_metrics/imp_peak_auroc_gw": 0.5420039085118619,
    "eval_metrics/imp_pval_spearman_1obs": 0.21228217282407544,
    "eval_losses/total_loss": 5.104396537528373,
    "eval_losses/count_obs_loss": 1.2361083383622922,
    "eval_losses/count_imp_loss": 1.9274692724621485,
    "eval_losses/pval_obs_loss": 0.4666848962967235,
    "eval_losses/pval_imp_loss": 0.7848996399413972,
    "eval_losses/peak_obs_loss": 0.6230250879337913,
    "eval_losses/peak_imp_loss": 0.6395667119631692
  }
}
{
  "epoch": 60,
  "training_metadata_probes": {
    "training_metadata_probes/depth_count_ratio": 1.0093966722488403,
    "training_metadata_probes/runtype_mse": 1.8763179468805902e-05,
    "training_metadata_probes/readlen_mse": 4.640778115572175e-06
  }
}
{
  "epoch": 61,
  "eval_prefixed": {
    "eval_metrics/imp_count_pearson_gw": 0.010976340747364456,
    "eval_metrics/den_count_r2_gw": -0.15173456255092957,
    "eval_metrics/den_pval_pearson_dsf1": 0.2513550871318378,
    "eval_metrics/imp_count_spearman_gw": -0.026624490369338567,
    "eval_metrics/den_pval_r2_gw": -0.003885377433790775,
    "eval_metrics/imp_pval_spearman_gw": 0.1546833885242064,
    "eval_metrics/den_pval_r2_1obs": -20.700310990027194,
    "eval_metrics/den_pval_pearson_gw": 0.2513550871318378,
    "eval_metrics/den_count_pearson_gw": 0.1163770096915725,
    "eval_metrics/den_pval_spearman_dsf1": 0.20753740660810063,
    "eval_metrics/imp_pval_r2_dsf1": -0.14407484379776286,
    "eval_metrics/den_count_spearman_gw": 0.08908393811415842,
    "eval_metrics/den_pval_spearman_gw": 0.20753740660810063,
    "eval_metrics/imp_count_r2_gw": -0.06149403326060735,
    "eval_metrics/den_pval_r2_dsf1": -0.003885377433790775,
    "eval_metrics/den_pval_pearson_1obs": 0.11444826535329125,
    "eval_metrics/den_pval_spearman_1obs": 0.11134482536777773,
    "eval_metrics/imp_pval_pearson_1obs": 0.1820775175796053,
    "eval_metrics/imp_pval_r2_gw": -0.14407484379776286,
    "eval_metrics/imp_pval_spearman_dsf1": 0.1546833885242064,
    "eval_metrics/den_peak_auroc_gw": 0.530875845108947,
    "eval_metrics/imp_pval_r2_1obs": -33.86569737921886,
    "eval_metrics/imp_pval_pearson_gw": 0.16076874401834276,
    "eval_metrics/imp_pval_pearson_dsf1": 0.16076874401834276,
    "eval_metrics/imp_peak_auroc_gw": 0.5441028625289821,
    "eval_metrics/imp_pval_spearman_1obs": 0.16850909338729866,
    "eval_losses/total_loss": 5.055269517690728,
    "eval_losses/count_obs_loss": 1.229430615901947,
    "eval_losses/count_imp_loss": 1.8985139708670358,
    "eval_losses/pval_obs_loss": 0.44758468408958596,
    "eval_losses/pval_imp_loss": 0.7913462904777141,
    "eval_losses/peak_obs_loss": 0.6199769267910406,
    "eval_losses/peak_imp_loss": 0.6375853594333406
  }
}
{
  "epoch": 61,
  "training_metadata_probes": {
    "training_metadata_probes/depth_count_ratio": 1.0097695589065552,
    "training_metadata_probes/runtype_mse": 1.8974236809299327e-05,
    "training_metadata_probes/readlen_mse": 5.0248822844878305e-06
  }
}
{
  "epoch": 62,
  "eval_prefixed": {
    "eval_metrics/imp_count_pearson_gw": 0.012755394423572671,
    "eval_metrics/den_count_r2_gw": -0.16642896499577453,
    "eval_metrics/den_pval_pearson_dsf1": 0.25874100631029395,
    "eval_metrics/imp_count_spearman_gw": -0.02760761429722207,
    "eval_metrics/den_pval_r2_gw": 0.004791988880131328,
    "eval_metrics/imp_pval_spearman_gw": 0.15066133151724614,
    "eval_metrics/den_pval_r2_1obs": -26.87307436811031,
    "eval_metrics/den_pval_pearson_gw": 0.25874100631029395,
    "eval_metrics/den_count_pearson_gw": 0.11415140882232472,
    "eval_metrics/den_pval_spearman_dsf1": 0.20810892993584404,
    "eval_metrics/imp_pval_r2_dsf1": -0.10110131681167998,
    "eval_metrics/den_count_spearman_gw": 0.0926255188315586,
    "eval_metrics/den_pval_spearman_gw": 0.20810892993584404,
    "eval_metrics/imp_count_r2_gw": -0.06689124335354626,
    "eval_metrics/den_pval_r2_dsf1": 0.004791988880131328,
    "eval_metrics/den_pval_pearson_1obs": 0.10803477533581347,
    "eval_metrics/den_pval_spearman_1obs": 0.09738067227307727,
    "eval_metrics/imp_pval_pearson_1obs": 0.2105339745000478,
    "eval_metrics/imp_pval_r2_gw": -0.10110131681167998,
    "eval_metrics/imp_pval_spearman_dsf1": 0.15066133151724614,
    "eval_metrics/den_peak_auroc_gw": 0.5389469604328258,
    "eval_metrics/imp_pval_r2_1obs": -34.37952605823037,
    "eval_metrics/imp_pval_pearson_gw": 0.16841649104441916,
    "eval_metrics/imp_pval_pearson_dsf1": 0.16841649104441916,
    "eval_metrics/imp_peak_auroc_gw": 0.5266809241153976,
    "eval_metrics/imp_pval_spearman_1obs": 0.2021118753533041,
    "eval_losses/total_loss": 5.1646176931872585,
    "eval_losses/count_obs_loss": 1.2562781556656486,
    "eval_losses/count_imp_loss": 1.9158517320950825,
    "eval_losses/pval_obs_loss": 0.45935063935451725,
    "eval_losses/pval_imp_loss": 0.8643066993663235,
    "eval_losses/peak_obs_loss": 0.6168272699180403,
    "eval_losses/peak_imp_loss": 0.6364175010295141
  }
}
{
  "epoch": 62,
  "training_metadata_probes": {
    "training_metadata_probes/depth_count_ratio": 1.0104624032974243,
    "training_metadata_probes/runtype_mse": 1.883158074633684e-05,
    "training_metadata_probes/readlen_mse": 4.77959565614583e-06
  }
}
{
  "epoch": 63,
  "eval_prefixed": {
    "eval_metrics/imp_count_pearson_gw": 0.014283492558798383,
    "eval_metrics/den_count_r2_gw": -0.14825117213184724,
    "eval_metrics/den_pval_pearson_dsf1": 0.24735866521338098,
    "eval_metrics/imp_count_spearman_gw": -0.02780383694904494,
    "eval_metrics/den_pval_r2_gw": -0.0030599309947855393,
    "eval_metrics/imp_pval_spearman_gw": 0.1330188862790907,
    "eval_metrics/den_pval_r2_1obs": -27.105743923769325,
    "eval_metrics/den_pval_pearson_gw": 0.24735866521338098,
    "eval_metrics/den_count_pearson_gw": 0.11469738127810783,
    "eval_metrics/den_pval_spearman_dsf1": 0.1998910523209997,
    "eval_metrics/imp_pval_r2_dsf1": -0.10588381388797023,
    "eval_metrics/den_count_spearman_gw": 0.09139090519047219,
    "eval_metrics/den_pval_spearman_gw": 0.1998910523209997,
    "eval_metrics/imp_count_r2_gw": -0.0655262935343654,
    "eval_metrics/den_pval_r2_dsf1": -0.0030599309947855393,
    "eval_metrics/den_pval_pearson_1obs": 0.13818686472108024,
    "eval_metrics/den_pval_spearman_1obs": 0.132854258085954,
    "eval_metrics/imp_pval_pearson_1obs": 0.201103294288115,
    "eval_metrics/imp_pval_r2_gw": -0.10588381388797023,
    "eval_metrics/imp_pval_spearman_dsf1": 0.1330188862790907,
    "eval_metrics/den_peak_auroc_gw": 0.5283327987564311,
    "eval_metrics/imp_pval_r2_1obs": -22.22423539125839,
    "eval_metrics/imp_pval_pearson_gw": 0.16305165368294905,
    "eval_metrics/imp_pval_pearson_dsf1": 0.16305165368294905,
    "eval_metrics/imp_peak_auroc_gw": 0.5179830369711791,
    "eval_metrics/imp_pval_spearman_1obs": 0.1910649482444736,
    "eval_losses/total_loss": 5.266585195366612,
    "eval_losses/count_obs_loss": 1.2098073629956496,
    "eval_losses/count_imp_loss": 1.8978830244806077,
    "eval_losses/pval_obs_loss": 0.44325476730744795,
    "eval_losses/pval_imp_loss": 1.0841221005197554,
    "eval_losses/peak_obs_loss": 0.6155399637002694,
    "eval_losses/peak_imp_loss": 0.6346094099775194
  }
}
{
  "epoch": 63,
  "training_metadata_probes": {
    "training_metadata_probes/depth_count_ratio": 1.0108522176742554,
    "training_metadata_probes/runtype_mse": 1.9355315089342184e-05,
    "training_metadata_probes/readlen_mse": 4.403417733556125e-06
  }
}
{
  "epoch": 64,
  "eval_prefixed": {
    "eval_metrics/imp_count_pearson_gw": 0.015799646879295037,
    "eval_metrics/den_count_r2_gw": -0.17242430376441367,
    "eval_metrics/den_pval_pearson_dsf1": 0.25838558253292976,
    "eval_metrics/imp_count_spearman_gw": -0.02415033293052191,
    "eval_metrics/den_pval_r2_gw": -0.002313368379885392,
    "eval_metrics/imp_pval_spearman_gw": 0.14910882847474452,
    "eval_metrics/den_pval_r2_1obs": -24.44380006635849,
    "eval_metrics/den_pval_pearson_gw": 0.25838558253292976,
    "eval_metrics/den_count_pearson_gw": 0.11709999570034836,
    "eval_metrics/den_pval_spearman_dsf1": 0.2090637371191794,
    "eval_metrics/imp_pval_r2_dsf1": -0.1127095274534202,
    "eval_metrics/den_count_spearman_gw": 0.09357893218694346,
    "eval_metrics/den_pval_spearman_gw": 0.2090637371191794,
    "eval_metrics/imp_count_r2_gw": -0.06348587956749764,
    "eval_metrics/den_pval_r2_dsf1": -0.002313368379885392,
    "eval_metrics/den_pval_pearson_1obs": 0.12539713154546916,
    "eval_metrics/den_pval_spearman_1obs": 0.11580070808943257,
    "eval_metrics/imp_pval_pearson_1obs": 0.21151876373083464,
    "eval_metrics/imp_pval_r2_gw": -0.1127095274534202,
    "eval_metrics/imp_pval_spearman_dsf1": 0.14910882847474452,
    "eval_metrics/den_peak_auroc_gw": 0.5405997280494772,
    "eval_metrics/imp_pval_r2_1obs": -26.286780369045523,
    "eval_metrics/imp_pval_pearson_gw": 0.17149334513242281,
    "eval_metrics/imp_pval_pearson_dsf1": 0.17149334513242281,
    "eval_metrics/imp_peak_auroc_gw": 0.5365787914851045,
    "eval_metrics/imp_pval_spearman_1obs": 0.20309129284305952,
    "eval_losses/total_loss": 5.0630577728091,
    "eval_losses/count_obs_loss": 1.2529178991129524,
    "eval_losses/count_imp_loss": 1.9235509984076968,
    "eval_losses/pval_obs_loss": 0.4415039558784644,
    "eval_losses/pval_imp_loss": 0.7686152588871736,
    "eval_losses/peak_obs_loss": 0.6117478197342471,
    "eval_losses/peak_imp_loss": 0.633603511821656
  }
}
{
  "epoch": 64,
  "training_metadata_probes": {
    "training_metadata_probes/depth_count_ratio": 1.0112489461898804,
    "training_metadata_probes/runtype_mse": 2.1492416635737754e-05,
    "training_metadata_probes/readlen_mse": 5.498921836988302e-06
  }
}
{
  "epoch": 65,
  "eval_prefixed": {
    "eval_metrics/imp_count_pearson_gw": 0.013561141241105303,
    "eval_metrics/den_count_r2_gw": -0.17850732458418853,
    "eval_metrics/den_pval_pearson_dsf1": 0.259233831570447,
    "eval_metrics/imp_count_spearman_gw": -0.025131357327385462,
    "eval_metrics/den_pval_r2_gw": 0.003587080445058614,
    "eval_metrics/imp_pval_spearman_gw": 0.12979200792241977,
    "eval_metrics/den_pval_r2_1obs": -28.940285706052926,
    "eval_metrics/den_pval_pearson_gw": 0.259233831570447,
    "eval_metrics/den_count_pearson_gw": 0.11873617057541483,
    "eval_metrics/den_pval_spearman_dsf1": 0.20539079675848848,
    "eval_metrics/imp_pval_r2_dsf1": -0.12381987136405272,
    "eval_metrics/den_count_spearman_gw": 0.09248242526434092,
    "eval_metrics/den_pval_spearman_gw": 0.20539079675848848,
    "eval_metrics/imp_count_r2_gw": -0.07979109353921733,
    "eval_metrics/den_pval_r2_dsf1": 0.003587080445058614,
    "eval_metrics/den_pval_pearson_1obs": 0.13420625378402243,
    "eval_metrics/den_pval_spearman_1obs": 0.125514987996542,
    "eval_metrics/imp_pval_pearson_1obs": 0.22492662023398138,
    "eval_metrics/imp_pval_r2_gw": -0.12381987136405272,
    "eval_metrics/imp_pval_spearman_dsf1": 0.12979200792241977,
    "eval_metrics/den_peak_auroc_gw": 0.5395490311795414,
    "eval_metrics/imp_pval_r2_1obs": -23.472907788418755,
    "eval_metrics/imp_pval_pearson_gw": 0.16964891677101454,
    "eval_metrics/imp_pval_pearson_dsf1": 0.16964891677101454,
    "eval_metrics/imp_peak_auroc_gw": 0.5044303129676536,
    "eval_metrics/imp_pval_spearman_1obs": 0.21085920153012194,
    "eval_losses/total_loss": 5.227770407904724,
    "eval_losses/count_obs_loss": 1.2969529965990467,
    "eval_losses/count_imp_loss": 1.8935958118665785,
    "eval_losses/pval_obs_loss": 0.4444027781045358,
    "eval_losses/pval_imp_loss": 0.9467800492568622,
    "eval_losses/peak_obs_loss": 0.608279690538582,
    "eval_losses/peak_imp_loss": 0.6316599427234559
  }
}
{
  "epoch": 65,
  "training_metadata_probes": {
    "training_metadata_probes/depth_count_ratio": 1.0115126371383667,
    "training_metadata_probes/runtype_mse": 2.1845955416210927e-05,
    "training_metadata_probes/readlen_mse": 5.208787570154527e-06
  }
}
{
  "epoch": 66,
  "eval_prefixed": {
    "eval_metrics/imp_count_pearson_gw": 0.012613600807353145,
    "eval_metrics/den_count_r2_gw": -0.1331534915501774,
    "eval_metrics/den_pval_pearson_dsf1": 0.2711326641545288,
    "eval_metrics/imp_count_spearman_gw": -0.02879887740396985,
    "eval_metrics/den_pval_r2_gw": 0.00789833129617294,
    "eval_metrics/imp_pval_spearman_gw": 0.13798309878589765,
    "eval_metrics/den_pval_r2_1obs": -27.311125383273318,
    "eval_metrics/den_pval_pearson_gw": 0.2711326641545288,
    "eval_metrics/den_count_pearson_gw": 0.11978008881162264,
    "eval_metrics/den_pval_spearman_dsf1": 0.21383226731779187,
    "eval_metrics/imp_pval_r2_dsf1": -0.10682532397137931,
    "eval_metrics/den_count_spearman_gw": 0.09342049787261812,
    "eval_metrics/den_pval_spearman_gw": 0.21383226731779187,
    "eval_metrics/imp_count_r2_gw": -0.06565770966809925,
    "eval_metrics/den_pval_r2_dsf1": 0.00789833129617294,
    "eval_metrics/den_pval_pearson_1obs": 0.11934182775286517,
    "eval_metrics/den_pval_spearman_1obs": 0.11569321095741754,
    "eval_metrics/imp_pval_pearson_1obs": 0.20111276504273215,
    "eval_metrics/imp_pval_r2_gw": -0.10682532397137931,
    "eval_metrics/imp_pval_spearman_dsf1": 0.13798309878589765,
    "eval_metrics/den_peak_auroc_gw": 0.5340931705536887,
    "eval_metrics/imp_pval_r2_1obs": -45.06277737079679,
    "eval_metrics/imp_pval_pearson_gw": 0.18774002657404967,
    "eval_metrics/imp_pval_pearson_dsf1": 0.18774002657404967,
    "eval_metrics/imp_peak_auroc_gw": 0.5321125727475016,
    "eval_metrics/imp_pval_spearman_1obs": 0.20755739507445614,
    "eval_losses/total_loss": 5.2358887505497,
    "eval_losses/count_obs_loss": 1.274993830605557,
    "eval_losses/count_imp_loss": 1.9315316667632452,
    "eval_losses/pval_obs_loss": 0.4532741477933565,
    "eval_losses/pval_imp_loss": 0.9384253366835533,
    "eval_losses/peak_obs_loss": 0.6072853874219092,
    "eval_losses/peak_imp_loss": 0.6288602860674025
  }
}
{
  "epoch": 66,
  "training_metadata_probes": {
    "training_metadata_probes/depth_count_ratio": 1.0121597051620483,
    "training_metadata_probes/runtype_mse": 2.243139169877395e-05,
    "training_metadata_probes/readlen_mse": 5.852531103300862e-06
  }
}
{
  "epoch": 67,
  "eval_prefixed": {
    "eval_metrics/imp_count_pearson_gw": 0.01201945000387255,
    "eval_metrics/den_count_r2_gw": -0.14297217978672425,
    "eval_metrics/den_pval_pearson_dsf1": 0.25392989931309495,
    "eval_metrics/imp_count_spearman_gw": -0.022044525076397273,
    "eval_metrics/den_pval_r2_gw": -0.008819514853882009,
    "eval_metrics/imp_pval_spearman_gw": 0.12012536595926525,
    "eval_metrics/den_pval_r2_1obs": -25.947805830452552,
    "eval_metrics/den_pval_pearson_gw": 0.25392989931309495,
    "eval_metrics/den_count_pearson_gw": 0.12363344470137044,
    "eval_metrics/den_pval_spearman_dsf1": 0.19967729445083998,
    "eval_metrics/imp_pval_r2_dsf1": -0.10807476378796736,
    "eval_metrics/den_count_spearman_gw": 0.09300740640860955,
    "eval_metrics/den_pval_spearman_gw": 0.19967729445083998,
    "eval_metrics/imp_count_r2_gw": -0.0670517879525782,
    "eval_metrics/den_pval_r2_dsf1": -0.008819514853882009,
    "eval_metrics/den_pval_pearson_1obs": 0.1158229514212029,
    "eval_metrics/den_pval_spearman_1obs": 0.10740967566787858,
    "eval_metrics/imp_pval_pearson_1obs": 0.20632863381858138,
    "eval_metrics/imp_pval_r2_gw": -0.10807476378796736,
    "eval_metrics/imp_pval_spearman_dsf1": 0.12012536595926525,
    "eval_metrics/den_peak_auroc_gw": 0.5271714098165925,
    "eval_metrics/imp_pval_r2_1obs": -25.266646807555087,
    "eval_metrics/imp_pval_pearson_gw": 0.15864840155792614,
    "eval_metrics/imp_pval_pearson_dsf1": 0.15864840155792614,
    "eval_metrics/imp_peak_auroc_gw": 0.5131883944120563,
    "eval_metrics/imp_pval_spearman_1obs": 0.20776051629015782,
    "eval_losses/total_loss": 5.23277311794855,
    "eval_losses/count_obs_loss": 1.221998224917211,
    "eval_losses/count_imp_loss": 1.9533692200978596,
    "eval_losses/pval_obs_loss": 0.43973751643773684,
    "eval_losses/pval_imp_loss": 0.9962403343783485,
    "eval_losses/peak_obs_loss": 0.6054380379225078,
    "eval_losses/peak_imp_loss": 0.6279388540793979
  }
}
{
  "epoch": 67,
  "training_metadata_probes": {
    "training_metadata_probes/depth_count_ratio": 1.012484073638916,
    "training_metadata_probes/runtype_mse": 2.6184568923781626e-05,
    "training_metadata_probes/readlen_mse": 6.754956302756909e-06
  }
}
{
  "epoch": 68,
  "eval_prefixed": {
    "eval_metrics/imp_count_pearson_gw": 0.013317612964393837,
    "eval_metrics/den_count_r2_gw": -0.11813796334449311,
    "eval_metrics/den_pval_pearson_dsf1": 0.25326154665335227,
    "eval_metrics/imp_count_spearman_gw": -0.02480314057632861,
    "eval_metrics/den_pval_r2_gw": -0.0047549108891050025,
    "eval_metrics/imp_pval_spearman_gw": 0.12179181451482253,
    "eval_metrics/den_pval_r2_1obs": -27.79828052991486,
    "eval_metrics/den_pval_pearson_gw": 0.25326154665335227,
    "eval_metrics/den_count_pearson_gw": 0.12050808031773685,
    "eval_metrics/den_pval_spearman_dsf1": 0.19891952379489808,
    "eval_metrics/imp_pval_r2_dsf1": -0.10914338338983462,
    "eval_metrics/den_count_spearman_gw": 0.09473799594682004,
    "eval_metrics/den_pval_spearman_gw": 0.19891952379489808,
    "eval_metrics/imp_count_r2_gw": -0.06979924903752673,
    "eval_metrics/den_pval_r2_dsf1": -0.0047549108891050025,
    "eval_metrics/den_pval_pearson_1obs": 0.1085638040829891,
    "eval_metrics/den_pval_spearman_1obs": 0.10474372728772861,
    "eval_metrics/imp_pval_pearson_1obs": 0.19806024032489708,
    "eval_metrics/imp_pval_r2_gw": -0.10914338338983462,
    "eval_metrics/imp_pval_spearman_dsf1": 0.12179181451482253,
    "eval_metrics/den_peak_auroc_gw": 0.5223949528030432,
    "eval_metrics/imp_pval_r2_1obs": -27.46759182394787,
    "eval_metrics/imp_pval_pearson_gw": 0.16682417265006474,
    "eval_metrics/imp_pval_pearson_dsf1": 0.16682417265006474,
    "eval_metrics/imp_peak_auroc_gw": 0.5406178166862281,
    "eval_metrics/imp_pval_spearman_1obs": 0.19718385726610457,
    "eval_losses/total_loss": 5.41093261041801,
    "eval_losses/count_obs_loss": 1.2421113134999024,
    "eval_losses/count_imp_loss": 1.9471866346540905,
    "eval_losses/pval_obs_loss": 0.46948204750170636,
    "eval_losses/pval_imp_loss": 1.1637098143498104,
    "eval_losses/peak_obs_loss": 0.6028768502567944,
    "eval_losses/peak_imp_loss": 0.6245185087124506
  }
}
{
  "epoch": 68,
  "training_metadata_probes": {
    "training_metadata_probes/depth_count_ratio": 1.0129880905151367,
    "training_metadata_probes/runtype_mse": 2.5130415451712906e-05,
    "training_metadata_probes/readlen_mse": 6.629788913414814e-06
  }
}
{
  "epoch": 69,
  "eval_prefixed": {
    "eval_metrics/imp_count_pearson_gw": 0.012746741499988333,
    "eval_metrics/den_count_r2_gw": -0.16241795915775506,
    "eval_metrics/den_pval_pearson_dsf1": 0.25794793325353804,
    "eval_metrics/imp_count_spearman_gw": -0.024769461048144325,
    "eval_metrics/den_pval_r2_gw": -0.002675515963975785,
    "eval_metrics/imp_pval_spearman_gw": 0.1176955929579566,
    "eval_metrics/den_pval_r2_1obs": -24.767235180652182,
    "eval_metrics/den_pval_pearson_gw": 0.25794793325353804,
    "eval_metrics/den_count_pearson_gw": 0.12193898335221763,
    "eval_metrics/den_pval_spearman_dsf1": 0.19618478531495448,
    "eval_metrics/imp_pval_r2_dsf1": -0.1718226373344209,
    "eval_metrics/den_count_spearman_gw": 0.09415450911431936,
    "eval_metrics/den_pval_spearman_gw": 0.19618478531495448,
    "eval_metrics/imp_count_r2_gw": -0.07583549229791545,
    "eval_metrics/den_pval_r2_dsf1": -0.002675515963975785,
    "eval_metrics/den_pval_pearson_1obs": 0.11680418699918511,
    "eval_metrics/den_pval_spearman_1obs": 0.11654001164202032,
    "eval_metrics/imp_pval_pearson_1obs": 0.23788499981830163,
    "eval_metrics/imp_pval_r2_gw": -0.1718226373344209,
    "eval_metrics/imp_pval_spearman_dsf1": 0.1176955929579566,
    "eval_metrics/den_peak_auroc_gw": 0.5337096037167895,
    "eval_metrics/imp_pval_r2_1obs": -22.22057915011189,
    "eval_metrics/imp_pval_pearson_gw": 0.14844947587698698,
    "eval_metrics/imp_pval_pearson_dsf1": 0.14844947587698698,
    "eval_metrics/imp_peak_auroc_gw": 0.5140045588877651,
    "eval_metrics/imp_pval_spearman_1obs": 0.22524457224820857,
    "eval_losses/total_loss": 5.470991745566655,
    "eval_losses/count_obs_loss": 1.2354646199627926,
    "eval_losses/count_imp_loss": 1.8710405608964344,
    "eval_losses/pval_obs_loss": 0.4297158487484251,
    "eval_losses/pval_imp_loss": 1.3718417576617665,
    "eval_losses/peak_obs_loss": 0.599664459495168,
    "eval_losses/peak_imp_loss": 0.6248503500033938
  }
}
{
  "epoch": 69,
  "training_metadata_probes": {
    "training_metadata_probes/depth_count_ratio": 1.0134263038635254,
    "training_metadata_probes/runtype_mse": 3.4990567655768245e-05,
    "training_metadata_probes/readlen_mse": 8.601251465734094e-06
  }
}
{
  "epoch": 70,
  "eval_prefixed": {
    "eval_metrics/imp_count_pearson_gw": 0.013158493524690765,
    "eval_metrics/den_count_r2_gw": -0.18503477439913138,
    "eval_metrics/den_pval_pearson_dsf1": 0.2646885263537498,
    "eval_metrics/imp_count_spearman_gw": -0.02704541093846319,
    "eval_metrics/den_pval_r2_gw": 0.007930075400385941,
    "eval_metrics/imp_pval_spearman_gw": 0.12205392445855665,
    "eval_metrics/den_pval_r2_1obs": -30.207188191628287,
    "eval_metrics/den_pval_pearson_gw": 0.2646885263537498,
    "eval_metrics/den_count_pearson_gw": 0.12424194352015068,
    "eval_metrics/den_pval_spearman_dsf1": 0.20028457838389743,
    "eval_metrics/imp_pval_r2_dsf1": -0.12676380194592057,
    "eval_metrics/den_count_spearman_gw": 0.09562330531022295,
    "eval_metrics/den_pval_spearman_gw": 0.20028457838389743,
    "eval_metrics/imp_count_r2_gw": -0.06556524366436008,
    "eval_metrics/den_pval_r2_dsf1": 0.007930075400385941,
    "eval_metrics/den_pval_pearson_1obs": 0.136563274497779,
    "eval_metrics/den_pval_spearman_1obs": 0.134697657657441,
    "eval_metrics/imp_pval_pearson_1obs": 0.1916186772139063,
    "eval_metrics/imp_pval_r2_gw": -0.12676380194592057,
    "eval_metrics/imp_pval_spearman_dsf1": 0.12205392445855665,
    "eval_metrics/den_peak_auroc_gw": 0.541089431462205,
    "eval_metrics/imp_pval_r2_1obs": -28.201699329539995,
    "eval_metrics/imp_pval_pearson_gw": 0.16910307076094405,
    "eval_metrics/imp_pval_pearson_dsf1": 0.16910307076094405,
    "eval_metrics/imp_peak_auroc_gw": 0.5112192912582091,
    "eval_metrics/imp_pval_spearman_1obs": 0.18752305723422663,
    "eval_losses/total_loss": 5.529204458013593,
    "eval_losses/count_obs_loss": 1.2688497893120114,
    "eval_losses/count_imp_loss": 1.8903009759055243,
    "eval_losses/pval_obs_loss": 0.4240474134444651,
    "eval_losses/pval_imp_loss": 1.3942963400530437,
    "eval_losses/peak_obs_loss": 0.5962836499276915,
    "eval_losses/peak_imp_loss": 0.6240025888832789
  }
}
{
  "epoch": 70,
  "training_metadata_probes": {
    "training_metadata_probes/depth_count_ratio": 1.0141968727111816,
    "training_metadata_probes/runtype_mse": 3.729861055035144e-05,
    "training_metadata_probes/readlen_mse": 8.986618922790512e-06
  }
}
{
  "epoch": 71,
  "eval_prefixed": {
    "eval_metrics/imp_count_pearson_gw": 0.011211804258415387,
    "eval_metrics/den_count_r2_gw": -0.15432907758934303,
    "eval_metrics/den_pval_pearson_dsf1": 0.2573499860361488,
    "eval_metrics/imp_count_spearman_gw": -0.02596438886518555,
    "eval_metrics/den_pval_r2_gw": 4.324635317928377e-05,
    "eval_metrics/imp_pval_spearman_gw": 0.11269172996806433,
    "eval_metrics/den_pval_r2_1obs": -23.430750455980885,
    "eval_metrics/den_pval_pearson_gw": 0.2573499860361488,
    "eval_metrics/den_count_pearson_gw": 0.12150805162903118,
    "eval_metrics/den_pval_spearman_dsf1": 0.19636211574195797,
    "eval_metrics/imp_pval_r2_dsf1": -0.12100251789555104,
    "eval_metrics/den_count_spearman_gw": 0.0947995583273802,
    "eval_metrics/den_pval_spearman_gw": 0.19636211574195797,
    "eval_metrics/imp_count_r2_gw": -0.0751982919842537,
    "eval_metrics/den_pval_r2_dsf1": 4.324635317928377e-05,
    "eval_metrics/den_pval_pearson_1obs": 0.14887741252191758,
    "eval_metrics/den_pval_spearman_1obs": 0.1407953214562901,
    "eval_metrics/imp_pval_pearson_1obs": 0.21031673415564,
    "eval_metrics/imp_pval_r2_gw": -0.12100251789555104,
    "eval_metrics/imp_pval_spearman_dsf1": 0.11269172996806433,
    "eval_metrics/den_peak_auroc_gw": 0.5289313946527733,
    "eval_metrics/imp_pval_r2_1obs": -26.214197855313074,
    "eval_metrics/imp_pval_pearson_gw": 0.15432701324896206,
    "eval_metrics/imp_pval_pearson_dsf1": 0.15432701324896206,
    "eval_metrics/imp_peak_auroc_gw": 0.5220867929052548,
    "eval_metrics/imp_pval_spearman_1obs": 0.19372674173585905,
    "eval_losses/total_loss": 5.395844831275386,
    "eval_losses/count_obs_loss": 1.2041508280917217,
    "eval_losses/count_imp_loss": 1.9127622435963343,
    "eval_losses/pval_obs_loss": 0.39908118614326477,
    "eval_losses/pval_imp_loss": 1.323761606855052,
    "eval_losses/peak_obs_loss": 0.5952294061058446,
    "eval_losses/peak_imp_loss": 0.6206370897236324
  }
}
{
  "epoch": 71,
  "training_metadata_probes": {
    "training_metadata_probes/depth_count_ratio": 1.014327883720398,
    "training_metadata_probes/runtype_mse": 4.537886707112193e-05,
    "training_metadata_probes/readlen_mse": 1.0172178008360788e-05
  }
}
{
  "epoch": 72,
  "eval_prefixed": {
    "eval_metrics/imp_count_pearson_gw": 0.010476009794353832,
    "eval_metrics/den_count_r2_gw": -0.15524959855436435,
    "eval_metrics/den_pval_pearson_dsf1": 0.2569076442412456,
    "eval_metrics/imp_count_spearman_gw": -0.027970670933550264,
    "eval_metrics/den_pval_r2_gw": -0.009590487594184465,
    "eval_metrics/imp_pval_spearman_gw": 0.11887739104973165,
    "eval_metrics/den_pval_r2_1obs": -25.986145116316866,
    "eval_metrics/den_pval_pearson_gw": 0.2569076442412456,
    "eval_metrics/den_count_pearson_gw": 0.13129217921462105,
    "eval_metrics/den_pval_spearman_dsf1": 0.19669928906029222,
    "eval_metrics/imp_pval_r2_dsf1": -0.159998894412985,
    "eval_metrics/den_count_spearman_gw": 0.09414644474519097,
    "eval_metrics/den_pval_spearman_gw": 0.19669928906029222,
    "eval_metrics/imp_count_r2_gw": -0.07963021413833667,
    "eval_metrics/den_pval_r2_dsf1": -0.009590487594184465,
    "eval_metrics/den_pval_pearson_1obs": 0.13959439582264932,
    "eval_metrics/den_pval_spearman_1obs": 0.1325326718360176,
    "eval_metrics/imp_pval_pearson_1obs": 0.2133198476706942,
    "eval_metrics/imp_pval_r2_gw": -0.159998894412985,
    "eval_metrics/imp_pval_spearman_dsf1": 0.11887739104973165,
    "eval_metrics/den_peak_auroc_gw": 0.5343463877522254,
    "eval_metrics/imp_pval_r2_1obs": -19.676715271932864,
    "eval_metrics/imp_pval_pearson_gw": 0.15040926104559313,
    "eval_metrics/imp_pval_pearson_dsf1": 0.15040926104559313,
    "eval_metrics/imp_peak_auroc_gw": 0.5215291015222672,
    "eval_metrics/imp_pval_spearman_1obs": 0.2027853265204117,
    "eval_losses/total_loss": 5.500076778465882,
    "eval_losses/count_obs_loss": 1.2061456873228675,
    "eval_losses/count_imp_loss": 1.8870359659194946,
    "eval_losses/pval_obs_loss": 0.40157191292382777,
    "eval_losses/pval_imp_loss": 1.474767132765717,
    "eval_losses/peak_obs_loss": 0.5926212354710227,
    "eval_losses/peak_imp_loss": 0.6188331497093987
  }
}
{
  "epoch": 72,
  "training_metadata_probes": {
    "training_metadata_probes/depth_count_ratio": 1.0150303840637207,
    "training_metadata_probes/runtype_mse": 4.7222329158103094e-05,
    "training_metadata_probes/readlen_mse": 1.0794660738611128e-05
  }
}
{
  "epoch": 73,
  "eval_prefixed": {
    "eval_metrics/imp_count_pearson_gw": 0.013169958380684774,
    "eval_metrics/den_count_r2_gw": -0.1735554237814029,
    "eval_metrics/den_pval_pearson_dsf1": 0.26492159966820555,
    "eval_metrics/imp_count_spearman_gw": -0.025513157623892946,
    "eval_metrics/den_pval_r2_gw": 0.005234876929607275,
    "eval_metrics/imp_pval_spearman_gw": 0.12401480574167029,
    "eval_metrics/den_pval_r2_1obs": -23.39563505386243,
    "eval_metrics/den_pval_pearson_gw": 0.26492159966820555,
    "eval_metrics/den_count_pearson_gw": 0.12066112853905284,
    "eval_metrics/den_pval_spearman_dsf1": 0.20541170595359146,
    "eval_metrics/imp_pval_r2_dsf1": -0.1365111165227689,
    "eval_metrics/den_count_spearman_gw": 0.0955506643656382,
    "eval_metrics/den_pval_spearman_gw": 0.20541170595359146,
    "eval_metrics/imp_count_r2_gw": -0.07643983295197745,
    "eval_metrics/den_pval_r2_dsf1": 0.005234876929607275,
    "eval_metrics/den_pval_pearson_1obs": 0.1308040482506744,
    "eval_metrics/den_pval_spearman_1obs": 0.13400616283244499,
    "eval_metrics/imp_pval_pearson_1obs": 0.18277300374641542,
    "eval_metrics/imp_pval_r2_gw": -0.1365111165227689,
    "eval_metrics/imp_pval_spearman_dsf1": 0.12401480574167029,
    "eval_metrics/den_peak_auroc_gw": 0.5389779811694679,
    "eval_metrics/imp_pval_r2_1obs": -35.544971431428976,
    "eval_metrics/imp_pval_pearson_gw": 0.15174689439554062,
    "eval_metrics/imp_pval_pearson_dsf1": 0.15174689439554062,
    "eval_metrics/imp_peak_auroc_gw": 0.5188399398541763,
    "eval_metrics/imp_pval_spearman_1obs": 0.1788208917021363,
    "eval_losses/total_loss": 5.502815230568797,
    "eval_losses/count_obs_loss": 1.2077670999263461,
    "eval_losses/count_imp_loss": 1.9009532881161524,
    "eval_losses/pval_obs_loss": 0.38696417282641815,
    "eval_losses/pval_imp_loss": 1.4838124818153797,
    "eval_losses/peak_obs_loss": 0.5896848883283766,
    "eval_losses/peak_imp_loss": 0.6183823138948471
  }
}
{
  "epoch": 73,
  "training_metadata_probes": {
    "training_metadata_probes/depth_count_ratio": 1.0155068635940552,
    "training_metadata_probes/runtype_mse": 6.776405643904582e-05,
    "training_metadata_probes/readlen_mse": 1.4256040230975486e-05
  }
}
{
  "epoch": 74,
  "eval_prefixed": {
    "eval_metrics/imp_count_pearson_gw": 0.019839032261174113,
    "eval_metrics/den_count_r2_gw": -0.20053497004954954,
    "eval_metrics/den_pval_pearson_dsf1": 0.2629091064935844,
    "eval_metrics/imp_count_spearman_gw": -0.02166014540904597,
    "eval_metrics/den_pval_r2_gw": 0.003190907312574141,
    "eval_metrics/imp_pval_spearman_gw": 0.1133284674112129,
    "eval_metrics/den_pval_r2_1obs": -29.28752254511282,
    "eval_metrics/den_pval_pearson_gw": 0.2629091064935844,
    "eval_metrics/den_count_pearson_gw": 0.12437317662529256,
    "eval_metrics/den_pval_spearman_dsf1": 0.19923279213088185,
    "eval_metrics/imp_pval_r2_dsf1": -0.10557624254064779,
    "eval_metrics/den_count_spearman_gw": 0.09645324903903198,
    "eval_metrics/den_pval_spearman_gw": 0.19923279213088185,
    "eval_metrics/imp_count_r2_gw": -0.060915134756124145,
    "eval_metrics/den_pval_r2_dsf1": 0.003190907312574141,
    "eval_metrics/den_pval_pearson_1obs": 0.14426040913186675,
    "eval_metrics/den_pval_spearman_1obs": 0.14157487866129917,
    "eval_metrics/imp_pval_pearson_1obs": 0.18638966811357977,
    "eval_metrics/imp_pval_r2_gw": -0.10557624254064779,
    "eval_metrics/imp_pval_spearman_dsf1": 0.1133284674112129,
    "eval_metrics/den_peak_auroc_gw": 0.5338215397216052,
    "eval_metrics/imp_pval_r2_1obs": -25.79245696072053,
    "eval_metrics/imp_pval_pearson_gw": 0.1676977092200624,
    "eval_metrics/imp_pval_pearson_dsf1": 0.1676977092200624,
    "eval_metrics/imp_peak_auroc_gw": 0.529362991773445,
    "eval_metrics/imp_pval_spearman_1obs": 0.17795391084058698,
    "eval_losses/total_loss": 5.772665350299672,
    "eval_losses/count_obs_loss": 1.2665107963900817,
    "eval_losses/count_imp_loss": 1.9155579966212075,
    "eval_losses/pval_obs_loss": 0.4024303645128384,
    "eval_losses/pval_imp_loss": 1.7101803624204226,
    "eval_losses/peak_obs_loss": 0.5867082017816996,
    "eval_losses/peak_imp_loss": 0.6170110863352579
  }
}
{
  "epoch": 74,
  "training_metadata_probes": {
    "training_metadata_probes/depth_count_ratio": 1.0157470703125,
    "training_metadata_probes/runtype_mse": 7.410356192849576e-05,
    "training_metadata_probes/readlen_mse": 1.4777104297536425e-05
  }
}
{
  "epoch": 75,
  "eval_prefixed": {
    "eval_metrics/imp_count_pearson_gw": 0.017511586477566097,
    "eval_metrics/den_count_r2_gw": -0.19079001382459446,
    "eval_metrics/den_pval_pearson_dsf1": 0.26045121001937477,
    "eval_metrics/imp_count_spearman_gw": -0.024911128572120526,
    "eval_metrics/den_pval_r2_gw": -0.0008727509866565485,
    "eval_metrics/imp_pval_spearman_gw": 0.11395043609083275,
    "eval_metrics/den_pval_r2_1obs": -31.694324797388443,
    "eval_metrics/den_pval_pearson_gw": 0.26045121001937477,
    "eval_metrics/den_count_pearson_gw": 0.12530555862835363,
    "eval_metrics/den_pval_spearman_dsf1": 0.1969188591494363,
    "eval_metrics/imp_pval_r2_dsf1": -0.11173459636576684,
    "eval_metrics/den_count_spearman_gw": 0.09496324052350472,
    "eval_metrics/den_pval_spearman_gw": 0.1969188591494363,
    "eval_metrics/imp_count_r2_gw": -0.06220825856815942,
    "eval_metrics/den_pval_r2_dsf1": -0.0008727509866565485,
    "eval_metrics/den_pval_pearson_1obs": 0.13843942536071777,
    "eval_metrics/den_pval_spearman_1obs": 0.13799991703128497,
    "eval_metrics/imp_pval_pearson_1obs": 0.1936574821981291,
    "eval_metrics/imp_pval_r2_gw": -0.11173459636576684,
    "eval_metrics/imp_pval_spearman_dsf1": 0.11395043609083275,
    "eval_metrics/den_peak_auroc_gw": 0.534121286553656,
    "eval_metrics/imp_pval_r2_1obs": -27.107613960811573,
    "eval_metrics/imp_pval_pearson_gw": 0.16572913360834632,
    "eval_metrics/imp_pval_pearson_dsf1": 0.16572913360834632,
    "eval_metrics/imp_peak_auroc_gw": 0.5253715558654006,
    "eval_metrics/imp_pval_spearman_1obs": 0.18509942551822592,
    "eval_losses/total_loss": 5.931025134778266,
    "eval_losses/count_obs_loss": 1.2683018296957016,
    "eval_losses/count_imp_loss": 1.901434062019227,
    "eval_losses/pval_obs_loss": 0.40686307593722104,
    "eval_losses/pval_imp_loss": 1.9126381077877586,
    "eval_losses/peak_obs_loss": 0.58492070122769,
    "eval_losses/peak_imp_loss": 0.6143628162524056
  }
}
{
  "epoch": 75,
  "training_metadata_probes": {
    "training_metadata_probes/depth_count_ratio": 1.016008973121643,
    "training_metadata_probes/runtype_mse": 6.386884342646226e-05,
    "training_metadata_probes/readlen_mse": 1.341724691883428e-05
  }
}
{
  "epoch": 76,
  "eval_prefixed": {
    "eval_metrics/imp_count_pearson_gw": 0.013727791056716962,
    "eval_metrics/den_count_r2_gw": -0.21290025251496256,
    "eval_metrics/den_pval_pearson_dsf1": 0.2548410026571027,
    "eval_metrics/imp_count_spearman_gw": -0.023337229141729785,
    "eval_metrics/den_pval_r2_gw": -0.0036560324394096615,
    "eval_metrics/imp_pval_spearman_gw": 0.10634520970828294,
    "eval_metrics/den_pval_r2_1obs": -24.742055712308826,
    "eval_metrics/den_pval_pearson_gw": 0.2548410026571027,
    "eval_metrics/den_count_pearson_gw": 0.12143348653702751,
    "eval_metrics/den_pval_spearman_dsf1": 0.19195211439454665,
    "eval_metrics/imp_pval_r2_dsf1": -0.1416448485620283,
    "eval_metrics/den_count_spearman_gw": 0.09575017611441028,
    "eval_metrics/den_pval_spearman_gw": 0.19195211439454665,
    "eval_metrics/imp_count_r2_gw": -0.0779617955407089,
    "eval_metrics/den_pval_r2_dsf1": -0.0036560324394096615,
    "eval_metrics/den_pval_pearson_1obs": 0.13094308340652405,
    "eval_metrics/den_pval_spearman_1obs": 0.12206903727470096,
    "eval_metrics/imp_pval_pearson_1obs": 0.2200228189753871,
    "eval_metrics/imp_pval_r2_gw": -0.1416448485620283,
    "eval_metrics/imp_pval_spearman_dsf1": 0.10634520970828294,
    "eval_metrics/den_peak_auroc_gw": 0.5321895550156096,
    "eval_metrics/imp_pval_r2_1obs": -31.30478271108943,
    "eval_metrics/imp_pval_pearson_gw": 0.1441986087029652,
    "eval_metrics/imp_pval_pearson_dsf1": 0.1441986087029652,
    "eval_metrics/imp_peak_auroc_gw": 0.5266996168702501,
    "eval_metrics/imp_pval_spearman_1obs": 0.21895616879776827,
    "eval_losses/total_loss": 5.703990629163424,
    "eval_losses/count_obs_loss": 1.2112592497938557,
    "eval_losses/count_imp_loss": 1.8792736728986104,
    "eval_losses/pval_obs_loss": 0.38923343655800346,
    "eval_losses/pval_imp_loss": 1.7537421290836637,
    "eval_losses/peak_obs_loss": 0.5831570644911966,
    "eval_losses/peak_imp_loss": 0.6137446226581694
  }
}
{
  "epoch": 76,
  "training_metadata_probes": {
    "training_metadata_probes/depth_count_ratio": 1.0165551900863647,
    "training_metadata_probes/runtype_mse": 7.948520214995369e-05,
    "training_metadata_probes/readlen_mse": 1.6009169485187158e-05
  }
}
{
  "epoch": 77,
  "eval_prefixed": {
    "eval_metrics/imp_count_pearson_gw": 0.013520572017157628,
    "eval_metrics/den_count_r2_gw": -0.18388222458085865,
    "eval_metrics/den_pval_pearson_dsf1": 0.2640456191745072,
    "eval_metrics/imp_count_spearman_gw": -0.0226461966516962,
    "eval_metrics/den_pval_r2_gw": 0.004302383570297093,
    "eval_metrics/imp_pval_spearman_gw": 0.12212612523230455,
    "eval_metrics/den_pval_r2_1obs": -22.84655209752177,
    "eval_metrics/den_pval_pearson_gw": 0.2640456191745072,
    "eval_metrics/den_count_pearson_gw": 0.12301523894022562,
    "eval_metrics/den_pval_spearman_dsf1": 0.20283262695485327,
    "eval_metrics/imp_pval_r2_dsf1": -0.14844216689027098,
    "eval_metrics/den_count_spearman_gw": 0.09721134279550178,
    "eval_metrics/den_pval_spearman_gw": 0.20283262695485327,
    "eval_metrics/imp_count_r2_gw": -0.07486186533695097,
    "eval_metrics/den_pval_r2_dsf1": 0.004302383570297093,
    "eval_metrics/den_pval_pearson_1obs": 0.14926961219967588,
    "eval_metrics/den_pval_spearman_1obs": 0.14281688598400252,
    "eval_metrics/imp_pval_pearson_1obs": 0.20795543707670675,
    "eval_metrics/imp_pval_r2_gw": -0.14844216689027098,
    "eval_metrics/imp_pval_spearman_dsf1": 0.12212612523230455,
    "eval_metrics/den_peak_auroc_gw": 0.5252644897409451,
    "eval_metrics/imp_pval_r2_1obs": -25.108083210820514,
    "eval_metrics/imp_pval_pearson_gw": 0.15789863342670576,
    "eval_metrics/imp_pval_pearson_dsf1": 0.15789863342670576,
    "eval_metrics/imp_peak_auroc_gw": 0.529534388116222,
    "eval_metrics/imp_pval_spearman_1obs": 0.20503748081987516,
    "eval_losses/total_loss": 5.589488363647864,
    "eval_losses/count_obs_loss": 1.2125285244301747,
    "eval_losses/count_imp_loss": 1.8793907089838906,
    "eval_losses/pval_obs_loss": 0.3728532123227763,
    "eval_losses/pval_imp_loss": 1.638838264913786,
    "eval_losses/peak_obs_loss": 0.5815230804054361,
    "eval_losses/peak_imp_loss": 0.6106019710737561
  }
}
{
  "epoch": 77,
  "training_metadata_probes": {
    "training_metadata_probes/depth_count_ratio": 1.0166865587234497,
    "training_metadata_probes/runtype_mse": 8.815142791718245e-05,
    "training_metadata_probes/readlen_mse": 1.7679823940852657e-05
  }
}
{
  "epoch": 78,
  "eval_prefixed": {
    "eval_metrics/imp_count_pearson_gw": 0.01592864031870646,
    "eval_metrics/den_count_r2_gw": -0.1797930815809634,
    "eval_metrics/den_pval_pearson_dsf1": 0.2554870582213258,
    "eval_metrics/imp_count_spearman_gw": -0.015593022774923079,
    "eval_metrics/den_pval_r2_gw": -0.01106281775764233,
    "eval_metrics/imp_pval_spearman_gw": 0.10703798318553563,
    "eval_metrics/den_pval_r2_1obs": -29.10724105818746,
    "eval_metrics/den_pval_pearson_gw": 0.2554870582213258,
    "eval_metrics/den_count_pearson_gw": 0.12580381911615596,
    "eval_metrics/den_pval_spearman_dsf1": 0.18934565385347873,
    "eval_metrics/imp_pval_r2_dsf1": -0.1478214252711465,
    "eval_metrics/den_count_spearman_gw": 0.09719224397041143,
    "eval_metrics/den_pval_spearman_gw": 0.18934565385347873,
    "eval_metrics/imp_count_r2_gw": -0.07448143935394058,
    "eval_metrics/den_pval_r2_dsf1": -0.01106281775764233,
    "eval_metrics/den_pval_pearson_1obs": 0.17549439398939476,
    "eval_metrics/den_pval_spearman_1obs": 0.1667600051261454,
    "eval_metrics/imp_pval_pearson_1obs": 0.20500524497280517,
    "eval_metrics/imp_pval_r2_gw": -0.1478214252711465,
    "eval_metrics/imp_pval_spearman_dsf1": 0.10703798318553563,
    "eval_metrics/den_peak_auroc_gw": 0.5244214733257987,
    "eval_metrics/imp_pval_r2_1obs": -28.571728154907632,
    "eval_metrics/imp_pval_pearson_gw": 0.14546886789760302,
    "eval_metrics/imp_pval_pearson_dsf1": 0.14546886789760302,
    "eval_metrics/imp_peak_auroc_gw": 0.5100051121148136,
    "eval_metrics/imp_pval_spearman_1obs": 0.18823292829489138,
    "eval_losses/total_loss": 5.640450940528688,
    "eval_losses/count_obs_loss": 1.1953519025915547,
    "eval_losses/count_imp_loss": 1.8477662905814156,
    "eval_losses/pval_obs_loss": 0.37409944225739883,
    "eval_losses/pval_imp_loss": 1.7538210735434578,
    "eval_losses/peak_obs_loss": 0.5794754130275626,
    "eval_losses/peak_imp_loss": 0.6104100625666361
  }
}
{
  "epoch": 78,
  "training_metadata_probes": {
    "training_metadata_probes/depth_count_ratio": 1.017043113708496,
    "training_metadata_probes/runtype_mse": 9.248874994227663e-05,
    "training_metadata_probes/readlen_mse": 1.686280120338779e-05
  }
}
{
  "epoch": 79,
  "eval_prefixed": {
    "eval_metrics/imp_count_pearson_gw": 0.010736785126879575,
    "eval_metrics/den_count_r2_gw": -0.18801660101523918,
    "eval_metrics/den_pval_pearson_dsf1": 0.25866097226849216,
    "eval_metrics/imp_count_spearman_gw": -0.021281537859344026,
    "eval_metrics/den_pval_r2_gw": -5.2614644079394156e-05,
    "eval_metrics/imp_pval_spearman_gw": 0.10808602859249732,
    "eval_metrics/den_pval_r2_1obs": -28.214164223756967,
    "eval_metrics/den_pval_pearson_gw": 0.25866097226849216,
    "eval_metrics/den_count_pearson_gw": 0.12482723190240856,
    "eval_metrics/den_pval_spearman_dsf1": 0.19053326787949068,
    "eval_metrics/imp_pval_r2_dsf1": -0.10905884703827012,
    "eval_metrics/den_count_spearman_gw": 0.09733805059208872,
    "eval_metrics/den_pval_spearman_gw": 0.19053326787949068,
    "eval_metrics/imp_count_r2_gw": -0.07753782062405677,
    "eval_metrics/den_pval_r2_dsf1": -5.2614644079394156e-05,
    "eval_metrics/den_pval_pearson_1obs": 0.15369158225918286,
    "eval_metrics/den_pval_spearman_1obs": 0.1540866395802287,
    "eval_metrics/imp_pval_pearson_1obs": 0.20157077379288182,
    "eval_metrics/imp_pval_r2_gw": -0.10905884703827012,
    "eval_metrics/imp_pval_spearman_dsf1": 0.10808602859249732,
    "eval_metrics/den_peak_auroc_gw": 0.5382043470582919,
    "eval_metrics/imp_pval_r2_1obs": -31.47016691557275,
    "eval_metrics/imp_pval_pearson_gw": 0.1442471076826757,
    "eval_metrics/imp_pval_pearson_dsf1": 0.1442471076826757,
    "eval_metrics/imp_peak_auroc_gw": 0.5371340829439516,
    "eval_metrics/imp_pval_spearman_1obs": 0.19381241147945033,
    "eval_losses/total_loss": 6.261022735528011,
    "eval_losses/count_obs_loss": 1.2100463823268288,
    "eval_losses/count_imp_loss": 1.917761222710685,
    "eval_losses/pval_obs_loss": 0.38847587232502473,
    "eval_losses/pval_imp_loss": 2.4028804590777746,
    "eval_losses/peak_obs_loss": 0.5763680852557483,
    "eval_losses/peak_imp_loss": 0.6086608907060017
  }
}
{
  "epoch": 79,
  "training_metadata_probes": {
    "training_metadata_probes/depth_count_ratio": 1.0173271894454956,
    "training_metadata_probes/runtype_mse": 0.00011407028796384111,
    "training_metadata_probes/readlen_mse": 2.02147348318249e-05
  }
}
{
  "epoch": 80,
  "eval_prefixed": {
    "eval_metrics/imp_count_pearson_gw": 0.016076095476155242,
    "eval_metrics/den_count_r2_gw": -0.18159479776291285,
    "eval_metrics/den_pval_pearson_dsf1": 0.2598570610004428,
    "eval_metrics/imp_count_spearman_gw": -0.018219088527513187,
    "eval_metrics/den_pval_r2_gw": -0.01778105926451048,
    "eval_metrics/imp_pval_spearman_gw": 0.11621365332917467,
    "eval_metrics/den_pval_r2_1obs": -23.120942302023916,
    "eval_metrics/den_pval_pearson_gw": 0.2598570610004428,
    "eval_metrics/den_count_pearson_gw": 0.12118003268015425,
    "eval_metrics/den_pval_spearman_dsf1": 0.19903452157455695,
    "eval_metrics/imp_pval_r2_dsf1": -0.15903480376630336,
    "eval_metrics/den_count_spearman_gw": 0.09535980872939229,
    "eval_metrics/den_pval_spearman_gw": 0.19903452157455695,
    "eval_metrics/imp_count_r2_gw": -0.06495435771349795,
    "eval_metrics/den_pval_r2_dsf1": -0.01778105926451048,
    "eval_metrics/den_pval_pearson_1obs": 0.14279972956041762,
    "eval_metrics/den_pval_spearman_1obs": 0.12883361958775205,
    "eval_metrics/imp_pval_pearson_1obs": 0.1667121740128283,
    "eval_metrics/imp_pval_r2_gw": -0.15903480376630336,
    "eval_metrics/imp_pval_spearman_dsf1": 0.11621365332917467,
    "eval_metrics/den_peak_auroc_gw": 0.5365566276882716,
    "eval_metrics/imp_pval_r2_1obs": -35.02284984953334,
    "eval_metrics/imp_pval_pearson_gw": 0.1519962628889415,
    "eval_metrics/imp_pval_pearson_dsf1": 0.1519962628889415,
    "eval_metrics/imp_peak_auroc_gw": 0.5477697706043573,
    "eval_metrics/imp_pval_spearman_1obs": 0.1613458991744083,
    "eval_losses/total_loss": 6.145446201996253,
    "eval_losses/count_obs_loss": 1.2005876545843326,
    "eval_losses/count_imp_loss": 1.8980737385295687,
    "eval_losses/pval_obs_loss": 0.39723455172038247,
    "eval_losses/pval_imp_loss": 2.2890946060892134,
    "eval_losses/peak_obs_loss": 0.5741497372326098,
    "eval_losses/peak_imp_loss": 0.6062291735221469
  }
}
{
  "epoch": 80,
  "training_metadata_probes": {
    "training_metadata_probes/depth_count_ratio": 1.0177916288375854,
    "training_metadata_probes/runtype_mse": 0.00019185701967217028,
    "training_metadata_probes/readlen_mse": 2.8830516384914517e-05
  }
}
{
  "epoch": 81,
  "eval_prefixed": {
    "eval_metrics/imp_count_pearson_gw": 0.014107834275198421,
    "eval_metrics/den_count_r2_gw": -0.20146751876525534,
    "eval_metrics/den_pval_pearson_dsf1": 0.2688391592788608,
    "eval_metrics/imp_count_spearman_gw": -0.019090128810216267,
    "eval_metrics/den_pval_r2_gw": -0.0007961244335903701,
    "eval_metrics/imp_pval_spearman_gw": 0.11247176900066468,
    "eval_metrics/den_pval_r2_1obs": -31.655179270316257,
    "eval_metrics/den_pval_pearson_gw": 0.2688391592788608,
    "eval_metrics/den_count_pearson_gw": 0.12090244637434616,
    "eval_metrics/den_pval_spearman_dsf1": 0.20476140257268108,
    "eval_metrics/imp_pval_r2_dsf1": -0.13464786542500332,
    "eval_metrics/den_count_spearman_gw": 0.09459013850813794,
    "eval_metrics/den_pval_spearman_gw": 0.20476140257268108,
    "eval_metrics/imp_count_r2_gw": -0.07515078782837428,
    "eval_metrics/den_pval_r2_dsf1": -0.0007961244335903701,
    "eval_metrics/den_pval_pearson_1obs": 0.15074567811825546,
    "eval_metrics/den_pval_spearman_1obs": 0.13395539098454362,
    "eval_metrics/imp_pval_pearson_1obs": 0.2015069479673421,
    "eval_metrics/imp_pval_r2_gw": -0.13464786542500332,
    "eval_metrics/imp_pval_spearman_dsf1": 0.11247176900066468,
    "eval_metrics/den_peak_auroc_gw": 0.5398136835622082,
    "eval_metrics/imp_pval_r2_1obs": -25.875870315017835,
    "eval_metrics/imp_pval_pearson_gw": 0.14738601218864678,
    "eval_metrics/imp_pval_pearson_dsf1": 0.14738601218864678,
    "eval_metrics/imp_peak_auroc_gw": 0.5397228807638802,
    "eval_metrics/imp_pval_spearman_1obs": 0.1883412219502776,
    "eval_losses/total_loss": 5.4800488435246635,
    "eval_losses/count_obs_loss": 1.221876327928744,
    "eval_losses/count_imp_loss": 1.9024187969782995,
    "eval_losses/pval_obs_loss": 0.40046088928111684,
    "eval_losses/pval_imp_loss": 1.457504276008833,
    "eval_losses/peak_obs_loss": 0.5717309097710409,
    "eval_losses/peak_imp_loss": 0.6041171564942315
  }
}
{
  "epoch": 81,
  "training_metadata_probes": {
    "training_metadata_probes/depth_count_ratio": 1.0180813074111938,
    "training_metadata_probes/runtype_mse": 0.00014793376612942666,
    "training_metadata_probes/readlen_mse": 2.1498553905985318e-05
  }
}
{
  "epoch": 82,
  "eval_prefixed": {
    "eval_metrics/imp_count_pearson_gw": 0.013633150853575133,
    "eval_metrics/den_count_r2_gw": -0.1820378897422282,
    "eval_metrics/den_pval_pearson_dsf1": 0.26286326588964776,
    "eval_metrics/imp_count_spearman_gw": -0.016324542481961666,
    "eval_metrics/den_pval_r2_gw": -0.013223834212872,
    "eval_metrics/imp_pval_spearman_gw": 0.12080815141419485,
    "eval_metrics/den_pval_r2_1obs": -17.51425307437955,
    "eval_metrics/den_pval_pearson_gw": 0.26286326588964776,
    "eval_metrics/den_count_pearson_gw": 0.1255927596817185,
    "eval_metrics/den_pval_spearman_dsf1": 0.20126902878819883,
    "eval_metrics/imp_pval_r2_dsf1": -0.14584938425161845,
    "eval_metrics/den_count_spearman_gw": 0.09512787548715139,
    "eval_metrics/den_pval_spearman_gw": 0.20126902878819883,
    "eval_metrics/imp_count_r2_gw": -0.06212491124981044,
    "eval_metrics/den_pval_r2_dsf1": -0.013223834212872,
    "eval_metrics/den_pval_pearson_1obs": 0.15812472881761527,
    "eval_metrics/den_pval_spearman_1obs": 0.15091053098906757,
    "eval_metrics/imp_pval_pearson_1obs": 0.2389893764482131,
    "eval_metrics/imp_pval_r2_gw": -0.14584938425161845,
    "eval_metrics/imp_pval_spearman_dsf1": 0.12080815141419485,
    "eval_metrics/den_peak_auroc_gw": 0.5337136392343883,
    "eval_metrics/imp_pval_r2_1obs": -24.42757361210236,
    "eval_metrics/imp_pval_pearson_gw": 0.1549318246617322,
    "eval_metrics/imp_pval_pearson_dsf1": 0.1549318246617322,
    "eval_metrics/imp_peak_auroc_gw": 0.5163129316865548,
    "eval_metrics/imp_pval_spearman_1obs": 0.21727346808387168,
    "eval_losses/total_loss": 5.317821711971192,
    "eval_losses/count_obs_loss": 1.1664120750991922,
    "eval_losses/count_imp_loss": 1.8916157578665114,
    "eval_losses/pval_obs_loss": 0.3532658682379406,
    "eval_losses/pval_imp_loss": 1.3993534614287673,
    "eval_losses/peak_obs_loss": 0.5701272515089888,
    "eval_losses/peak_imp_loss": 0.6031459442206791
  }
}
{
  "epoch": 82,
  "training_metadata_probes": {
    "training_metadata_probes/depth_count_ratio": 1.0186599493026733,
    "training_metadata_probes/runtype_mse": 0.00018117990111932158,
    "training_metadata_probes/readlen_mse": 2.5980787540902384e-05
  }
}
{
  "epoch": 83,
  "eval_prefixed": {
    "eval_metrics/imp_count_pearson_gw": 0.013765984562702388,
    "eval_metrics/den_count_r2_gw": -0.12685293958448965,
    "eval_metrics/den_pval_pearson_dsf1": 0.261096025204384,
    "eval_metrics/imp_count_spearman_gw": -0.020173621069826973,
    "eval_metrics/den_pval_r2_gw": 0.009046252186232166,
    "eval_metrics/imp_pval_spearman_gw": 0.11495941298469657,
    "eval_metrics/den_pval_r2_1obs": -22.690263193652296,
    "eval_metrics/den_pval_pearson_gw": 0.261096025204384,
    "eval_metrics/den_count_pearson_gw": 0.1244802726677766,
    "eval_metrics/den_pval_spearman_dsf1": 0.19845583828466062,
    "eval_metrics/imp_pval_r2_dsf1": -0.15512803217446147,
    "eval_metrics/den_count_spearman_gw": 0.09410764335067097,
    "eval_metrics/den_pval_spearman_gw": 0.19845583828466062,
    "eval_metrics/imp_count_r2_gw": -0.06787942214838158,
    "eval_metrics/den_pval_r2_dsf1": 0.009046252186232166,
    "eval_metrics/den_pval_pearson_1obs": 0.11373914245785655,
    "eval_metrics/den_pval_spearman_1obs": 0.10332025029834913,
    "eval_metrics/imp_pval_pearson_1obs": 0.1954789501984441,
    "eval_metrics/imp_pval_r2_gw": -0.15512803217446147,
    "eval_metrics/imp_pval_spearman_dsf1": 0.11495941298469657,
    "eval_metrics/den_peak_auroc_gw": 0.5281953352837581,
    "eval_metrics/imp_pval_r2_1obs": -29.68054298482092,
    "eval_metrics/imp_pval_pearson_gw": 0.13812436672742479,
    "eval_metrics/imp_pval_pearson_dsf1": 0.13812436672742479,
    "eval_metrics/imp_peak_auroc_gw": 0.5234219982517596,
    "eval_metrics/imp_pval_spearman_1obs": 0.19130582783383654,
    "eval_losses/total_loss": 6.025604807796251,
    "eval_losses/count_obs_loss": 1.184383600950241,
    "eval_losses/count_imp_loss": 1.8997025196514432,
    "eval_losses/pval_obs_loss": 0.4143392512035605,
    "eval_losses/pval_imp_loss": 2.15455457284337,
    "eval_losses/peak_obs_loss": 0.5688006140683827,
    "eval_losses/peak_imp_loss": 0.5999362719437432
  }
}
{
  "epoch": 83,
  "training_metadata_probes": {
    "training_metadata_probes/depth_count_ratio": 1.0185449123382568,
    "training_metadata_probes/runtype_mse": 0.00012844473531004041,
    "training_metadata_probes/readlen_mse": 2.3552758648293093e-05
  }
}
{
  "epoch": 84,
  "eval_prefixed": {
    "eval_metrics/imp_count_pearson_gw": 0.01601289916184864,
    "eval_metrics/den_count_r2_gw": -0.1654467786014441,
    "eval_metrics/den_pval_pearson_dsf1": 0.26564132949141295,
    "eval_metrics/imp_count_spearman_gw": -0.010410251248224305,
    "eval_metrics/den_pval_r2_gw": 0.006563732558558666,
    "eval_metrics/imp_pval_spearman_gw": 0.10315578488722363,
    "eval_metrics/den_pval_r2_1obs": -23.242582198103566,
    "eval_metrics/den_pval_pearson_gw": 0.26564132949141295,
    "eval_metrics/den_count_pearson_gw": 0.12638976700040266,
    "eval_metrics/den_pval_spearman_dsf1": 0.19760805653794425,
    "eval_metrics/imp_pval_r2_dsf1": -0.14168536186146305,
    "eval_metrics/den_count_spearman_gw": 0.09448377928920133,
    "eval_metrics/den_pval_spearman_gw": 0.19760805653794425,
    "eval_metrics/imp_count_r2_gw": -0.07023421879836617,
    "eval_metrics/den_pval_r2_dsf1": 0.006563732558558666,
    "eval_metrics/den_pval_pearson_1obs": 0.13226334475046697,
    "eval_metrics/den_pval_spearman_1obs": 0.12598462823064213,
    "eval_metrics/imp_pval_pearson_1obs": 0.18599746332666467,
    "eval_metrics/imp_pval_r2_gw": -0.14168536186146305,
    "eval_metrics/imp_pval_spearman_dsf1": 0.10315578488722363,
    "eval_metrics/den_peak_auroc_gw": 0.5286335002133419,
    "eval_metrics/imp_pval_r2_1obs": -31.48309613881611,
    "eval_metrics/imp_pval_pearson_gw": 0.1423319306137735,
    "eval_metrics/imp_pval_pearson_dsf1": 0.1423319306137735,
    "eval_metrics/imp_peak_auroc_gw": 0.5156407077952299,
    "eval_metrics/imp_pval_spearman_1obs": 0.18503263571069606,
    "eval_losses/total_loss": 5.6235234857388265,
    "eval_losses/count_obs_loss": 1.1885519302205036,
    "eval_losses/count_imp_loss": 1.8845922388727703,
    "eval_losses/pval_obs_loss": 0.4090933784785815,
    "eval_losses/pval_imp_loss": 1.6894663555348026,
    "eval_losses/peak_obs_loss": 0.566468767429653,
    "eval_losses/peak_imp_loss": 0.5991972013125344
  }
}
{
  "epoch": 84,
  "training_metadata_probes": {
    "training_metadata_probes/depth_count_ratio": 1.018947958946228,
    "training_metadata_probes/runtype_mse": 0.0001816418080125004,
    "training_metadata_probes/readlen_mse": 2.8798382118111476e-05
  }
}
{
  "epoch": 85,
  "eval_prefixed": {
    "eval_metrics/imp_count_pearson_gw": 0.015917813397310156,
    "eval_metrics/den_count_r2_gw": -0.18070748813127321,
    "eval_metrics/den_pval_pearson_dsf1": 0.2637835935272865,
    "eval_metrics/imp_count_spearman_gw": -0.01845208681242931,
    "eval_metrics/den_pval_r2_gw": -0.004656395323400767,
    "eval_metrics/imp_pval_spearman_gw": 0.11427627245528782,
    "eval_metrics/den_pval_r2_1obs": -21.811177648045614,
    "eval_metrics/den_pval_pearson_gw": 0.2637835935272865,
    "eval_metrics/den_count_pearson_gw": 0.1228319418273474,
    "eval_metrics/den_pval_spearman_dsf1": 0.2024521165857618,
    "eval_metrics/imp_pval_r2_dsf1": -0.16740663576615658,
    "eval_metrics/den_count_spearman_gw": 0.09281490407843028,
    "eval_metrics/den_pval_spearman_gw": 0.2024521165857618,
    "eval_metrics/imp_count_r2_gw": -0.06858911968276492,
    "eval_metrics/den_pval_r2_dsf1": -0.004656395323400767,
    "eval_metrics/den_pval_pearson_1obs": 0.16723255598059805,
    "eval_metrics/den_pval_spearman_1obs": 0.1522963436785412,
    "eval_metrics/imp_pval_pearson_1obs": 0.22934118419560412,
    "eval_metrics/imp_pval_r2_gw": -0.16740663576615658,
    "eval_metrics/imp_pval_spearman_dsf1": 0.11427627245528782,
    "eval_metrics/den_peak_auroc_gw": 0.5230043981725715,
    "eval_metrics/imp_pval_r2_1obs": -17.36246891061907,
    "eval_metrics/imp_pval_pearson_gw": 0.14522966608730337,
    "eval_metrics/imp_pval_pearson_dsf1": 0.14522966608730337,
    "eval_metrics/imp_peak_auroc_gw": 0.5077919818501585,
    "eval_metrics/imp_pval_spearman_1obs": 0.22707058078886555,
    "eval_losses/total_loss": 5.4591673897808315,
    "eval_losses/count_obs_loss": 1.178449717791457,
    "eval_losses/count_imp_loss": 1.8475260214200095,
    "eval_losses/pval_obs_loss": 0.3710761922591605,
    "eval_losses/pval_imp_loss": 1.59109207863609,
    "eval_losses/peak_obs_loss": 0.5638736376636907,
    "eval_losses/peak_imp_loss": 0.5975462808495476
  }
}
{
  "epoch": 85,
  "training_metadata_probes": {
    "training_metadata_probes/depth_count_ratio": 1.0189783573150635,
    "training_metadata_probes/runtype_mse": 0.0002096229582093656,
    "training_metadata_probes/readlen_mse": 3.175277743139304e-05
  }
}
{
  "epoch": 86,
  "eval_prefixed": {
    "eval_metrics/imp_count_pearson_gw": 0.01496129655574877,
    "eval_metrics/den_count_r2_gw": -0.14684854420077545,
    "eval_metrics/den_pval_pearson_dsf1": 0.25847607597365585,
    "eval_metrics/imp_count_spearman_gw": -0.014612794117391496,
    "eval_metrics/den_pval_r2_gw": 0.0018447326525463717,
    "eval_metrics/imp_pval_spearman_gw": 0.10013623864548125,
    "eval_metrics/den_pval_r2_1obs": -22.468708932416845,
    "eval_metrics/den_pval_pearson_gw": 0.25847607597365585,
    "eval_metrics/den_count_pearson_gw": 0.1236486346368972,
    "eval_metrics/den_pval_spearman_dsf1": 0.19461436242389338,
    "eval_metrics/imp_pval_r2_dsf1": -0.16945847549129872,
    "eval_metrics/den_count_spearman_gw": 0.0933790943772258,
    "eval_metrics/den_pval_spearman_gw": 0.19461436242389338,
    "eval_metrics/imp_count_r2_gw": -0.07584513060631742,
    "eval_metrics/den_pval_r2_dsf1": 0.0018447326525463717,
    "eval_metrics/den_pval_pearson_1obs": 0.15608843250543272,
    "eval_metrics/den_pval_spearman_1obs": 0.15155646372590936,
    "eval_metrics/imp_pval_pearson_1obs": 0.20877477881454287,
    "eval_metrics/imp_pval_r2_gw": -0.16945847549129872,
    "eval_metrics/imp_pval_spearman_dsf1": 0.10013623864548125,
    "eval_metrics/den_peak_auroc_gw": 0.519803881876562,
    "eval_metrics/imp_pval_r2_1obs": -35.770501860655074,
    "eval_metrics/imp_pval_pearson_gw": 0.14175699277233983,
    "eval_metrics/imp_pval_pearson_dsf1": 0.14175699277233983,
    "eval_metrics/imp_peak_auroc_gw": 0.5221670054975662,
    "eval_metrics/imp_pval_spearman_1obs": 0.2035778524803239,
    "eval_losses/total_loss": 6.259447353132265,
    "eval_losses/count_obs_loss": 1.1771147721692135,
    "eval_losses/count_imp_loss": 1.8867484955560594,
    "eval_losses/pval_obs_loss": 0.3826293263731426,
    "eval_losses/pval_imp_loss": 2.5102570636404886,
    "eval_losses/peak_obs_loss": 0.5624776019861824,
    "eval_losses/peak_imp_loss": 0.5939333233095351
  }
}
{
  "epoch": 86,
  "training_metadata_probes": {
    "training_metadata_probes/depth_count_ratio": 1.0190608501434326,
    "training_metadata_probes/runtype_mse": 0.00018918048590421677,
    "training_metadata_probes/readlen_mse": 3.1026527722133324e-05
  }
}
{
  "epoch": 87,
  "eval_prefixed": {
    "eval_metrics/imp_count_pearson_gw": 0.017745917415480122,
    "eval_metrics/den_count_r2_gw": -0.2002718655933255,
    "eval_metrics/den_pval_pearson_dsf1": 0.2724448464134759,
    "eval_metrics/imp_count_spearman_gw": -0.013374320320541267,
    "eval_metrics/den_pval_r2_gw": 0.011218040742223226,
    "eval_metrics/imp_pval_spearman_gw": 0.11655157950387472,
    "eval_metrics/den_pval_r2_1obs": -22.515087000752672,
    "eval_metrics/den_pval_pearson_gw": 0.2724448464134759,
    "eval_metrics/den_count_pearson_gw": 0.12296127336785982,
    "eval_metrics/den_pval_spearman_dsf1": 0.20162021839515185,
    "eval_metrics/imp_pval_r2_dsf1": -0.12222435429743483,
    "eval_metrics/den_count_spearman_gw": 0.09413295235100316,
    "eval_metrics/den_pval_spearman_gw": 0.20162021839515185,
    "eval_metrics/imp_count_r2_gw": -0.06278185093764162,
    "eval_metrics/den_pval_r2_dsf1": 0.011218040742223226,
    "eval_metrics/den_pval_pearson_1obs": 0.11834433346551745,
    "eval_metrics/den_pval_spearman_1obs": 0.12432201473254229,
    "eval_metrics/imp_pval_pearson_1obs": 0.18768599655410823,
    "eval_metrics/imp_pval_r2_gw": -0.12222435429743483,
    "eval_metrics/imp_pval_spearman_dsf1": 0.11655157950387472,
    "eval_metrics/den_peak_auroc_gw": 0.5406101285529172,
    "eval_metrics/imp_pval_r2_1obs": -24.15145994282765,
    "eval_metrics/imp_pval_pearson_gw": 0.1506484735938203,
    "eval_metrics/imp_pval_pearson_dsf1": 0.1506484735938203,
    "eval_metrics/imp_peak_auroc_gw": 0.5238600098808719,
    "eval_metrics/imp_pval_spearman_1obs": 0.17363655523069263,
    "eval_losses/total_loss": 5.9864136759041635,
    "eval_losses/count_obs_loss": 1.224803643791299,
    "eval_losses/count_imp_loss": 1.8698685424668449,
    "eval_losses/pval_obs_loss": 0.3714179775086354,
    "eval_losses/pval_imp_loss": 2.159641775110411,
    "eval_losses/peak_obs_loss": 0.5582782590859815,
    "eval_losses/peak_imp_loss": 0.593115848444757
  }
}
{
  "epoch": 87,
  "training_metadata_probes": {
    "training_metadata_probes/depth_count_ratio": 1.019460916519165,
    "training_metadata_probes/runtype_mse": 0.00020807248074561357,
    "training_metadata_probes/readlen_mse": 3.3365649869665504e-05
  }
}
{
  "epoch": 88,
  "eval_prefixed": {
    "eval_metrics/imp_count_pearson_gw": 0.019582511440459048,
    "eval_metrics/den_count_r2_gw": -0.17169199622905737,
    "eval_metrics/den_pval_pearson_dsf1": 0.25686451028013835,
    "eval_metrics/imp_count_spearman_gw": -0.010962299201463315,
    "eval_metrics/den_pval_r2_gw": -0.005201838519603669,
    "eval_metrics/imp_pval_spearman_gw": 0.10337061456469308,
    "eval_metrics/den_pval_r2_1obs": -20.37896740171806,
    "eval_metrics/den_pval_pearson_gw": 0.25686451028013835,
    "eval_metrics/den_count_pearson_gw": 0.12213654539051563,
    "eval_metrics/den_pval_spearman_dsf1": 0.19800202806598421,
    "eval_metrics/imp_pval_r2_dsf1": -0.1267817580004147,
    "eval_metrics/den_count_spearman_gw": 0.09312629730693667,
    "eval_metrics/den_pval_spearman_gw": 0.19800202806598421,
    "eval_metrics/imp_count_r2_gw": -0.05954912492687284,
    "eval_metrics/den_pval_r2_dsf1": -0.005201838519603669,
    "eval_metrics/den_pval_pearson_1obs": 0.16597866072736092,
    "eval_metrics/den_pval_spearman_1obs": 0.15624866265216417,
    "eval_metrics/imp_pval_pearson_1obs": 0.20019877540217418,
    "eval_metrics/imp_pval_r2_gw": -0.1267817580004147,
    "eval_metrics/imp_pval_spearman_dsf1": 0.10337061456469308,
    "eval_metrics/den_peak_auroc_gw": 0.5262456584652085,
    "eval_metrics/imp_pval_r2_1obs": -35.909930716005476,
    "eval_metrics/imp_pval_pearson_gw": 0.15038981826214623,
    "eval_metrics/imp_pval_pearson_dsf1": 0.15038981826214623,
    "eval_metrics/imp_peak_auroc_gw": 0.5370231179162719,
    "eval_metrics/imp_pval_spearman_1obs": 0.19044502215741732,
    "eval_losses/total_loss": 5.761160253893315,
    "eval_losses/count_obs_loss": 1.171591237971657,
    "eval_losses/count_imp_loss": 1.8956556991925315,
    "eval_losses/pval_obs_loss": 0.39336457324373586,
    "eval_losses/pval_imp_loss": 1.902619660787639,
    "eval_losses/peak_obs_loss": 0.5583642885873192,
    "eval_losses/peak_imp_loss": 0.5902302227323017
  }
}
{
  "epoch": 88,
  "training_metadata_probes": {
    "training_metadata_probes/depth_count_ratio": 1.019683837890625,
    "training_metadata_probes/runtype_mse": 0.00018742145039141178,
    "training_metadata_probes/readlen_mse": 2.7829917598864995e-05
  }
}
{
  "epoch": 89,
  "eval_prefixed": {
    "eval_metrics/imp_count_pearson_gw": 0.01805238160655819,
    "eval_metrics/den_count_r2_gw": -0.17687528982401315,
    "eval_metrics/den_pval_pearson_dsf1": 0.27339793057303485,
    "eval_metrics/imp_count_spearman_gw": -0.00865792933284048,
    "eval_metrics/den_pval_r2_gw": 0.006533610700287108,
    "eval_metrics/imp_pval_spearman_gw": 0.12228232375531589,
    "eval_metrics/den_pval_r2_1obs": -32.026914491692914,
    "eval_metrics/den_pval_pearson_gw": 0.27339793057303485,
    "eval_metrics/den_count_pearson_gw": 0.12372651041215776,
    "eval_metrics/den_pval_spearman_dsf1": 0.2094884548113176,
    "eval_metrics/imp_pval_r2_dsf1": -0.13230143330639021,
    "eval_metrics/den_count_spearman_gw": 0.09350234459137947,
    "eval_metrics/den_pval_spearman_gw": 0.2094884548113176,
    "eval_metrics/imp_count_r2_gw": -0.06327505211949735,
    "eval_metrics/den_pval_r2_dsf1": 0.006533610700287108,
    "eval_metrics/den_pval_pearson_1obs": 0.18023133959229054,
    "eval_metrics/den_pval_spearman_1obs": 0.15762217968031045,
    "eval_metrics/imp_pval_pearson_1obs": 0.24600890965297048,
    "eval_metrics/imp_pval_r2_gw": -0.13230143330639021,
    "eval_metrics/imp_pval_spearman_dsf1": 0.12228232375531589,
    "eval_metrics/den_peak_auroc_gw": 0.5298859010965147,
    "eval_metrics/imp_pval_r2_1obs": -28.916135001238974,
    "eval_metrics/imp_pval_pearson_gw": 0.15075105144864037,
    "eval_metrics/imp_pval_pearson_dsf1": 0.15075105144864037,
    "eval_metrics/imp_peak_auroc_gw": 0.5255130421815136,
    "eval_metrics/imp_pval_spearman_1obs": 0.24005409625107385,
    "eval_losses/total_loss": 5.687577113310047,
    "eval_losses/count_obs_loss": 1.2104349818668867,
    "eval_losses/count_imp_loss": 1.868179128283546,
    "eval_losses/pval_obs_loss": 0.389356524852031,
    "eval_losses/pval_imp_loss": 1.8057175501885394,
    "eval_losses/peak_obs_loss": 0.5544337767519449,
    "eval_losses/peak_imp_loss": 0.5885594972069301
  }
}
{
  "epoch": 89,
  "training_metadata_probes": {
    "training_metadata_probes/depth_count_ratio": 1.0200921297073364,
    "training_metadata_probes/runtype_mse": 0.0002287061943206936,
    "training_metadata_probes/readlen_mse": 3.4180186048615724e-05
  }
}
{
  "epoch": 90,
  "eval_prefixed": {
    "eval_metrics/imp_count_pearson_gw": 0.016947458809674628,
    "eval_metrics/den_count_r2_gw": -0.14974029121611687,
    "eval_metrics/den_pval_pearson_dsf1": 0.2712938352671795,
    "eval_metrics/imp_count_spearman_gw": -0.014436423849224587,
    "eval_metrics/den_pval_r2_gw": -0.0023168654491901616,
    "eval_metrics/imp_pval_spearman_gw": 0.1250151198618413,
    "eval_metrics/den_pval_r2_1obs": -29.231923719603373,
    "eval_metrics/den_pval_pearson_gw": 0.2712938352671795,
    "eval_metrics/den_count_pearson_gw": 0.12678347385525213,
    "eval_metrics/den_pval_spearman_dsf1": 0.20750543943719535,
    "eval_metrics/imp_pval_r2_dsf1": -0.1400051185293656,
    "eval_metrics/den_count_spearman_gw": 0.09270413847204799,
    "eval_metrics/den_pval_spearman_gw": 0.20750543943719535,
    "eval_metrics/imp_count_r2_gw": -0.05333426606965958,
    "eval_metrics/den_pval_r2_dsf1": -0.0023168654491901616,
    "eval_metrics/den_pval_pearson_1obs": 0.13423336680448542,
    "eval_metrics/den_pval_spearman_1obs": 0.11352109579547362,
    "eval_metrics/imp_pval_pearson_1obs": 0.24098740163303556,
    "eval_metrics/imp_pval_r2_gw": -0.1400051185293656,
    "eval_metrics/imp_pval_spearman_dsf1": 0.1250151198618413,
    "eval_metrics/den_peak_auroc_gw": 0.5285613290368562,
    "eval_metrics/imp_pval_r2_1obs": -29.469582685039676,
    "eval_metrics/imp_pval_pearson_gw": 0.15833053579886577,
    "eval_metrics/imp_pval_pearson_dsf1": 0.15833053579886577,
    "eval_metrics/imp_peak_auroc_gw": 0.5329984734975192,
    "eval_metrics/imp_pval_spearman_1obs": 0.23959643069380795,
    "eval_losses/total_loss": 5.7003527596427475,
    "eval_losses/count_obs_loss": 1.2197389108569998,
    "eval_losses/count_imp_loss": 1.8753065968316698,
    "eval_losses/pval_obs_loss": 0.3834461276205012,
    "eval_losses/pval_imp_loss": 1.8133894844305893,
    "eval_losses/peak_obs_loss": 0.5520093770403611,
    "eval_losses/peak_imp_loss": 0.5880028735550623
  }
}
{
  "epoch": 90,
  "training_metadata_probes": {
    "training_metadata_probes/depth_count_ratio": 1.020677924156189,
    "training_metadata_probes/runtype_mse": 0.0002762754156719893,
    "training_metadata_probes/readlen_mse": 3.883093086187728e-05
  }
}
{
  "epoch": 91,
  "eval_prefixed": {
    "eval_metrics/imp_count_pearson_gw": 0.017582291607848473,
    "eval_metrics/den_count_r2_gw": -0.19259349706220288,
    "eval_metrics/den_pval_pearson_dsf1": 0.26647033173541884,
    "eval_metrics/imp_count_spearman_gw": -0.01383828956695946,
    "eval_metrics/den_pval_r2_gw": 0.0024362184349739067,
    "eval_metrics/imp_pval_spearman_gw": 0.1220293165617388,
    "eval_metrics/den_pval_r2_1obs": -28.135560751604963,
    "eval_metrics/den_pval_pearson_gw": 0.26647033173541884,
    "eval_metrics/den_count_pearson_gw": 0.12136357993356221,
    "eval_metrics/den_pval_spearman_dsf1": 0.20588800414059835,
    "eval_metrics/imp_pval_r2_dsf1": -0.1606399356333898,
    "eval_metrics/den_count_spearman_gw": 0.09085815466903681,
    "eval_metrics/den_pval_spearman_gw": 0.20588800414059835,
    "eval_metrics/imp_count_r2_gw": -0.06341746732593723,
    "eval_metrics/den_pval_r2_dsf1": 0.0024362184349739067,
    "eval_metrics/den_pval_pearson_1obs": 0.14270540980023247,
    "eval_metrics/den_pval_spearman_1obs": 0.13185032568005503,
    "eval_metrics/imp_pval_pearson_1obs": 0.22226218144143267,
    "eval_metrics/imp_pval_r2_gw": -0.1606399356333898,
    "eval_metrics/imp_pval_spearman_dsf1": 0.1220293165617388,
    "eval_metrics/den_peak_auroc_gw": 0.5302373751674027,
    "eval_metrics/imp_pval_r2_1obs": -23.67653445252493,
    "eval_metrics/imp_pval_pearson_gw": 0.14656131188680846,
    "eval_metrics/imp_pval_pearson_dsf1": 0.14656131188680846,
    "eval_metrics/imp_peak_auroc_gw": 0.5354793036048071,
    "eval_metrics/imp_pval_spearman_1obs": 0.21766185844346106,
    "eval_losses/total_loss": 5.863496323519832,
    "eval_losses/count_obs_loss": 1.1781024179960553,
    "eval_losses/count_imp_loss": 1.8573009210919578,
    "eval_losses/pval_obs_loss": 0.36852581305116044,
    "eval_losses/pval_imp_loss": 2.1007669809318723,
    "eval_losses/peak_obs_loss": 0.5507253098644709,
    "eval_losses/peak_imp_loss": 0.5852154547732974
  }
}
{
  "epoch": 91,
  "training_metadata_probes": {
    "training_metadata_probes/depth_count_ratio": 1.0209203958511353,
    "training_metadata_probes/runtype_mse": 0.00023103786224965006,
    "training_metadata_probes/readlen_mse": 3.522407132550143e-05
  }
}
slurmstepd: error: *** JOB 37341539 ON fc10907 CANCELLED AT 2026-04-26T05:41:31 DUE TO TIME LIMIT ***
