/project/6014832/mforooz/EpiDenoise/candi_venv/lib/python3.10/site-packages/pydantic/_internal/_generate_schema.py:2249: UnsupportedFieldAttributeWarning: The 'repr' attribute with value False was provided to the `Field()` function, which has no effect in the context it was used. 'repr' is field-specific metadata, and can only be attached to a model field using `Annotated` metadata or by assignment. This may have happened because an `Annotated` type alias using the `type` statement was used, or if the `Field()` function was attached to a single member of a union type.
  warnings.warn(
/project/6014832/mforooz/EpiDenoise/candi_venv/lib/python3.10/site-packages/pydantic/_internal/_generate_schema.py:2249: UnsupportedFieldAttributeWarning: The 'frozen' attribute with value True was provided to the `Field()` function, which has no effect in the context it was used. 'frozen' is field-specific metadata, and can only be attached to a model field using `Annotated` metadata or by assignment. This may have happened because an `Annotated` type alias using the `type` statement was used, or if the `Field()` function was attached to a single member of a union type.
  warnings.warn(
wandb: Currently logged in as: mforooz (mforoozz) to https://api.wandb.ai. Use `wandb login --relogin` to force relogin
wandb: WARNING Changes to your `wandb` environment variables will be ignored because your `wandb` session has already started. For more information on how to modify your settings with `wandb.init()` arguments, please refer to https://wandb.me/wandb-init.
wandb: Tracking run with wandb version 0.21.2
wandb: Run data is saved locally in /project/6014832/mforooz/EpiDenoise/wandb/run-20260426_024204-d9yvdmsx
wandb: Run `wandb offline` to turn off syncing.
wandb: Syncing run baseline_sgd_lr1e4
wandb: ⭐️ View project at https://wandb.ai/mforoozz/candi_sandbox
wandb: 🚀 View run at https://wandb.ai/mforoozz/candi_sandbox/runs/d9yvdmsx
[sandbox] Loaded canonical metadata for 8 assay types from data/eic_metadata.csv
{
  "epoch": 0,
  "eval_prefixed": {
    "eval_metrics/den_count_r2_gw": -0.05925508167264301,
    "eval_metrics/imp_pval_pearson_dsf1": -0.0025436932831196047,
    "eval_metrics/den_pval_spearman_1obs": 0.01937583526959256,
    "eval_metrics/den_pval_r2_dsf1": -1.4139434838812557,
    "eval_metrics/imp_pval_spearman_1obs": 0.029164933898683305,
    "eval_metrics/imp_pval_spearman_dsf1": -0.00886273552145613,
    "eval_metrics/imp_count_r2_gw": -0.20053667685786836,
    "eval_metrics/imp_pval_spearman_gw": -0.00886273552145613,
    "eval_metrics/den_pval_r2_1obs": -30.267229028651673,
    "eval_metrics/den_count_spearman_gw": 0.011007383899567128,
    "eval_metrics/den_pval_pearson_1obs": -0.023993313466665934,
    "eval_metrics/imp_peak_auroc_gw": 0.4492634532740094,
    "eval_metrics/imp_pval_r2_dsf1": -1.66291152112481,
    "eval_metrics/imp_pval_pearson_gw": -0.0025436932831196047,
    "eval_metrics/den_pval_spearman_gw": -0.018312436267322246,
    "eval_metrics/den_pval_r2_gw": -1.4139434838812557,
    "eval_metrics/den_pval_spearman_dsf1": -0.018312436267322246,
    "eval_metrics/den_count_pearson_gw": -0.013141591256977623,
    "eval_metrics/den_peak_auroc_gw": 0.44949851578501215,
    "eval_metrics/imp_pval_r2_1obs": -25.77419791207139,
    "eval_metrics/imp_count_spearman_gw": -0.02969729736207846,
    "eval_metrics/den_pval_pearson_dsf1": -0.013086917831586968,
    "eval_metrics/imp_pval_pearson_1obs": 0.03643357582272045,
    "eval_metrics/imp_pval_r2_gw": -1.66291152112481,
    "eval_metrics/den_pval_pearson_gw": -0.013086917831586968,
    "eval_metrics/imp_count_pearson_gw": -0.0160590602156137,
    "eval_losses/total_loss": 6.912916916765664,
    "eval_losses/count_obs_loss": 1.4723229949411594,
    "eval_losses/count_imp_loss": 2.4177433015808227,
    "eval_losses/pval_obs_loss": 1.1734542438858433,
    "eval_losses/pval_imp_loss": 1.1661673235514807,
    "eval_losses/peak_obs_loss": 0.7061334620965155,
    "eval_losses/peak_imp_loss": 0.7119063971534608
  }
}
{
  "epoch": 0,
  "training_metadata_probes": {
    "training_metadata_probes/depth_count_ratio": 0.9906471371650696,
    "training_metadata_probes/runtype_mse": 9.725384053638209e-09,
    "training_metadata_probes/readlen_mse": 1.2336784038780024e-08
  }
}
{
  "epoch": 1,
  "eval_prefixed": {
    "eval_metrics/den_count_r2_gw": -0.05075891099348218,
    "eval_metrics/imp_pval_pearson_dsf1": 0.002663727217291053,
    "eval_metrics/den_pval_spearman_1obs": 0.01587713888526619,
    "eval_metrics/den_pval_r2_dsf1": -1.4761938113663253,
    "eval_metrics/imp_pval_spearman_1obs": 0.008293697870614089,
    "eval_metrics/imp_pval_spearman_dsf1": -0.007965103710071269,
    "eval_metrics/imp_count_r2_gw": -0.18704485709565513,
    "eval_metrics/imp_pval_spearman_gw": -0.007965103710071269,
    "eval_metrics/den_pval_r2_1obs": -24.948900046226896,
    "eval_metrics/den_count_spearman_gw": 0.017059233881746128,
    "eval_metrics/den_pval_pearson_1obs": -0.022619002382653935,
    "eval_metrics/imp_peak_auroc_gw": 0.43955573781347534,
    "eval_metrics/imp_pval_r2_dsf1": -1.5966151977250016,
    "eval_metrics/imp_pval_pearson_gw": 0.002663727217291053,
    "eval_metrics/den_pval_spearman_gw": -0.022934524197110347,
    "eval_metrics/den_pval_r2_gw": -1.4761938113663253,
    "eval_metrics/den_pval_spearman_dsf1": -0.022934524197110347,
    "eval_metrics/den_count_pearson_gw": -0.003916895001901522,
    "eval_metrics/den_peak_auroc_gw": 0.45291981128540465,
    "eval_metrics/imp_pval_r2_1obs": -28.012234948002938,
    "eval_metrics/imp_count_spearman_gw": -0.03425660107841969,
    "eval_metrics/den_pval_pearson_dsf1": -0.00784643151296462,
    "eval_metrics/imp_pval_pearson_1obs": 0.034589761930022625,
    "eval_metrics/imp_pval_r2_gw": -1.5966151977250016,
    "eval_metrics/den_pval_pearson_gw": -0.00784643151296462,
    "eval_metrics/imp_count_pearson_gw": -0.019320010694505143,
    "eval_losses/total_loss": 6.6700263972345155,
    "eval_losses/count_obs_loss": 1.411698956238596,
    "eval_losses/count_imp_loss": 2.228275183647398,
    "eval_losses/pval_obs_loss": 1.1619423345515603,
    "eval_losses/pval_imp_loss": 1.164133007564242,
    "eval_losses/peak_obs_loss": 0.7003393432027415,
    "eval_losses/peak_imp_loss": 0.7044089200004698
  }
}
{
  "epoch": 1,
  "training_metadata_probes": {
    "training_metadata_probes/depth_count_ratio": 0.9918982982635498,
    "training_metadata_probes/runtype_mse": 3.634554701648085e-08,
    "training_metadata_probes/readlen_mse": 7.343918895230672e-08
  }
}
{
  "epoch": 2,
  "eval_prefixed": {
    "eval_metrics/den_count_r2_gw": -0.04828885224003753,
    "eval_metrics/imp_pval_pearson_dsf1": 0.0029433755950617883,
    "eval_metrics/den_pval_spearman_1obs": 0.010965069771329484,
    "eval_metrics/den_pval_r2_dsf1": -1.3975342549344993,
    "eval_metrics/imp_pval_spearman_1obs": -0.011555941975369226,
    "eval_metrics/imp_pval_spearman_dsf1": -0.012524270728952515,
    "eval_metrics/imp_count_r2_gw": -0.15465696645208057,
    "eval_metrics/imp_pval_spearman_gw": -0.012524270728952515,
    "eval_metrics/den_pval_r2_1obs": -20.31441505063891,
    "eval_metrics/den_count_spearman_gw": 0.025086155093005477,
    "eval_metrics/den_pval_pearson_1obs": -0.01780258837817727,
    "eval_metrics/imp_peak_auroc_gw": 0.42390405884127813,
    "eval_metrics/imp_pval_r2_dsf1": -1.7488521413723452,
    "eval_metrics/imp_pval_pearson_gw": 0.0029433755950617883,
    "eval_metrics/den_pval_spearman_gw": -0.0221581376341703,
    "eval_metrics/den_pval_r2_gw": -1.3975342549344993,
    "eval_metrics/den_pval_spearman_dsf1": -0.0221581376341703,
    "eval_metrics/den_count_pearson_gw": 0.009416616426901064,
    "eval_metrics/den_peak_auroc_gw": 0.4629973154915791,
    "eval_metrics/imp_pval_r2_1obs": -25.06195294671831,
    "eval_metrics/imp_count_spearman_gw": -0.03732874387515835,
    "eval_metrics/den_pval_pearson_dsf1": -0.005230236233680779,
    "eval_metrics/imp_pval_pearson_1obs": 0.02124261445391716,
    "eval_metrics/imp_pval_r2_gw": -1.7488521413723452,
    "eval_metrics/den_pval_pearson_gw": -0.005230236233680779,
    "eval_metrics/imp_count_pearson_gw": -0.01859391725387439,
    "eval_losses/total_loss": 6.7748391640029455,
    "eval_losses/count_obs_loss": 1.3618059856326956,
    "eval_losses/count_imp_loss": 2.4365217364023604,
    "eval_losses/pval_obs_loss": 1.1559273631949174,
    "eval_losses/pval_imp_loss": 1.1598780382247198,
    "eval_losses/peak_obs_loss": 0.6966866419503563,
    "eval_losses/peak_imp_loss": 0.6987090692633674
  }
}
{
  "epoch": 2,
  "training_metadata_probes": {
    "training_metadata_probes/depth_count_ratio": 0.993311882019043,
    "training_metadata_probes/runtype_mse": 8.265165263310337e-08,
    "training_metadata_probes/readlen_mse": 2.41125320599167e-07
  }
}
{
  "epoch": 3,
  "eval_prefixed": {
    "eval_metrics/den_count_r2_gw": -0.05882276467935537,
    "eval_metrics/imp_pval_pearson_dsf1": 0.0018745578053067364,
    "eval_metrics/den_pval_spearman_1obs": 0.004331634727295972,
    "eval_metrics/den_pval_r2_dsf1": -1.447114369351621,
    "eval_metrics/imp_pval_spearman_1obs": -0.01968798500956828,
    "eval_metrics/imp_pval_spearman_dsf1": -0.014291905505119414,
    "eval_metrics/imp_count_r2_gw": -0.10385154607081876,
    "eval_metrics/imp_pval_spearman_gw": -0.014291905505119414,
    "eval_metrics/den_pval_r2_1obs": -25.53539804731666,
    "eval_metrics/den_count_spearman_gw": 0.03733913459015859,
    "eval_metrics/den_pval_pearson_1obs": -0.02539922508482337,
    "eval_metrics/imp_peak_auroc_gw": 0.4301955441913972,
    "eval_metrics/imp_pval_r2_dsf1": -1.6414011995248259,
    "eval_metrics/imp_pval_pearson_gw": 0.0018745578053067364,
    "eval_metrics/den_pval_spearman_gw": -0.019460803619727865,
    "eval_metrics/den_pval_r2_gw": -1.447114369351621,
    "eval_metrics/den_pval_spearman_dsf1": -0.019460803619727865,
    "eval_metrics/den_count_pearson_gw": 0.018157487431859697,
    "eval_metrics/den_peak_auroc_gw": 0.45813482607417366,
    "eval_metrics/imp_pval_r2_1obs": -19.516977255107324,
    "eval_metrics/imp_count_spearman_gw": -0.03410155232491601,
    "eval_metrics/den_pval_pearson_dsf1": -0.004516571128557476,
    "eval_metrics/imp_pval_pearson_1obs": 0.013570251187220925,
    "eval_metrics/imp_pval_r2_gw": -1.6414011995248259,
    "eval_metrics/den_pval_pearson_gw": -0.004516571128557476,
    "eval_metrics/imp_count_pearson_gw": -0.012946693194357472,
    "eval_losses/total_loss": 6.584790553701551,
    "eval_losses/count_obs_loss": 1.333565783343817,
    "eval_losses/count_imp_loss": 2.2600773979747104,
    "eval_losses/pval_obs_loss": 1.1509626695984287,
    "eval_losses/pval_imp_loss": 1.1527404463480388,
    "eval_losses/peak_obs_loss": 0.6949095984822825,
    "eval_losses/peak_imp_loss": 0.6952264441384209
  }
}
{
  "epoch": 3,
  "training_metadata_probes": {
    "training_metadata_probes/depth_count_ratio": 0.9948905110359192,
    "training_metadata_probes/runtype_mse": 1.457665774751149e-07,
    "training_metadata_probes/readlen_mse": 6.727775598847074e-07
  }
}
{
  "epoch": 4,
  "eval_prefixed": {
    "eval_metrics/den_count_r2_gw": -0.07485868845668961,
    "eval_metrics/imp_pval_pearson_dsf1": 0.0025238050129412423,
    "eval_metrics/den_pval_spearman_1obs": 0.006538437872682656,
    "eval_metrics/den_pval_r2_dsf1": -1.3986231259323447,
    "eval_metrics/imp_pval_spearman_1obs": -0.013676321936925443,
    "eval_metrics/imp_pval_spearman_dsf1": -0.013494588436891622,
    "eval_metrics/imp_count_r2_gw": -0.08778556530932546,
    "eval_metrics/imp_pval_spearman_gw": -0.013494588436891622,
    "eval_metrics/den_pval_r2_1obs": -24.48882060249225,
    "eval_metrics/den_count_spearman_gw": 0.03901974157766989,
    "eval_metrics/den_pval_pearson_1obs": -0.017151323445815297,
    "eval_metrics/imp_peak_auroc_gw": 0.4330161511395676,
    "eval_metrics/imp_pval_r2_dsf1": -1.6185581359590728,
    "eval_metrics/imp_pval_pearson_gw": 0.0025238050129412423,
    "eval_metrics/den_pval_spearman_gw": -0.018719739314832787,
    "eval_metrics/den_pval_r2_gw": -1.3986231259323447,
    "eval_metrics/den_pval_spearman_dsf1": -0.018719739314832787,
    "eval_metrics/den_count_pearson_gw": 0.022395147212879045,
    "eval_metrics/den_peak_auroc_gw": 0.47142207087801,
    "eval_metrics/imp_pval_r2_1obs": -23.41107791478629,
    "eval_metrics/imp_count_spearman_gw": -0.030623415143847577,
    "eval_metrics/den_pval_pearson_dsf1": -0.0032953384074253813,
    "eval_metrics/imp_pval_pearson_1obs": 0.019036172970017005,
    "eval_metrics/imp_pval_r2_gw": -1.6185581359590728,
    "eval_metrics/den_pval_pearson_gw": -0.0032953384074253813,
    "eval_metrics/imp_count_pearson_gw": -0.013489445944460818,
    "eval_losses/total_loss": 6.434047724855573,
    "eval_losses/count_obs_loss": 1.3463000851242166,
    "eval_losses/count_imp_loss": 2.058360503779517,
    "eval_losses/pval_obs_loss": 1.157690653675481,
    "eval_losses/pval_imp_loss": 1.1529780361387465,
    "eval_losses/peak_obs_loss": 0.694083107145209,
    "eval_losses/peak_imp_loss": 0.6923759806723822
  }
}
{
  "epoch": 4,
  "training_metadata_probes": {
    "training_metadata_probes/depth_count_ratio": 0.9965059161186218,
    "training_metadata_probes/runtype_mse": 2.2906316132775828e-07,
    "training_metadata_probes/readlen_mse": 1.6036163970056805e-06
  }
}
{
  "epoch": 5,
  "eval_prefixed": {
    "eval_metrics/den_count_r2_gw": -0.0774479037256374,
    "eval_metrics/imp_pval_pearson_dsf1": 0.0017628426726404873,
    "eval_metrics/den_pval_spearman_1obs": 0.010340324573112316,
    "eval_metrics/den_pval_r2_dsf1": -1.3319044003846046,
    "eval_metrics/imp_pval_spearman_1obs": -0.0011580662922473133,
    "eval_metrics/imp_pval_spearman_dsf1": -0.013900221578926612,
    "eval_metrics/imp_count_r2_gw": -0.09769222212109606,
    "eval_metrics/imp_pval_spearman_gw": -0.013900221578926612,
    "eval_metrics/den_pval_r2_1obs": -24.132842942333475,
    "eval_metrics/den_count_spearman_gw": 0.04567862650959503,
    "eval_metrics/den_pval_pearson_1obs": -0.013751186620395043,
    "eval_metrics/imp_peak_auroc_gw": 0.4278172415734741,
    "eval_metrics/imp_pval_r2_dsf1": -1.718917503998091,
    "eval_metrics/imp_pval_pearson_gw": 0.0017628426726404873,
    "eval_metrics/den_pval_spearman_gw": -0.01700537936517702,
    "eval_metrics/den_pval_r2_gw": -1.3319044003846046,
    "eval_metrics/den_pval_spearman_dsf1": -0.01700537936517702,
    "eval_metrics/den_count_pearson_gw": 0.028256544280386726,
    "eval_metrics/den_peak_auroc_gw": 0.4875235388574418,
    "eval_metrics/imp_pval_r2_1obs": -17.28159847353607,
    "eval_metrics/imp_count_spearman_gw": -0.014729187319298247,
    "eval_metrics/den_pval_pearson_dsf1": -0.0017361521489587368,
    "eval_metrics/imp_pval_pearson_1obs": 0.0270733366149158,
    "eval_metrics/imp_pval_r2_gw": -1.718917503998091,
    "eval_metrics/den_pval_pearson_gw": -0.0017361521489587368,
    "eval_metrics/imp_count_pearson_gw": -0.007202188656221898,
    "eval_losses/total_loss": 6.36260860217245,
    "eval_losses/count_obs_loss": 1.3009835011080693,
    "eval_losses/count_imp_loss": 2.047567033578479,
    "eval_losses/pval_obs_loss": 1.1465361839846562,
    "eval_losses/pval_imp_loss": 1.1470036733718145,
    "eval_losses/peak_obs_loss": 0.6940048862444727,
    "eval_losses/peak_imp_loss": 0.6911814572319152
  }
}
{
  "epoch": 5,
  "training_metadata_probes": {
    "training_metadata_probes/depth_count_ratio": 0.9980170726776123,
    "training_metadata_probes/runtype_mse": 3.381378519407008e-07,
    "training_metadata_probes/readlen_mse": 3.651250381153659e-06
  }
}
{
  "epoch": 6,
  "eval_prefixed": {
    "eval_metrics/den_count_r2_gw": -0.10252120443981994,
    "eval_metrics/imp_pval_pearson_dsf1": 0.0007489276181403843,
    "eval_metrics/den_pval_spearman_1obs": 0.008783167492533567,
    "eval_metrics/den_pval_r2_dsf1": -1.3189420896106236,
    "eval_metrics/imp_pval_spearman_1obs": -0.013675337044146309,
    "eval_metrics/imp_pval_spearman_dsf1": -0.018867365027841455,
    "eval_metrics/imp_count_r2_gw": -0.07511147974128406,
    "eval_metrics/imp_pval_spearman_gw": -0.018867365027841455,
    "eval_metrics/den_pval_r2_1obs": -23.17660739387645,
    "eval_metrics/den_count_spearman_gw": 0.04951912847555886,
    "eval_metrics/den_pval_pearson_1obs": -0.013639481947680715,
    "eval_metrics/imp_peak_auroc_gw": 0.43747275020099413,
    "eval_metrics/imp_pval_r2_dsf1": -1.9911270246320756,
    "eval_metrics/imp_pval_pearson_gw": 0.0007489276181403843,
    "eval_metrics/den_pval_spearman_gw": -0.014153394499784653,
    "eval_metrics/den_pval_r2_gw": -1.3189420896106236,
    "eval_metrics/den_pval_spearman_dsf1": -0.014153394499784653,
    "eval_metrics/den_count_pearson_gw": 0.030694595743146858,
    "eval_metrics/den_peak_auroc_gw": 0.49103911269220174,
    "eval_metrics/imp_pval_r2_1obs": -13.455623471059647,
    "eval_metrics/imp_count_spearman_gw": -0.0027026110178507727,
    "eval_metrics/den_pval_pearson_dsf1": 0.0005593324335916948,
    "eval_metrics/imp_pval_pearson_1obs": 0.0237997529773219,
    "eval_metrics/imp_pval_r2_gw": -1.9911270246320756,
    "eval_metrics/den_pval_pearson_gw": 0.0005593324335916948,
    "eval_metrics/imp_count_pearson_gw": -0.0013738307235245076,
    "eval_losses/total_loss": 6.259465148574428,
    "eval_losses/count_obs_loss": 1.2999176108523418,
    "eval_losses/count_imp_loss": 1.9338116740423537,
    "eval_losses/pval_obs_loss": 1.1470686636473004,
    "eval_losses/pval_imp_loss": 1.1372239097716317,
    "eval_losses/peak_obs_loss": 0.6944311708211899,
    "eval_losses/peak_imp_loss": 0.6904187883649554
  }
}
{
  "epoch": 6,
  "training_metadata_probes": {
    "training_metadata_probes/depth_count_ratio": 0.9992969036102295,
    "training_metadata_probes/runtype_mse": 4.817542844648415e-07,
    "training_metadata_probes/readlen_mse": 8.036327017180156e-06
  }
}
{
  "epoch": 7,
  "eval_prefixed": {
    "eval_metrics/den_count_r2_gw": -0.12173736255547421,
    "eval_metrics/imp_pval_pearson_dsf1": 0.0006002354274396711,
    "eval_metrics/den_pval_spearman_1obs": 0.012951399243342786,
    "eval_metrics/den_pval_r2_dsf1": -1.282667117221875,
    "eval_metrics/imp_pval_spearman_1obs": -0.0038273169603618333,
    "eval_metrics/imp_pval_spearman_dsf1": -0.021190282984476148,
    "eval_metrics/imp_count_r2_gw": -0.05326576881546498,
    "eval_metrics/imp_pval_spearman_gw": -0.021190282984476148,
    "eval_metrics/den_pval_r2_1obs": -26.815698428658806,
    "eval_metrics/den_count_spearman_gw": 0.04909185944350678,
    "eval_metrics/den_pval_pearson_1obs": -0.009546840286618948,
    "eval_metrics/imp_peak_auroc_gw": 0.4466999751624675,
    "eval_metrics/imp_pval_r2_dsf1": -1.6258641792918729,
    "eval_metrics/imp_pval_pearson_gw": 0.0006002354274396711,
    "eval_metrics/den_pval_spearman_gw": -0.011898753235767903,
    "eval_metrics/den_pval_r2_gw": -1.282667117221875,
    "eval_metrics/den_pval_spearman_dsf1": -0.011898753235767903,
    "eval_metrics/den_count_pearson_gw": 0.0326929378023028,
    "eval_metrics/den_peak_auroc_gw": 0.49567139335401794,
    "eval_metrics/imp_pval_r2_1obs": -23.281823827074934,
    "eval_metrics/imp_count_spearman_gw": 0.004408420069449135,
    "eval_metrics/den_pval_pearson_dsf1": 0.0006576513699201314,
    "eval_metrics/imp_pval_pearson_1obs": 0.02604602146450253,
    "eval_metrics/imp_pval_r2_gw": -1.6258641792918729,
    "eval_metrics/den_pval_pearson_gw": 0.0006576513699201314,
    "eval_metrics/imp_count_pearson_gw": 0.0035650050798837567,
    "eval_losses/total_loss": 6.2192436409624,
    "eval_losses/count_obs_loss": 1.3127987714190232,
    "eval_losses/count_imp_loss": 1.8757044493205963,
    "eval_losses/pval_obs_loss": 1.1361406006311114,
    "eval_losses/pval_imp_loss": 1.1434071915490287,
    "eval_losses/peak_obs_loss": 0.6952196853725534,
    "eval_losses/peak_imp_loss": 0.690514205940186
  }
}
{
  "epoch": 7,
  "training_metadata_probes": {
    "training_metadata_probes/depth_count_ratio": 1.0001609325408936,
    "training_metadata_probes/runtype_mse": 6.720632654833025e-07,
    "training_metadata_probes/readlen_mse": 1.9618932128651068e-05
  }
}
{
  "epoch": 8,
  "eval_prefixed": {
    "eval_metrics/den_count_r2_gw": -0.1294614516338919,
    "eval_metrics/imp_pval_pearson_dsf1": -0.0005619222675228403,
    "eval_metrics/den_pval_spearman_1obs": 0.009432070602923304,
    "eval_metrics/den_pval_r2_dsf1": -1.2138864625442802,
    "eval_metrics/imp_pval_spearman_1obs": 0.012097645458843856,
    "eval_metrics/imp_pval_spearman_dsf1": -0.0243003220969581,
    "eval_metrics/imp_count_r2_gw": -0.06358337305229977,
    "eval_metrics/imp_pval_spearman_gw": -0.0243003220969581,
    "eval_metrics/den_pval_r2_1obs": -28.498047412402332,
    "eval_metrics/den_count_spearman_gw": 0.04693966565862126,
    "eval_metrics/den_pval_pearson_1obs": -0.00988120778976353,
    "eval_metrics/imp_peak_auroc_gw": 0.4676833261289407,
    "eval_metrics/imp_pval_r2_dsf1": -1.3651615351555004,
    "eval_metrics/imp_pval_pearson_gw": -0.0005619222675228403,
    "eval_metrics/den_pval_spearman_gw": -0.004071913956033876,
    "eval_metrics/den_pval_r2_gw": -1.2138864625442802,
    "eval_metrics/den_pval_spearman_dsf1": -0.004071913956033876,
    "eval_metrics/den_count_pearson_gw": 0.03664096515594314,
    "eval_metrics/den_peak_auroc_gw": 0.5055156803218941,
    "eval_metrics/imp_pval_r2_1obs": -29.70830406841304,
    "eval_metrics/imp_count_spearman_gw": 0.014007868312685383,
    "eval_metrics/den_pval_pearson_dsf1": 0.002695629074878525,
    "eval_metrics/imp_pval_pearson_1obs": 0.028921588421947073,
    "eval_metrics/imp_pval_r2_gw": -1.3651615351555004,
    "eval_metrics/den_pval_pearson_gw": 0.002695629074878525,
    "eval_metrics/imp_count_pearson_gw": 0.005111762168188949,
    "eval_losses/total_loss": 6.273884290143063,
    "eval_losses/count_obs_loss": 1.3411791952032792,
    "eval_losses/count_imp_loss": 1.9190665729462155,
    "eval_losses/pval_obs_loss": 1.1307292510020106,
    "eval_losses/pval_imp_loss": 1.137410143065074,
    "eval_losses/peak_obs_loss": 0.695749788692123,
    "eval_losses/peak_imp_loss": 0.6907166204755268
  }
}
{
  "epoch": 8,
  "training_metadata_probes": {
    "training_metadata_probes/depth_count_ratio": 1.0007292032241821,
    "training_metadata_probes/runtype_mse": 9.16790952487645e-07,
    "training_metadata_probes/readlen_mse": 4.440486736712046e-05
  }
}
{
  "epoch": 9,
  "eval_prefixed": {
    "eval_metrics/den_count_r2_gw": -0.13467008939612624,
    "eval_metrics/imp_pval_pearson_dsf1": 0.000282164520877626,
    "eval_metrics/den_pval_spearman_1obs": 0.001762284499583038,
    "eval_metrics/den_pval_r2_dsf1": -1.1738745728495474,
    "eval_metrics/imp_pval_spearman_1obs": 0.018687165579421683,
    "eval_metrics/imp_pval_spearman_dsf1": -0.01568822860841308,
    "eval_metrics/imp_count_r2_gw": -0.05578189246223771,
    "eval_metrics/imp_pval_spearman_gw": -0.01568822860841308,
    "eval_metrics/den_pval_r2_1obs": -25.238753378205498,
    "eval_metrics/den_count_spearman_gw": 0.05095817677749823,
    "eval_metrics/den_pval_pearson_1obs": -0.015003516218520849,
    "eval_metrics/imp_peak_auroc_gw": 0.46780198575785537,
    "eval_metrics/imp_pval_r2_dsf1": -1.3528964447895906,
    "eval_metrics/imp_pval_pearson_gw": 0.000282164520877626,
    "eval_metrics/den_pval_spearman_gw": 0.007731354199455226,
    "eval_metrics/den_pval_r2_gw": -1.1738745728495474,
    "eval_metrics/den_pval_spearman_dsf1": 0.007731354199455226,
    "eval_metrics/den_count_pearson_gw": 0.04211740150525369,
    "eval_metrics/den_peak_auroc_gw": 0.5032013726544096,
    "eval_metrics/imp_pval_r2_1obs": -21.740891650261283,
    "eval_metrics/imp_count_spearman_gw": 0.014696111036299173,
    "eval_metrics/den_pval_pearson_dsf1": 0.006959412940073219,
    "eval_metrics/imp_pval_pearson_1obs": 0.030758981115280814,
    "eval_metrics/imp_pval_r2_gw": -1.3528964447895906,
    "eval_metrics/den_pval_pearson_gw": 0.006959412940073219,
    "eval_metrics/imp_count_pearson_gw": 0.00480483363346485,
    "eval_losses/total_loss": 6.057845708570983,
    "eval_losses/count_obs_loss": 1.2556655626547963,
    "eval_losses/count_imp_loss": 1.8211386430831182,
    "eval_losses/pval_obs_loss": 1.0989456976714886,
    "eval_losses/pval_imp_loss": 1.113618426852756,
    "eval_losses/peak_obs_loss": 0.6971337152154822,
    "eval_losses/peak_imp_loss": 0.6916501635596866
  }
}
{
  "epoch": 9,
  "training_metadata_probes": {
    "training_metadata_probes/depth_count_ratio": 1.001103162765503,
    "training_metadata_probes/runtype_mse": 1.2320024325163104e-06,
    "training_metadata_probes/readlen_mse": 8.048934250837192e-05
  }
}
{
  "epoch": 10,
  "eval_prefixed": {
    "eval_metrics/den_count_r2_gw": -0.19474502783087505,
    "eval_metrics/imp_pval_pearson_dsf1": 0.0016674504694824536,
    "eval_metrics/den_pval_spearman_1obs": 0.00675625767273366,
    "eval_metrics/den_pval_r2_dsf1": -1.2984551531446649,
    "eval_metrics/imp_pval_spearman_1obs": 0.021310805452245757,
    "eval_metrics/imp_pval_spearman_dsf1": -0.0058231693721675,
    "eval_metrics/imp_count_r2_gw": -0.05603226867249538,
    "eval_metrics/imp_pval_spearman_gw": -0.0058231693721675,
    "eval_metrics/den_pval_r2_1obs": -24.45111491099566,
    "eval_metrics/den_count_spearman_gw": 0.0502066552388218,
    "eval_metrics/den_pval_pearson_1obs": -0.009795865413156878,
    "eval_metrics/imp_peak_auroc_gw": 0.44246007119411235,
    "eval_metrics/imp_pval_r2_dsf1": -1.439918822474045,
    "eval_metrics/imp_pval_pearson_gw": 0.0016674504694824536,
    "eval_metrics/den_pval_spearman_gw": 0.016824720756354234,
    "eval_metrics/den_pval_r2_gw": -1.2984551531446649,
    "eval_metrics/den_pval_spearman_dsf1": 0.016824720756354234,
    "eval_metrics/den_count_pearson_gw": 0.045031542853011114,
    "eval_metrics/den_peak_auroc_gw": 0.515912979781031,
    "eval_metrics/imp_pval_r2_1obs": -23.152689797372553,
    "eval_metrics/imp_count_spearman_gw": 0.008837300440079106,
    "eval_metrics/den_pval_pearson_dsf1": 0.012799276780386112,
    "eval_metrics/imp_pval_pearson_1obs": 0.029788974232533724,
    "eval_metrics/imp_pval_r2_gw": -1.439918822474045,
    "eval_metrics/den_pval_pearson_gw": 0.012799276780386112,
    "eval_metrics/imp_count_pearson_gw": 0.0026006380260999626,
    "eval_losses/total_loss": 6.102311962529233,
    "eval_losses/count_obs_loss": 1.2924058194223202,
    "eval_losses/count_imp_loss": 1.8682666988599868,
    "eval_losses/pval_obs_loss": 1.0849213239393736,
    "eval_losses/pval_imp_loss": 1.0902806633994693,
    "eval_losses/peak_obs_loss": 0.6976127530399122,
    "eval_losses/peak_imp_loss": 0.6935205270373632
  }
}
{
  "epoch": 10,
  "training_metadata_probes": {
    "training_metadata_probes/depth_count_ratio": 1.0014110803604126,
    "training_metadata_probes/runtype_mse": 1.6237997897405876e-06,
    "training_metadata_probes/readlen_mse": 9.124419011641294e-05
  }
}
{
  "epoch": 11,
  "eval_prefixed": {
    "eval_metrics/den_count_r2_gw": -0.17661068970176078,
    "eval_metrics/imp_pval_pearson_dsf1": 0.004373423748701397,
    "eval_metrics/den_pval_spearman_1obs": 0.0005380975854501812,
    "eval_metrics/den_pval_r2_dsf1": -1.3444871709072295,
    "eval_metrics/imp_pval_spearman_1obs": 0.02223172692932739,
    "eval_metrics/imp_pval_spearman_dsf1": -0.01069483346066901,
    "eval_metrics/imp_count_r2_gw": -0.06255339309445768,
    "eval_metrics/imp_pval_spearman_gw": -0.01069483346066901,
    "eval_metrics/den_pval_r2_1obs": -31.066963428057612,
    "eval_metrics/den_count_spearman_gw": 0.05080371738841225,
    "eval_metrics/den_pval_pearson_1obs": -0.015221798979741595,
    "eval_metrics/imp_peak_auroc_gw": 0.45562950154464843,
    "eval_metrics/imp_pval_r2_dsf1": -1.1383594045534031,
    "eval_metrics/imp_pval_pearson_gw": 0.004373423748701397,
    "eval_metrics/den_pval_spearman_gw": 0.020612197747390697,
    "eval_metrics/den_pval_r2_gw": -1.3444871709072295,
    "eval_metrics/den_pval_spearman_dsf1": 0.020612197747390697,
    "eval_metrics/den_count_pearson_gw": 0.051596865823835526,
    "eval_metrics/den_peak_auroc_gw": 0.5087128860862767,
    "eval_metrics/imp_pval_r2_1obs": -26.212718597651598,
    "eval_metrics/imp_count_spearman_gw": 0.012982953207566319,
    "eval_metrics/den_pval_pearson_dsf1": 0.018175144862461343,
    "eval_metrics/imp_pval_pearson_1obs": 0.02680673587065752,
    "eval_metrics/imp_pval_r2_gw": -1.1383594045534031,
    "eval_metrics/den_pval_pearson_gw": 0.018175144862461343,
    "eval_metrics/imp_count_pearson_gw": 0.004818483903017338,
    "eval_losses/total_loss": 6.019179740234425,
    "eval_losses/count_obs_loss": 1.2439155641355013,
    "eval_losses/count_imp_loss": 1.8647960556877985,
    "eval_losses/pval_obs_loss": 1.0595960279828625,
    "eval_losses/pval_imp_loss": 1.082349839664641,
    "eval_losses/peak_obs_loss": 0.6982743983205996,
    "eval_losses/peak_imp_loss": 0.6928846599563719
  }
}
{
  "epoch": 11,
  "training_metadata_probes": {
    "training_metadata_probes/depth_count_ratio": 1.0016285181045532,
    "training_metadata_probes/runtype_mse": 2.051157252935809e-06,
    "training_metadata_probes/readlen_mse": 7.533862662967294e-05
  }
}
{
  "epoch": 12,
  "eval_prefixed": {
    "eval_metrics/den_count_r2_gw": -0.17242041569923836,
    "eval_metrics/imp_pval_pearson_dsf1": 0.005672907247023273,
    "eval_metrics/den_pval_spearman_1obs": -0.012048159356940029,
    "eval_metrics/den_pval_r2_dsf1": -1.0116566228572597,
    "eval_metrics/imp_pval_spearman_1obs": 0.023051550073737475,
    "eval_metrics/imp_pval_spearman_dsf1": -0.006348811419325986,
    "eval_metrics/imp_count_r2_gw": -0.06138034698489753,
    "eval_metrics/imp_pval_spearman_gw": -0.006348811419325986,
    "eval_metrics/den_pval_r2_1obs": -24.14881494271345,
    "eval_metrics/den_count_spearman_gw": 0.05027659913184282,
    "eval_metrics/den_pval_pearson_1obs": -0.02252882296804608,
    "eval_metrics/imp_peak_auroc_gw": 0.4623363383860376,
    "eval_metrics/imp_pval_r2_dsf1": -1.2731899721920608,
    "eval_metrics/imp_pval_pearson_gw": 0.005672907247023273,
    "eval_metrics/den_pval_spearman_gw": 0.025399057914477097,
    "eval_metrics/den_pval_r2_gw": -1.0116566228572597,
    "eval_metrics/den_pval_spearman_dsf1": 0.025399057914477097,
    "eval_metrics/den_count_pearson_gw": 0.05509713177544702,
    "eval_metrics/den_peak_auroc_gw": 0.5224195961300129,
    "eval_metrics/imp_pval_r2_1obs": -26.080970280236507,
    "eval_metrics/imp_count_spearman_gw": 0.00614560042466479,
    "eval_metrics/den_pval_pearson_dsf1": 0.023309511266952063,
    "eval_metrics/imp_pval_pearson_1obs": 0.029912755236196856,
    "eval_metrics/imp_pval_r2_gw": -1.2731899721920608,
    "eval_metrics/den_pval_pearson_gw": 0.023309511266952063,
    "eval_metrics/imp_count_pearson_gw": 0.0026948915189085897,
    "eval_losses/total_loss": 6.022190686903502,
    "eval_losses/count_obs_loss": 1.2873751944617222,
    "eval_losses/count_imp_loss": 1.857906058667198,
    "eval_losses/pval_obs_loss": 1.0494703783800727,
    "eval_losses/pval_imp_loss": 1.051637939990513,
    "eval_losses/peak_obs_loss": 0.6985791913772884,
    "eval_losses/peak_imp_loss": 0.6935387017234923
  }
}
{
  "epoch": 12,
  "training_metadata_probes": {
    "training_metadata_probes/depth_count_ratio": 1.0018422603607178,
    "training_metadata_probes/runtype_mse": 3.0504925234708935e-06,
    "training_metadata_probes/readlen_mse": 5.4738917242502794e-05
  }
}
{
  "epoch": 13,
  "eval_prefixed": {
    "eval_metrics/den_count_r2_gw": -0.19674467324446776,
    "eval_metrics/imp_pval_pearson_dsf1": 0.010378488536743034,
    "eval_metrics/den_pval_spearman_1obs": -0.009474882098254235,
    "eval_metrics/den_pval_r2_dsf1": -1.0339154926177214,
    "eval_metrics/imp_pval_spearman_1obs": 0.02000027000234418,
    "eval_metrics/imp_pval_spearman_dsf1": 0.0003859648248130376,
    "eval_metrics/imp_count_r2_gw": -0.05229021709954215,
    "eval_metrics/imp_pval_spearman_gw": 0.0003859648248130376,
    "eval_metrics/den_pval_r2_1obs": -28.899507046124018,
    "eval_metrics/den_count_spearman_gw": 0.04386023974605455,
    "eval_metrics/den_pval_pearson_1obs": -0.02233887486325234,
    "eval_metrics/imp_peak_auroc_gw": 0.46266838185935066,
    "eval_metrics/imp_pval_r2_dsf1": -0.9737935083332406,
    "eval_metrics/imp_pval_pearson_gw": 0.010378488536743034,
    "eval_metrics/den_pval_spearman_gw": 0.030469386349842743,
    "eval_metrics/den_pval_r2_gw": -1.0339154926177214,
    "eval_metrics/den_pval_spearman_dsf1": 0.030469386349842743,
    "eval_metrics/den_count_pearson_gw": 0.054180024507283965,
    "eval_metrics/den_peak_auroc_gw": 0.5204019925365742,
    "eval_metrics/imp_pval_r2_1obs": -24.285274042553304,
    "eval_metrics/imp_count_spearman_gw": -0.0028796951272536436,
    "eval_metrics/den_pval_pearson_dsf1": 0.02802299567970055,
    "eval_metrics/imp_pval_pearson_1obs": 0.020947281626008805,
    "eval_metrics/imp_pval_r2_gw": -0.9737935083332406,
    "eval_metrics/den_pval_pearson_gw": 0.02802299567970055,
    "eval_metrics/imp_count_pearson_gw": 0.004116023870463121,
    "eval_losses/total_loss": 6.046997072665315,
    "eval_losses/count_obs_loss": 1.3009991935993497,
    "eval_losses/count_imp_loss": 1.8908010882044595,
    "eval_losses/pval_obs_loss": 1.0395449360734539,
    "eval_losses/pval_imp_loss": 1.044418165608058,
    "eval_losses/peak_obs_loss": 0.6982424478781851,
    "eval_losses/peak_imp_loss": 0.6937330895000033
  }
}
{
  "epoch": 13,
  "training_metadata_probes": {
    "training_metadata_probes/depth_count_ratio": 1.0020612478256226,
    "training_metadata_probes/runtype_mse": 4.885483576799743e-06,
    "training_metadata_probes/readlen_mse": 3.5998233215650544e-05
  }
}
{
  "epoch": 14,
  "eval_prefixed": {
    "eval_metrics/den_count_r2_gw": -0.24475609592628486,
    "eval_metrics/imp_pval_pearson_dsf1": 0.010268438010017335,
    "eval_metrics/den_pval_spearman_1obs": -0.002557799868217803,
    "eval_metrics/den_pval_r2_dsf1": -1.1417795183754682,
    "eval_metrics/imp_pval_spearman_1obs": 0.020806310557617176,
    "eval_metrics/imp_pval_spearman_dsf1": 0.0002606497496190085,
    "eval_metrics/imp_count_r2_gw": -0.06856172647495279,
    "eval_metrics/imp_pval_spearman_gw": 0.0002606497496190085,
    "eval_metrics/den_pval_r2_1obs": -28.994120834550806,
    "eval_metrics/den_count_spearman_gw": 0.048660672288630046,
    "eval_metrics/den_pval_pearson_1obs": -0.017383901810573758,
    "eval_metrics/imp_peak_auroc_gw": 0.4527307327651393,
    "eval_metrics/imp_pval_r2_dsf1": -1.1316004985298793,
    "eval_metrics/imp_pval_pearson_gw": 0.010268438010017335,
    "eval_metrics/den_pval_spearman_gw": 0.031196800767939906,
    "eval_metrics/den_pval_r2_gw": -1.1417795183754682,
    "eval_metrics/den_pval_spearman_dsf1": 0.031196800767939906,
    "eval_metrics/den_count_pearson_gw": 0.058968671085351254,
    "eval_metrics/den_peak_auroc_gw": 0.5190053129800681,
    "eval_metrics/imp_pval_r2_1obs": -21.99930877116677,
    "eval_metrics/imp_count_spearman_gw": -0.010269584259335414,
    "eval_metrics/den_pval_pearson_dsf1": 0.03268124380357269,
    "eval_metrics/imp_pval_pearson_1obs": 0.02641819238695981,
    "eval_metrics/imp_pval_r2_gw": -1.1316004985298793,
    "eval_metrics/den_pval_pearson_gw": 0.03268124380357269,
    "eval_metrics/imp_count_pearson_gw": 0.0034611004616130637,
    "eval_losses/total_loss": 5.953403457214958,
    "eval_losses/count_obs_loss": 1.3212572077387257,
    "eval_losses/count_imp_loss": 1.824060651044997,
    "eval_losses/pval_obs_loss": 1.0172378883550042,
    "eval_losses/pval_imp_loss": 1.000781948604281,
    "eval_losses/peak_obs_loss": 0.6982410189352537,
    "eval_losses/peak_imp_loss": 0.693676733781421
  }
}
{
  "epoch": 14,
  "training_metadata_probes": {
    "training_metadata_probes/depth_count_ratio": 1.0023009777069092,
    "training_metadata_probes/runtype_mse": 7.926209946162999e-06,
    "training_metadata_probes/readlen_mse": 2.3676549972151406e-05
  }
}
{
  "epoch": 15,
  "eval_prefixed": {
    "eval_metrics/den_count_r2_gw": -0.21770767269317193,
    "eval_metrics/imp_pval_pearson_dsf1": 0.009229112894178205,
    "eval_metrics/den_pval_spearman_1obs": -0.01749026186681428,
    "eval_metrics/den_pval_r2_dsf1": -0.8756041145132336,
    "eval_metrics/imp_pval_spearman_1obs": 0.013928209970728314,
    "eval_metrics/imp_pval_spearman_dsf1": -0.002427020128046331,
    "eval_metrics/imp_count_r2_gw": -0.0666210914076195,
    "eval_metrics/imp_pval_spearman_gw": -0.002427020128046331,
    "eval_metrics/den_pval_r2_1obs": -21.73495510417627,
    "eval_metrics/den_count_spearman_gw": 0.049904077546080006,
    "eval_metrics/den_pval_pearson_1obs": -0.02270941925771216,
    "eval_metrics/imp_peak_auroc_gw": 0.4764840367434655,
    "eval_metrics/imp_pval_r2_dsf1": -1.0868906355372343,
    "eval_metrics/imp_pval_pearson_gw": 0.009229112894178205,
    "eval_metrics/den_pval_spearman_gw": 0.030328149146677114,
    "eval_metrics/den_pval_r2_gw": -0.8756041145132336,
    "eval_metrics/den_pval_spearman_dsf1": 0.030328149146677114,
    "eval_metrics/den_count_pearson_gw": 0.060684932032783856,
    "eval_metrics/den_peak_auroc_gw": 0.5206340343867739,
    "eval_metrics/imp_pval_r2_1obs": -24.965129219085494,
    "eval_metrics/imp_count_spearman_gw": -0.014566856468708303,
    "eval_metrics/den_pval_pearson_dsf1": 0.03359491829791008,
    "eval_metrics/imp_pval_pearson_1obs": 0.021866279236587977,
    "eval_metrics/imp_pval_r2_gw": -1.0868906355372343,
    "eval_metrics/den_pval_pearson_gw": 0.03359491829791008,
    "eval_metrics/imp_count_pearson_gw": 0.004178053943351621,
    "eval_losses/total_loss": 5.959484691682615,
    "eval_losses/count_obs_loss": 1.2737698845173184,
    "eval_losses/count_imp_loss": 1.8883485302092538,
    "eval_losses/pval_obs_loss": 1.0090835408160561,
    "eval_losses/pval_imp_loss": 1.0119764492625283,
    "eval_losses/peak_obs_loss": 0.6983066005142111,
    "eval_losses/peak_imp_loss": 0.6925746174085707
  }
}
{
  "epoch": 15,
  "training_metadata_probes": {
    "training_metadata_probes/depth_count_ratio": 1.0025701522827148,
    "training_metadata_probes/runtype_mse": 1.1950093721679877e-05,
    "training_metadata_probes/readlen_mse": 1.78797072294401e-05
  }
}
{
  "epoch": 16,
  "eval_prefixed": {
    "eval_metrics/den_count_r2_gw": -0.2342609493704219,
    "eval_metrics/imp_pval_pearson_dsf1": 0.010175793026670968,
    "eval_metrics/den_pval_spearman_1obs": -0.015494494032783383,
    "eval_metrics/den_pval_r2_dsf1": -0.9007849836852838,
    "eval_metrics/imp_pval_spearman_1obs": 0.004039837200059523,
    "eval_metrics/imp_pval_spearman_dsf1": 0.003877250834867784,
    "eval_metrics/imp_count_r2_gw": -0.07328374721081635,
    "eval_metrics/imp_pval_spearman_gw": 0.003877250834867784,
    "eval_metrics/den_pval_r2_1obs": -25.63329931908702,
    "eval_metrics/den_count_spearman_gw": 0.049923129024187676,
    "eval_metrics/den_pval_pearson_1obs": -0.02128562662064245,
    "eval_metrics/imp_peak_auroc_gw": 0.47393948045452033,
    "eval_metrics/imp_pval_r2_dsf1": -1.2330950383621555,
    "eval_metrics/imp_pval_pearson_gw": 0.010175793026670968,
    "eval_metrics/den_pval_spearman_gw": 0.029407082215346797,
    "eval_metrics/den_pval_r2_gw": -0.9007849836852838,
    "eval_metrics/den_pval_spearman_dsf1": 0.029407082215346797,
    "eval_metrics/den_count_pearson_gw": 0.06120495928763902,
    "eval_metrics/den_peak_auroc_gw": 0.5200724653702112,
    "eval_metrics/imp_pval_r2_1obs": -22.04821956900102,
    "eval_metrics/imp_count_spearman_gw": -0.016851575081233586,
    "eval_metrics/den_pval_pearson_dsf1": 0.03456742734469069,
    "eval_metrics/imp_pval_pearson_1obs": 0.015440219142917721,
    "eval_metrics/imp_pval_r2_gw": -1.2330950383621555,
    "eval_metrics/den_pval_pearson_gw": 0.03456742734469069,
    "eval_metrics/imp_count_pearson_gw": 0.006550559356193324,
    "eval_losses/total_loss": 5.902747495394004,
    "eval_losses/count_obs_loss": 1.2830604997120405,
    "eval_losses/count_imp_loss": 1.8622586008102175,
    "eval_losses/pval_obs_loss": 0.9892402879501644,
    "eval_losses/pval_imp_loss": 0.9840688941970704,
    "eval_losses/peak_obs_loss": 0.6975512637903816,
    "eval_losses/peak_imp_loss": 0.6917685960966443
  }
}
{
  "epoch": 16,
  "training_metadata_probes": {
    "training_metadata_probes/depth_count_ratio": 1.0028858184814453,
    "training_metadata_probes/runtype_mse": 1.5114048437681049e-05,
    "training_metadata_probes/readlen_mse": 1.8004213416134007e-05
  }
}
{
  "epoch": 17,
  "eval_prefixed": {
    "eval_metrics/den_count_r2_gw": -0.2040367304306685,
    "eval_metrics/imp_pval_pearson_dsf1": 0.0102103736125938,
    "eval_metrics/den_pval_spearman_1obs": -0.024406903398967904,
    "eval_metrics/den_pval_r2_dsf1": -0.8383083544547293,
    "eval_metrics/imp_pval_spearman_1obs": 0.010542020324150627,
    "eval_metrics/imp_pval_spearman_dsf1": 0.00402651241676828,
    "eval_metrics/imp_count_r2_gw": -0.07562506702176819,
    "eval_metrics/imp_pval_spearman_gw": 0.00402651241676828,
    "eval_metrics/den_pval_r2_1obs": -21.60670931915148,
    "eval_metrics/den_count_spearman_gw": 0.051796868030154895,
    "eval_metrics/den_pval_pearson_1obs": -0.03607752229493742,
    "eval_metrics/imp_peak_auroc_gw": 0.47668110710868555,
    "eval_metrics/imp_pval_r2_dsf1": -1.0194749047195961,
    "eval_metrics/imp_pval_pearson_gw": 0.0102103736125938,
    "eval_metrics/den_pval_spearman_gw": 0.031130122468623095,
    "eval_metrics/den_pval_r2_gw": -0.8383083544547293,
    "eval_metrics/den_pval_spearman_dsf1": 0.031130122468623095,
    "eval_metrics/den_count_pearson_gw": 0.06228109970623719,
    "eval_metrics/den_peak_auroc_gw": 0.5219695820115252,
    "eval_metrics/imp_pval_r2_1obs": -23.884079751924418,
    "eval_metrics/imp_count_spearman_gw": -0.01974889712619817,
    "eval_metrics/den_pval_pearson_dsf1": 0.03726393284849014,
    "eval_metrics/imp_pval_pearson_1obs": 0.01773912343288964,
    "eval_metrics/imp_pval_r2_gw": -1.0194749047195961,
    "eval_metrics/den_pval_pearson_gw": 0.03726393284849014,
    "eval_metrics/imp_count_pearson_gw": 0.004561593942829252,
    "eval_losses/total_loss": 5.86055000675352,
    "eval_losses/count_obs_loss": 1.2555248454997414,
    "eval_losses/count_imp_loss": 1.8855022475832985,
    "eval_losses/pval_obs_loss": 0.9673861884757092,
    "eval_losses/pval_imp_loss": 0.9704596447566199,
    "eval_losses/peak_obs_loss": 0.6974132429612311,
    "eval_losses/peak_imp_loss": 0.6909770833121406
  }
}
{
  "epoch": 17,
  "training_metadata_probes": {
    "training_metadata_probes/depth_count_ratio": 1.0032376050949097,
    "training_metadata_probes/runtype_mse": 1.9792181774391793e-05,
    "training_metadata_probes/readlen_mse": 2.2200492821866646e-05
  }
}
{
  "epoch": 18,
  "eval_prefixed": {
    "eval_metrics/den_count_r2_gw": -0.21835291016328887,
    "eval_metrics/imp_pval_pearson_dsf1": 0.013827262169104956,
    "eval_metrics/den_pval_spearman_1obs": -0.026217107796281593,
    "eval_metrics/den_pval_r2_dsf1": -0.850173662263293,
    "eval_metrics/imp_pval_spearman_1obs": 0.004414162690790389,
    "eval_metrics/imp_pval_spearman_dsf1": 0.006536659739890325,
    "eval_metrics/imp_count_r2_gw": -0.07606664933254595,
    "eval_metrics/imp_pval_spearman_gw": 0.006536659739890325,
    "eval_metrics/den_pval_r2_1obs": -29.012190830739797,
    "eval_metrics/den_count_spearman_gw": 0.05420377411649646,
    "eval_metrics/den_pval_pearson_1obs": -0.027396516129987215,
    "eval_metrics/imp_peak_auroc_gw": 0.4647216248820157,
    "eval_metrics/imp_pval_r2_dsf1": -0.8215646599435527,
    "eval_metrics/imp_pval_pearson_gw": 0.013827262169104956,
    "eval_metrics/den_pval_spearman_gw": 0.033860217978929914,
    "eval_metrics/den_pval_r2_gw": -0.850173662263293,
    "eval_metrics/den_pval_spearman_dsf1": 0.033860217978929914,
    "eval_metrics/den_count_pearson_gw": 0.06433884597247111,
    "eval_metrics/den_peak_auroc_gw": 0.5378228997604296,
    "eval_metrics/imp_pval_r2_1obs": -26.27860802687164,
    "eval_metrics/imp_count_spearman_gw": -0.021661791932064137,
    "eval_metrics/den_pval_pearson_dsf1": 0.03678065634602191,
    "eval_metrics/imp_pval_pearson_1obs": 0.014132934217784731,
    "eval_metrics/imp_pval_r2_gw": -0.8215646599435527,
    "eval_metrics/den_pval_pearson_gw": 0.03678065634602191,
    "eval_metrics/imp_count_pearson_gw": 0.0035674366471727214,
    "eval_losses/total_loss": 6.037774905562401,
    "eval_losses/count_obs_loss": 1.3465244103419154,
    "eval_losses/count_imp_loss": 1.9851047122289265,
    "eval_losses/pval_obs_loss": 0.9782727211713791,
    "eval_losses/pval_imp_loss": 0.9648976202995058,
    "eval_losses/peak_obs_loss": 0.6952942719585017,
    "eval_losses/peak_imp_loss": 0.6903777652316623
  }
}
{
  "epoch": 18,
  "training_metadata_probes": {
    "training_metadata_probes/depth_count_ratio": 1.0036484003067017,
    "training_metadata_probes/runtype_mse": 3.09373062918894e-05,
    "training_metadata_probes/readlen_mse": 3.22547675750684e-05
  }
}
{
  "epoch": 19,
  "eval_prefixed": {
    "eval_metrics/den_count_r2_gw": -0.21545754234597064,
    "eval_metrics/imp_pval_pearson_dsf1": 0.009576409160795192,
    "eval_metrics/den_pval_spearman_1obs": -0.02109610181062722,
    "eval_metrics/den_pval_r2_dsf1": -0.8328342091407935,
    "eval_metrics/imp_pval_spearman_1obs": 0.0030081104451436477,
    "eval_metrics/imp_pval_spearman_dsf1": 0.00431045950293462,
    "eval_metrics/imp_count_r2_gw": -0.09584848398726202,
    "eval_metrics/imp_pval_spearman_gw": 0.00431045950293462,
    "eval_metrics/den_pval_r2_1obs": -22.53536697806516,
    "eval_metrics/den_count_spearman_gw": 0.060403337852894826,
    "eval_metrics/den_pval_pearson_1obs": -0.021612206905908687,
    "eval_metrics/imp_peak_auroc_gw": 0.4763335762499146,
    "eval_metrics/imp_pval_r2_dsf1": -1.1050141931038582,
    "eval_metrics/imp_pval_pearson_gw": 0.009576409160795192,
    "eval_metrics/den_pval_spearman_gw": 0.03631774859921886,
    "eval_metrics/den_pval_r2_gw": -0.8328342091407935,
    "eval_metrics/den_pval_spearman_dsf1": 0.03631774859921886,
    "eval_metrics/den_count_pearson_gw": 0.06255055132791504,
    "eval_metrics/den_peak_auroc_gw": 0.5251247814239989,
    "eval_metrics/imp_pval_r2_1obs": -24.758796875383414,
    "eval_metrics/imp_count_spearman_gw": -0.019395462037149307,
    "eval_metrics/den_pval_pearson_dsf1": 0.03763543931448734,
    "eval_metrics/imp_pval_pearson_1obs": 0.017940571746929358,
    "eval_metrics/imp_pval_r2_gw": -1.1050141931038582,
    "eval_metrics/den_pval_pearson_gw": 0.03763543931448734,
    "eval_metrics/imp_count_pearson_gw": 0.004498574657999497,
    "eval_losses/total_loss": 5.930588116771297,
    "eval_losses/count_obs_loss": 1.3445909736972106,
    "eval_losses/count_imp_loss": 1.8882420621221028,
    "eval_losses/pval_obs_loss": 0.9677181408593529,
    "eval_losses/pval_imp_loss": 0.9501995576752557,
    "eval_losses/peak_obs_loss": 0.6944931173010876,
    "eval_losses/peak_imp_loss": 0.6886651620032296
  }
}
{
  "epoch": 19,
  "training_metadata_probes": {
    "training_metadata_probes/depth_count_ratio": 1.0040411949157715,
    "training_metadata_probes/runtype_mse": 5.316910755936988e-05,
    "training_metadata_probes/readlen_mse": 4.7080538934096694e-05
  }
}
/project/6014832/mforooz/EpiDenoise/candi_venv/lib/python3.10/site-packages/torch/optim/lr_scheduler.py:243: UserWarning: The epoch parameter in `scheduler.step()` was not necessary and is being deprecated where possible. Please use `scheduler.step()` to step the scheduler. During the deprecation, if epoch is different from None, the closed form is used instead of the new chainable form, where available. Please open an issue if you are unable to replicate your use case: https://github.com/pytorch/pytorch/issues/new/choose.
  warnings.warn(EPOCH_DEPRECATION_WARNING, UserWarning)
{
  "epoch": 20,
  "eval_prefixed": {
    "eval_metrics/den_count_r2_gw": -0.20520444628976753,
    "eval_metrics/imp_pval_pearson_dsf1": 0.010238348417462677,
    "eval_metrics/den_pval_spearman_1obs": -0.012561277879964876,
    "eval_metrics/den_pval_r2_dsf1": -0.8177551279608394,
    "eval_metrics/imp_pval_spearman_1obs": -0.0014375808335485786,
    "eval_metrics/imp_pval_spearman_dsf1": -0.0021860184811587063,
    "eval_metrics/imp_count_r2_gw": -0.07890074468823473,
    "eval_metrics/imp_pval_spearman_gw": -0.0021860184811587063,
    "eval_metrics/den_pval_r2_1obs": -26.70042732531246,
    "eval_metrics/den_count_spearman_gw": 0.06328612470974215,
    "eval_metrics/den_pval_pearson_1obs": -0.023822235785988403,
    "eval_metrics/imp_peak_auroc_gw": 0.47425642316182487,
    "eval_metrics/imp_pval_r2_dsf1": -0.8977939966171666,
    "eval_metrics/imp_pval_pearson_gw": 0.010238348417462677,
    "eval_metrics/den_pval_spearman_gw": 0.037708220925178795,
    "eval_metrics/den_pval_r2_gw": -0.8177551279608394,
    "eval_metrics/den_pval_spearman_dsf1": 0.037708220925178795,
    "eval_metrics/den_count_pearson_gw": 0.06297350764495939,
    "eval_metrics/den_peak_auroc_gw": 0.5149228906290372,
    "eval_metrics/imp_pval_r2_1obs": -31.476664494845362,
    "eval_metrics/imp_count_spearman_gw": -0.01807281192047842,
    "eval_metrics/den_pval_pearson_dsf1": 0.037787306943516195,
    "eval_metrics/imp_pval_pearson_1obs": 0.012532503631461175,
    "eval_metrics/imp_pval_r2_gw": -0.8977939966171666,
    "eval_metrics/den_pval_pearson_gw": 0.037787306943516195,
    "eval_metrics/imp_count_pearson_gw": 0.0063923706403574984,
    "eval_losses/total_loss": 5.8983157182994645,
    "eval_losses/count_obs_loss": 1.286865173201812,
    "eval_losses/count_imp_loss": 1.947794134654696,
    "eval_losses/pval_obs_loss": 0.9455059837353857,
    "eval_losses/pval_imp_loss": 0.9493283175286793,
    "eval_losses/peak_obs_loss": 0.693939955610978,
    "eval_losses/peak_imp_loss": 0.6881529452308776
  }
}
{
  "epoch": 20,
  "training_metadata_probes": {
    "training_metadata_probes/depth_count_ratio": 1.0044382810592651,
    "training_metadata_probes/runtype_mse": 9.055417467607185e-05,
    "training_metadata_probes/readlen_mse": 6.338660750770941e-05
  }
}
{
  "epoch": 21,
  "eval_prefixed": {
    "eval_metrics/den_count_r2_gw": -0.21661809502131274,
    "eval_metrics/imp_pval_pearson_dsf1": 0.00931845849568379,
    "eval_metrics/den_pval_spearman_1obs": -0.014377032508242767,
    "eval_metrics/den_pval_r2_dsf1": -0.7668258778162738,
    "eval_metrics/imp_pval_spearman_1obs": 0.0030206303331282054,
    "eval_metrics/imp_pval_spearman_dsf1": -0.002696486104944274,
    "eval_metrics/imp_count_r2_gw": -0.08246180816310895,
    "eval_metrics/imp_pval_spearman_gw": -0.002696486104944274,
    "eval_metrics/den_pval_r2_1obs": -28.778800363933005,
    "eval_metrics/den_count_spearman_gw": 0.06616039865890792,
    "eval_metrics/den_pval_pearson_1obs": -0.023176761394623963,
    "eval_metrics/imp_peak_auroc_gw": 0.4708720942928338,
    "eval_metrics/imp_pval_r2_dsf1": -0.9484884264563347,
    "eval_metrics/imp_pval_pearson_gw": 0.00931845849568379,
    "eval_metrics/den_pval_spearman_gw": 0.04165903398098406,
    "eval_metrics/den_pval_r2_gw": -0.7668258778162738,
    "eval_metrics/den_pval_spearman_dsf1": 0.04165903398098406,
    "eval_metrics/den_count_pearson_gw": 0.06149612917562009,
    "eval_metrics/den_peak_auroc_gw": 0.5326061353226761,
    "eval_metrics/imp_pval_r2_1obs": -19.413890883023953,
    "eval_metrics/imp_count_spearman_gw": -0.019118934708279776,
    "eval_metrics/den_pval_pearson_dsf1": 0.038451415613771564,
    "eval_metrics/imp_pval_pearson_1obs": 0.005228174902084801,
    "eval_metrics/imp_pval_r2_gw": -0.9484884264563347,
    "eval_metrics/den_pval_pearson_gw": 0.038451415613771564,
    "eval_metrics/imp_count_pearson_gw": 0.006851644235471862,
    "eval_losses/total_loss": 5.8834273140681415,
    "eval_losses/count_obs_loss": 1.324123505699007,
    "eval_losses/count_imp_loss": 1.9164556321643649,
    "eval_losses/pval_obs_loss": 0.9468552948612916,
    "eval_losses/pval_imp_loss": 0.9178576204511855,
    "eval_losses/peak_obs_loss": 0.6928382759031496,
    "eval_losses/peak_imp_loss": 0.6877562403678894
  }
}
{
  "epoch": 21,
  "training_metadata_probes": {
    "training_metadata_probes/depth_count_ratio": 1.0047075748443604,
    "training_metadata_probes/runtype_mse": 0.0001384878414683044,
    "training_metadata_probes/readlen_mse": 7.53790809540078e-05
  }
}
{
  "epoch": 22,
  "eval_prefixed": {
    "eval_metrics/den_count_r2_gw": -0.18002252814897374,
    "eval_metrics/imp_pval_pearson_dsf1": 0.011150168758052002,
    "eval_metrics/den_pval_spearman_1obs": -0.02631498711482208,
    "eval_metrics/den_pval_r2_dsf1": -0.7607192548511117,
    "eval_metrics/imp_pval_spearman_1obs": 0.0038181711109250838,
    "eval_metrics/imp_pval_spearman_dsf1": -0.00785588677874107,
    "eval_metrics/imp_count_r2_gw": -0.07316272508174129,
    "eval_metrics/imp_pval_spearman_gw": -0.00785588677874107,
    "eval_metrics/den_pval_r2_1obs": -23.639539839049135,
    "eval_metrics/den_count_spearman_gw": 0.06768560249075493,
    "eval_metrics/den_pval_pearson_1obs": -0.030591727752547933,
    "eval_metrics/imp_peak_auroc_gw": 0.4847589849319594,
    "eval_metrics/imp_pval_r2_dsf1": -0.7598420459198194,
    "eval_metrics/imp_pval_pearson_gw": 0.011150168758052002,
    "eval_metrics/den_pval_spearman_gw": 0.04477049003780478,
    "eval_metrics/den_pval_r2_gw": -0.7607192548511117,
    "eval_metrics/den_pval_spearman_dsf1": 0.04477049003780478,
    "eval_metrics/den_count_pearson_gw": 0.06633664930689663,
    "eval_metrics/den_peak_auroc_gw": 0.538013798483583,
    "eval_metrics/imp_pval_r2_1obs": -28.775970738574802,
    "eval_metrics/imp_count_spearman_gw": -0.01921475104647989,
    "eval_metrics/den_pval_pearson_dsf1": 0.03974568475601509,
    "eval_metrics/imp_pval_pearson_1obs": 0.011710956276926612,
    "eval_metrics/imp_pval_r2_gw": -0.7598420459198194,
    "eval_metrics/den_pval_pearson_gw": 0.03974568475601509,
    "eval_metrics/imp_count_pearson_gw": 0.008205979863175474,
    "eval_losses/total_loss": 5.940390135896833,
    "eval_losses/count_obs_loss": 1.2971384407658326,
    "eval_losses/count_imp_loss": 1.9940251357971677,
    "eval_losses/pval_obs_loss": 0.9376145522845419,
    "eval_losses/pval_imp_loss": 0.9537888954556177,
    "eval_losses/peak_obs_loss": 0.6924181964836622,
    "eval_losses/peak_imp_loss": 0.6871802532483661
  }
}
{
  "epoch": 22,
  "training_metadata_probes": {
    "training_metadata_probes/depth_count_ratio": 1.0048503875732422,
    "training_metadata_probes/runtype_mse": 0.00018899991118814796,
    "training_metadata_probes/readlen_mse": 7.63132338761352e-05
  }
}
{
  "epoch": 23,
  "eval_prefixed": {
    "eval_metrics/den_count_r2_gw": -0.19147488092408368,
    "eval_metrics/imp_pval_pearson_dsf1": 0.010484763229864516,
    "eval_metrics/den_pval_spearman_1obs": -0.02605455353939178,
    "eval_metrics/den_pval_r2_dsf1": -0.6779960412760504,
    "eval_metrics/imp_pval_spearman_1obs": 0.008569140014077041,
    "eval_metrics/imp_pval_spearman_dsf1": -0.007839795920887517,
    "eval_metrics/imp_count_r2_gw": -0.0857261795439402,
    "eval_metrics/imp_pval_spearman_gw": -0.007839795920887517,
    "eval_metrics/den_pval_r2_1obs": -40.22426911968211,
    "eval_metrics/den_count_spearman_gw": 0.06827745273613053,
    "eval_metrics/den_pval_pearson_1obs": -0.022734510517789443,
    "eval_metrics/imp_peak_auroc_gw": 0.4845594344346539,
    "eval_metrics/imp_pval_r2_dsf1": -0.8777458943858312,
    "eval_metrics/imp_pval_pearson_gw": 0.010484763229864516,
    "eval_metrics/den_pval_spearman_gw": 0.042848796462892136,
    "eval_metrics/den_pval_r2_gw": -0.6779960412760504,
    "eval_metrics/den_pval_spearman_dsf1": 0.042848796462892136,
    "eval_metrics/den_count_pearson_gw": 0.06372841456303784,
    "eval_metrics/den_peak_auroc_gw": 0.5303380805596597,
    "eval_metrics/imp_pval_r2_1obs": -25.789548512056808,
    "eval_metrics/imp_count_spearman_gw": -0.021468569246402842,
    "eval_metrics/den_pval_pearson_dsf1": 0.03790652945233313,
    "eval_metrics/imp_pval_pearson_1obs": 0.008393141775972226,
    "eval_metrics/imp_pval_r2_gw": -0.8777458943858312,
    "eval_metrics/den_pval_pearson_gw": 0.03790652945233313,
    "eval_metrics/imp_count_pearson_gw": 0.007487794620886681,
    "eval_losses/total_loss": 6.076811201478305,
    "eval_losses/count_obs_loss": 1.4326888997303813,
    "eval_losses/count_imp_loss": 1.955744877694145,
    "eval_losses/pval_obs_loss": 0.9859143887695513,
    "eval_losses/pval_imp_loss": 0.9373829828368293,
    "eval_losses/peak_obs_loss": 0.6908443091731322,
    "eval_losses/peak_imp_loss": 0.6865488678689987
  }
}
{
  "epoch": 23,
  "training_metadata_probes": {
    "training_metadata_probes/depth_count_ratio": 1.0049781799316406,
    "training_metadata_probes/runtype_mse": 0.0002595229016151279,
    "training_metadata_probes/readlen_mse": 7.611302862642333e-05
  }
}
{
  "epoch": 24,
  "eval_prefixed": {
    "eval_metrics/den_count_r2_gw": -0.20509701707320846,
    "eval_metrics/imp_pval_pearson_dsf1": 0.012634177819275045,
    "eval_metrics/den_pval_spearman_1obs": -0.01169854945464259,
    "eval_metrics/den_pval_r2_dsf1": -0.7591516650074114,
    "eval_metrics/imp_pval_spearman_1obs": 0.015476600079598307,
    "eval_metrics/imp_pval_spearman_dsf1": -0.00447658891685595,
    "eval_metrics/imp_count_r2_gw": -0.09244354430048343,
    "eval_metrics/imp_pval_spearman_gw": -0.00447658891685595,
    "eval_metrics/den_pval_r2_1obs": -21.814836163371528,
    "eval_metrics/den_count_spearman_gw": 0.06986945584205886,
    "eval_metrics/den_pval_pearson_1obs": -0.017001395533474063,
    "eval_metrics/imp_peak_auroc_gw": 0.4714769221759808,
    "eval_metrics/imp_pval_r2_dsf1": -0.9170972027801766,
    "eval_metrics/imp_pval_pearson_gw": 0.012634177819275045,
    "eval_metrics/den_pval_spearman_gw": 0.04547048079847354,
    "eval_metrics/den_pval_r2_gw": -0.7591516650074114,
    "eval_metrics/den_pval_spearman_dsf1": 0.04547048079847354,
    "eval_metrics/den_count_pearson_gw": 0.0675707609508735,
    "eval_metrics/den_peak_auroc_gw": 0.5345981117078161,
    "eval_metrics/imp_pval_r2_1obs": -23.57553666755779,
    "eval_metrics/imp_count_spearman_gw": -0.020150958566211068,
    "eval_metrics/den_pval_pearson_dsf1": 0.040732960780396274,
    "eval_metrics/imp_pval_pearson_1obs": 0.015844892385223554,
    "eval_metrics/imp_pval_r2_gw": -0.9170972027801766,
    "eval_metrics/den_pval_pearson_gw": 0.040732960780396274,
    "eval_metrics/imp_count_pearson_gw": 0.008927930495239765,
    "eval_losses/total_loss": 5.938731825665424,
    "eval_losses/count_obs_loss": 1.3423812773666883,
    "eval_losses/count_imp_loss": 1.9662784952965995,
    "eval_losses/pval_obs_loss": 0.9408327866541711,
    "eval_losses/pval_imp_loss": 0.9237341067147633,
    "eval_losses/peak_obs_loss": 0.6905723402374669,
    "eval_losses/peak_imp_loss": 0.6867469539718022
  }
}
{
  "epoch": 24,
  "training_metadata_probes": {
    "training_metadata_probes/depth_count_ratio": 1.0049700736999512,
    "training_metadata_probes/runtype_mse": 0.00031149861752055585,
    "training_metadata_probes/readlen_mse": 7.056441972963512e-05
  }
}
{
  "epoch": 25,
  "eval_prefixed": {
    "eval_metrics/den_count_r2_gw": -0.23646593506795577,
    "eval_metrics/imp_pval_pearson_dsf1": 0.012998787798486384,
    "eval_metrics/den_pval_spearman_1obs": -0.010088228399019076,
    "eval_metrics/den_pval_r2_dsf1": -0.7427317767909694,
    "eval_metrics/imp_pval_spearman_1obs": 0.002606914221329099,
    "eval_metrics/imp_pval_spearman_dsf1": 0.0007405561493609434,
    "eval_metrics/imp_count_r2_gw": -0.09330783287312734,
    "eval_metrics/imp_pval_spearman_gw": 0.0007405561493609434,
    "eval_metrics/den_pval_r2_1obs": -34.63568547717745,
    "eval_metrics/den_count_spearman_gw": 0.07070544824980192,
    "eval_metrics/den_pval_pearson_1obs": -0.015179874266706113,
    "eval_metrics/imp_peak_auroc_gw": 0.4710800162253096,
    "eval_metrics/imp_pval_r2_dsf1": -0.9331957379418038,
    "eval_metrics/imp_pval_pearson_gw": 0.012998787798486384,
    "eval_metrics/den_pval_spearman_gw": 0.04467886014190915,
    "eval_metrics/den_pval_r2_gw": -0.7427317767909694,
    "eval_metrics/den_pval_spearman_dsf1": 0.04467886014190915,
    "eval_metrics/den_count_pearson_gw": 0.061109357953874247,
    "eval_metrics/den_peak_auroc_gw": 0.53418838331709,
    "eval_metrics/imp_pval_r2_1obs": -21.602480603833673,
    "eval_metrics/imp_count_spearman_gw": -0.021121860033907678,
    "eval_metrics/den_pval_pearson_dsf1": 0.0384865398634582,
    "eval_metrics/imp_pval_pearson_1obs": 0.002726771343972475,
    "eval_metrics/imp_pval_r2_gw": -0.9331957379418038,
    "eval_metrics/den_pval_pearson_gw": 0.0384865398634582,
    "eval_metrics/imp_count_pearson_gw": 0.007457049505463811,
    "eval_losses/total_loss": 6.022608071565628,
    "eval_losses/count_obs_loss": 1.4019103073760082,
    "eval_losses/count_imp_loss": 1.9721858879876515,
    "eval_losses/pval_obs_loss": 0.9696000116436105,
    "eval_losses/pval_imp_loss": 0.9135022854048108,
    "eval_losses/peak_obs_loss": 0.6897711267596797,
    "eval_losses/peak_imp_loss": 0.6867058513656495
  }
}
{
  "epoch": 25,
  "training_metadata_probes": {
    "training_metadata_probes/depth_count_ratio": 1.0049636363983154,
    "training_metadata_probes/runtype_mse": 0.00037232774775475264,
    "training_metadata_probes/readlen_mse": 6.940578168723732e-05
  }
}
{
  "epoch": 26,
  "eval_prefixed": {
    "eval_metrics/den_count_r2_gw": -0.18698567153934928,
    "eval_metrics/imp_pval_pearson_dsf1": 0.014541586879464117,
    "eval_metrics/den_pval_spearman_1obs": -0.012160923312785175,
    "eval_metrics/den_pval_r2_dsf1": -0.7907739500954596,
    "eval_metrics/imp_pval_spearman_1obs": 0.012751172267187838,
    "eval_metrics/imp_pval_spearman_dsf1": 0.0021990938320453316,
    "eval_metrics/imp_count_r2_gw": -0.07885447769748465,
    "eval_metrics/imp_pval_spearman_gw": 0.0021990938320453316,
    "eval_metrics/den_pval_r2_1obs": -28.16096854553006,
    "eval_metrics/den_count_spearman_gw": 0.07306682183507211,
    "eval_metrics/den_pval_pearson_1obs": -0.023691690664762927,
    "eval_metrics/imp_peak_auroc_gw": 0.46940669884503,
    "eval_metrics/imp_pval_r2_dsf1": -0.7721554240404173,
    "eval_metrics/imp_pval_pearson_gw": 0.014541586879464117,
    "eval_metrics/den_pval_spearman_gw": 0.0451937847044025,
    "eval_metrics/den_pval_r2_gw": -0.7907739500954596,
    "eval_metrics/den_pval_spearman_dsf1": 0.0451937847044025,
    "eval_metrics/den_count_pearson_gw": 0.06672810421667619,
    "eval_metrics/den_peak_auroc_gw": 0.5299586244451135,
    "eval_metrics/imp_pval_r2_1obs": -26.871729950488586,
    "eval_metrics/imp_count_spearman_gw": -0.021223049424183058,
    "eval_metrics/den_pval_pearson_dsf1": 0.04156330033009382,
    "eval_metrics/imp_pval_pearson_1obs": 0.0046897858172462925,
    "eval_metrics/imp_pval_r2_gw": -0.7721554240404173,
    "eval_metrics/den_pval_pearson_gw": 0.04156330033009382,
    "eval_metrics/imp_count_pearson_gw": 0.0070780626321922885,
    "eval_losses/total_loss": 5.980925988994147,
    "eval_losses/count_obs_loss": 1.3110779163084532,
    "eval_losses/count_imp_loss": 2.0650508422700184,
    "eval_losses/pval_obs_loss": 0.9320052054367567,
    "eval_losses/pval_imp_loss": 0.9258838295936584,
    "eval_losses/peak_obs_loss": 0.6896494940707558,
    "eval_losses/peak_imp_loss": 0.6862509846687317
  }
}
{
  "epoch": 26,
  "training_metadata_probes": {
    "training_metadata_probes/depth_count_ratio": 1.0048822164535522,
    "training_metadata_probes/runtype_mse": 0.0004331221280153841,
    "training_metadata_probes/readlen_mse": 6.82442041579634e-05
  }
}
{
  "epoch": 27,
  "eval_prefixed": {
    "eval_metrics/den_count_r2_gw": -0.17346627654048583,
    "eval_metrics/imp_pval_pearson_dsf1": 0.010651431502848273,
    "eval_metrics/den_pval_spearman_1obs": -0.024847526482960566,
    "eval_metrics/den_pval_r2_dsf1": -0.6970417088951099,
    "eval_metrics/imp_pval_spearman_1obs": 0.013162964096982364,
    "eval_metrics/imp_pval_spearman_dsf1": 0.0014088387323562804,
    "eval_metrics/imp_count_r2_gw": -0.09795789501805516,
    "eval_metrics/imp_pval_spearman_gw": 0.0014088387323562804,
    "eval_metrics/den_pval_r2_1obs": -27.3648322505395,
    "eval_metrics/den_count_spearman_gw": 0.0727146264797193,
    "eval_metrics/den_pval_pearson_1obs": -0.027883321919944137,
    "eval_metrics/imp_peak_auroc_gw": 0.4833744315991992,
    "eval_metrics/imp_pval_r2_dsf1": -0.8105482086514835,
    "eval_metrics/imp_pval_pearson_gw": 0.010651431502848273,
    "eval_metrics/den_pval_spearman_gw": 0.04887781600519866,
    "eval_metrics/den_pval_r2_gw": -0.6970417088951099,
    "eval_metrics/den_pval_spearman_dsf1": 0.04887781600519866,
    "eval_metrics/den_count_pearson_gw": 0.06928100520178161,
    "eval_metrics/den_peak_auroc_gw": 0.5336010793014981,
    "eval_metrics/imp_pval_r2_1obs": -21.22149141564156,
    "eval_metrics/imp_count_spearman_gw": -0.0218410708571786,
    "eval_metrics/den_pval_pearson_dsf1": 0.043387170125865133,
    "eval_metrics/imp_pval_pearson_1obs": 0.015259282668084202,
    "eval_metrics/imp_pval_r2_gw": -0.8105482086514835,
    "eval_metrics/den_pval_pearson_gw": 0.043387170125865133,
    "eval_metrics/imp_count_pearson_gw": 0.00798397749156085,
    "eval_losses/total_loss": 5.967177997686361,
    "eval_losses/count_obs_loss": 1.3322416026341288,
    "eval_losses/count_imp_loss": 2.0118162594144304,
    "eval_losses/pval_obs_loss": 0.9499726687607012,
    "eval_losses/pval_imp_loss": 0.9177192988849822,
    "eval_losses/peak_obs_loss": 0.6886841490080482,
    "eval_losses/peak_imp_loss": 0.6850239317568522
  }
}
{
  "epoch": 27,
  "training_metadata_probes": {
    "training_metadata_probes/depth_count_ratio": 1.00478196144104,
    "training_metadata_probes/runtype_mse": 0.00048713863361626863,
    "training_metadata_probes/readlen_mse": 6.629779818467796e-05
  }
}
{
  "epoch": 28,
  "eval_prefixed": {
    "eval_metrics/den_count_r2_gw": -0.1890441851182032,
    "eval_metrics/imp_pval_pearson_dsf1": 0.015736101893477128,
    "eval_metrics/den_pval_spearman_1obs": -0.01964994109723018,
    "eval_metrics/den_pval_r2_dsf1": -0.7168875710257604,
    "eval_metrics/imp_pval_spearman_1obs": 0.007436752345857453,
    "eval_metrics/imp_pval_spearman_dsf1": 0.011347105852609132,
    "eval_metrics/imp_count_r2_gw": -0.08438162055371642,
    "eval_metrics/imp_pval_spearman_gw": 0.011347105852609132,
    "eval_metrics/den_pval_r2_1obs": -24.062034065403747,
    "eval_metrics/den_count_spearman_gw": 0.07356105267055435,
    "eval_metrics/den_pval_pearson_1obs": -0.025968702466726473,
    "eval_metrics/imp_peak_auroc_gw": 0.497472737271668,
    "eval_metrics/imp_pval_r2_dsf1": -0.8144213905822619,
    "eval_metrics/imp_pval_pearson_gw": 0.015736101893477128,
    "eval_metrics/den_pval_spearman_gw": 0.05214101671748072,
    "eval_metrics/den_pval_r2_gw": -0.7168875710257604,
    "eval_metrics/den_pval_spearman_dsf1": 0.05214101671748072,
    "eval_metrics/den_count_pearson_gw": 0.06756231161920082,
    "eval_metrics/den_peak_auroc_gw": 0.5349493866681574,
    "eval_metrics/imp_pval_r2_1obs": -29.69669453711981,
    "eval_metrics/imp_count_spearman_gw": -0.018789452058677065,
    "eval_metrics/den_pval_pearson_dsf1": 0.043993014112378374,
    "eval_metrics/imp_pval_pearson_1obs": -0.0006712463841217363,
    "eval_metrics/imp_pval_r2_gw": -0.8144213905822619,
    "eval_metrics/den_pval_pearson_gw": 0.043993014112378374,
    "eval_metrics/imp_count_pearson_gw": 0.009862879354639316,
    "eval_losses/total_loss": 5.931580174518259,
    "eval_losses/count_obs_loss": 1.329849456485949,
    "eval_losses/count_imp_loss": 2.0085896934781755,
    "eval_losses/pval_obs_loss": 0.9234629532224253,
    "eval_losses/pval_imp_loss": 0.9152838786443075,
    "eval_losses/peak_obs_loss": 0.6878412467868704,
    "eval_losses/peak_imp_loss": 0.6836250845402007
  }
}
{
  "epoch": 28,
  "training_metadata_probes": {
    "training_metadata_probes/depth_count_ratio": 1.0047214031219482,
    "training_metadata_probes/runtype_mse": 0.0005398473585955799,
    "training_metadata_probes/readlen_mse": 6.586228118976578e-05
  }
}
{
  "epoch": 29,
  "eval_prefixed": {
    "eval_metrics/den_count_r2_gw": -0.16314386861518287,
    "eval_metrics/imp_pval_pearson_dsf1": 0.012202921945688089,
    "eval_metrics/den_pval_spearman_1obs": -0.03087733735968184,
    "eval_metrics/den_pval_r2_dsf1": -0.7190170696428564,
    "eval_metrics/imp_pval_spearman_1obs": 0.02998595613825534,
    "eval_metrics/imp_pval_spearman_dsf1": 0.007442955254057331,
    "eval_metrics/imp_count_r2_gw": -0.08986789251854849,
    "eval_metrics/imp_pval_spearman_gw": 0.007442955254057331,
    "eval_metrics/den_pval_r2_1obs": -25.024292463103396,
    "eval_metrics/den_count_spearman_gw": 0.07177330952988269,
    "eval_metrics/den_pval_pearson_1obs": -0.02783046031713878,
    "eval_metrics/imp_peak_auroc_gw": 0.48192187904183353,
    "eval_metrics/imp_pval_r2_dsf1": -0.8431015973706828,
    "eval_metrics/imp_pval_pearson_gw": 0.012202921945688089,
    "eval_metrics/den_pval_spearman_gw": 0.05221107127401698,
    "eval_metrics/den_pval_r2_gw": -0.7190170696428564,
    "eval_metrics/den_pval_spearman_dsf1": 0.05221107127401698,
    "eval_metrics/den_count_pearson_gw": 0.06500754928397089,
    "eval_metrics/den_peak_auroc_gw": 0.5258264698294676,
    "eval_metrics/imp_pval_r2_1obs": -26.291136340339285,
    "eval_metrics/imp_count_spearman_gw": -0.01934669100084584,
    "eval_metrics/den_pval_pearson_dsf1": 0.044509619269152416,
    "eval_metrics/imp_pval_pearson_1obs": 0.025305494797297767,
    "eval_metrics/imp_pval_r2_gw": -0.8431015973706828,
    "eval_metrics/den_pval_pearson_gw": 0.044509619269152416,
    "eval_metrics/imp_count_pearson_gw": 0.008143961615075121,
    "eval_losses/total_loss": 5.994144051482803,
    "eval_losses/count_obs_loss": 1.3541875340436633,
    "eval_losses/count_imp_loss": 2.0133436530355424,
    "eval_losses/pval_obs_loss": 0.941902010064376,
    "eval_losses/pval_imp_loss": 0.9355838592090304,
    "eval_losses/peak_obs_loss": 0.6871751735084936,
    "eval_losses/peak_imp_loss": 0.6832443825782292
  }
}
{
  "epoch": 29,
  "training_metadata_probes": {
    "training_metadata_probes/depth_count_ratio": 1.0045619010925293,
    "training_metadata_probes/runtype_mse": 0.0005939070251770318,
    "training_metadata_probes/readlen_mse": 6.587946700165048e-05
  }
}
{
  "epoch": 30,
  "eval_prefixed": {
    "eval_metrics/den_count_r2_gw": -0.21713760526173248,
    "eval_metrics/imp_pval_pearson_dsf1": 0.01295523485445994,
    "eval_metrics/den_pval_spearman_1obs": -0.017404772834679977,
    "eval_metrics/den_pval_r2_dsf1": -0.7155313438233083,
    "eval_metrics/imp_pval_spearman_1obs": 0.0068520387945551426,
    "eval_metrics/imp_pval_spearman_dsf1": 0.010387523886605944,
    "eval_metrics/imp_count_r2_gw": -0.0758219730203991,
    "eval_metrics/imp_pval_spearman_gw": 0.010387523886605944,
    "eval_metrics/den_pval_r2_1obs": -25.4408034361853,
    "eval_metrics/den_count_spearman_gw": 0.07108328053039804,
    "eval_metrics/den_pval_pearson_1obs": -0.019354042719657485,
    "eval_metrics/imp_peak_auroc_gw": 0.4948661640549969,
    "eval_metrics/imp_pval_r2_dsf1": -0.8395494895975736,
    "eval_metrics/imp_pval_pearson_gw": 0.01295523485445994,
    "eval_metrics/den_pval_spearman_gw": 0.05127854031599134,
    "eval_metrics/den_pval_r2_gw": -0.7155313438233083,
    "eval_metrics/den_pval_spearman_dsf1": 0.05127854031599134,
    "eval_metrics/den_count_pearson_gw": 0.06403929225129296,
    "eval_metrics/den_peak_auroc_gw": 0.5307017333987679,
    "eval_metrics/imp_pval_r2_1obs": -28.29604318724909,
    "eval_metrics/imp_count_spearman_gw": -0.020099807121388754,
    "eval_metrics/den_pval_pearson_dsf1": 0.042110973602312265,
    "eval_metrics/imp_pval_pearson_1obs": 0.0001740367234950619,
    "eval_metrics/imp_pval_r2_gw": -0.8395494895975736,
    "eval_metrics/den_pval_pearson_gw": 0.042110973602312265,
    "eval_metrics/imp_count_pearson_gw": 0.008475221784522993,
    "eval_losses/total_loss": 6.021819126841269,
    "eval_losses/count_obs_loss": 1.377099689684416,
    "eval_losses/count_imp_loss": 2.002773558336591,
    "eval_losses/pval_obs_loss": 0.9550518911135825,
    "eval_losses/pval_imp_loss": 0.9387386441230774,
    "eval_losses/peak_obs_loss": 0.6858733633631154,
    "eval_losses/peak_imp_loss": 0.6821125258528997
  }
}
{
  "epoch": 30,
  "training_metadata_probes": {
    "training_metadata_probes/depth_count_ratio": 1.0044318437576294,
    "training_metadata_probes/runtype_mse": 0.0006404464947991073,
    "training_metadata_probes/readlen_mse": 6.408341869246215e-05
  }
}
{
  "epoch": 31,
  "eval_prefixed": {
    "eval_metrics/den_count_r2_gw": -0.1792108441933674,
    "eval_metrics/imp_pval_pearson_dsf1": 0.014848787027562687,
    "eval_metrics/den_pval_spearman_1obs": -0.018238063155387035,
    "eval_metrics/den_pval_r2_dsf1": -0.6744234387636237,
    "eval_metrics/imp_pval_spearman_1obs": 0.011293756097929916,
    "eval_metrics/imp_pval_spearman_dsf1": 0.015347187003368661,
    "eval_metrics/imp_count_r2_gw": -0.07947717671357087,
    "eval_metrics/imp_pval_spearman_gw": 0.015347187003368661,
    "eval_metrics/den_pval_r2_1obs": -22.67866436093382,
    "eval_metrics/den_count_spearman_gw": 0.069822547630436,
    "eval_metrics/den_pval_pearson_1obs": -0.02122244143069302,
    "eval_metrics/imp_peak_auroc_gw": 0.4895787211040651,
    "eval_metrics/imp_pval_r2_dsf1": -0.7628208026015469,
    "eval_metrics/imp_pval_pearson_gw": 0.014848787027562687,
    "eval_metrics/den_pval_spearman_gw": 0.05656841538328211,
    "eval_metrics/den_pval_r2_gw": -0.6744234387636237,
    "eval_metrics/den_pval_spearman_dsf1": 0.05656841538328211,
    "eval_metrics/den_count_pearson_gw": 0.07183182857251698,
    "eval_metrics/den_peak_auroc_gw": 0.5213146425749572,
    "eval_metrics/imp_pval_r2_1obs": -17.57235810392653,
    "eval_metrics/imp_count_spearman_gw": -0.015422810512202699,
    "eval_metrics/den_pval_pearson_dsf1": 0.04639527202724773,
    "eval_metrics/imp_pval_pearson_1obs": 0.0016993469935620115,
    "eval_metrics/imp_pval_r2_gw": -0.7628208026015469,
    "eval_metrics/den_pval_pearson_gw": 0.04639527202724773,
    "eval_metrics/imp_count_pearson_gw": 0.008208868742157292,
    "eval_losses/total_loss": 5.968994507664128,
    "eval_losses/count_obs_loss": 1.3353832615049261,
    "eval_losses/count_imp_loss": 2.054216302576519,
    "eval_losses/pval_obs_loss": 0.9265209452102059,
    "eval_losses/pval_imp_loss": 0.9096452603264461,
    "eval_losses/peak_obs_loss": 0.6853821348202856,
    "eval_losses/peak_imp_loss": 0.6813736851253207
  }
}
{
  "epoch": 31,
  "training_metadata_probes": {
    "training_metadata_probes/depth_count_ratio": 1.0042402744293213,
    "training_metadata_probes/runtype_mse": 0.0006919070146977901,
    "training_metadata_probes/readlen_mse": 6.148604734335095e-05
  }
}
{
  "epoch": 32,
  "eval_prefixed": {
    "eval_metrics/den_count_r2_gw": -0.15825966089045287,
    "eval_metrics/imp_pval_pearson_dsf1": 0.010966167012878624,
    "eval_metrics/den_pval_spearman_1obs": -0.027240806509643924,
    "eval_metrics/den_pval_r2_dsf1": -0.6756723907005316,
    "eval_metrics/imp_pval_spearman_1obs": 0.017875551772909285,
    "eval_metrics/imp_pval_spearman_dsf1": 0.011308354542383397,
    "eval_metrics/imp_count_r2_gw": -0.09309151119960761,
    "eval_metrics/imp_pval_spearman_gw": 0.011308354542383397,
    "eval_metrics/den_pval_r2_1obs": -25.053115222717107,
    "eval_metrics/den_count_spearman_gw": 0.06716960234165145,
    "eval_metrics/den_pval_pearson_1obs": -0.02587137488329685,
    "eval_metrics/imp_peak_auroc_gw": 0.4917249971399406,
    "eval_metrics/imp_pval_r2_dsf1": -0.8390499687134506,
    "eval_metrics/imp_pval_pearson_gw": 0.010966167012878624,
    "eval_metrics/den_pval_spearman_gw": 0.05607162314473861,
    "eval_metrics/den_pval_r2_gw": -0.6756723907005316,
    "eval_metrics/den_pval_spearman_dsf1": 0.05607162314473861,
    "eval_metrics/den_count_pearson_gw": 0.06470836855786681,
    "eval_metrics/den_peak_auroc_gw": 0.5360096156489328,
    "eval_metrics/imp_pval_r2_1obs": -23.23540709836796,
    "eval_metrics/imp_count_spearman_gw": -0.01597738989845251,
    "eval_metrics/den_pval_pearson_dsf1": 0.04370782249354402,
    "eval_metrics/imp_pval_pearson_1obs": 0.007939279962715411,
    "eval_metrics/imp_pval_r2_gw": -0.8390499687134506,
    "eval_metrics/den_pval_pearson_gw": 0.04370782249354402,
    "eval_metrics/imp_count_pearson_gw": 0.009237515803212614,
    "eval_losses/total_loss": 5.989418853662516,
    "eval_losses/count_obs_loss": 1.3152482101791783,
    "eval_losses/count_imp_loss": 2.0415622714966064,
    "eval_losses/pval_obs_loss": 0.9437682754115054,
    "eval_losses/pval_imp_loss": 0.9535758760240343,
    "eval_losses/peak_obs_loss": 0.6839332227644167,
    "eval_losses/peak_imp_loss": 0.679967488088305
  }
}
{
  "epoch": 32,
  "training_metadata_probes": {
    "training_metadata_probes/depth_count_ratio": 1.0040826797485352,
    "training_metadata_probes/runtype_mse": 0.0007605071295984089,
    "training_metadata_probes/readlen_mse": 6.316449434962124e-05
  }
}
{
  "epoch": 33,
  "eval_prefixed": {
    "eval_metrics/den_count_r2_gw": -0.16737934247767108,
    "eval_metrics/imp_pval_pearson_dsf1": 0.011107637845386292,
    "eval_metrics/den_pval_spearman_1obs": -0.021650876718181222,
    "eval_metrics/den_pval_r2_dsf1": -0.6175284030284406,
    "eval_metrics/imp_pval_spearman_1obs": 0.026076188289515738,
    "eval_metrics/imp_pval_spearman_dsf1": 0.00918807899326652,
    "eval_metrics/imp_count_r2_gw": -0.08635141951971484,
    "eval_metrics/imp_pval_spearman_gw": 0.00918807899326652,
    "eval_metrics/den_pval_r2_1obs": -24.738711980326553,
    "eval_metrics/den_count_spearman_gw": 0.0666887047926676,
    "eval_metrics/den_pval_pearson_1obs": -0.018922151383441433,
    "eval_metrics/imp_peak_auroc_gw": 0.49814472167302476,
    "eval_metrics/imp_pval_r2_dsf1": -0.7597452201898177,
    "eval_metrics/imp_pval_pearson_gw": 0.011107637845386292,
    "eval_metrics/den_pval_spearman_gw": 0.056553677813366225,
    "eval_metrics/den_pval_r2_gw": -0.6175284030284406,
    "eval_metrics/den_pval_spearman_dsf1": 0.056553677813366225,
    "eval_metrics/den_count_pearson_gw": 0.06537455455001787,
    "eval_metrics/den_peak_auroc_gw": 0.5306988127643976,
    "eval_metrics/imp_pval_r2_1obs": -27.286791642746703,
    "eval_metrics/imp_count_spearman_gw": -0.015964849736207327,
    "eval_metrics/den_pval_pearson_dsf1": 0.044518239667492084,
    "eval_metrics/imp_pval_pearson_1obs": 0.013586572921162264,
    "eval_metrics/imp_pval_r2_gw": -0.7597452201898177,
    "eval_metrics/den_pval_pearson_gw": 0.044518239667492084,
    "eval_metrics/imp_count_pearson_gw": 0.0069216804974804825,
    "eval_losses/total_loss": 6.0087660143249915,
    "eval_losses/count_obs_loss": 1.355426790682893,
    "eval_losses/count_imp_loss": 2.031466850212642,
    "eval_losses/pval_obs_loss": 0.9537527851368252,
    "eval_losses/pval_imp_loss": 0.9288712134436955,
    "eval_losses/peak_obs_loss": 0.6826609624059576,
    "eval_losses/peak_imp_loss": 0.6791275900507731
  }
}
{
  "epoch": 33,
  "training_metadata_probes": {
    "training_metadata_probes/depth_count_ratio": 1.0039336681365967,
    "training_metadata_probes/runtype_mse": 0.0008377802441827953,
    "training_metadata_probes/readlen_mse": 6.483467586804181e-05
  }
}
{
  "epoch": 34,
  "eval_prefixed": {
    "eval_metrics/den_count_r2_gw": -0.17459963203890133,
    "eval_metrics/imp_pval_pearson_dsf1": 0.014868085881004398,
    "eval_metrics/den_pval_spearman_1obs": -0.024290973313830486,
    "eval_metrics/den_pval_r2_dsf1": -0.6796906194523739,
    "eval_metrics/imp_pval_spearman_1obs": 0.02249712001301821,
    "eval_metrics/imp_pval_spearman_dsf1": 0.015970230384210523,
    "eval_metrics/imp_count_r2_gw": -0.07885759791230547,
    "eval_metrics/imp_pval_spearman_gw": 0.015970230384210523,
    "eval_metrics/den_pval_r2_1obs": -24.91814071975881,
    "eval_metrics/den_count_spearman_gw": 0.06730969358877945,
    "eval_metrics/den_pval_pearson_1obs": -0.019648826916971684,
    "eval_metrics/imp_peak_auroc_gw": 0.5136952734396327,
    "eval_metrics/imp_pval_r2_dsf1": -0.6904525207335178,
    "eval_metrics/imp_pval_pearson_gw": 0.014868085881004398,
    "eval_metrics/den_pval_spearman_gw": 0.056737450286390094,
    "eval_metrics/den_pval_r2_gw": -0.6796906194523739,
    "eval_metrics/den_pval_spearman_dsf1": 0.056737450286390094,
    "eval_metrics/den_count_pearson_gw": 0.06650393649847262,
    "eval_metrics/den_peak_auroc_gw": 0.5294367286593973,
    "eval_metrics/imp_pval_r2_1obs": -35.29640588508536,
    "eval_metrics/imp_count_spearman_gw": -0.014842183161536435,
    "eval_metrics/den_pval_pearson_dsf1": 0.04430413594481682,
    "eval_metrics/imp_pval_pearson_1obs": 0.011561651096036215,
    "eval_metrics/imp_pval_r2_gw": -0.6904525207335178,
    "eval_metrics/den_pval_pearson_gw": 0.04430413594481682,
    "eval_metrics/imp_count_pearson_gw": 0.007505891380123868,
    "eval_losses/total_loss": 6.019880089320634,
    "eval_losses/count_obs_loss": 1.3250153496077186,
    "eval_losses/count_imp_loss": 2.0653113334897966,
    "eval_losses/pval_obs_loss": 0.9416627648629641,
    "eval_losses/pval_imp_loss": 0.9618447375675988,
    "eval_losses/peak_obs_loss": 0.6820448786020279,
    "eval_losses/peak_imp_loss": 0.6777318545750209
  }
}
{
  "epoch": 34,
  "training_metadata_probes": {
    "training_metadata_probes/depth_count_ratio": 1.0037753582000732,
    "training_metadata_probes/runtype_mse": 0.0008895403589121997,
    "training_metadata_probes/readlen_mse": 6.312417826848105e-05
  }
}
{
  "epoch": 35,
  "eval_prefixed": {
    "eval_metrics/den_count_r2_gw": -0.18008252821912563,
    "eval_metrics/imp_pval_pearson_dsf1": 0.00878739579315556,
    "eval_metrics/den_pval_spearman_1obs": -0.03951977420144825,
    "eval_metrics/den_pval_r2_dsf1": -0.6534586509297063,
    "eval_metrics/imp_pval_spearman_1obs": 0.026004864087733642,
    "eval_metrics/imp_pval_spearman_dsf1": 0.009795608550426377,
    "eval_metrics/imp_count_r2_gw": -0.0981380231570465,
    "eval_metrics/imp_pval_spearman_gw": 0.009795608550426377,
    "eval_metrics/den_pval_r2_1obs": -25.269851625354658,
    "eval_metrics/den_count_spearman_gw": 0.06747973205141332,
    "eval_metrics/den_pval_pearson_1obs": -0.03407919805919703,
    "eval_metrics/imp_peak_auroc_gw": 0.48873487762162643,
    "eval_metrics/imp_pval_r2_dsf1": -0.9101348499683402,
    "eval_metrics/imp_pval_pearson_gw": 0.00878739579315556,
    "eval_metrics/den_pval_spearman_gw": 0.05950263094975278,
    "eval_metrics/den_pval_r2_gw": -0.6534586509297063,
    "eval_metrics/den_pval_spearman_dsf1": 0.05950263094975278,
    "eval_metrics/den_count_pearson_gw": 0.06640014242676491,
    "eval_metrics/den_peak_auroc_gw": 0.5348029945298189,
    "eval_metrics/imp_pval_r2_1obs": -23.58640682451877,
    "eval_metrics/imp_count_spearman_gw": -0.016066761223641635,
    "eval_metrics/den_pval_pearson_dsf1": 0.04538980610844814,
    "eval_metrics/imp_pval_pearson_1obs": 0.0152358923343912,
    "eval_metrics/imp_pval_r2_gw": -0.9101348499683402,
    "eval_metrics/den_pval_pearson_gw": 0.04538980610844814,
    "eval_metrics/imp_count_pearson_gw": 0.009106729578297024,
    "eval_losses/total_loss": 6.0307539909293775,
    "eval_losses/count_obs_loss": 1.3516695483734733,
    "eval_losses/count_imp_loss": 2.0405488316974942,
    "eval_losses/pval_obs_loss": 0.9687706647734893,
    "eval_losses/pval_imp_loss": 0.9367797634904347,
    "eval_losses/peak_obs_loss": 0.6804536181060892,
    "eval_losses/peak_imp_loss": 0.6777408037866864
  }
}
{
  "epoch": 35,
  "training_metadata_probes": {
    "training_metadata_probes/depth_count_ratio": 1.0035837888717651,
    "training_metadata_probes/runtype_mse": 0.0009701222879812121,
    "training_metadata_probes/readlen_mse": 6.399392441380769e-05
  }
}
{
  "epoch": 36,
  "eval_prefixed": {
    "eval_metrics/den_count_r2_gw": -0.20205037497638983,
    "eval_metrics/imp_pval_pearson_dsf1": 0.012572681865773148,
    "eval_metrics/den_pval_spearman_1obs": -0.023413516928098253,
    "eval_metrics/den_pval_r2_dsf1": -0.5689220591653711,
    "eval_metrics/imp_pval_spearman_1obs": 0.014029293142671134,
    "eval_metrics/imp_pval_spearman_dsf1": 0.012768240088764413,
    "eval_metrics/imp_count_r2_gw": -0.0906831530501884,
    "eval_metrics/imp_pval_spearman_gw": 0.012768240088764413,
    "eval_metrics/den_pval_r2_1obs": -28.528238416379676,
    "eval_metrics/den_count_spearman_gw": 0.06735322234367147,
    "eval_metrics/den_pval_pearson_1obs": -0.021025413056026752,
    "eval_metrics/imp_peak_auroc_gw": 0.4856524886316461,
    "eval_metrics/imp_pval_r2_dsf1": -0.786839243454497,
    "eval_metrics/imp_pval_pearson_gw": 0.012572681865773148,
    "eval_metrics/den_pval_spearman_gw": 0.058958679727191765,
    "eval_metrics/den_pval_r2_gw": -0.5689220591653711,
    "eval_metrics/den_pval_spearman_dsf1": 0.058958679727191765,
    "eval_metrics/den_count_pearson_gw": 0.07024003405125481,
    "eval_metrics/den_peak_auroc_gw": 0.5286845107026735,
    "eval_metrics/imp_pval_r2_1obs": -26.649941401714006,
    "eval_metrics/imp_count_spearman_gw": -0.011650741039504408,
    "eval_metrics/den_pval_pearson_dsf1": 0.04666721187899575,
    "eval_metrics/imp_pval_pearson_1obs": 0.0094949685883457,
    "eval_metrics/imp_pval_r2_gw": -0.786839243454497,
    "eval_metrics/den_pval_pearson_gw": 0.04666721187899575,
    "eval_metrics/imp_count_pearson_gw": 0.009287571679571614,
    "eval_losses/total_loss": 6.071884405848227,
    "eval_losses/count_obs_loss": 1.3926369908608889,
    "eval_losses/count_imp_loss": 2.053987501159547,
    "eval_losses/pval_obs_loss": 0.9746430618198294,
    "eval_losses/pval_imp_loss": 0.9178583546290322,
    "eval_losses/peak_obs_loss": 0.6795192651058498,
    "eval_losses/peak_imp_loss": 0.6774631393334222
  }
}
{
  "epoch": 36,
  "training_metadata_probes": {
    "training_metadata_probes/depth_count_ratio": 1.0033819675445557,
    "training_metadata_probes/runtype_mse": 0.0010726767359301448,
    "training_metadata_probes/readlen_mse": 6.459656287916005e-05
  }
}
{
  "epoch": 37,
  "eval_prefixed": {
    "eval_metrics/den_count_r2_gw": -0.19701316962037466,
    "eval_metrics/imp_pval_pearson_dsf1": 0.012056306225574753,
    "eval_metrics/den_pval_spearman_1obs": -0.030257456946449938,
    "eval_metrics/den_pval_r2_dsf1": -0.6189724456636012,
    "eval_metrics/imp_pval_spearman_1obs": 0.01262664241368452,
    "eval_metrics/imp_pval_spearman_dsf1": 0.00832284603180934,
    "eval_metrics/imp_count_r2_gw": -0.08578724979475964,
    "eval_metrics/imp_pval_spearman_gw": 0.00832284603180934,
    "eval_metrics/den_pval_r2_1obs": -33.21972709635489,
    "eval_metrics/den_count_spearman_gw": 0.0633902818421378,
    "eval_metrics/den_pval_pearson_1obs": -0.026836375882052572,
    "eval_metrics/imp_peak_auroc_gw": 0.48747311239996655,
    "eval_metrics/imp_pval_r2_dsf1": -0.8026190994071345,
    "eval_metrics/imp_pval_pearson_gw": 0.012056306225574753,
    "eval_metrics/den_pval_spearman_gw": 0.060643050525775566,
    "eval_metrics/den_pval_r2_gw": -0.6189724456636012,
    "eval_metrics/den_pval_spearman_dsf1": 0.060643050525775566,
    "eval_metrics/den_count_pearson_gw": 0.06819759386531873,
    "eval_metrics/den_peak_auroc_gw": 0.5471808755122276,
    "eval_metrics/imp_pval_r2_1obs": -28.09898570780689,
    "eval_metrics/imp_count_spearman_gw": -0.00723062897245304,
    "eval_metrics/den_pval_pearson_dsf1": 0.04652034619357437,
    "eval_metrics/imp_pval_pearson_1obs": 0.00047562380750027915,
    "eval_metrics/imp_pval_r2_gw": -0.8026190994071345,
    "eval_metrics/den_pval_pearson_gw": 0.04652034619357437,
    "eval_metrics/imp_count_pearson_gw": 0.01257880303998559,
    "eval_losses/total_loss": 6.038585930670562,
    "eval_losses/count_obs_loss": 1.3781471064216213,
    "eval_losses/count_imp_loss": 2.0285496929335216,
    "eval_losses/pval_obs_loss": 0.9781456142663956,
    "eval_losses/pval_imp_loss": 0.9190950043617733,
    "eval_losses/peak_obs_loss": 0.6779181039647052,
    "eval_losses/peak_imp_loss": 0.6766808274246398
  }
}
{
  "epoch": 37,
  "training_metadata_probes": {
    "training_metadata_probes/depth_count_ratio": 1.0032140016555786,
    "training_metadata_probes/runtype_mse": 0.0011495673097670078,
    "training_metadata_probes/readlen_mse": 6.60017758491449e-05
  }
}
{
  "epoch": 38,
  "eval_prefixed": {
    "eval_metrics/den_count_r2_gw": -0.1736115230617413,
    "eval_metrics/imp_pval_pearson_dsf1": 0.010934141054190511,
    "eval_metrics/den_pval_spearman_1obs": -0.04494427050904687,
    "eval_metrics/den_pval_r2_dsf1": -0.6152260620808129,
    "eval_metrics/imp_pval_spearman_1obs": 0.023284168106561448,
    "eval_metrics/imp_pval_spearman_dsf1": 0.004781809764565724,
    "eval_metrics/imp_count_r2_gw": -0.09417034585721919,
    "eval_metrics/imp_pval_spearman_gw": 0.004781809764565724,
    "eval_metrics/den_pval_r2_1obs": -22.584748238338623,
    "eval_metrics/den_count_spearman_gw": 0.06867055715896803,
    "eval_metrics/den_pval_pearson_1obs": -0.03871672761038338,
    "eval_metrics/imp_peak_auroc_gw": 0.49651426917443164,
    "eval_metrics/imp_pval_r2_dsf1": -0.8142281273438857,
    "eval_metrics/imp_pval_pearson_gw": 0.010934141054190511,
    "eval_metrics/den_pval_spearman_gw": 0.060099650556473774,
    "eval_metrics/den_pval_r2_gw": -0.6152260620808129,
    "eval_metrics/den_pval_spearman_dsf1": 0.060099650556473774,
    "eval_metrics/den_count_pearson_gw": 0.06763731319982694,
    "eval_metrics/den_peak_auroc_gw": 0.5304289132012241,
    "eval_metrics/imp_pval_r2_1obs": -21.32545374181181,
    "eval_metrics/imp_count_spearman_gw": -0.009427100655785883,
    "eval_metrics/den_pval_pearson_dsf1": 0.04837669595374456,
    "eval_metrics/imp_pval_pearson_1obs": 0.011076208724204215,
    "eval_metrics/imp_pval_r2_gw": -0.8142281273438857,
    "eval_metrics/den_pval_pearson_gw": 0.04837669595374456,
    "eval_metrics/imp_count_pearson_gw": 0.008896305709467492,
    "eval_losses/total_loss": 5.875631763354728,
    "eval_losses/count_obs_loss": 1.276665580900092,
    "eval_losses/count_imp_loss": 2.0253654775165377,
    "eval_losses/pval_obs_loss": 0.9168370224927601,
    "eval_losses/pval_imp_loss": 0.9224060915765309,
    "eval_losses/peak_obs_loss": 0.6780773165978884,
    "eval_losses/peak_imp_loss": 0.6761639879809486
  }
}
{
  "epoch": 38,
  "training_metadata_probes": {
    "training_metadata_probes/depth_count_ratio": 1.0029493570327759,
    "training_metadata_probes/runtype_mse": 0.0012643208028748631,
    "training_metadata_probes/readlen_mse": 6.60711812088266e-05
  }
}
{
  "epoch": 39,
  "eval_prefixed": {
    "eval_metrics/den_count_r2_gw": -0.16513882083765327,
    "eval_metrics/imp_pval_pearson_dsf1": 0.012314498632414532,
    "eval_metrics/den_pval_spearman_1obs": -0.030225870525199504,
    "eval_metrics/den_pval_r2_dsf1": -0.5827398341603124,
    "eval_metrics/imp_pval_spearman_1obs": 0.021459995007430028,
    "eval_metrics/imp_pval_spearman_dsf1": 0.008164117589489919,
    "eval_metrics/imp_count_r2_gw": -0.08520254989835471,
    "eval_metrics/imp_pval_spearman_gw": 0.008164117589489919,
    "eval_metrics/den_pval_r2_1obs": -41.730836381133074,
    "eval_metrics/den_count_spearman_gw": 0.0655882431119511,
    "eval_metrics/den_pval_pearson_1obs": -0.027091144994636506,
    "eval_metrics/imp_peak_auroc_gw": 0.5133859875727178,
    "eval_metrics/imp_pval_r2_dsf1": -0.7174827817126315,
    "eval_metrics/imp_pval_pearson_gw": 0.012314498632414532,
    "eval_metrics/den_pval_spearman_gw": 0.06308744740906523,
    "eval_metrics/den_pval_r2_gw": -0.5827398341603124,
    "eval_metrics/den_pval_spearman_dsf1": 0.06308744740906523,
    "eval_metrics/den_count_pearson_gw": 0.07120906572680197,
    "eval_metrics/den_peak_auroc_gw": 0.5421921370069804,
    "eval_metrics/imp_pval_r2_1obs": -31.380187733838838,
    "eval_metrics/imp_count_spearman_gw": -0.004487537214298935,
    "eval_metrics/den_pval_pearson_dsf1": 0.04956517172793515,
    "eval_metrics/imp_pval_pearson_1obs": 0.013735315209949419,
    "eval_metrics/imp_pval_r2_gw": -0.7174827817126315,
    "eval_metrics/den_pval_pearson_gw": 0.04956517172793515,
    "eval_metrics/imp_count_pearson_gw": 0.011697327370047644,
    "eval_losses/total_loss": 6.19724844709823,
    "eval_losses/count_obs_loss": 1.4477131672595676,
    "eval_losses/count_imp_loss": 2.0397148085018943,
    "eval_losses/pval_obs_loss": 1.027239076401058,
    "eval_losses/pval_imp_loss": 0.9607739183637831,
    "eval_losses/peak_obs_loss": 0.6756437946307031,
    "eval_losses/peak_imp_loss": 0.6748379885204254
  }
}
{
  "epoch": 39,
  "training_metadata_probes": {
    "training_metadata_probes/depth_count_ratio": 1.0028120279312134,
    "training_metadata_probes/runtype_mse": 0.001350287813693285,
    "training_metadata_probes/readlen_mse": 6.855254468973726e-05
  }
}
{
  "epoch": 40,
  "eval_prefixed": {
    "eval_metrics/den_count_r2_gw": -0.19791573162920653,
    "eval_metrics/imp_pval_pearson_dsf1": 0.013938682506993665,
    "eval_metrics/den_pval_spearman_1obs": -0.03133841667806229,
    "eval_metrics/den_pval_r2_dsf1": -0.576537642512327,
    "eval_metrics/imp_pval_spearman_1obs": 0.012729009194068221,
    "eval_metrics/imp_pval_spearman_dsf1": 0.0030205609447863445,
    "eval_metrics/imp_count_r2_gw": -0.08027079846133901,
    "eval_metrics/imp_pval_spearman_gw": 0.0030205609447863445,
    "eval_metrics/den_pval_r2_1obs": -23.536894869854603,
    "eval_metrics/den_count_spearman_gw": 0.06419612273492058,
    "eval_metrics/den_pval_pearson_1obs": -0.026746950761758183,
    "eval_metrics/imp_peak_auroc_gw": 0.47898234166067827,
    "eval_metrics/imp_pval_r2_dsf1": -0.7542164371411434,
    "eval_metrics/imp_pval_pearson_gw": 0.013938682506993665,
    "eval_metrics/den_pval_spearman_gw": 0.062073305174759216,
    "eval_metrics/den_pval_r2_gw": -0.576537642512327,
    "eval_metrics/den_pval_spearman_dsf1": 0.062073305174759216,
    "eval_metrics/den_count_pearson_gw": 0.0668302431061085,
    "eval_metrics/den_peak_auroc_gw": 0.5391094958795521,
    "eval_metrics/imp_pval_r2_1obs": -28.1696209134862,
    "eval_metrics/imp_count_spearman_gw": -0.007471615014069422,
    "eval_metrics/den_pval_pearson_dsf1": 0.046901237758375874,
    "eval_metrics/imp_pval_pearson_1obs": -0.004858165661553069,
    "eval_metrics/imp_pval_r2_gw": -0.7542164371411434,
    "eval_metrics/den_pval_pearson_gw": 0.046901237758375874,
    "eval_metrics/imp_count_pearson_gw": 0.012867798993991326,
    "eval_losses/total_loss": 5.874151609445873,
    "eval_losses/count_obs_loss": 1.304036132599178,
    "eval_losses/count_imp_loss": 2.0155050659936573,
    "eval_losses/pval_obs_loss": 0.922551260182732,
    "eval_losses/pval_imp_loss": 0.895697207677932,
    "eval_losses/peak_obs_loss": 0.6749992817640305,
    "eval_losses/peak_imp_loss": 0.6747490763664246
  }
}
{
  "epoch": 40,
  "training_metadata_probes": {
    "training_metadata_probes/depth_count_ratio": 1.0027515888214111,
    "training_metadata_probes/runtype_mse": 0.001474272576160729,
    "training_metadata_probes/readlen_mse": 7.069533603498712e-05
  }
}
{
  "epoch": 41,
  "eval_prefixed": {
    "eval_metrics/den_count_r2_gw": -0.18447341639314288,
    "eval_metrics/imp_pval_pearson_dsf1": 0.015484942845808017,
    "eval_metrics/den_pval_spearman_1obs": -0.027403046870259212,
    "eval_metrics/den_pval_r2_dsf1": -0.5556549381777756,
    "eval_metrics/imp_pval_spearman_1obs": 0.02196442064160634,
    "eval_metrics/imp_pval_spearman_dsf1": 0.0048730032030674265,
    "eval_metrics/imp_count_r2_gw": -0.07492024605194525,
    "eval_metrics/imp_pval_spearman_gw": 0.0048730032030674265,
    "eval_metrics/den_pval_r2_1obs": -27.74253182549136,
    "eval_metrics/den_count_spearman_gw": 0.06602212415084922,
    "eval_metrics/den_pval_pearson_1obs": -0.025073139611202732,
    "eval_metrics/imp_peak_auroc_gw": 0.4975491596848222,
    "eval_metrics/imp_pval_r2_dsf1": -0.6633203252461067,
    "eval_metrics/imp_pval_pearson_gw": 0.015484942845808017,
    "eval_metrics/den_pval_spearman_gw": 0.06164561834069398,
    "eval_metrics/den_pval_r2_gw": -0.5556549381777756,
    "eval_metrics/den_pval_spearman_dsf1": 0.06164561834069398,
    "eval_metrics/den_count_pearson_gw": 0.06905206897971239,
    "eval_metrics/den_peak_auroc_gw": 0.5273467220732826,
    "eval_metrics/imp_pval_r2_1obs": -26.68177781952247,
    "eval_metrics/imp_count_spearman_gw": -0.0054502019030744945,
    "eval_metrics/den_pval_pearson_dsf1": 0.049159633303959616,
    "eval_metrics/imp_pval_pearson_1obs": 0.009952312157977195,
    "eval_metrics/imp_pval_r2_gw": -0.6633203252461067,
    "eval_metrics/den_pval_pearson_gw": 0.049159633303959616,
    "eval_metrics/imp_count_pearson_gw": 0.013619294333260595,
    "eval_losses/total_loss": 5.9247204292761655,
    "eval_losses/count_obs_loss": 1.3302077274573476,
    "eval_losses/count_imp_loss": 2.0055702442214605,
    "eval_losses/pval_obs_loss": 0.9484737013515673,
    "eval_losses/pval_imp_loss": 0.9064717117756133,
    "eval_losses/peak_obs_loss": 0.6738501497005162,
    "eval_losses/peak_imp_loss": 0.6734557052453359
  }
}
{
  "epoch": 41,
  "training_metadata_probes": {
    "training_metadata_probes/depth_count_ratio": 1.0025291442871094,
    "training_metadata_probes/runtype_mse": 0.0016097099287435412,
    "training_metadata_probes/readlen_mse": 7.025125523796305e-05
  }
}
{
  "epoch": 42,
  "eval_prefixed": {
    "eval_metrics/den_count_r2_gw": -0.20893923167777392,
    "eval_metrics/imp_pval_pearson_dsf1": 0.01206435424937231,
    "eval_metrics/den_pval_spearman_1obs": -0.023662557922124117,
    "eval_metrics/den_pval_r2_dsf1": -0.5824738380260736,
    "eval_metrics/imp_pval_spearman_1obs": 0.026878735806866203,
    "eval_metrics/imp_pval_spearman_dsf1": 0.0035429414392973762,
    "eval_metrics/imp_count_r2_gw": -0.09110576788307097,
    "eval_metrics/imp_pval_spearman_gw": 0.0035429414392973762,
    "eval_metrics/den_pval_r2_1obs": -29.75062561280838,
    "eval_metrics/den_count_spearman_gw": 0.06440404667257717,
    "eval_metrics/den_pval_pearson_1obs": -0.022150359556881563,
    "eval_metrics/imp_peak_auroc_gw": 0.4939793454921256,
    "eval_metrics/imp_pval_r2_dsf1": -0.7762341748295088,
    "eval_metrics/imp_pval_pearson_gw": 0.01206435424937231,
    "eval_metrics/den_pval_spearman_gw": 0.06254428298701367,
    "eval_metrics/den_pval_r2_gw": -0.5824738380260736,
    "eval_metrics/den_pval_spearman_dsf1": 0.06254428298701367,
    "eval_metrics/den_count_pearson_gw": 0.06978224495172694,
    "eval_metrics/den_peak_auroc_gw": 0.542263799562754,
    "eval_metrics/imp_pval_r2_1obs": -22.25702154084587,
    "eval_metrics/imp_count_spearman_gw": -0.0032133670946562208,
    "eval_metrics/den_pval_pearson_dsf1": 0.05043609305510855,
    "eval_metrics/imp_pval_pearson_1obs": 0.01684919819753203,
    "eval_metrics/imp_pval_r2_gw": -0.7762341748295088,
    "eval_metrics/den_pval_pearson_gw": 0.05043609305510855,
    "eval_metrics/imp_count_pearson_gw": 0.014366137226990384,
    "eval_losses/total_loss": 5.998056350962112,
    "eval_losses/count_obs_loss": 1.4002073383645008,
    "eval_losses/count_imp_loss": 1.974393161516341,
    "eval_losses/pval_obs_loss": 0.992333649020446,
    "eval_losses/pval_imp_loss": 0.8916203062685709,
    "eval_losses/peak_obs_loss": 0.6718647150616897,
    "eval_losses/peak_imp_loss": 0.6729936637575664
  }
}
{
  "epoch": 42,
  "training_metadata_probes": {
    "training_metadata_probes/depth_count_ratio": 1.0023185014724731,
    "training_metadata_probes/runtype_mse": 0.001759054372087121,
    "training_metadata_probes/readlen_mse": 7.054284651530907e-05
  }
}
{
  "epoch": 43,
  "eval_prefixed": {
    "eval_metrics/den_count_r2_gw": -0.14871370034888337,
    "eval_metrics/imp_pval_pearson_dsf1": 0.014231963182470598,
    "eval_metrics/den_pval_spearman_1obs": -0.046966460618750615,
    "eval_metrics/den_pval_r2_dsf1": -0.5382396966285662,
    "eval_metrics/imp_pval_spearman_1obs": 0.01879104054209149,
    "eval_metrics/imp_pval_spearman_dsf1": 0.0031316952528179596,
    "eval_metrics/imp_count_r2_gw": -0.07637395938081298,
    "eval_metrics/imp_pval_spearman_gw": 0.0031316952528179596,
    "eval_metrics/den_pval_r2_1obs": -28.258995487394767,
    "eval_metrics/den_count_spearman_gw": 0.06347188635120662,
    "eval_metrics/den_pval_pearson_1obs": -0.04073464297260599,
    "eval_metrics/imp_peak_auroc_gw": 0.49966157515968956,
    "eval_metrics/imp_pval_r2_dsf1": -0.6219186188780544,
    "eval_metrics/imp_pval_pearson_gw": 0.014231963182470598,
    "eval_metrics/den_pval_spearman_gw": 0.06558953528486512,
    "eval_metrics/den_pval_r2_gw": -0.5382396966285662,
    "eval_metrics/den_pval_spearman_dsf1": 0.06558953528486512,
    "eval_metrics/den_count_pearson_gw": 0.072786570915636,
    "eval_metrics/den_peak_auroc_gw": 0.5373943762008044,
    "eval_metrics/imp_pval_r2_1obs": -26.638042745101146,
    "eval_metrics/imp_count_spearman_gw": -0.004436400213983028,
    "eval_metrics/den_pval_pearson_dsf1": 0.05104114740185507,
    "eval_metrics/imp_pval_pearson_1obs": 0.005266356366937832,
    "eval_metrics/imp_pval_r2_gw": -0.6219186188780544,
    "eval_metrics/den_pval_pearson_gw": 0.05104114740185507,
    "eval_metrics/imp_count_pearson_gw": 0.014332467038738764,
    "eval_losses/total_loss": 5.974290642691286,
    "eval_losses/count_obs_loss": 1.3143786388008218,
    "eval_losses/count_imp_loss": 2.0459128939916216,
    "eval_losses/pval_obs_loss": 0.9671991130239085,
    "eval_losses/pval_imp_loss": 0.9269493595948295,
    "eval_losses/peak_obs_loss": 0.6713522233461079,
    "eval_losses/peak_imp_loss": 0.6719537897715493
  }
}
{
  "epoch": 43,
  "training_metadata_probes": {
    "training_metadata_probes/depth_count_ratio": 1.0022454261779785,
    "training_metadata_probes/runtype_mse": 0.0019326257752254605,
    "training_metadata_probes/readlen_mse": 7.228743197629228e-05
  }
}
{
  "epoch": 44,
  "eval_prefixed": {
    "eval_metrics/den_count_r2_gw": -0.15681308905777433,
    "eval_metrics/imp_pval_pearson_dsf1": 0.014336266597306276,
    "eval_metrics/den_pval_spearman_1obs": -0.04421339566561623,
    "eval_metrics/den_pval_r2_dsf1": -0.5543666712586277,
    "eval_metrics/imp_pval_spearman_1obs": 0.025885010291375323,
    "eval_metrics/imp_pval_spearman_dsf1": 0.002173122144936569,
    "eval_metrics/imp_count_r2_gw": -0.07400791514512338,
    "eval_metrics/imp_pval_spearman_gw": 0.002173122144936569,
    "eval_metrics/den_pval_r2_1obs": -23.936539297546584,
    "eval_metrics/den_count_spearman_gw": 0.06660644841160702,
    "eval_metrics/den_pval_pearson_1obs": -0.04244083447510524,
    "eval_metrics/imp_peak_auroc_gw": 0.5135318581171231,
    "eval_metrics/imp_pval_r2_dsf1": -0.5975750922138207,
    "eval_metrics/imp_pval_pearson_gw": 0.014336266597306276,
    "eval_metrics/den_pval_spearman_gw": 0.06668358846635537,
    "eval_metrics/den_pval_r2_gw": -0.5543666712586277,
    "eval_metrics/den_pval_spearman_dsf1": 0.06668358846635537,
    "eval_metrics/den_count_pearson_gw": 0.07833956417128345,
    "eval_metrics/den_peak_auroc_gw": 0.5263819441646697,
    "eval_metrics/imp_pval_r2_1obs": -33.53749463800068,
    "eval_metrics/imp_count_spearman_gw": -0.001705588402379373,
    "eval_metrics/den_pval_pearson_dsf1": 0.05467865647185471,
    "eval_metrics/imp_pval_pearson_1obs": 0.01243852181193818,
    "eval_metrics/imp_pval_r2_gw": -0.5975750922138207,
    "eval_metrics/den_pval_pearson_gw": 0.05467865647185471,
    "eval_metrics/imp_count_pearson_gw": 0.014133523052950049,
    "eval_losses/total_loss": 5.857457789543428,
    "eval_losses/count_obs_loss": 1.2489603789229142,
    "eval_losses/count_imp_loss": 2.0270621653587098,
    "eval_losses/pval_obs_loss": 0.9162586676447015,
    "eval_losses/pval_imp_loss": 0.9481228221030462,
    "eval_losses/peak_obs_loss": 0.6705204397439957,
    "eval_losses/peak_imp_loss": 0.6700624894528162
  }
}
{
  "epoch": 44,
  "training_metadata_probes": {
    "training_metadata_probes/depth_count_ratio": 1.0021384954452515,
    "training_metadata_probes/runtype_mse": 0.0021508699283003807,
    "training_metadata_probes/readlen_mse": 7.500650099245831e-05
  }
}
{
  "epoch": 45,
  "eval_prefixed": {
    "eval_metrics/den_count_r2_gw": -0.2045789283568248,
    "eval_metrics/imp_pval_pearson_dsf1": 0.013328545610304915,
    "eval_metrics/den_pval_spearman_1obs": -0.024239532168567744,
    "eval_metrics/den_pval_r2_dsf1": -0.5673850768678788,
    "eval_metrics/imp_pval_spearman_1obs": 0.0293548442978811,
    "eval_metrics/imp_pval_spearman_dsf1": 0.003661628861214877,
    "eval_metrics/imp_count_r2_gw": -0.10642697991326726,
    "eval_metrics/imp_pval_spearman_gw": 0.003661628861214877,
    "eval_metrics/den_pval_r2_1obs": -29.773060998686525,
    "eval_metrics/den_count_spearman_gw": 0.06388625940813972,
    "eval_metrics/den_pval_pearson_1obs": -0.02710817394606573,
    "eval_metrics/imp_peak_auroc_gw": 0.4935153270821374,
    "eval_metrics/imp_pval_r2_dsf1": -0.7517651533773767,
    "eval_metrics/imp_pval_pearson_gw": 0.013328545610304915,
    "eval_metrics/den_pval_spearman_gw": 0.06480768233235283,
    "eval_metrics/den_pval_r2_gw": -0.5673850768678788,
    "eval_metrics/den_pval_spearman_dsf1": 0.06480768233235283,
    "eval_metrics/den_count_pearson_gw": 0.07237042444955334,
    "eval_metrics/den_peak_auroc_gw": 0.5221337952266777,
    "eval_metrics/imp_pval_r2_1obs": -23.54945266782752,
    "eval_metrics/imp_count_spearman_gw": -0.003030766950316182,
    "eval_metrics/den_pval_pearson_dsf1": 0.05275927334265649,
    "eval_metrics/imp_pval_pearson_1obs": 0.018465178323880074,
    "eval_metrics/imp_pval_r2_gw": -0.7517651533773767,
    "eval_metrics/den_pval_pearson_gw": 0.05275927334265649,
    "eval_metrics/imp_count_pearson_gw": 0.013568357043527251,
    "eval_losses/total_loss": 5.837974707546987,
    "eval_losses/count_obs_loss": 1.3088839124692113,
    "eval_losses/count_imp_loss": 2.002887901805696,
    "eval_losses/pval_obs_loss": 0.9173179511961184,
    "eval_losses/pval_imp_loss": 0.8772053467848945,
    "eval_losses/peak_obs_loss": 0.66886195462001,
    "eval_losses/peak_imp_loss": 0.6700849670266348
  }
}
{
  "epoch": 45,
  "training_metadata_probes": {
    "training_metadata_probes/depth_count_ratio": 1.0021086931228638,
    "training_metadata_probes/runtype_mse": 0.0023007059935480356,
    "training_metadata_probes/readlen_mse": 7.534878386650234e-05
  }
}
{
  "epoch": 46,
  "eval_prefixed": {
    "eval_metrics/den_count_r2_gw": -0.19333276301312297,
    "eval_metrics/imp_pval_pearson_dsf1": 0.010643050393708917,
    "eval_metrics/den_pval_spearman_1obs": -0.028648865090105804,
    "eval_metrics/den_pval_r2_dsf1": -0.5482003120801562,
    "eval_metrics/imp_pval_spearman_1obs": 0.03228881147756942,
    "eval_metrics/imp_pval_spearman_dsf1": -0.001710143302785681,
    "eval_metrics/imp_count_r2_gw": -0.08643180066816311,
    "eval_metrics/imp_pval_spearman_gw": -0.001710143302785681,
    "eval_metrics/den_pval_r2_1obs": -25.235139735997205,
    "eval_metrics/den_count_spearman_gw": 0.0645282258907803,
    "eval_metrics/den_pval_pearson_1obs": -0.03167104522703754,
    "eval_metrics/imp_peak_auroc_gw": 0.4948360181421847,
    "eval_metrics/imp_pval_r2_dsf1": -0.7072479837319624,
    "eval_metrics/imp_pval_pearson_gw": 0.010643050393708917,
    "eval_metrics/den_pval_spearman_gw": 0.064018333908694,
    "eval_metrics/den_pval_r2_gw": -0.5482003120801562,
    "eval_metrics/den_pval_spearman_dsf1": 0.064018333908694,
    "eval_metrics/den_count_pearson_gw": 0.06925802181113365,
    "eval_metrics/den_peak_auroc_gw": 0.5244797722078348,
    "eval_metrics/imp_pval_r2_1obs": -26.296046072007456,
    "eval_metrics/imp_count_spearman_gw": -0.004581938690664238,
    "eval_metrics/den_pval_pearson_dsf1": 0.05278915945995035,
    "eval_metrics/imp_pval_pearson_1obs": 0.011554532073205337,
    "eval_metrics/imp_pval_r2_gw": -0.7072479837319624,
    "eval_metrics/den_pval_pearson_gw": 0.05278915945995035,
    "eval_metrics/imp_count_pearson_gw": 0.012122311695877994,
    "eval_losses/total_loss": 5.8968103555472275,
    "eval_losses/count_obs_loss": 1.3049750508446443,
    "eval_losses/count_imp_loss": 2.024928914176093,
    "eval_losses/pval_obs_loss": 0.9397094869299939,
    "eval_losses/pval_imp_loss": 0.9068237836398776,
    "eval_losses/peak_obs_loss": 0.6674033630835382,
    "eval_losses/peak_imp_loss": 0.6688648665708209
  }
}
{
  "epoch": 46,
  "training_metadata_probes": {
    "training_metadata_probes/depth_count_ratio": 1.0019863843917847,
    "training_metadata_probes/runtype_mse": 0.002510442864149809,
    "training_metadata_probes/readlen_mse": 7.504740642616525e-05
  }
}
{
  "epoch": 47,
  "eval_prefixed": {
    "eval_metrics/den_count_r2_gw": -0.19154585788879816,
    "eval_metrics/imp_pval_pearson_dsf1": 0.013516374289922948,
    "eval_metrics/den_pval_spearman_1obs": -0.03761764787059069,
    "eval_metrics/den_pval_r2_dsf1": -0.55476752684101,
    "eval_metrics/imp_pval_spearman_1obs": 0.024746081840656697,
    "eval_metrics/imp_pval_spearman_dsf1": -0.0020549356897580956,
    "eval_metrics/imp_count_r2_gw": -0.0830348460136125,
    "eval_metrics/imp_pval_spearman_gw": -0.0020549356897580956,
    "eval_metrics/den_pval_r2_1obs": -27.327223464237864,
    "eval_metrics/den_count_spearman_gw": 0.06333899999144965,
    "eval_metrics/den_pval_pearson_1obs": -0.04170481888918163,
    "eval_metrics/imp_peak_auroc_gw": 0.4823116190964321,
    "eval_metrics/imp_pval_r2_dsf1": -0.6553638389684525,
    "eval_metrics/imp_pval_pearson_gw": 0.013516374289922948,
    "eval_metrics/den_pval_spearman_gw": 0.06501254459743691,
    "eval_metrics/den_pval_r2_gw": -0.55476752684101,
    "eval_metrics/den_pval_spearman_dsf1": 0.06501254459743691,
    "eval_metrics/den_count_pearson_gw": 0.0746984532311486,
    "eval_metrics/den_peak_auroc_gw": 0.5352272354223456,
    "eval_metrics/imp_pval_r2_1obs": -23.58804118158221,
    "eval_metrics/imp_count_spearman_gw": -0.002866332241555419,
    "eval_metrics/den_pval_pearson_dsf1": 0.05436310049232194,
    "eval_metrics/imp_pval_pearson_1obs": 0.00837477099608689,
    "eval_metrics/imp_pval_r2_gw": -0.6553638389684525,
    "eval_metrics/den_pval_pearson_gw": 0.05436310049232194,
    "eval_metrics/imp_count_pearson_gw": 0.015508710363295876,
    "eval_losses/total_loss": 5.8614920236562424,
    "eval_losses/count_obs_loss": 1.3083768698729967,
    "eval_losses/count_imp_loss": 1.9970742227539184,
    "eval_losses/pval_obs_loss": 0.9342922466365915,
    "eval_losses/pval_imp_loss": 0.8974804674822187,
    "eval_losses/peak_obs_loss": 0.6656525895783776,
    "eval_losses/peak_imp_loss": 0.6679999785763877
  }
}
{
  "epoch": 47,
  "training_metadata_probes": {
    "training_metadata_probes/depth_count_ratio": 1.001911997795105,
    "training_metadata_probes/runtype_mse": 0.002764744684100151,
    "training_metadata_probes/readlen_mse": 7.919049676274881e-05
  }
}
{
  "epoch": 48,
  "eval_prefixed": {
    "eval_metrics/den_count_r2_gw": -0.18884334469208494,
    "eval_metrics/imp_pval_pearson_dsf1": 0.017562718958490424,
    "eval_metrics/den_pval_spearman_1obs": -0.03965028032345699,
    "eval_metrics/den_pval_r2_dsf1": -0.49820099904402254,
    "eval_metrics/imp_pval_spearman_1obs": 0.0221884675069279,
    "eval_metrics/imp_pval_spearman_dsf1": 0.004942198390223883,
    "eval_metrics/imp_count_r2_gw": -0.09246123681780277,
    "eval_metrics/imp_pval_spearman_gw": 0.004942198390223883,
    "eval_metrics/den_pval_r2_1obs": -40.988558896468284,
    "eval_metrics/den_count_spearman_gw": 0.06805072861681769,
    "eval_metrics/den_pval_pearson_1obs": -0.04240369640970848,
    "eval_metrics/imp_peak_auroc_gw": 0.4949120213460275,
    "eval_metrics/imp_pval_r2_dsf1": -0.6073752154427141,
    "eval_metrics/imp_pval_pearson_gw": 0.017562718958490424,
    "eval_metrics/den_pval_spearman_gw": 0.07208931715083988,
    "eval_metrics/den_pval_r2_gw": -0.49820099904402254,
    "eval_metrics/den_pval_spearman_dsf1": 0.07208931715083988,
    "eval_metrics/den_count_pearson_gw": 0.0810182331182372,
    "eval_metrics/den_peak_auroc_gw": 0.540793556929018,
    "eval_metrics/imp_pval_r2_1obs": -18.871232345516376,
    "eval_metrics/imp_count_spearman_gw": -0.00476045849661877,
    "eval_metrics/den_pval_pearson_dsf1": 0.06118527718660373,
    "eval_metrics/imp_pval_pearson_1obs": 0.01138784720503267,
    "eval_metrics/imp_pval_r2_gw": -0.6073752154427141,
    "eval_metrics/den_pval_pearson_gw": 0.06118527718660373,
    "eval_metrics/imp_count_pearson_gw": 0.011651064499303521,
    "eval_losses/total_loss": 5.972999166893332,
    "eval_losses/count_obs_loss": 1.3753009775751515,
    "eval_losses/count_imp_loss": 1.9969775572655692,
    "eval_losses/pval_obs_loss": 0.9985212283699136,
    "eval_losses/pval_imp_loss": 0.8776969881284804,
    "eval_losses/peak_obs_loss": 0.663331367467579,
    "eval_losses/peak_imp_loss": 0.6669804562651922
  }
}
{
  "epoch": 48,
  "training_metadata_probes": {
    "training_metadata_probes/depth_count_ratio": 1.0018527507781982,
    "training_metadata_probes/runtype_mse": 0.0030326482374221087,
    "training_metadata_probes/readlen_mse": 7.960441143950447e-05
  }
}
{
  "epoch": 49,
  "eval_prefixed": {
    "eval_metrics/den_count_r2_gw": -0.1794835302796978,
    "eval_metrics/imp_pval_pearson_dsf1": 0.01301508504455717,
    "eval_metrics/den_pval_spearman_1obs": -0.03982095380703122,
    "eval_metrics/den_pval_r2_dsf1": -0.49603470491436685,
    "eval_metrics/imp_pval_spearman_1obs": 0.02463290237901997,
    "eval_metrics/imp_pval_spearman_dsf1": -0.0007897981276373267,
    "eval_metrics/imp_count_r2_gw": -0.101487378053414,
    "eval_metrics/imp_pval_spearman_gw": -0.0007897981276373267,
    "eval_metrics/den_pval_r2_1obs": -20.220905256939346,
    "eval_metrics/den_count_spearman_gw": 0.06422555104278518,
    "eval_metrics/den_pval_pearson_1obs": -0.04495525628475374,
    "eval_metrics/imp_peak_auroc_gw": 0.48752326264300394,
    "eval_metrics/imp_pval_r2_dsf1": -0.7027016535151489,
    "eval_metrics/imp_pval_pearson_gw": 0.01301508504455717,
    "eval_metrics/den_pval_spearman_gw": 0.06764137778169252,
    "eval_metrics/den_pval_r2_gw": -0.49603470491436685,
    "eval_metrics/den_pval_spearman_dsf1": 0.06764137778169252,
    "eval_metrics/den_count_pearson_gw": 0.07757324476743203,
    "eval_metrics/den_peak_auroc_gw": 0.5372671154882046,
    "eval_metrics/imp_pval_r2_1obs": -21.58039062668224,
    "eval_metrics/imp_count_spearman_gw": -0.0017638550086299177,
    "eval_metrics/den_pval_pearson_dsf1": 0.056586723860451264,
    "eval_metrics/imp_pval_pearson_1obs": 0.015359075684543876,
    "eval_metrics/imp_pval_r2_gw": -0.7027016535151489,
    "eval_metrics/den_pval_pearson_gw": 0.056586723860451264,
    "eval_metrics/imp_count_pearson_gw": 0.012772391043351186,
    "eval_losses/total_loss": 5.771238897976122,
    "eval_losses/count_obs_loss": 1.2721555397698754,
    "eval_losses/count_imp_loss": 1.993313769499461,
    "eval_losses/pval_obs_loss": 0.9083940276974126,
    "eval_losses/pval_imp_loss": 0.8734010429609389,
    "eval_losses/peak_obs_loss": 0.6624032227616561,
    "eval_losses/peak_imp_loss": 0.6658208095838153
  }
}
{
  "epoch": 49,
  "training_metadata_probes": {
    "training_metadata_probes/depth_count_ratio": 1.0017420053482056,
    "training_metadata_probes/runtype_mse": 0.0032512929756194353,
    "training_metadata_probes/readlen_mse": 7.990504673216492e-05
  }
}
{
  "epoch": 50,
  "eval_prefixed": {
    "eval_metrics/den_count_r2_gw": -0.19742305630120227,
    "eval_metrics/imp_pval_pearson_dsf1": 0.01664159183365839,
    "eval_metrics/den_pval_spearman_1obs": -0.030457279200237716,
    "eval_metrics/den_pval_r2_dsf1": -0.4981535853908112,
    "eval_metrics/imp_pval_spearman_1obs": 0.023414053132253677,
    "eval_metrics/imp_pval_spearman_dsf1": -0.003888286645063692,
    "eval_metrics/imp_count_r2_gw": -0.07496243585609987,
    "eval_metrics/imp_pval_spearman_gw": -0.003888286645063692,
    "eval_metrics/den_pval_r2_1obs": -23.17502269932704,
    "eval_metrics/den_count_spearman_gw": 0.06397489107812959,
    "eval_metrics/den_pval_pearson_1obs": -0.03543652969758688,
    "eval_metrics/imp_peak_auroc_gw": 0.4915185797393685,
    "eval_metrics/imp_pval_r2_dsf1": -0.652737187343847,
    "eval_metrics/imp_pval_pearson_gw": 0.01664159183365839,
    "eval_metrics/den_pval_spearman_gw": 0.06863016540317182,
    "eval_metrics/den_pval_r2_gw": -0.4981535853908112,
    "eval_metrics/den_pval_spearman_dsf1": 0.06863016540317182,
    "eval_metrics/den_count_pearson_gw": 0.07363175801851628,
    "eval_metrics/den_peak_auroc_gw": 0.5385790554941726,
    "eval_metrics/imp_pval_r2_1obs": -23.185726941973538,
    "eval_metrics/imp_count_spearman_gw": -0.00012994679990606527,
    "eval_metrics/den_pval_pearson_dsf1": 0.0567758899951035,
    "eval_metrics/imp_pval_pearson_1obs": 0.010547232284058813,
    "eval_metrics/imp_pval_r2_gw": -0.652737187343847,
    "eval_metrics/den_pval_pearson_gw": 0.0567758899951035,
    "eval_metrics/imp_count_pearson_gw": 0.015699146038276098,
    "eval_losses/total_loss": 5.782045367124834,
    "eval_losses/count_obs_loss": 1.2963403682959707,
    "eval_losses/count_imp_loss": 1.9627870529417009,
    "eval_losses/pval_obs_loss": 0.9294525141778746,
    "eval_losses/pval_imp_loss": 0.8661186278812469,
    "eval_losses/peak_obs_loss": 0.660353389225508,
    "eval_losses/peak_imp_loss": 0.6645598946109651
  }
}
{
  "epoch": 50,
  "training_metadata_probes": {
    "training_metadata_probes/depth_count_ratio": 1.0016030073165894,
    "training_metadata_probes/runtype_mse": 0.003498328849673271,
    "training_metadata_probes/readlen_mse": 7.796411955496296e-05
  }
}
{
  "epoch": 51,
  "eval_prefixed": {
    "eval_metrics/den_count_r2_gw": -0.15043833211223764,
    "eval_metrics/imp_pval_pearson_dsf1": 0.015489264006949574,
    "eval_metrics/den_pval_spearman_1obs": -0.03819038984014914,
    "eval_metrics/den_pval_r2_dsf1": -0.40507007091215974,
    "eval_metrics/imp_pval_spearman_1obs": 0.02443217801127802,
    "eval_metrics/imp_pval_spearman_dsf1": 0.002679974234015986,
    "eval_metrics/imp_count_r2_gw": -0.09261611576115059,
    "eval_metrics/imp_pval_spearman_gw": 0.002679974234015986,
    "eval_metrics/den_pval_r2_1obs": -36.38143112559722,
    "eval_metrics/den_count_spearman_gw": 0.06596452893423962,
    "eval_metrics/den_pval_pearson_1obs": -0.04187361819755384,
    "eval_metrics/imp_peak_auroc_gw": 0.5168189849479417,
    "eval_metrics/imp_pval_r2_dsf1": -0.5646767239762543,
    "eval_metrics/imp_pval_pearson_gw": 0.015489264006949574,
    "eval_metrics/den_pval_spearman_gw": 0.07064505315934462,
    "eval_metrics/den_pval_r2_gw": -0.40507007091215974,
    "eval_metrics/den_pval_spearman_dsf1": 0.07064505315934462,
    "eval_metrics/den_count_pearson_gw": 0.07765341206061892,
    "eval_metrics/den_peak_auroc_gw": 0.5332813284584038,
    "eval_metrics/imp_pval_r2_1obs": -31.354800582846075,
    "eval_metrics/imp_count_spearman_gw": -0.0036459189474273004,
    "eval_metrics/den_pval_pearson_dsf1": 0.059724876707677094,
    "eval_metrics/imp_pval_pearson_1obs": 0.014152466999514708,
    "eval_metrics/imp_pval_r2_gw": -0.5646767239762543,
    "eval_metrics/den_pval_pearson_gw": 0.059724876707677094,
    "eval_metrics/imp_count_pearson_gw": 0.016552755868779346,
    "eval_losses/total_loss": 6.002679739343493,
    "eval_losses/count_obs_loss": 1.3427594249185764,
    "eval_losses/count_imp_loss": 1.9996058259691512,
    "eval_losses/pval_obs_loss": 1.0082104904086966,
    "eval_losses/pval_imp_loss": 0.9489224269276574,
    "eval_losses/peak_obs_loss": 0.658778223552202,
    "eval_losses/peak_imp_loss": 0.6619924079804194
  }
}
{
  "epoch": 51,
  "training_metadata_probes": {
    "training_metadata_probes/depth_count_ratio": 1.0015807151794434,
    "training_metadata_probes/runtype_mse": 0.0037731456104665995,
    "training_metadata_probes/readlen_mse": 7.782549073453993e-05
  }
}
{
  "epoch": 52,
  "eval_prefixed": {
    "eval_metrics/den_count_r2_gw": -0.14248182341488316,
    "eval_metrics/imp_pval_pearson_dsf1": 0.014102121325401914,
    "eval_metrics/den_pval_spearman_1obs": -0.03737391637359532,
    "eval_metrics/den_pval_r2_dsf1": -0.5116001768487943,
    "eval_metrics/imp_pval_spearman_1obs": 0.03385049766579961,
    "eval_metrics/imp_pval_spearman_dsf1": -0.002990506200887634,
    "eval_metrics/imp_count_r2_gw": -0.08701524326487875,
    "eval_metrics/imp_pval_spearman_gw": -0.002990506200887634,
    "eval_metrics/den_pval_r2_1obs": -31.5304675395257,
    "eval_metrics/den_count_spearman_gw": 0.06626412517828827,
    "eval_metrics/den_pval_pearson_1obs": -0.043849744096166286,
    "eval_metrics/imp_peak_auroc_gw": 0.5207081065619831,
    "eval_metrics/imp_pval_r2_dsf1": -0.544305695690923,
    "eval_metrics/imp_pval_pearson_gw": 0.014102121325401914,
    "eval_metrics/den_pval_spearman_gw": 0.06985289175562732,
    "eval_metrics/den_pval_r2_gw": -0.5116001768487943,
    "eval_metrics/den_pval_spearman_dsf1": 0.06985289175562732,
    "eval_metrics/den_count_pearson_gw": 0.08026567793690208,
    "eval_metrics/den_peak_auroc_gw": 0.5227931791645876,
    "eval_metrics/imp_pval_r2_1obs": -29.947854539351745,
    "eval_metrics/imp_count_spearman_gw": -0.0045830270225657496,
    "eval_metrics/den_pval_pearson_dsf1": 0.05982800916842136,
    "eval_metrics/imp_pval_pearson_1obs": 0.01993265307493626,
    "eval_metrics/imp_pval_r2_gw": -0.544305695690923,
    "eval_metrics/den_pval_pearson_gw": 0.05982800916842136,
    "eval_metrics/imp_count_pearson_gw": 0.012662163638796055,
    "eval_losses/total_loss": 5.851471188429155,
    "eval_losses/count_obs_loss": 1.2861543023272564,
    "eval_losses/count_imp_loss": 1.9747657170371404,
    "eval_losses/pval_obs_loss": 0.9502195237498534,
    "eval_losses/pval_imp_loss": 0.9331615538824172,
    "eval_losses/peak_obs_loss": 0.657159508843171,
    "eval_losses/peak_imp_loss": 0.6603787110911475
  }
}
{
  "epoch": 52,
  "training_metadata_probes": {
    "training_metadata_probes/depth_count_ratio": 1.0014675855636597,
    "training_metadata_probes/runtype_mse": 0.004055171739310026,
    "training_metadata_probes/readlen_mse": 7.855482544982806e-05
  }
}
{
  "epoch": 53,
  "eval_prefixed": {
    "eval_metrics/den_count_r2_gw": -0.20089886803890078,
    "eval_metrics/imp_pval_pearson_dsf1": 0.020604119542339403,
    "eval_metrics/den_pval_spearman_1obs": -0.03508285746845693,
    "eval_metrics/den_pval_r2_dsf1": -0.45555740070834755,
    "eval_metrics/imp_pval_spearman_1obs": 0.00689901138742616,
    "eval_metrics/imp_pval_spearman_dsf1": 0.0037540689811107588,
    "eval_metrics/imp_count_r2_gw": -0.08049083621210791,
    "eval_metrics/imp_pval_spearman_gw": 0.0037540689811107588,
    "eval_metrics/den_pval_r2_1obs": -24.711639011428954,
    "eval_metrics/den_count_spearman_gw": 0.0660187055531677,
    "eval_metrics/den_pval_pearson_1obs": -0.04856046655147925,
    "eval_metrics/imp_peak_auroc_gw": 0.506552499522632,
    "eval_metrics/imp_pval_r2_dsf1": -0.5431209564817067,
    "eval_metrics/imp_pval_pearson_gw": 0.020604119542339403,
    "eval_metrics/den_pval_spearman_gw": 0.07177012446442406,
    "eval_metrics/den_pval_r2_gw": -0.45555740070834755,
    "eval_metrics/den_pval_spearman_dsf1": 0.07177012446442406,
    "eval_metrics/den_count_pearson_gw": 0.07806564476873303,
    "eval_metrics/den_peak_auroc_gw": 0.5274636192524836,
    "eval_metrics/imp_pval_r2_1obs": -27.436717933447614,
    "eval_metrics/imp_count_spearman_gw": -0.008611336502155849,
    "eval_metrics/den_pval_pearson_dsf1": 0.06164199120279303,
    "eval_metrics/imp_pval_pearson_1obs": -0.014139408349393985,
    "eval_metrics/imp_pval_r2_gw": -0.5431209564817067,
    "eval_metrics/den_pval_pearson_gw": 0.06164199120279303,
    "eval_metrics/imp_count_pearson_gw": 0.013995577034028617,
    "eval_losses/total_loss": 5.7080558781561095,
    "eval_losses/count_obs_loss": 1.2748702858623706,
    "eval_losses/count_imp_loss": 1.9789723999916562,
    "eval_losses/pval_obs_loss": 0.8867720592963068,
    "eval_losses/pval_imp_loss": 0.8488430494353885,
    "eval_losses/peak_obs_loss": 0.6553443960453335,
    "eval_losses/peak_imp_loss": 0.659823509435805
  }
}
{
  "epoch": 53,
  "training_metadata_probes": {
    "training_metadata_probes/depth_count_ratio": 1.0014997720718384,
    "training_metadata_probes/runtype_mse": 0.004394074436277151,
    "training_metadata_probes/readlen_mse": 8.095488738035783e-05
  }
}
{
  "epoch": 54,
  "eval_prefixed": {
    "eval_metrics/den_count_r2_gw": -0.15595842881067606,
    "eval_metrics/imp_pval_pearson_dsf1": 0.015882251838717373,
    "eval_metrics/den_pval_spearman_1obs": -0.05576315200548796,
    "eval_metrics/den_pval_r2_dsf1": -0.4029088540155592,
    "eval_metrics/imp_pval_spearman_1obs": 0.033408233042585306,
    "eval_metrics/imp_pval_spearman_dsf1": -0.006063408956999587,
    "eval_metrics/imp_count_r2_gw": -0.08713870256823297,
    "eval_metrics/imp_pval_spearman_gw": -0.006063408956999587,
    "eval_metrics/den_pval_r2_1obs": -24.46580713271739,
    "eval_metrics/den_count_spearman_gw": 0.0657618322591847,
    "eval_metrics/den_pval_pearson_1obs": -0.06325902888228914,
    "eval_metrics/imp_peak_auroc_gw": 0.5026463734654021,
    "eval_metrics/imp_pval_r2_dsf1": -0.538697661053637,
    "eval_metrics/imp_pval_pearson_gw": 0.015882251838717373,
    "eval_metrics/den_pval_spearman_gw": 0.0769855848728345,
    "eval_metrics/den_pval_r2_gw": -0.4029088540155592,
    "eval_metrics/den_pval_spearman_dsf1": 0.0769855848728345,
    "eval_metrics/den_count_pearson_gw": 0.0780915180556277,
    "eval_metrics/den_peak_auroc_gw": 0.537572335643997,
    "eval_metrics/imp_pval_r2_1obs": -28.105599127382913,
    "eval_metrics/imp_count_spearman_gw": -0.004353905867415448,
    "eval_metrics/den_pval_pearson_dsf1": 0.06593017946196549,
    "eval_metrics/imp_pval_pearson_1obs": 0.022092883340230893,
    "eval_metrics/imp_pval_r2_gw": -0.538697661053637,
    "eval_metrics/den_pval_pearson_gw": 0.06593017946196549,
    "eval_metrics/imp_count_pearson_gw": 0.016562978393353876,
    "eval_losses/total_loss": 5.75640478141998,
    "eval_losses/count_obs_loss": 1.248311856075337,
    "eval_losses/count_imp_loss": 1.999374028236147,
    "eval_losses/pval_obs_loss": 0.905678601641404,
    "eval_losses/pval_imp_loss": 0.9003917485002487,
    "eval_losses/peak_obs_loss": 0.6534374050403896,
    "eval_losses/peak_imp_loss": 0.6577301886346605
  }
}
{
  "epoch": 54,
  "training_metadata_probes": {
    "training_metadata_probes/depth_count_ratio": 1.001404881477356,
    "training_metadata_probes/runtype_mse": 0.0047292145900428295,
    "training_metadata_probes/readlen_mse": 8.42987428768538e-05
  }
}
{
  "epoch": 55,
  "eval_prefixed": {
    "eval_metrics/den_count_r2_gw": -0.17816347194500798,
    "eval_metrics/imp_pval_pearson_dsf1": 0.017760717987252903,
    "eval_metrics/den_pval_spearman_1obs": -0.03421637208289013,
    "eval_metrics/den_pval_r2_dsf1": -0.37141921688501395,
    "eval_metrics/imp_pval_spearman_1obs": 0.031566923110318536,
    "eval_metrics/imp_pval_spearman_dsf1": -0.008556237879226644,
    "eval_metrics/imp_count_r2_gw": -0.09492083294426022,
    "eval_metrics/imp_pval_spearman_gw": -0.008556237879226644,
    "eval_metrics/den_pval_r2_1obs": -34.1330738492197,
    "eval_metrics/den_count_spearman_gw": 0.06465009472324197,
    "eval_metrics/den_pval_pearson_1obs": -0.047084433689872786,
    "eval_metrics/imp_peak_auroc_gw": 0.4925579509849868,
    "eval_metrics/imp_pval_r2_dsf1": -0.4988023723800734,
    "eval_metrics/imp_pval_pearson_gw": 0.017760717987252903,
    "eval_metrics/den_pval_spearman_gw": 0.07537643282664565,
    "eval_metrics/den_pval_r2_gw": -0.37141921688501395,
    "eval_metrics/den_pval_spearman_dsf1": 0.07537643282664565,
    "eval_metrics/den_count_pearson_gw": 0.08015380525964581,
    "eval_metrics/den_peak_auroc_gw": 0.5370826788766434,
    "eval_metrics/imp_pval_r2_1obs": -35.385847822312314,
    "eval_metrics/imp_count_spearman_gw": -0.008990803420895147,
    "eval_metrics/den_pval_pearson_dsf1": 0.06289501725634757,
    "eval_metrics/imp_pval_pearson_1obs": 0.01671748295877247,
    "eval_metrics/imp_pval_r2_gw": -0.4988023723800734,
    "eval_metrics/den_pval_pearson_gw": 0.06289501725634757,
    "eval_metrics/imp_count_pearson_gw": 0.019321159453183,
    "eval_losses/total_loss": 5.850013864275656,
    "eval_losses/count_obs_loss": 1.2947005864820982,
    "eval_losses/count_imp_loss": 2.0086542699072094,
    "eval_losses/pval_obs_loss": 0.9542450034304669,
    "eval_losses/pval_imp_loss": 0.8930184472174871,
    "eval_losses/peak_obs_loss": 0.6510516263936695,
    "eval_losses/peak_imp_loss": 0.657077524870161
  }
}
{
  "epoch": 55,
  "training_metadata_probes": {
    "training_metadata_probes/depth_count_ratio": 1.0012288093566895,
    "training_metadata_probes/runtype_mse": 0.005083788186311722,
    "training_metadata_probes/readlen_mse": 8.469002932542935e-05
  }
}
{
  "epoch": 56,
  "eval_prefixed": {
    "eval_metrics/den_count_r2_gw": -0.18373936866240323,
    "eval_metrics/imp_pval_pearson_dsf1": 0.018754231508836032,
    "eval_metrics/den_pval_spearman_1obs": -0.0355058169614862,
    "eval_metrics/den_pval_r2_dsf1": -0.36190010028395614,
    "eval_metrics/imp_pval_spearman_1obs": 0.015271488237430663,
    "eval_metrics/imp_pval_spearman_dsf1": -0.0017002730385489398,
    "eval_metrics/imp_count_r2_gw": -0.09811360969797918,
    "eval_metrics/imp_pval_spearman_gw": -0.0017002730385489398,
    "eval_metrics/den_pval_r2_1obs": -39.614425091679884,
    "eval_metrics/den_count_spearman_gw": 0.06493249261011576,
    "eval_metrics/den_pval_pearson_1obs": -0.05227195397233836,
    "eval_metrics/imp_peak_auroc_gw": 0.5090981294863887,
    "eval_metrics/imp_pval_r2_dsf1": -0.4449778300388365,
    "eval_metrics/imp_pval_pearson_gw": 0.018754231508836032,
    "eval_metrics/den_pval_spearman_gw": 0.07436288708330333,
    "eval_metrics/den_pval_r2_gw": -0.36190010028395614,
    "eval_metrics/den_pval_spearman_dsf1": 0.07436288708330333,
    "eval_metrics/den_count_pearson_gw": 0.08456246870819566,
    "eval_metrics/den_peak_auroc_gw": 0.5342136027439229,
    "eval_metrics/imp_pval_r2_1obs": -24.42407964005614,
    "eval_metrics/imp_count_spearman_gw": -0.01349575946956423,
    "eval_metrics/den_pval_pearson_dsf1": 0.06418958500681153,
    "eval_metrics/imp_pval_pearson_1obs": 0.004991309297832823,
    "eval_metrics/imp_pval_r2_gw": -0.4449778300388365,
    "eval_metrics/den_pval_pearson_gw": 0.06418958500681153,
    "eval_metrics/imp_count_pearson_gw": 0.01307667557303498,
    "eval_losses/total_loss": 5.938182650820205,
    "eval_losses/count_obs_loss": 1.350240643871458,
    "eval_losses/count_imp_loss": 2.0216903781133984,
    "eval_losses/pval_obs_loss": 0.9918594823071831,
    "eval_losses/pval_imp_loss": 0.8788033558262719,
    "eval_losses/peak_obs_loss": 0.6486523857242182,
    "eval_losses/peak_imp_loss": 0.6551362749130006
  }
}
{
  "epoch": 56,
  "training_metadata_probes": {
    "training_metadata_probes/depth_count_ratio": 1.0011835098266602,
    "training_metadata_probes/runtype_mse": 0.005569940898567438,
    "training_metadata_probes/readlen_mse": 8.740917837712914e-05
  }
}
{
  "epoch": 57,
  "eval_prefixed": {
    "eval_metrics/den_count_r2_gw": -0.201025537071636,
    "eval_metrics/imp_pval_pearson_dsf1": 0.022817437977729633,
    "eval_metrics/den_pval_spearman_1obs": -0.025662108572447842,
    "eval_metrics/den_pval_r2_dsf1": -0.3565146367587898,
    "eval_metrics/imp_pval_spearman_1obs": 0.021811402508235402,
    "eval_metrics/imp_pval_spearman_dsf1": 0.002828033415528703,
    "eval_metrics/imp_count_r2_gw": -0.08770059190190588,
    "eval_metrics/imp_pval_spearman_gw": 0.002828033415528703,
    "eval_metrics/den_pval_r2_1obs": -39.250504452436815,
    "eval_metrics/den_count_spearman_gw": 0.06519996445513719,
    "eval_metrics/den_pval_pearson_1obs": -0.04023845607298426,
    "eval_metrics/imp_peak_auroc_gw": 0.5074980054541798,
    "eval_metrics/imp_pval_r2_dsf1": -0.44055388742076607,
    "eval_metrics/imp_pval_pearson_gw": 0.022817437977729633,
    "eval_metrics/den_pval_spearman_gw": 0.07642249235589463,
    "eval_metrics/den_pval_r2_gw": -0.3565146367587898,
    "eval_metrics/den_pval_spearman_dsf1": 0.07642249235589463,
    "eval_metrics/den_count_pearson_gw": 0.07881909351702857,
    "eval_metrics/den_peak_auroc_gw": 0.5454260149722124,
    "eval_metrics/imp_pval_r2_1obs": -25.737977844285535,
    "eval_metrics/imp_count_spearman_gw": -0.009075803272453038,
    "eval_metrics/den_pval_pearson_dsf1": 0.06622177706786285,
    "eval_metrics/imp_pval_pearson_1obs": 0.01675902785722255,
    "eval_metrics/imp_pval_r2_gw": -0.44055388742076607,
    "eval_metrics/den_pval_pearson_gw": 0.06622177706786285,
    "eval_metrics/imp_count_pearson_gw": 0.018990247494204797,
    "eval_losses/total_loss": 5.962838040762826,
    "eval_losses/count_obs_loss": 1.3620311955088062,
    "eval_losses/count_imp_loss": 2.0146218188225276,
    "eval_losses/pval_obs_loss": 1.0184868895693828,
    "eval_losses/pval_imp_loss": 0.8731473679580386,
    "eval_losses/peak_obs_loss": 0.6466117242449209,
    "eval_losses/peak_imp_loss": 0.6537201082895673
  }
}
{
  "epoch": 57,
  "training_metadata_probes": {
    "training_metadata_probes/depth_count_ratio": 1.001165509223938,
    "training_metadata_probes/runtype_mse": 0.006188607309013605,
    "training_metadata_probes/readlen_mse": 9.102283365791664e-05
  }
}
{
  "epoch": 58,
  "eval_prefixed": {
    "eval_metrics/den_count_r2_gw": -0.1540255089088994,
    "eval_metrics/imp_pval_pearson_dsf1": 0.01980621072803005,
    "eval_metrics/den_pval_spearman_1obs": -0.03565392908099878,
    "eval_metrics/den_pval_r2_dsf1": -0.3047841175162432,
    "eval_metrics/imp_pval_spearman_1obs": 0.040432727576392,
    "eval_metrics/imp_pval_spearman_dsf1": -0.007252641486918214,
    "eval_metrics/imp_count_r2_gw": -0.08437567208667726,
    "eval_metrics/imp_pval_spearman_gw": -0.007252641486918214,
    "eval_metrics/den_pval_r2_1obs": -34.02532128432799,
    "eval_metrics/den_count_spearman_gw": 0.06549847970609882,
    "eval_metrics/den_pval_pearson_1obs": -0.05476309510490146,
    "eval_metrics/imp_peak_auroc_gw": 0.4912585872130802,
    "eval_metrics/imp_pval_r2_dsf1": -0.3690830792015828,
    "eval_metrics/imp_pval_pearson_gw": 0.01980621072803005,
    "eval_metrics/den_pval_spearman_gw": 0.0743931189301406,
    "eval_metrics/den_pval_r2_gw": -0.3047841175162432,
    "eval_metrics/den_pval_spearman_dsf1": 0.0743931189301406,
    "eval_metrics/den_count_pearson_gw": 0.08198990699632927,
    "eval_metrics/den_peak_auroc_gw": 0.5375007520772903,
    "eval_metrics/imp_pval_r2_1obs": -21.348226438594825,
    "eval_metrics/imp_count_spearman_gw": -0.008621326534231831,
    "eval_metrics/den_pval_pearson_dsf1": 0.06851081863829964,
    "eval_metrics/imp_pval_pearson_1obs": 0.0338310193416426,
    "eval_metrics/imp_pval_r2_gw": -0.3690830792015828,
    "eval_metrics/den_pval_pearson_gw": 0.06851081863829964,
    "eval_metrics/imp_count_pearson_gw": 0.016877806714517878,
    "eval_losses/total_loss": 5.914142574918897,
    "eval_losses/count_obs_loss": 1.3522862909655822,
    "eval_losses/count_imp_loss": 1.9994012732354423,
    "eval_losses/pval_obs_loss": 0.990713007748127,
    "eval_losses/pval_imp_loss": 0.8775523129909758,
    "eval_losses/peak_obs_loss": 0.6450713025896173,
    "eval_losses/peak_imp_loss": 0.6529110168653821
  }
}
{
  "epoch": 58,
  "training_metadata_probes": {
    "training_metadata_probes/depth_count_ratio": 1.0011073350906372,
    "training_metadata_probes/runtype_mse": 0.006971467286348343,
    "training_metadata_probes/readlen_mse": 9.012996451929212e-05
  }
}
{
  "epoch": 59,
  "eval_prefixed": {
    "eval_metrics/den_count_r2_gw": -0.18777081679743393,
    "eval_metrics/imp_pval_pearson_dsf1": 0.022939055068635507,
    "eval_metrics/den_pval_spearman_1obs": -0.03574091942656651,
    "eval_metrics/den_pval_r2_dsf1": -0.28841064055396076,
    "eval_metrics/imp_pval_spearman_1obs": 0.03778111336960973,
    "eval_metrics/imp_pval_spearman_dsf1": 0.0005659743481493531,
    "eval_metrics/imp_count_r2_gw": -0.08866670868467105,
    "eval_metrics/imp_pval_spearman_gw": 0.0005659743481493531,
    "eval_metrics/den_pval_r2_1obs": -26.809668205717266,
    "eval_metrics/den_count_spearman_gw": 0.06816331801561926,
    "eval_metrics/den_pval_pearson_1obs": -0.0568205827401375,
    "eval_metrics/imp_peak_auroc_gw": 0.4899646859453789,
    "eval_metrics/imp_pval_r2_dsf1": -0.40288397960644984,
    "eval_metrics/imp_pval_pearson_gw": 0.022939055068635507,
    "eval_metrics/den_pval_spearman_gw": 0.07738115744278035,
    "eval_metrics/den_pval_r2_gw": -0.28841064055396076,
    "eval_metrics/den_pval_spearman_dsf1": 0.07738115744278035,
    "eval_metrics/den_count_pearson_gw": 0.08436154041182338,
    "eval_metrics/den_peak_auroc_gw": 0.5340999111128439,
    "eval_metrics/imp_pval_r2_1obs": -25.647746520825397,
    "eval_metrics/imp_count_spearman_gw": -0.008567642724057776,
    "eval_metrics/den_pval_pearson_dsf1": 0.07392931706578422,
    "eval_metrics/imp_pval_pearson_1obs": 0.02879921212008903,
    "eval_metrics/imp_pval_r2_gw": -0.40288397960644984,
    "eval_metrics/den_pval_pearson_gw": 0.07392931706578422,
    "eval_metrics/imp_count_pearson_gw": 0.01600393282727069,
    "eval_losses/total_loss": 5.595115449083479,
    "eval_losses/count_obs_loss": 1.2511656151006096,
    "eval_losses/count_imp_loss": 1.9232817613889301,
    "eval_losses/pval_obs_loss": 0.9000398642138431,
    "eval_losses/pval_imp_loss": 0.8030895415752654,
    "eval_losses/peak_obs_loss": 0.6438992674413481,
    "eval_losses/peak_imp_loss": 0.651419385558083
  }
}
{
  "epoch": 59,
  "training_metadata_probes": {
    "training_metadata_probes/depth_count_ratio": 1.0010613203048706,
    "training_metadata_probes/runtype_mse": 0.008088674396276474,
    "training_metadata_probes/readlen_mse": 9.159662295132875e-05
  }
}
{
  "epoch": 60,
  "eval_prefixed": {
    "eval_metrics/den_count_r2_gw": -0.15634260866136218,
    "eval_metrics/imp_pval_pearson_dsf1": 0.02614692214734128,
    "eval_metrics/den_pval_spearman_1obs": -0.051386046171799045,
    "eval_metrics/den_pval_r2_dsf1": -0.2769106766599625,
    "eval_metrics/imp_pval_spearman_1obs": 0.028441628193210215,
    "eval_metrics/imp_pval_spearman_dsf1": 0.0019788283210314924,
    "eval_metrics/imp_count_r2_gw": -0.07446947068534977,
    "eval_metrics/imp_pval_spearman_gw": 0.0019788283210314924,
    "eval_metrics/den_pval_r2_1obs": -30.915473693154286,
    "eval_metrics/den_count_spearman_gw": 0.06708276444608101,
    "eval_metrics/den_pval_pearson_1obs": -0.06963233651415641,
    "eval_metrics/imp_peak_auroc_gw": 0.5287976283583281,
    "eval_metrics/imp_pval_r2_dsf1": -0.3488725096284996,
    "eval_metrics/imp_pval_pearson_gw": 0.02614692214734128,
    "eval_metrics/den_pval_spearman_gw": 0.07937891997856225,
    "eval_metrics/den_pval_r2_gw": -0.2769106766599625,
    "eval_metrics/den_pval_spearman_dsf1": 0.07937891997856225,
    "eval_metrics/den_count_pearson_gw": 0.07995418672209398,
    "eval_metrics/den_peak_auroc_gw": 0.5371492320224374,
    "eval_metrics/imp_pval_r2_1obs": -37.41081863482837,
    "eval_metrics/imp_count_spearman_gw": -0.009507049269554512,
    "eval_metrics/den_pval_pearson_dsf1": 0.0757376668165977,
    "eval_metrics/imp_pval_pearson_1obs": 0.019012045187299095,
    "eval_metrics/imp_pval_r2_gw": -0.3488725096284996,
    "eval_metrics/den_pval_pearson_gw": 0.0757376668165977,
    "eval_metrics/imp_count_pearson_gw": 0.01749815029833126,
    "eval_losses/total_loss": 5.759005247370193,
    "eval_losses/count_obs_loss": 1.2659761121398525,
    "eval_losses/count_imp_loss": 1.9834866107456268,
    "eval_losses/pval_obs_loss": 0.9231489853639352,
    "eval_losses/pval_imp_loss": 0.9007944445761423,
    "eval_losses/peak_obs_loss": 0.6416622431654679,
    "eval_losses/peak_imp_loss": 0.6481722924444411
  }
}
{
  "epoch": 60,
  "training_metadata_probes": {
    "training_metadata_probes/depth_count_ratio": 1.0010035037994385,
    "training_metadata_probes/runtype_mse": 0.00942271389067173,
    "training_metadata_probes/readlen_mse": 9.373157081427053e-05
  }
}
{
  "epoch": 61,
  "eval_prefixed": {
    "eval_metrics/den_count_r2_gw": -0.17781699723982292,
    "eval_metrics/imp_pval_pearson_dsf1": 0.027248130692261462,
    "eval_metrics/den_pval_spearman_1obs": -0.03138079109654741,
    "eval_metrics/den_pval_r2_dsf1": -0.24513550749564705,
    "eval_metrics/imp_pval_spearman_1obs": 0.030447805338322934,
    "eval_metrics/imp_pval_spearman_dsf1": 0.006529081895271677,
    "eval_metrics/imp_count_r2_gw": -0.07463248489121817,
    "eval_metrics/imp_pval_spearman_gw": 0.006529081895271677,
    "eval_metrics/den_pval_r2_1obs": -22.290153953287607,
    "eval_metrics/den_count_spearman_gw": 0.06603643269753771,
    "eval_metrics/den_pval_pearson_1obs": -0.05001097637547278,
    "eval_metrics/imp_peak_auroc_gw": 0.5293163301600121,
    "eval_metrics/imp_pval_r2_dsf1": -0.351951487660117,
    "eval_metrics/imp_pval_pearson_gw": 0.027248130692261462,
    "eval_metrics/den_pval_spearman_gw": 0.07876375204053992,
    "eval_metrics/den_pval_r2_gw": -0.24513550749564705,
    "eval_metrics/den_pval_spearman_dsf1": 0.07876375204053992,
    "eval_metrics/den_count_pearson_gw": 0.08166338639536039,
    "eval_metrics/den_peak_auroc_gw": 0.5362080663119907,
    "eval_metrics/imp_pval_r2_1obs": -33.922536631364196,
    "eval_metrics/imp_count_spearman_gw": -0.00926402742747314,
    "eval_metrics/den_pval_pearson_dsf1": 0.07259628986694704,
    "eval_metrics/imp_pval_pearson_1obs": 0.022149594252238915,
    "eval_metrics/imp_pval_r2_gw": -0.351951487660117,
    "eval_metrics/den_pval_pearson_gw": 0.07259628986694704,
    "eval_metrics/imp_count_pearson_gw": 0.01857808476548627,
    "eval_losses/total_loss": 5.666117417577066,
    "eval_losses/count_obs_loss": 1.2568677263824564,
    "eval_losses/count_imp_loss": 1.9344549216921367,
    "eval_losses/pval_obs_loss": 0.9060827430925871,
    "eval_losses/pval_imp_loss": 0.8738044907176306,
    "eval_losses/peak_obs_loss": 0.639664857795364,
    "eval_losses/peak_imp_loss": 0.6461240616109636
  }
}
{
  "epoch": 61,
  "training_metadata_probes": {
    "training_metadata_probes/depth_count_ratio": 1.0008232593536377,
    "training_metadata_probes/runtype_mse": 0.011061782017350197,
    "training_metadata_probes/readlen_mse": 0.00010102970554726198
  }
}
{
  "epoch": 62,
  "eval_prefixed": {
    "eval_metrics/den_count_r2_gw": -0.18685906836396465,
    "eval_metrics/imp_pval_pearson_dsf1": 0.032914154061544985,
    "eval_metrics/den_pval_spearman_1obs": -0.043696304864833384,
    "eval_metrics/den_pval_r2_dsf1": -0.20413300656513403,
    "eval_metrics/imp_pval_spearman_1obs": 0.037915392453675145,
    "eval_metrics/imp_pval_spearman_dsf1": 0.025918657819635055,
    "eval_metrics/imp_count_r2_gw": -0.07295671997806788,
    "eval_metrics/imp_pval_spearman_gw": 0.025918657819635055,
    "eval_metrics/den_pval_r2_1obs": -29.471741840507217,
    "eval_metrics/den_count_spearman_gw": 0.0669642332698733,
    "eval_metrics/den_pval_pearson_1obs": -0.06248540069760853,
    "eval_metrics/imp_peak_auroc_gw": 0.5120809640825837,
    "eval_metrics/imp_pval_r2_dsf1": -0.2881982565227235,
    "eval_metrics/imp_pval_pearson_gw": 0.032914154061544985,
    "eval_metrics/den_pval_spearman_gw": 0.08429270011493023,
    "eval_metrics/den_pval_r2_gw": -0.20413300656513403,
    "eval_metrics/den_pval_spearman_dsf1": 0.08429270011493023,
    "eval_metrics/den_count_pearson_gw": 0.07846900398573398,
    "eval_metrics/den_peak_auroc_gw": 0.5403578509489251,
    "eval_metrics/imp_pval_r2_1obs": -34.56062798669132,
    "eval_metrics/imp_count_spearman_gw": -0.00825601784717476,
    "eval_metrics/den_pval_pearson_dsf1": 0.07382266457486701,
    "eval_metrics/imp_pval_pearson_1obs": 0.03307187350675656,
    "eval_metrics/imp_pval_r2_gw": -0.2881982565227235,
    "eval_metrics/den_pval_pearson_gw": 0.07382266457486701,
    "eval_metrics/imp_count_pearson_gw": 0.0225550789480275,
    "eval_losses/total_loss": 5.738808508374189,
    "eval_losses/count_obs_loss": 1.279779619292209,
    "eval_losses/count_imp_loss": 1.9587764541308086,
    "eval_losses/pval_obs_loss": 0.9366036343731379,
    "eval_losses/pval_imp_loss": 0.8762355858371371,
    "eval_losses/peak_obs_loss": 0.6375342787880647,
    "eval_losses/peak_imp_loss": 0.6451738992380718
  }
}
{
  "epoch": 62,
  "training_metadata_probes": {
    "training_metadata_probes/depth_count_ratio": 1.0005820989608765,
    "training_metadata_probes/runtype_mse": 0.0127376364544034,
    "training_metadata_probes/readlen_mse": 0.00010499855125090107
  }
}
{
  "epoch": 63,
  "eval_prefixed": {
    "eval_metrics/den_count_r2_gw": -0.16598666940836648,
    "eval_metrics/imp_pval_pearson_dsf1": 0.031723971511209606,
    "eval_metrics/den_pval_spearman_1obs": -0.043646606308199734,
    "eval_metrics/den_pval_r2_dsf1": -0.20898111497250235,
    "eval_metrics/imp_pval_spearman_1obs": 0.04136374966310369,
    "eval_metrics/imp_pval_spearman_dsf1": 0.02549903642074673,
    "eval_metrics/imp_count_r2_gw": -0.07874703049303355,
    "eval_metrics/imp_pval_spearman_gw": 0.02549903642074673,
    "eval_metrics/den_pval_r2_1obs": -29.594214194265568,
    "eval_metrics/den_count_spearman_gw": 0.06845790957913646,
    "eval_metrics/den_pval_pearson_1obs": -0.0582624619480492,
    "eval_metrics/imp_peak_auroc_gw": 0.5047207451587067,
    "eval_metrics/imp_pval_r2_dsf1": -0.26919030943639055,
    "eval_metrics/imp_pval_pearson_gw": 0.031723971511209606,
    "eval_metrics/den_pval_spearman_gw": 0.08853174566119713,
    "eval_metrics/den_pval_r2_gw": -0.20898111497250235,
    "eval_metrics/den_pval_spearman_dsf1": 0.08853174566119713,
    "eval_metrics/den_count_pearson_gw": 0.0797022980772645,
    "eval_metrics/den_peak_auroc_gw": 0.5348296326579068,
    "eval_metrics/imp_pval_r2_1obs": -22.589311514507838,
    "eval_metrics/imp_count_spearman_gw": -0.014426926050902185,
    "eval_metrics/den_pval_pearson_dsf1": 0.07802166639655632,
    "eval_metrics/imp_pval_pearson_1obs": 0.03430750318211577,
    "eval_metrics/imp_pval_r2_gw": -0.26919030943639055,
    "eval_metrics/den_pval_pearson_gw": 0.07802166639655632,
    "eval_metrics/imp_count_pearson_gw": 0.020390811053359704,
    "eval_losses/total_loss": 5.594431291285314,
    "eval_losses/count_obs_loss": 1.230112336183849,
    "eval_losses/count_imp_loss": 1.9402303298314412,
    "eval_losses/pval_obs_loss": 0.8809302515889469,
    "eval_losses/pval_imp_loss": 0.8499586009790027,
    "eval_losses/peak_obs_loss": 0.6365035442929519,
    "eval_losses/peak_imp_loss": 0.6441487215814137
  }
}
{
  "epoch": 63,
  "training_metadata_probes": {
    "training_metadata_probes/depth_count_ratio": 1.0004572868347168,
    "training_metadata_probes/runtype_mse": 0.0141795314848423,
    "training_metadata_probes/readlen_mse": 0.00010611522884573787
  }
}
{
  "epoch": 64,
  "eval_prefixed": {
    "eval_metrics/den_count_r2_gw": -0.18880333850954978,
    "eval_metrics/imp_pval_pearson_dsf1": 0.042075386832226606,
    "eval_metrics/den_pval_spearman_1obs": -0.04176200919201099,
    "eval_metrics/den_pval_r2_dsf1": -0.16675958439453778,
    "eval_metrics/imp_pval_spearman_1obs": 0.047968085235001644,
    "eval_metrics/imp_pval_spearman_dsf1": 0.03499724563519049,
    "eval_metrics/imp_count_r2_gw": -0.06411527927390745,
    "eval_metrics/imp_pval_spearman_gw": 0.03499724563519049,
    "eval_metrics/den_pval_r2_1obs": -26.927495236595707,
    "eval_metrics/den_count_spearman_gw": 0.06871474818637083,
    "eval_metrics/den_pval_pearson_1obs": -0.06407431622287013,
    "eval_metrics/imp_peak_auroc_gw": 0.5224185778721239,
    "eval_metrics/imp_pval_r2_dsf1": -0.2615060101765509,
    "eval_metrics/imp_pval_pearson_gw": 0.042075386832226606,
    "eval_metrics/den_pval_spearman_gw": 0.0909666378596876,
    "eval_metrics/den_pval_r2_gw": -0.16675958439453778,
    "eval_metrics/den_pval_spearman_dsf1": 0.0909666378596876,
    "eval_metrics/den_count_pearson_gw": 0.08354251296948764,
    "eval_metrics/den_peak_auroc_gw": 0.5439671655999461,
    "eval_metrics/imp_pval_r2_1obs": -27.109094507619556,
    "eval_metrics/imp_count_spearman_gw": -0.007668535617389193,
    "eval_metrics/den_pval_pearson_dsf1": 0.08220370432306816,
    "eval_metrics/imp_pval_pearson_1obs": 0.0401987625407942,
    "eval_metrics/imp_pval_r2_gw": -0.2615060101765509,
    "eval_metrics/den_pval_pearson_gw": 0.08220370432306816,
    "eval_metrics/imp_count_pearson_gw": 0.024946491086637483,
    "eval_losses/total_loss": 5.6196179496810625,
    "eval_losses/count_obs_loss": 1.267315304593036,
    "eval_losses/count_imp_loss": 1.9646430933286274,
    "eval_losses/pval_obs_loss": 0.8881872119872194,
    "eval_losses/pval_imp_loss": 0.8072915201385816,
    "eval_losses/peak_obs_loss": 0.6338617793823543,
    "eval_losses/peak_imp_loss": 0.642339635462988
  }
}
{
  "epoch": 64,
  "training_metadata_probes": {
    "training_metadata_probes/depth_count_ratio": 1.0003795623779297,
    "training_metadata_probes/runtype_mse": 0.01567973382771015,
    "training_metadata_probes/readlen_mse": 0.00011256914876867086
  }
}
{
  "epoch": 65,
  "eval_prefixed": {
    "eval_metrics/den_count_r2_gw": -0.18290888383497955,
    "eval_metrics/imp_pval_pearson_dsf1": 0.039536628605443214,
    "eval_metrics/den_pval_spearman_1obs": -0.03684667180628088,
    "eval_metrics/den_pval_r2_dsf1": -0.15441324838245193,
    "eval_metrics/imp_pval_spearman_1obs": 0.03916174762415069,
    "eval_metrics/imp_pval_spearman_dsf1": 0.03723242147838503,
    "eval_metrics/imp_count_r2_gw": -0.09076310057783404,
    "eval_metrics/imp_pval_spearman_gw": 0.03723242147838503,
    "eval_metrics/den_pval_r2_1obs": -32.14057928709889,
    "eval_metrics/den_count_spearman_gw": 0.06968562657975562,
    "eval_metrics/den_pval_pearson_1obs": -0.05800340314358197,
    "eval_metrics/imp_peak_auroc_gw": 0.4901939326878792,
    "eval_metrics/imp_pval_r2_dsf1": -0.24595578143295588,
    "eval_metrics/imp_pval_pearson_gw": 0.039536628605443214,
    "eval_metrics/den_pval_spearman_gw": 0.09964811205036489,
    "eval_metrics/den_pval_r2_gw": -0.15441324838245193,
    "eval_metrics/den_pval_spearman_dsf1": 0.09964811205036489,
    "eval_metrics/den_count_pearson_gw": 0.0869637673290287,
    "eval_metrics/den_peak_auroc_gw": 0.5449429793480965,
    "eval_metrics/imp_pval_r2_1obs": -24.238637655505585,
    "eval_metrics/imp_count_spearman_gw": -0.013497446937744373,
    "eval_metrics/den_pval_pearson_dsf1": 0.08557945861340206,
    "eval_metrics/imp_pval_pearson_1obs": 0.03310422392170285,
    "eval_metrics/imp_pval_r2_gw": -0.24595578143295588,
    "eval_metrics/den_pval_pearson_gw": 0.08557945861340206,
    "eval_metrics/imp_count_pearson_gw": 0.02110894924604393,
    "eval_losses/total_loss": 5.627388620455014,
    "eval_losses/count_obs_loss": 1.3120283876594745,
    "eval_losses/count_imp_loss": 1.9138790283884322,
    "eval_losses/pval_obs_loss": 0.947629545864306,
    "eval_losses/pval_imp_loss": 0.7450553382199908,
    "eval_losses/peak_obs_loss": 0.6318856375782114,
    "eval_losses/peak_imp_loss": 0.6414501373730008
  }
}
{
  "epoch": 65,
  "training_metadata_probes": {
    "training_metadata_probes/depth_count_ratio": 1.0003288984298706,
    "training_metadata_probes/runtype_mse": 0.016964245587587357,
    "training_metadata_probes/readlen_mse": 0.00011420461669331416
  }
}
{
  "epoch": 66,
  "eval_prefixed": {
    "eval_metrics/den_count_r2_gw": -0.14306803203365293,
    "eval_metrics/imp_pval_pearson_dsf1": 0.038412623381840864,
    "eval_metrics/den_pval_spearman_1obs": -0.05090570840521191,
    "eval_metrics/den_pval_r2_dsf1": -0.12599535543959264,
    "eval_metrics/imp_pval_spearman_1obs": 0.06380402448375992,
    "eval_metrics/imp_pval_spearman_dsf1": 0.034019330786130196,
    "eval_metrics/imp_count_r2_gw": -0.07403807666480954,
    "eval_metrics/imp_pval_spearman_gw": 0.034019330786130196,
    "eval_metrics/den_pval_r2_1obs": -30.36659640287645,
    "eval_metrics/den_count_spearman_gw": 0.07033783657500393,
    "eval_metrics/den_pval_pearson_1obs": -0.07586974196142125,
    "eval_metrics/imp_peak_auroc_gw": 0.5197224362885207,
    "eval_metrics/imp_pval_r2_dsf1": -0.1977676459650875,
    "eval_metrics/imp_pval_pearson_gw": 0.038412623381840864,
    "eval_metrics/den_pval_spearman_gw": 0.10660475690419695,
    "eval_metrics/den_pval_r2_gw": -0.12599535543959264,
    "eval_metrics/den_pval_spearman_dsf1": 0.10660475690419695,
    "eval_metrics/den_count_pearson_gw": 0.08678014439800263,
    "eval_metrics/den_peak_auroc_gw": 0.5400772777801347,
    "eval_metrics/imp_pval_r2_1obs": -47.50159410013989,
    "eval_metrics/imp_count_spearman_gw": -0.01566911681697007,
    "eval_metrics/den_pval_pearson_dsf1": 0.09057366106150623,
    "eval_metrics/imp_pval_pearson_1obs": 0.06420629111392098,
    "eval_metrics/imp_pval_r2_gw": -0.1977676459650875,
    "eval_metrics/den_pval_pearson_gw": 0.09057366106150623,
    "eval_metrics/imp_count_pearson_gw": 0.022862343902012243,
    "eval_losses/total_loss": 5.735492214364441,
    "eval_losses/count_obs_loss": 1.2912857893266176,
    "eval_losses/count_imp_loss": 1.9495156804720561,
    "eval_losses/pval_obs_loss": 0.9461517310456226,
    "eval_losses/pval_imp_loss": 0.8711485453541317,
    "eval_losses/peak_obs_loss": 0.6304868036194852,
    "eval_losses/peak_imp_loss": 0.6386240228774056
  }
}
{
  "epoch": 66,
  "training_metadata_probes": {
    "training_metadata_probes/depth_count_ratio": 1.0001740455627441,
    "training_metadata_probes/runtype_mse": 0.017961924895644188,
    "training_metadata_probes/readlen_mse": 0.00011587623885134235
  }
}
{
  "epoch": 67,
  "eval_prefixed": {
    "eval_metrics/den_count_r2_gw": -0.15028520878585463,
    "eval_metrics/imp_pval_pearson_dsf1": 0.04117863575580515,
    "eval_metrics/den_pval_spearman_1obs": -0.06103766357086228,
    "eval_metrics/den_pval_r2_dsf1": -0.128482124503982,
    "eval_metrics/imp_pval_spearman_1obs": 0.05925444889252504,
    "eval_metrics/imp_pval_spearman_dsf1": 0.031778947164859635,
    "eval_metrics/imp_count_r2_gw": -0.07607689715474819,
    "eval_metrics/imp_pval_spearman_gw": 0.031778947164859635,
    "eval_metrics/den_pval_r2_1obs": -28.94757122431587,
    "eval_metrics/den_count_spearman_gw": 0.07044245120675657,
    "eval_metrics/den_pval_pearson_1obs": -0.08269020061906256,
    "eval_metrics/imp_peak_auroc_gw": 0.49983283437937936,
    "eval_metrics/imp_pval_r2_dsf1": -0.15844938363300604,
    "eval_metrics/imp_pval_pearson_gw": 0.04117863575580515,
    "eval_metrics/den_pval_spearman_gw": 0.10787232037352043,
    "eval_metrics/den_pval_r2_gw": -0.128482124503982,
    "eval_metrics/den_pval_spearman_dsf1": 0.10787232037352043,
    "eval_metrics/den_count_pearson_gw": 0.08924752436302553,
    "eval_metrics/den_peak_auroc_gw": 0.5333652645067856,
    "eval_metrics/imp_pval_r2_1obs": -26.244743410984714,
    "eval_metrics/imp_count_spearman_gw": -0.01150007803240937,
    "eval_metrics/den_pval_pearson_dsf1": 0.09116749610601753,
    "eval_metrics/imp_pval_pearson_1obs": 0.06121501742052801,
    "eval_metrics/imp_pval_r2_gw": -0.15844938363300604,
    "eval_metrics/den_pval_pearson_gw": 0.09116749610601753,
    "eval_metrics/imp_count_pearson_gw": 0.020669723419049414,
    "eval_losses/total_loss": 5.621963523328304,
    "eval_losses/count_obs_loss": 1.2305352436868768,
    "eval_losses/count_imp_loss": 1.973323867434547,
    "eval_losses/pval_obs_loss": 0.8865175674620428,
    "eval_losses/pval_imp_loss": 0.8581781420442793,
    "eval_losses/peak_obs_loss": 0.6290787866241053,
    "eval_losses/peak_imp_loss": 0.6377555515084948
  }
}
{
  "epoch": 67,
  "training_metadata_probes": {
    "training_metadata_probes/depth_count_ratio": 1.0001797676086426,
    "training_metadata_probes/runtype_mse": 0.01902034319937229,
    "training_metadata_probes/readlen_mse": 0.00012250480358488858
  }
}
{
  "epoch": 68,
  "eval_prefixed": {
    "eval_metrics/den_count_r2_gw": -0.12661900897067896,
    "eval_metrics/imp_pval_pearson_dsf1": 0.0396890216823464,
    "eval_metrics/den_pval_spearman_1obs": -0.050413324784316274,
    "eval_metrics/den_pval_r2_dsf1": -0.11497361087510423,
    "eval_metrics/imp_pval_spearman_1obs": 0.05520740691399085,
    "eval_metrics/imp_pval_spearman_dsf1": 0.036016276897913826,
    "eval_metrics/imp_count_r2_gw": -0.0811930576604395,
    "eval_metrics/imp_pval_spearman_gw": 0.036016276897913826,
    "eval_metrics/den_pval_r2_1obs": -31.084943058352223,
    "eval_metrics/den_count_spearman_gw": 0.07240347772905731,
    "eval_metrics/den_pval_pearson_1obs": -0.0689758044394885,
    "eval_metrics/imp_peak_auroc_gw": 0.5262433559212333,
    "eval_metrics/imp_pval_r2_dsf1": -0.1488068315350896,
    "eval_metrics/imp_pval_pearson_gw": 0.0396890216823464,
    "eval_metrics/den_pval_spearman_gw": 0.11135110287710931,
    "eval_metrics/den_pval_r2_gw": -0.11497361087510423,
    "eval_metrics/den_pval_spearman_dsf1": 0.11135110287710931,
    "eval_metrics/den_count_pearson_gw": 0.08635800237128646,
    "eval_metrics/den_peak_auroc_gw": 0.5318698689931737,
    "eval_metrics/imp_pval_r2_1obs": -28.95589085499843,
    "eval_metrics/imp_count_spearman_gw": -0.01641710641361562,
    "eval_metrics/den_pval_pearson_dsf1": 0.09101271725529314,
    "eval_metrics/imp_pval_pearson_1obs": 0.05640053585179091,
    "eval_metrics/imp_pval_r2_gw": -0.1488068315350896,
    "eval_metrics/den_pval_pearson_gw": 0.09101271725529314,
    "eval_metrics/imp_count_pearson_gw": 0.02065884737466048,
    "eval_losses/total_loss": 5.7414773716346215,
    "eval_losses/count_obs_loss": 1.2490304645739103,
    "eval_losses/count_imp_loss": 1.9679779779343378,
    "eval_losses/pval_obs_loss": 0.9441437289903039,
    "eval_losses/pval_imp_loss": 0.9210855584769022,
    "eval_losses/peak_obs_loss": 0.6267467235264025,
    "eval_losses/peak_imp_loss": 0.6353537738323212
  }
}
{
  "epoch": 68,
  "training_metadata_probes": {
    "training_metadata_probes/depth_count_ratio": 0.9999828338623047,
    "training_metadata_probes/runtype_mse": 0.019789600744843483,
    "training_metadata_probes/readlen_mse": 0.0001296950940741226
  }
}
{
  "epoch": 69,
  "eval_prefixed": {
    "eval_metrics/den_count_r2_gw": -0.16335300631091035,
    "eval_metrics/imp_pval_pearson_dsf1": 0.03600751638637915,
    "eval_metrics/den_pval_spearman_1obs": -0.050553939547044735,
    "eval_metrics/den_pval_r2_dsf1": -0.10603443347961816,
    "eval_metrics/imp_pval_spearman_1obs": 0.05440927389559055,
    "eval_metrics/imp_pval_spearman_dsf1": 0.03405777417120597,
    "eval_metrics/imp_count_r2_gw": -0.09213819044015971,
    "eval_metrics/imp_pval_spearman_gw": 0.03405777417120597,
    "eval_metrics/den_pval_r2_1obs": -27.558163705127114,
    "eval_metrics/den_count_spearman_gw": 0.07227454167745177,
    "eval_metrics/den_pval_pearson_1obs": -0.07382357040861327,
    "eval_metrics/imp_peak_auroc_gw": 0.5015812935154806,
    "eval_metrics/imp_pval_r2_dsf1": -0.1945013460154508,
    "eval_metrics/imp_pval_pearson_gw": 0.03600751638637915,
    "eval_metrics/den_pval_spearman_gw": 0.11296608252354774,
    "eval_metrics/den_pval_r2_gw": -0.10603443347961816,
    "eval_metrics/den_pval_spearman_dsf1": 0.11296608252354774,
    "eval_metrics/den_count_pearson_gw": 0.09064778506045083,
    "eval_metrics/den_peak_auroc_gw": 0.5418545212502558,
    "eval_metrics/imp_pval_r2_1obs": -23.30852543804259,
    "eval_metrics/imp_count_spearman_gw": -0.01385235663077229,
    "eval_metrics/den_pval_pearson_dsf1": 0.09401949018233847,
    "eval_metrics/imp_pval_pearson_1obs": 0.06363319449629339,
    "eval_metrics/imp_pval_r2_gw": -0.1945013460154508,
    "eval_metrics/den_pval_pearson_gw": 0.09401949018233847,
    "eval_metrics/imp_count_pearson_gw": 0.019029188816473055,
    "eval_losses/total_loss": 5.528913182512808,
    "eval_losses/count_obs_loss": 1.2425661698768014,
    "eval_losses/count_imp_loss": 1.8803170559898255,
    "eval_losses/pval_obs_loss": 0.9232018397826898,
    "eval_losses/pval_imp_loss": 0.7892379555703392,
    "eval_losses/peak_obs_loss": 0.6243042004735846,
    "eval_losses/peak_imp_loss": 0.6344436217868139
  }
}
{
  "epoch": 69,
  "training_metadata_probes": {
    "training_metadata_probes/depth_count_ratio": 0.9999359250068665,
    "training_metadata_probes/runtype_mse": 0.019971948117017746,
    "training_metadata_probes/readlen_mse": 0.00013500846398528665
  }
}
{
  "epoch": 70,
  "eval_prefixed": {
    "eval_metrics/den_count_r2_gw": -0.1818709693011468,
    "eval_metrics/imp_pval_pearson_dsf1": 0.044319481062721315,
    "eval_metrics/den_pval_spearman_1obs": -0.04317469429521665,
    "eval_metrics/den_pval_r2_dsf1": -0.0877107914411072,
    "eval_metrics/imp_pval_spearman_1obs": 0.037021894065855654,
    "eval_metrics/imp_pval_spearman_dsf1": 0.045034775307380114,
    "eval_metrics/imp_count_r2_gw": -0.07250954308052583,
    "eval_metrics/imp_pval_spearman_gw": 0.045034775307380114,
    "eval_metrics/den_pval_r2_1obs": -34.191925615306694,
    "eval_metrics/den_count_spearman_gw": 0.07487866331493469,
    "eval_metrics/den_pval_pearson_1obs": -0.06928705926970667,
    "eval_metrics/imp_peak_auroc_gw": 0.4975704095928251,
    "eval_metrics/imp_pval_r2_dsf1": -0.16178118751436182,
    "eval_metrics/imp_pval_pearson_gw": 0.044319481062721315,
    "eval_metrics/den_pval_spearman_gw": 0.11607758721771833,
    "eval_metrics/den_pval_r2_gw": -0.0877107914411072,
    "eval_metrics/den_pval_spearman_dsf1": 0.11607758721771833,
    "eval_metrics/den_count_pearson_gw": 0.09179050560525961,
    "eval_metrics/den_peak_auroc_gw": 0.546478667826261,
    "eval_metrics/imp_pval_r2_1obs": -29.592408889407785,
    "eval_metrics/imp_count_spearman_gw": -0.018665517562777626,
    "eval_metrics/den_pval_pearson_dsf1": 0.09731641621482068,
    "eval_metrics/imp_pval_pearson_1obs": 0.047519985041285434,
    "eval_metrics/imp_pval_r2_gw": -0.16178118751436182,
    "eval_metrics/den_pval_pearson_gw": 0.09731641621482068,
    "eval_metrics/imp_count_pearson_gw": 0.020269411338848017,
    "eval_losses/total_loss": 5.64685462630893,
    "eval_losses/count_obs_loss": 1.277501027835043,
    "eval_losses/count_imp_loss": 1.9086336455647908,
    "eval_losses/pval_obs_loss": 0.9667809864408091,
    "eval_losses/pval_imp_loss": 0.8136335476523354,
    "eval_losses/peak_obs_loss": 0.621249792607207,
    "eval_losses/peak_imp_loss": 0.6329793825982108
  }
}
{
  "epoch": 70,
  "training_metadata_probes": {
    "training_metadata_probes/depth_count_ratio": 0.9997972249984741,
    "training_metadata_probes/runtype_mse": 0.020433761179447174,
    "training_metadata_probes/readlen_mse": 0.00013175691128708422
  }
}
{
  "epoch": 71,
  "eval_prefixed": {
    "eval_metrics/den_count_r2_gw": -0.15150173700496108,
    "eval_metrics/imp_pval_pearson_dsf1": 0.043703492460606085,
    "eval_metrics/den_pval_spearman_1obs": -0.04364383085595319,
    "eval_metrics/den_pval_r2_dsf1": -0.0919764216903886,
    "eval_metrics/imp_pval_spearman_1obs": 0.03624522376058966,
    "eval_metrics/imp_pval_spearman_dsf1": 0.041994457870411415,
    "eval_metrics/imp_count_r2_gw": -0.0881789539880062,
    "eval_metrics/imp_pval_spearman_gw": 0.041994457870411415,
    "eval_metrics/den_pval_r2_1obs": -26.37023392812419,
    "eval_metrics/den_count_spearman_gw": 0.07433232067348684,
    "eval_metrics/den_pval_pearson_1obs": -0.06664679019319776,
    "eval_metrics/imp_peak_auroc_gw": 0.5097180841119147,
    "eval_metrics/imp_pval_r2_dsf1": -0.1399403947944551,
    "eval_metrics/imp_pval_pearson_gw": 0.043703492460606085,
    "eval_metrics/den_pval_spearman_gw": 0.12050286728970341,
    "eval_metrics/den_pval_r2_gw": -0.0919764216903886,
    "eval_metrics/den_pval_spearman_dsf1": 0.12050286728970341,
    "eval_metrics/den_count_pearson_gw": 0.0901461456401433,
    "eval_metrics/den_peak_auroc_gw": 0.5377112223008117,
    "eval_metrics/imp_pval_r2_1obs": -27.702873766329997,
    "eval_metrics/imp_count_spearman_gw": -0.016100813137432342,
    "eval_metrics/den_pval_pearson_dsf1": 0.0996282268683181,
    "eval_metrics/imp_pval_pearson_1obs": 0.04735683653289304,
    "eval_metrics/imp_pval_r2_gw": -0.1399403947944551,
    "eval_metrics/den_pval_pearson_gw": 0.0996282268683181,
    "eval_metrics/imp_count_pearson_gw": 0.02004410891880518,
    "eval_losses/total_loss": 5.455316063800924,
    "eval_losses/count_obs_loss": 1.204268199832816,
    "eval_losses/count_imp_loss": 1.9128313528166876,
    "eval_losses/pval_obs_loss": 0.8453788978880957,
    "eval_losses/pval_imp_loss": 0.8169961074988047,
    "eval_losses/peak_obs_loss": 0.6200074231938312,
    "eval_losses/peak_imp_loss": 0.6306531311027588
  }
}
{
  "epoch": 71,
  "training_metadata_probes": {
    "training_metadata_probes/depth_count_ratio": 0.9998340606689453,
    "training_metadata_probes/runtype_mse": 0.02040032111108303,
    "training_metadata_probes/readlen_mse": 0.00013368306099437177
  }
}
{
  "epoch": 72,
  "eval_prefixed": {
    "eval_metrics/den_count_r2_gw": -0.15254330101461902,
    "eval_metrics/imp_pval_pearson_dsf1": 0.04094965864755472,
    "eval_metrics/den_pval_spearman_1obs": -0.04996216809510798,
    "eval_metrics/den_pval_r2_dsf1": -0.1017208895505996,
    "eval_metrics/imp_pval_spearman_1obs": 0.07328169965180313,
    "eval_metrics/imp_pval_spearman_dsf1": 0.04576926450205724,
    "eval_metrics/imp_count_r2_gw": -0.09875651372439484,
    "eval_metrics/imp_pval_spearman_gw": 0.04576926450205724,
    "eval_metrics/den_pval_r2_1obs": -29.288043012487126,
    "eval_metrics/den_count_spearman_gw": 0.0743218445336896,
    "eval_metrics/den_pval_pearson_1obs": -0.07513683378056157,
    "eval_metrics/imp_peak_auroc_gw": 0.5099751203329489,
    "eval_metrics/imp_pval_r2_dsf1": -0.1733805226614413,
    "eval_metrics/imp_pval_pearson_gw": 0.04094965864755472,
    "eval_metrics/den_pval_spearman_gw": 0.11887147132333357,
    "eval_metrics/den_pval_r2_gw": -0.1017208895505996,
    "eval_metrics/den_pval_spearman_dsf1": 0.11887147132333357,
    "eval_metrics/den_count_pearson_gw": 0.09811070521046579,
    "eval_metrics/den_peak_auroc_gw": 0.5403495680212096,
    "eval_metrics/imp_pval_r2_1obs": -20.734716692264247,
    "eval_metrics/imp_count_spearman_gw": -0.019289196834621786,
    "eval_metrics/den_pval_pearson_dsf1": 0.09942712474462735,
    "eval_metrics/imp_pval_pearson_1obs": 0.07875756335182352,
    "eval_metrics/imp_pval_r2_gw": -0.1733805226614413,
    "eval_metrics/den_pval_pearson_gw": 0.09942712474462735,
    "eval_metrics/imp_count_pearson_gw": 0.016659782466521146,
    "eval_losses/total_loss": 5.37187483759695,
    "eval_losses/count_obs_loss": 1.2081718233070875,
    "eval_losses/count_imp_loss": 1.887668009788271,
    "eval_losses/pval_obs_loss": 0.8234306611120701,
    "eval_losses/pval_imp_loss": 0.7688902515977148,
    "eval_losses/peak_obs_loss": 0.6170058501394171,
    "eval_losses/peak_imp_loss": 0.6286521232317365
  }
}
{
  "epoch": 72,
  "training_metadata_probes": {
    "training_metadata_probes/depth_count_ratio": 0.9998659491539001,
    "training_metadata_probes/runtype_mse": 0.02037614770233631,
    "training_metadata_probes/readlen_mse": 0.00013430134276859462
  }
}
{
  "epoch": 73,
  "eval_prefixed": {
    "eval_metrics/den_count_r2_gw": -0.16958110345156255,
    "eval_metrics/imp_pval_pearson_dsf1": 0.04267368108516426,
    "eval_metrics/den_pval_spearman_1obs": -0.035455004060104205,
    "eval_metrics/den_pval_r2_dsf1": -0.0762039943589169,
    "eval_metrics/imp_pval_spearman_1obs": 0.03711013626163717,
    "eval_metrics/imp_pval_spearman_dsf1": 0.04490003726010505,
    "eval_metrics/imp_count_r2_gw": -0.09206076995556386,
    "eval_metrics/imp_pval_spearman_gw": 0.04490003726010505,
    "eval_metrics/den_pval_r2_1obs": -26.45710644376977,
    "eval_metrics/den_count_spearman_gw": 0.07565600050943541,
    "eval_metrics/den_pval_pearson_1obs": -0.06792307522693208,
    "eval_metrics/imp_peak_auroc_gw": 0.5081482246882595,
    "eval_metrics/imp_pval_r2_dsf1": -0.1393244137539816,
    "eval_metrics/imp_pval_pearson_gw": 0.04267368108516426,
    "eval_metrics/den_pval_spearman_gw": 0.12433778094762275,
    "eval_metrics/den_pval_r2_gw": -0.0762039943589169,
    "eval_metrics/den_pval_spearman_dsf1": 0.12433778094762275,
    "eval_metrics/den_count_pearson_gw": 0.09013798360032715,
    "eval_metrics/den_peak_auroc_gw": 0.5468699555748888,
    "eval_metrics/imp_pval_r2_1obs": -37.64842367256909,
    "eval_metrics/imp_count_spearman_gw": -0.017515989776550264,
    "eval_metrics/den_pval_pearson_dsf1": 0.1039125207155992,
    "eval_metrics/imp_pval_pearson_1obs": 0.04935869971837198,
    "eval_metrics/imp_pval_r2_gw": -0.1393244137539816,
    "eval_metrics/den_pval_pearson_gw": 0.1039125207155992,
    "eval_metrics/imp_count_pearson_gw": 0.02072141102366408,
    "eval_losses/total_loss": 5.395179312388216,
    "eval_losses/count_obs_loss": 1.2119245184095282,
    "eval_losses/count_imp_loss": 1.906285616140517,
    "eval_losses/pval_obs_loss": 0.8206208097307306,
    "eval_losses/pval_imp_loss": 0.7819784462289323,
    "eval_losses/peak_obs_loss": 0.6142570196013701,
    "eval_losses/peak_imp_loss": 0.6272383076804025
  }
}
{
  "epoch": 73,
  "training_metadata_probes": {
    "training_metadata_probes/depth_count_ratio": 0.9999243021011353,
    "training_metadata_probes/runtype_mse": 0.020506108179688454,
    "training_metadata_probes/readlen_mse": 0.00013758361455984414
  }
}
{
  "epoch": 74,
  "eval_prefixed": {
    "eval_metrics/den_count_r2_gw": -0.19120868123610513,
    "eval_metrics/imp_pval_pearson_dsf1": 0.05398720907258047,
    "eval_metrics/den_pval_spearman_1obs": -0.05013535804603021,
    "eval_metrics/den_pval_r2_dsf1": -0.07965859918908831,
    "eval_metrics/imp_pval_spearman_1obs": 0.03706262413455047,
    "eval_metrics/imp_pval_spearman_dsf1": 0.04311755480803767,
    "eval_metrics/imp_count_r2_gw": -0.0626143884783088,
    "eval_metrics/imp_pval_spearman_gw": 0.04311755480803767,
    "eval_metrics/den_pval_r2_1obs": -33.44758154003426,
    "eval_metrics/den_count_spearman_gw": 0.07705986348868674,
    "eval_metrics/den_pval_pearson_1obs": -0.08147963842585389,
    "eval_metrics/imp_peak_auroc_gw": 0.5168636404786439,
    "eval_metrics/imp_pval_r2_dsf1": -0.12610716335304192,
    "eval_metrics/imp_pval_pearson_gw": 0.05398720907258047,
    "eval_metrics/den_pval_spearman_gw": 0.12110469189214093,
    "eval_metrics/den_pval_r2_gw": -0.07965859918908831,
    "eval_metrics/den_pval_spearman_dsf1": 0.12110469189214093,
    "eval_metrics/den_count_pearson_gw": 0.09271401215320159,
    "eval_metrics/den_peak_auroc_gw": 0.5381643901236243,
    "eval_metrics/imp_pval_r2_1obs": -27.61007112129575,
    "eval_metrics/imp_count_spearman_gw": -0.012950159784652856,
    "eval_metrics/den_pval_pearson_dsf1": 0.09676852317428902,
    "eval_metrics/imp_pval_pearson_1obs": 0.04133547294057078,
    "eval_metrics/imp_pval_r2_gw": -0.12610716335304192,
    "eval_metrics/den_pval_pearson_gw": 0.09676852317428902,
    "eval_metrics/imp_count_pearson_gw": 0.029533268866962604,
    "eval_losses/total_loss": 5.477136061428801,
    "eval_losses/count_obs_loss": 1.2678933488695245,
    "eval_losses/count_imp_loss": 1.903285074801672,
    "eval_losses/pval_obs_loss": 0.88180353904241,
    "eval_losses/pval_imp_loss": 0.747978665821609,
    "eval_losses/peak_obs_loss": 0.6111193511046862,
    "eval_losses/peak_imp_loss": 0.6255665213342697
  }
}
{
  "epoch": 74,
  "training_metadata_probes": {
    "training_metadata_probes/depth_count_ratio": 0.9999836683273315,
    "training_metadata_probes/runtype_mse": 0.020688703283667564,
    "training_metadata_probes/readlen_mse": 0.00013836330617778003
  }
}
{
  "epoch": 75,
  "eval_prefixed": {
    "eval_metrics/den_count_r2_gw": -0.17904836136644012,
    "eval_metrics/imp_pval_pearson_dsf1": 0.05123224795337707,
    "eval_metrics/den_pval_spearman_1obs": -0.038744608423117374,
    "eval_metrics/den_pval_r2_dsf1": -0.0838529761025477,
    "eval_metrics/imp_pval_spearman_1obs": 0.03287317071558739,
    "eval_metrics/imp_pval_spearman_dsf1": 0.044188995641998276,
    "eval_metrics/imp_count_r2_gw": -0.06322750978873923,
    "eval_metrics/imp_pval_spearman_gw": 0.044188995641998276,
    "eval_metrics/den_pval_r2_1obs": -35.81250244856917,
    "eval_metrics/den_count_spearman_gw": 0.07622919079971713,
    "eval_metrics/den_pval_pearson_1obs": -0.06097558745808017,
    "eval_metrics/imp_peak_auroc_gw": 0.5135669598800309,
    "eval_metrics/imp_pval_r2_dsf1": -0.13195789446070944,
    "eval_metrics/imp_pval_pearson_gw": 0.05123224795337707,
    "eval_metrics/den_pval_spearman_gw": 0.12271728347818894,
    "eval_metrics/den_pval_r2_gw": -0.0838529761025477,
    "eval_metrics/den_pval_spearman_dsf1": 0.12271728347818894,
    "eval_metrics/den_count_pearson_gw": 0.09487071194943335,
    "eval_metrics/den_peak_auroc_gw": 0.5404422124939374,
    "eval_metrics/imp_pval_r2_1obs": -28.56971573881491,
    "eval_metrics/imp_count_spearman_gw": -0.016014545296658914,
    "eval_metrics/den_pval_pearson_dsf1": 0.1031386224203743,
    "eval_metrics/imp_pval_pearson_1obs": 0.04800556414198899,
    "eval_metrics/imp_pval_r2_gw": -0.13195789446070944,
    "eval_metrics/den_pval_pearson_gw": 0.1031386224203743,
    "eval_metrics/imp_count_pearson_gw": 0.025016842409044445,
    "eval_losses/total_loss": 5.540360710510102,
    "eval_losses/count_obs_loss": 1.2698190659284592,
    "eval_losses/count_imp_loss": 1.8996145621178642,
    "eval_losses/pval_obs_loss": 0.9061071549199129,
    "eval_losses/pval_imp_loss": 0.801769879099632,
    "eval_losses/peak_obs_loss": 0.6085340584579267,
    "eval_losses/peak_imp_loss": 0.6231938567426469
  }
}
{
  "epoch": 75,
  "training_metadata_probes": {
    "training_metadata_probes/depth_count_ratio": 1.0000230073928833,
    "training_metadata_probes/runtype_mse": 0.0206123236566782,
    "training_metadata_probes/readlen_mse": 0.00014149153139442205
  }
}
{
  "epoch": 76,
  "eval_prefixed": {
    "eval_metrics/den_count_r2_gw": -0.20308458262988918,
    "eval_metrics/imp_pval_pearson_dsf1": 0.04423357971060637,
    "eval_metrics/den_pval_spearman_1obs": -0.031928273085462124,
    "eval_metrics/den_pval_r2_dsf1": -0.08232151694048293,
    "eval_metrics/imp_pval_spearman_1obs": 0.057395864719489514,
    "eval_metrics/imp_pval_spearman_dsf1": 0.04309441136364848,
    "eval_metrics/imp_count_r2_gw": -0.08818265732354884,
    "eval_metrics/imp_pval_spearman_gw": 0.04309441136364848,
    "eval_metrics/den_pval_r2_1obs": -27.929651792805974,
    "eval_metrics/den_count_spearman_gw": 0.07806599062023749,
    "eval_metrics/den_pval_pearson_1obs": -0.05810676247730091,
    "eval_metrics/imp_peak_auroc_gw": 0.5181162673798333,
    "eval_metrics/imp_pval_r2_dsf1": -0.14931004252451505,
    "eval_metrics/imp_pval_pearson_gw": 0.04423357971060637,
    "eval_metrics/den_pval_spearman_gw": 0.11925600123151361,
    "eval_metrics/den_pval_r2_gw": -0.08232151694048293,
    "eval_metrics/den_pval_spearman_dsf1": 0.11925600123151361,
    "eval_metrics/den_count_pearson_gw": 0.09223273994269364,
    "eval_metrics/den_peak_auroc_gw": 0.5373878532221802,
    "eval_metrics/imp_pval_r2_1obs": -33.09940386092685,
    "eval_metrics/imp_count_spearman_gw": -0.017367990560891288,
    "eval_metrics/den_pval_pearson_dsf1": 0.09637847411872108,
    "eval_metrics/imp_pval_pearson_1obs": 0.06510017030975884,
    "eval_metrics/imp_pval_r2_gw": -0.14931004252451505,
    "eval_metrics/den_pval_pearson_gw": 0.09637847411872108,
    "eval_metrics/imp_count_pearson_gw": 0.020451984742918747,
    "eval_losses/total_loss": 5.324287471998679,
    "eval_losses/count_obs_loss": 1.2122304141521454,
    "eval_losses/count_imp_loss": 1.8790767713198586,
    "eval_losses/pval_obs_loss": 0.8201108955238995,
    "eval_losses/pval_imp_loss": 0.7399007841235116,
    "eval_losses/peak_obs_loss": 0.6057350604157699,
    "eval_losses/peak_imp_loss": 0.6215310754284026
  }
}
{
  "epoch": 76,
  "training_metadata_probes": {
    "training_metadata_probes/depth_count_ratio": 1.0000494718551636,
    "training_metadata_probes/runtype_mse": 0.020965203642845154,
    "training_metadata_probes/readlen_mse": 0.00014959189866203815
  }
}
{
  "epoch": 77,
  "eval_prefixed": {
    "eval_metrics/den_count_r2_gw": -0.17315007835758553,
    "eval_metrics/imp_pval_pearson_dsf1": 0.0476507825064295,
    "eval_metrics/den_pval_spearman_1obs": -0.0468375336885652,
    "eval_metrics/den_pval_r2_dsf1": -0.07463534913528448,
    "eval_metrics/imp_pval_spearman_1obs": 0.05408851569129971,
    "eval_metrics/imp_pval_spearman_dsf1": 0.04945767405658605,
    "eval_metrics/imp_count_r2_gw": -0.08481845619426165,
    "eval_metrics/imp_pval_spearman_gw": 0.04945767405658605,
    "eval_metrics/den_pval_r2_1obs": -25.734878054524938,
    "eval_metrics/den_count_spearman_gw": 0.07902471762001222,
    "eval_metrics/den_pval_pearson_1obs": -0.0725275779504476,
    "eval_metrics/imp_peak_auroc_gw": 0.5191348333133055,
    "eval_metrics/imp_pval_r2_dsf1": -0.15149150787758142,
    "eval_metrics/imp_pval_pearson_gw": 0.0476507825064295,
    "eval_metrics/den_pval_spearman_gw": 0.12604337968290988,
    "eval_metrics/den_pval_r2_gw": -0.07463534913528448,
    "eval_metrics/den_pval_spearman_dsf1": 0.12604337968290988,
    "eval_metrics/den_count_pearson_gw": 0.09270459032038496,
    "eval_metrics/den_peak_auroc_gw": 0.5314563011650651,
    "eval_metrics/imp_pval_r2_1obs": -26.914091904791857,
    "eval_metrics/imp_count_spearman_gw": -0.015633144485892248,
    "eval_metrics/den_pval_pearson_dsf1": 0.10382896288310324,
    "eval_metrics/imp_pval_pearson_1obs": 0.05928189600522201,
    "eval_metrics/imp_pval_r2_gw": -0.15149150787758142,
    "eval_metrics/den_pval_pearson_gw": 0.10382896288310324,
    "eval_metrics/imp_count_pearson_gw": 0.019465300682188373,
    "eval_losses/total_loss": 5.273229401950774,
    "eval_losses/count_obs_loss": 1.2097651582015188,
    "eval_losses/count_imp_loss": 1.8699312124933516,
    "eval_losses/pval_obs_loss": 0.7879714156059843,
    "eval_losses/pval_imp_loss": 0.7354124713511694,
    "eval_losses/peak_obs_loss": 0.6030052931685197,
    "eval_losses/peak_imp_loss": 0.6186095329504164
  }
}
{
  "epoch": 77,
  "training_metadata_probes": {
    "training_metadata_probes/depth_count_ratio": 0.9999806880950928,
    "training_metadata_probes/runtype_mse": 0.021014878526329994,
    "training_metadata_probes/readlen_mse": 0.00015220609202515334
  }
}
{
  "epoch": 78,
  "eval_prefixed": {
    "eval_metrics/den_count_r2_gw": -0.16740979827752844,
    "eval_metrics/imp_pval_pearson_dsf1": 0.047820458922254304,
    "eval_metrics/den_pval_spearman_1obs": -0.021764789762488607,
    "eval_metrics/den_pval_r2_dsf1": -0.08491411862995181,
    "eval_metrics/imp_pval_spearman_1obs": 0.05003411286291376,
    "eval_metrics/imp_pval_spearman_dsf1": 0.046692120651621954,
    "eval_metrics/imp_count_r2_gw": -0.08138963158423315,
    "eval_metrics/imp_pval_spearman_gw": 0.046692120651621954,
    "eval_metrics/den_pval_r2_1obs": -33.223260248026556,
    "eval_metrics/den_count_spearman_gw": 0.07883827340623487,
    "eval_metrics/den_pval_pearson_1obs": -0.04961811313650718,
    "eval_metrics/imp_peak_auroc_gw": 0.4988673339519398,
    "eval_metrics/imp_pval_r2_dsf1": -0.14322437604564356,
    "eval_metrics/imp_pval_pearson_gw": 0.047820458922254304,
    "eval_metrics/den_pval_spearman_gw": 0.12024128107265829,
    "eval_metrics/den_pval_r2_gw": -0.08491411862995181,
    "eval_metrics/den_pval_spearman_dsf1": 0.12024128107265829,
    "eval_metrics/den_count_pearson_gw": 0.096719729934672,
    "eval_metrics/den_peak_auroc_gw": 0.5302986965741407,
    "eval_metrics/imp_pval_r2_1obs": -30.202239060564818,
    "eval_metrics/imp_count_spearman_gw": -0.011391889007641168,
    "eval_metrics/den_pval_pearson_dsf1": 0.1016856933374105,
    "eval_metrics/imp_pval_pearson_1obs": 0.05812925005715991,
    "eval_metrics/imp_pval_r2_gw": -0.14322437604564356,
    "eval_metrics/den_pval_pearson_gw": 0.1016856933374105,
    "eval_metrics/imp_count_pearson_gw": 0.02194073663524308,
    "eval_losses/total_loss": 5.208949943575518,
    "eval_losses/count_obs_loss": 1.1878809175993268,
    "eval_losses/count_imp_loss": 1.845013988396478,
    "eval_losses/pval_obs_loss": 0.7835863679647446,
    "eval_losses/pval_imp_loss": 0.719035647292104,
    "eval_losses/peak_obs_loss": 0.6002024631751212,
    "eval_losses/peak_imp_loss": 0.6174312342726995
  }
}
{
  "epoch": 78,
  "training_metadata_probes": {
    "training_metadata_probes/depth_count_ratio": 0.999975323677063,
    "training_metadata_probes/runtype_mse": 0.02113777957856655,
    "training_metadata_probes/readlen_mse": 0.00015992650878615677
  }
}
{
  "epoch": 79,
  "eval_prefixed": {
    "eval_metrics/den_count_r2_gw": -0.17330944414215238,
    "eval_metrics/imp_pval_pearson_dsf1": 0.047115656599450474,
    "eval_metrics/den_pval_spearman_1obs": -0.032706334284190584,
    "eval_metrics/den_pval_r2_dsf1": -0.07833283761866976,
    "eval_metrics/imp_pval_spearman_1obs": 0.05728455984011378,
    "eval_metrics/imp_pval_spearman_dsf1": 0.049121475593772994,
    "eval_metrics/imp_count_r2_gw": -0.08074854551873652,
    "eval_metrics/imp_pval_spearman_gw": 0.049121475593772994,
    "eval_metrics/den_pval_r2_1obs": -32.27180067030895,
    "eval_metrics/den_count_spearman_gw": 0.08014089493121927,
    "eval_metrics/den_pval_pearson_1obs": -0.06177248626353934,
    "eval_metrics/imp_peak_auroc_gw": 0.5271098208223829,
    "eval_metrics/imp_pval_r2_dsf1": -0.11558236536854297,
    "eval_metrics/imp_pval_pearson_gw": 0.047115656599450474,
    "eval_metrics/den_pval_spearman_gw": 0.12090936218702696,
    "eval_metrics/den_pval_r2_gw": -0.07833283761866976,
    "eval_metrics/den_pval_spearman_dsf1": 0.12090936218702696,
    "eval_metrics/den_count_pearson_gw": 0.0937390515517013,
    "eval_metrics/den_peak_auroc_gw": 0.5440856966258517,
    "eval_metrics/imp_pval_r2_1obs": -33.01251373660298,
    "eval_metrics/imp_count_spearman_gw": -0.015542849542807439,
    "eval_metrics/den_pval_pearson_dsf1": 0.0996379031566903,
    "eval_metrics/imp_pval_pearson_1obs": 0.0683521002444202,
    "eval_metrics/imp_pval_r2_gw": -0.11558236536854297,
    "eval_metrics/den_pval_pearson_gw": 0.0996379031566903,
    "eval_metrics/imp_count_pearson_gw": 0.019624518613757875,
    "eval_losses/total_loss": 5.434487177745292,
    "eval_losses/count_obs_loss": 1.2082994792022204,
    "eval_losses/count_imp_loss": 1.9195382036860027,
    "eval_losses/pval_obs_loss": 0.8509471685086426,
    "eval_losses/pval_imp_loss": 0.8179600539188536,
    "eval_losses/peak_obs_loss": 0.5964287546904463,
    "eval_losses/peak_imp_loss": 0.6147191221751864
  }
}
{
  "epoch": 79,
  "training_metadata_probes": {
    "training_metadata_probes/depth_count_ratio": 0.9999648332595825,
    "training_metadata_probes/runtype_mse": 0.020964177325367928,
    "training_metadata_probes/readlen_mse": 0.00016392196994274855
  }
}
{
  "epoch": 80,
  "eval_prefixed": {
    "eval_metrics/den_count_r2_gw": -0.16846709890945746,
    "eval_metrics/imp_pval_pearson_dsf1": 0.04650870232315298,
    "eval_metrics/den_pval_spearman_1obs": -0.04666523918530896,
    "eval_metrics/den_pval_r2_dsf1": -0.0885479424185663,
    "eval_metrics/imp_pval_spearman_1obs": 0.03731033332409397,
    "eval_metrics/imp_pval_spearman_dsf1": 0.04086041396494517,
    "eval_metrics/imp_count_r2_gw": -0.07894748793316905,
    "eval_metrics/imp_pval_spearman_gw": 0.04086041396494517,
    "eval_metrics/den_pval_r2_1obs": -26.567817572379504,
    "eval_metrics/den_count_spearman_gw": 0.07785290564066874,
    "eval_metrics/den_pval_pearson_1obs": -0.06286249681541353,
    "eval_metrics/imp_peak_auroc_gw": 0.5383245691964312,
    "eval_metrics/imp_pval_r2_dsf1": -0.14487753527027292,
    "eval_metrics/imp_pval_pearson_gw": 0.04650870232315298,
    "eval_metrics/den_pval_spearman_gw": 0.12414431427562506,
    "eval_metrics/den_pval_r2_gw": -0.0885479424185663,
    "eval_metrics/den_pval_spearman_dsf1": 0.12414431427562506,
    "eval_metrics/den_count_pearson_gw": 0.09096399994833566,
    "eval_metrics/den_peak_auroc_gw": 0.5430747153522922,
    "eval_metrics/imp_pval_r2_1obs": -37.05370906702942,
    "eval_metrics/imp_count_spearman_gw": -0.011493784078752215,
    "eval_metrics/den_pval_pearson_dsf1": 0.10175813793658132,
    "eval_metrics/imp_pval_pearson_1obs": 0.04824533927176307,
    "eval_metrics/imp_pval_r2_gw": -0.14487753527027292,
    "eval_metrics/den_pval_pearson_gw": 0.10175813793658132,
    "eval_metrics/imp_count_pearson_gw": 0.023927853090248793,
    "eval_losses/total_loss": 5.457580759190023,
    "eval_losses/count_obs_loss": 1.199186014501672,
    "eval_losses/count_imp_loss": 1.8890195119948614,
    "eval_losses/pval_obs_loss": 0.8510268393315767,
    "eval_losses/pval_imp_loss": 0.8939715054418359,
    "eval_losses/peak_obs_loss": 0.5933670056493658,
    "eval_losses/peak_imp_loss": 0.6116767345912872
  }
}
{
  "epoch": 80,
  "training_metadata_probes": {
    "training_metadata_probes/depth_count_ratio": 0.9998771548271179,
    "training_metadata_probes/runtype_mse": 0.020593509078025818,
    "training_metadata_probes/readlen_mse": 0.00016308610793203115
  }
}
{
  "epoch": 81,
  "eval_prefixed": {
    "eval_metrics/den_count_r2_gw": -0.17606838779044917,
    "eval_metrics/imp_pval_pearson_dsf1": 0.044608984789293676,
    "eval_metrics/den_pval_spearman_1obs": -0.04288754214150098,
    "eval_metrics/den_pval_r2_dsf1": -0.06511742569555919,
    "eval_metrics/imp_pval_spearman_1obs": 0.05713981423076911,
    "eval_metrics/imp_pval_spearman_dsf1": 0.04339482843169256,
    "eval_metrics/imp_count_r2_gw": -0.07938882134145175,
    "eval_metrics/imp_pval_spearman_gw": 0.04339482843169256,
    "eval_metrics/den_pval_r2_1obs": -36.47633979673564,
    "eval_metrics/den_count_spearman_gw": 0.07977263708785001,
    "eval_metrics/den_pval_pearson_1obs": -0.0605369815020822,
    "eval_metrics/imp_peak_auroc_gw": 0.5315572645709086,
    "eval_metrics/imp_pval_r2_dsf1": -0.12365988283404238,
    "eval_metrics/imp_pval_pearson_gw": 0.044608984789293676,
    "eval_metrics/den_pval_spearman_gw": 0.1276529737179361,
    "eval_metrics/den_pval_r2_gw": -0.06511742569555919,
    "eval_metrics/den_pval_spearman_dsf1": 0.1276529737179361,
    "eval_metrics/den_count_pearson_gw": 0.09355958801614561,
    "eval_metrics/den_peak_auroc_gw": 0.5456997118641237,
    "eval_metrics/imp_pval_r2_1obs": -27.259152422375028,
    "eval_metrics/imp_count_spearman_gw": -0.012641921520512996,
    "eval_metrics/den_pval_pearson_dsf1": 0.10681429916449385,
    "eval_metrics/imp_pval_pearson_1obs": 0.07257722944412971,
    "eval_metrics/imp_pval_r2_gw": -0.12365988283404238,
    "eval_metrics/den_pval_pearson_gw": 0.10681429916449385,
    "eval_metrics/imp_count_pearson_gw": 0.02267687402987605,
    "eval_losses/total_loss": 5.3854387404495165,
    "eval_losses/count_obs_loss": 1.214092184054224,
    "eval_losses/count_imp_loss": 1.8766974068823314,
    "eval_losses/pval_obs_loss": 0.8466286918050364,
    "eval_losses/pval_imp_loss": 0.8122137981274772,
    "eval_losses/peak_obs_loss": 0.5903756834174457,
    "eval_losses/peak_imp_loss": 0.6096603151351686
  }
}
{
  "epoch": 81,
  "training_metadata_probes": {
    "training_metadata_probes/depth_count_ratio": 0.9999178051948547,
    "training_metadata_probes/runtype_mse": 0.020657584071159363,
    "training_metadata_probes/readlen_mse": 0.00017316167941316962
  }
}
{
  "epoch": 82,
  "eval_prefixed": {
    "eval_metrics/den_count_r2_gw": -0.16664215799944165,
    "eval_metrics/imp_pval_pearson_dsf1": 0.04756062348984877,
    "eval_metrics/den_pval_spearman_1obs": -0.021475045960783704,
    "eval_metrics/den_pval_r2_dsf1": -0.07992189216823,
    "eval_metrics/imp_pval_spearman_1obs": 0.05151768968871002,
    "eval_metrics/imp_pval_spearman_dsf1": 0.04577384338679838,
    "eval_metrics/imp_count_r2_gw": -0.06700247731852507,
    "eval_metrics/imp_pval_spearman_gw": 0.04577384338679838,
    "eval_metrics/den_pval_r2_1obs": -19.85036752630072,
    "eval_metrics/den_count_spearman_gw": 0.08019430010641293,
    "eval_metrics/den_pval_pearson_1obs": -0.051565295228149476,
    "eval_metrics/imp_peak_auroc_gw": 0.5053105025044381,
    "eval_metrics/imp_pval_r2_dsf1": -0.13141860079933237,
    "eval_metrics/imp_pval_pearson_gw": 0.04756062348984877,
    "eval_metrics/den_pval_spearman_gw": 0.12101040404537144,
    "eval_metrics/den_pval_r2_gw": -0.07992189216823,
    "eval_metrics/den_pval_spearman_dsf1": 0.12101040404537144,
    "eval_metrics/den_count_pearson_gw": 0.0963726576707191,
    "eval_metrics/den_peak_auroc_gw": 0.540670167299621,
    "eval_metrics/imp_pval_r2_1obs": -25.78034916019909,
    "eval_metrics/imp_count_spearman_gw": -0.011778688189362327,
    "eval_metrics/den_pval_pearson_dsf1": 0.10642684056840249,
    "eval_metrics/imp_pval_pearson_1obs": 0.06568000524023933,
    "eval_metrics/imp_pval_r2_gw": -0.13141860079933237,
    "eval_metrics/den_pval_pearson_gw": 0.10642684056840249,
    "eval_metrics/imp_count_pearson_gw": 0.02150289832715071,
    "eval_losses/total_loss": 5.120283106341958,
    "eval_losses/count_obs_loss": 1.1584193933951228,
    "eval_losses/count_imp_loss": 1.8841641838588412,
    "eval_losses/pval_obs_loss": 0.7054258026182652,
    "eval_losses/pval_imp_loss": 0.7273790146859865,
    "eval_losses/peak_obs_loss": 0.587688215861195,
    "eval_losses/peak_imp_loss": 0.6079008773205772
  }
}
{
  "epoch": 82,
  "training_metadata_probes": {
    "training_metadata_probes/depth_count_ratio": 0.9998942613601685,
    "training_metadata_probes/runtype_mse": 0.0206524059176445,
    "training_metadata_probes/readlen_mse": 0.00017463500262238085
  }
}
{
  "epoch": 83,
  "eval_prefixed": {
    "eval_metrics/den_count_r2_gw": -0.12013170015013681,
    "eval_metrics/imp_pval_pearson_dsf1": 0.04164498013865557,
    "eval_metrics/den_pval_spearman_1obs": -0.05058455882801657,
    "eval_metrics/den_pval_r2_dsf1": -0.07333068627525825,
    "eval_metrics/imp_pval_spearman_1obs": 0.05482418557541894,
    "eval_metrics/imp_pval_spearman_dsf1": 0.047809497519398794,
    "eval_metrics/imp_count_r2_gw": -0.0853633220988511,
    "eval_metrics/imp_pval_spearman_gw": 0.047809497519398794,
    "eval_metrics/den_pval_r2_1obs": -25.657544151484526,
    "eval_metrics/den_count_spearman_gw": 0.0800261576050438,
    "eval_metrics/den_pval_pearson_1obs": -0.07525487810955,
    "eval_metrics/imp_peak_auroc_gw": 0.5140670465651773,
    "eval_metrics/imp_pval_r2_dsf1": -0.14577241453363532,
    "eval_metrics/imp_pval_pearson_gw": 0.04164498013865557,
    "eval_metrics/den_pval_spearman_gw": 0.12153278586946761,
    "eval_metrics/den_pval_r2_gw": -0.07333068627525825,
    "eval_metrics/den_pval_spearman_dsf1": 0.12153278586946761,
    "eval_metrics/den_count_pearson_gw": 0.09497269489044188,
    "eval_metrics/den_peak_auroc_gw": 0.534226092853637,
    "eval_metrics/imp_pval_r2_1obs": -30.936229475362403,
    "eval_metrics/imp_count_spearman_gw": -0.016038229479320498,
    "eval_metrics/den_pval_pearson_dsf1": 0.10191545377509963,
    "eval_metrics/imp_pval_pearson_1obs": 0.06811768675060381,
    "eval_metrics/imp_pval_r2_gw": -0.14577241453363532,
    "eval_metrics/den_pval_pearson_gw": 0.10191545377509963,
    "eval_metrics/imp_count_pearson_gw": 0.019834211433402426,
    "eval_losses/total_loss": 5.378699242088356,
    "eval_losses/count_obs_loss": 1.1833442175074627,
    "eval_losses/count_imp_loss": 1.8930881505920774,
    "eval_losses/pval_obs_loss": 0.799144310974761,
    "eval_losses/pval_imp_loss": 0.893334835767746,
    "eval_losses/peak_obs_loss": 0.5848024883552602,
    "eval_losses/peak_imp_loss": 0.6051170948951964
  }
}
{
  "epoch": 83,
  "training_metadata_probes": {
    "training_metadata_probes/depth_count_ratio": 0.9999144673347473,
    "training_metadata_probes/runtype_mse": 0.020798584446310997,
    "training_metadata_probes/readlen_mse": 0.0001838103635236621
  }
}
{
  "epoch": 84,
  "eval_prefixed": {
    "eval_metrics/den_count_r2_gw": -0.15013838983375863,
    "eval_metrics/imp_pval_pearson_dsf1": 0.04775998752105922,
    "eval_metrics/den_pval_spearman_1obs": -0.0457205050820443,
    "eval_metrics/den_pval_r2_dsf1": -0.07030217767738318,
    "eval_metrics/imp_pval_spearman_1obs": 0.0513324274989013,
    "eval_metrics/imp_pval_spearman_dsf1": 0.045865773116547034,
    "eval_metrics/imp_count_r2_gw": -0.07755814279366204,
    "eval_metrics/imp_pval_spearman_gw": 0.045865773116547034,
    "eval_metrics/den_pval_r2_1obs": -26.377680051532508,
    "eval_metrics/den_count_spearman_gw": 0.08112218873696043,
    "eval_metrics/den_pval_pearson_1obs": -0.06575239062045798,
    "eval_metrics/imp_peak_auroc_gw": 0.5061163912926304,
    "eval_metrics/imp_pval_r2_dsf1": -0.13335323739781643,
    "eval_metrics/imp_pval_pearson_gw": 0.04775998752105922,
    "eval_metrics/den_pval_spearman_gw": 0.12318248828197291,
    "eval_metrics/den_pval_r2_gw": -0.07030217767738318,
    "eval_metrics/den_pval_spearman_dsf1": 0.12318248828197291,
    "eval_metrics/den_count_pearson_gw": 0.09789488860252804,
    "eval_metrics/den_peak_auroc_gw": 0.5353538880540121,
    "eval_metrics/imp_pval_r2_1obs": -33.142528483448515,
    "eval_metrics/imp_count_spearman_gw": -0.008161024482548414,
    "eval_metrics/den_pval_pearson_dsf1": 0.10520304154832909,
    "eval_metrics/imp_pval_pearson_1obs": 0.06396156760664391,
    "eval_metrics/imp_pval_r2_gw": -0.13335323739781643,
    "eval_metrics/den_pval_pearson_gw": 0.10520304154832909,
    "eval_metrics/imp_count_pearson_gw": 0.024807170312597587,
    "eval_losses/total_loss": 5.308082225193319,
    "eval_losses/count_obs_loss": 1.1831822230627662,
    "eval_losses/count_imp_loss": 1.8862732998908511,
    "eval_losses/pval_obs_loss": 0.7960878488068518,
    "eval_losses/pval_imp_loss": 0.824793605577378,
    "eval_losses/peak_obs_loss": 0.5813883437137854,
    "eval_losses/peak_imp_loss": 0.6032856267596048
  }
}
{
  "epoch": 84,
  "training_metadata_probes": {
    "training_metadata_probes/depth_count_ratio": 0.9998971223831177,
    "training_metadata_probes/runtype_mse": 0.02067829854786396,
    "training_metadata_probes/readlen_mse": 0.0001798828598111868
  }
}
{
  "epoch": 85,
  "eval_prefixed": {
    "eval_metrics/den_count_r2_gw": -0.16438680789850815,
    "eval_metrics/imp_pval_pearson_dsf1": 0.04538435692422123,
    "eval_metrics/den_pval_spearman_1obs": -0.014623916078114427,
    "eval_metrics/den_pval_r2_dsf1": -0.07426254846055477,
    "eval_metrics/imp_pval_spearman_1obs": 0.051602407957627314,
    "eval_metrics/imp_pval_spearman_dsf1": 0.046922322019342905,
    "eval_metrics/imp_count_r2_gw": -0.07657023603029814,
    "eval_metrics/imp_pval_spearman_gw": 0.046922322019342905,
    "eval_metrics/den_pval_r2_1obs": -24.910754060599356,
    "eval_metrics/den_count_spearman_gw": 0.08168422642441404,
    "eval_metrics/den_pval_pearson_1obs": -0.03706182321107726,
    "eval_metrics/imp_peak_auroc_gw": 0.49683473262379524,
    "eval_metrics/imp_pval_r2_dsf1": -0.14560292561764415,
    "eval_metrics/imp_pval_pearson_gw": 0.04538435692422123,
    "eval_metrics/den_pval_spearman_gw": 0.1245047468933724,
    "eval_metrics/den_pval_r2_gw": -0.07426254846055477,
    "eval_metrics/den_pval_spearman_dsf1": 0.1245047468933724,
    "eval_metrics/den_count_pearson_gw": 0.09544537513284013,
    "eval_metrics/den_peak_auroc_gw": 0.5299384921895941,
    "eval_metrics/imp_pval_r2_1obs": -18.54353897049966,
    "eval_metrics/imp_count_spearman_gw": -0.012073521353104308,
    "eval_metrics/den_pval_pearson_dsf1": 0.10192501825574589,
    "eval_metrics/imp_pval_pearson_1obs": 0.06472284557706204,
    "eval_metrics/imp_pval_r2_gw": -0.14560292561764415,
    "eval_metrics/den_pval_pearson_gw": 0.10192501825574589,
    "eval_metrics/imp_count_pearson_gw": 0.023866484285838575,
    "eval_losses/total_loss": 5.13628758297694,
    "eval_losses/count_obs_loss": 1.1737097760564403,
    "eval_losses/count_imp_loss": 1.8415519273470318,
    "eval_losses/pval_obs_loss": 0.7537211383643904,
    "eval_losses/pval_imp_loss": 0.7306981143940773,
    "eval_losses/peak_obs_loss": 0.5784841050442896,
    "eval_losses/peak_imp_loss": 0.6008978126541017
  }
}
{
  "epoch": 85,
  "training_metadata_probes": {
    "training_metadata_probes/depth_count_ratio": 0.9998882412910461,
    "training_metadata_probes/runtype_mse": 0.020691435784101486,
    "training_metadata_probes/readlen_mse": 0.00018384968279860914
  }
}
{
  "epoch": 86,
  "eval_prefixed": {
    "eval_metrics/den_count_r2_gw": -0.13380792654559737,
    "eval_metrics/imp_pval_pearson_dsf1": 0.03764837081516383,
    "eval_metrics/den_pval_spearman_1obs": -0.03845364222885775,
    "eval_metrics/den_pval_r2_dsf1": -0.0791164376639397,
    "eval_metrics/imp_pval_spearman_1obs": 0.06955304123380494,
    "eval_metrics/imp_pval_spearman_dsf1": 0.04181577134031747,
    "eval_metrics/imp_count_r2_gw": -0.09843306657217465,
    "eval_metrics/imp_pval_spearman_gw": 0.04181577134031747,
    "eval_metrics/den_pval_r2_1obs": -25.439429242214054,
    "eval_metrics/den_count_spearman_gw": 0.0805292428298576,
    "eval_metrics/den_pval_pearson_1obs": -0.0573239167371005,
    "eval_metrics/imp_peak_auroc_gw": 0.5143938176946381,
    "eval_metrics/imp_pval_r2_dsf1": -0.1566427881115155,
    "eval_metrics/imp_pval_pearson_gw": 0.03764837081516383,
    "eval_metrics/den_pval_spearman_gw": 0.1266310549087348,
    "eval_metrics/den_pval_r2_gw": -0.0791164376639397,
    "eval_metrics/den_pval_spearman_dsf1": 0.1266310549087348,
    "eval_metrics/den_count_pearson_gw": 0.09452159952458092,
    "eval_metrics/den_peak_auroc_gw": 0.5264799508978274,
    "eval_metrics/imp_pval_r2_1obs": -37.60331668367073,
    "eval_metrics/imp_count_spearman_gw": -0.011918342563687062,
    "eval_metrics/den_pval_pearson_dsf1": 0.1026558484102823,
    "eval_metrics/imp_pval_pearson_1obs": 0.08508120436916157,
    "eval_metrics/imp_pval_r2_gw": -0.1566427881115155,
    "eval_metrics/den_pval_pearson_gw": 0.1026558484102823,
    "eval_metrics/imp_count_pearson_gw": 0.020954494980937204,
    "eval_losses/total_loss": 5.324302574497108,
    "eval_losses/count_obs_loss": 1.173948599319709,
    "eval_losses/count_imp_loss": 1.8829729859791104,
    "eval_losses/pval_obs_loss": 0.7805432765499541,
    "eval_losses/pval_imp_loss": 0.8904723238554739,
    "eval_losses/peak_obs_loss": 0.5755698006404074,
    "eval_losses/peak_imp_loss": 0.5973849798005725
  }
}
{
  "epoch": 86,
  "training_metadata_probes": {
    "training_metadata_probes/depth_count_ratio": 0.9999673962593079,
    "training_metadata_probes/runtype_mse": 0.02050883136689663,
    "training_metadata_probes/readlen_mse": 0.0001846472587203607
  }
}
{
  "epoch": 87,
  "eval_prefixed": {
    "eval_metrics/den_count_r2_gw": -0.17622814694521005,
    "eval_metrics/imp_pval_pearson_dsf1": 0.05120341220615609,
    "eval_metrics/den_pval_spearman_1obs": -0.037764912098346315,
    "eval_metrics/den_pval_r2_dsf1": -0.06594808374998101,
    "eval_metrics/imp_pval_spearman_1obs": 0.035175175075524416,
    "eval_metrics/imp_pval_spearman_dsf1": 0.05293629617031722,
    "eval_metrics/imp_count_r2_gw": -0.06641616048399063,
    "eval_metrics/imp_pval_spearman_gw": 0.05293629617031722,
    "eval_metrics/den_pval_r2_1obs": -25.52554798845408,
    "eval_metrics/den_count_spearman_gw": 0.08248893822345782,
    "eval_metrics/den_pval_pearson_1obs": -0.07137402400717531,
    "eval_metrics/imp_peak_auroc_gw": 0.5130858477610487,
    "eval_metrics/imp_pval_r2_dsf1": -0.12299555287344224,
    "eval_metrics/imp_pval_pearson_gw": 0.05120341220615609,
    "eval_metrics/den_pval_spearman_gw": 0.1268601672386148,
    "eval_metrics/den_pval_r2_gw": -0.06594808374998101,
    "eval_metrics/den_pval_spearman_dsf1": 0.1268601672386148,
    "eval_metrics/den_count_pearson_gw": 0.09641992007944186,
    "eval_metrics/den_peak_auroc_gw": 0.545602147087315,
    "eval_metrics/imp_pval_r2_1obs": -25.597865589520676,
    "eval_metrics/imp_count_spearman_gw": -0.009171706533684883,
    "eval_metrics/den_pval_pearson_dsf1": 0.10658284228319596,
    "eval_metrics/imp_pval_pearson_1obs": 0.04894925126739379,
    "eval_metrics/imp_pval_r2_gw": -0.12299555287344224,
    "eval_metrics/den_pval_pearson_gw": 0.10658284228319596,
    "eval_metrics/imp_count_pearson_gw": 0.026744808156749175,
    "eval_losses/total_loss": 5.305503557534202,
    "eval_losses/count_obs_loss": 1.2216065439738726,
    "eval_losses/count_imp_loss": 1.880088226189689,
    "eval_losses/pval_obs_loss": 0.8222698449696365,
    "eval_losses/pval_imp_loss": 0.769984183980832,
    "eval_losses/peak_obs_loss": 0.5713452238001322,
    "eval_losses/peak_imp_loss": 0.5953470787831715
  }
}
{
  "epoch": 87,
  "training_metadata_probes": {
    "training_metadata_probes/depth_count_ratio": 0.9999555349349976,
    "training_metadata_probes/runtype_mse": 0.020413191989064217,
    "training_metadata_probes/readlen_mse": 0.00018672957958187908
  }
}
{
  "epoch": 88,
  "eval_prefixed": {
    "eval_metrics/den_count_r2_gw": -0.14857811398480425,
    "eval_metrics/imp_pval_pearson_dsf1": 0.05132292828426534,
    "eval_metrics/den_pval_spearman_1obs": -0.06130096027776962,
    "eval_metrics/den_pval_r2_dsf1": -0.07965407342160939,
    "eval_metrics/imp_pval_spearman_1obs": 0.05771543335168715,
    "eval_metrics/imp_pval_spearman_dsf1": 0.04681203929609811,
    "eval_metrics/imp_count_r2_gw": -0.06275447966032413,
    "eval_metrics/imp_pval_spearman_gw": 0.04681203929609811,
    "eval_metrics/den_pval_r2_1obs": -22.8708770304933,
    "eval_metrics/den_count_spearman_gw": 0.08063030344974553,
    "eval_metrics/den_pval_pearson_1obs": -0.08103278724899467,
    "eval_metrics/imp_peak_auroc_gw": 0.5274269663057507,
    "eval_metrics/imp_pval_r2_dsf1": -0.12624836864367245,
    "eval_metrics/imp_pval_pearson_gw": 0.05132292828426534,
    "eval_metrics/den_pval_spearman_gw": 0.12712986948433577,
    "eval_metrics/den_pval_r2_gw": -0.07965407342160939,
    "eval_metrics/den_pval_spearman_dsf1": 0.12712986948433577,
    "eval_metrics/den_count_pearson_gw": 0.09361172046383696,
    "eval_metrics/den_peak_auroc_gw": 0.5313099347228166,
    "eval_metrics/imp_pval_r2_1obs": -38.02499141598214,
    "eval_metrics/imp_count_spearman_gw": -0.006618957869504975,
    "eval_metrics/den_pval_pearson_dsf1": 0.1029265810502693,
    "eval_metrics/imp_pval_pearson_1obs": 0.06862743216241518,
    "eval_metrics/imp_pval_r2_gw": -0.12624836864367245,
    "eval_metrics/den_pval_pearson_gw": 0.1029265810502693,
    "eval_metrics/imp_count_pearson_gw": 0.030746778736116424,
    "eval_losses/total_loss": 5.256097454381616,
    "eval_losses/count_obs_loss": 1.165469336666559,
    "eval_losses/count_imp_loss": 1.8860990736219618,
    "eval_losses/pval_obs_loss": 0.7520411322383505,
    "eval_losses/pval_imp_loss": 0.862629092165402,
    "eval_losses/peak_obs_loss": 0.5690241154087218,
    "eval_losses/peak_imp_loss": 0.5923318044533805
  }
}
{
  "epoch": 88,
  "training_metadata_probes": {
    "training_metadata_probes/depth_count_ratio": 0.9998968839645386,
    "training_metadata_probes/runtype_mse": 0.02041221223771572,
    "training_metadata_probes/readlen_mse": 0.00018722307868301868
  }
}
{
  "epoch": 89,
  "eval_prefixed": {
    "eval_metrics/den_count_r2_gw": -0.15708707195914928,
    "eval_metrics/imp_pval_pearson_dsf1": 0.045066234222354576,
    "eval_metrics/den_pval_spearman_1obs": -0.03378660362219059,
    "eval_metrics/den_pval_r2_dsf1": -0.06918148901432236,
    "eval_metrics/imp_pval_spearman_1obs": 0.06811631058910075,
    "eval_metrics/imp_pval_spearman_dsf1": 0.04700713456720577,
    "eval_metrics/imp_count_r2_gw": -0.0786214965936374,
    "eval_metrics/imp_pval_spearman_gw": 0.04700713456720577,
    "eval_metrics/den_pval_r2_1obs": -36.930252400204324,
    "eval_metrics/den_count_spearman_gw": 0.08395865633265431,
    "eval_metrics/den_pval_pearson_1obs": -0.05836094373922893,
    "eval_metrics/imp_peak_auroc_gw": 0.5160342015101879,
    "eval_metrics/imp_pval_r2_dsf1": -0.1308214775537271,
    "eval_metrics/imp_pval_pearson_gw": 0.045066234222354576,
    "eval_metrics/den_pval_spearman_gw": 0.12671113016434996,
    "eval_metrics/den_pval_r2_gw": -0.06918148901432236,
    "eval_metrics/den_pval_spearman_dsf1": 0.12671113016434996,
    "eval_metrics/den_count_pearson_gw": 0.09718570179278399,
    "eval_metrics/den_peak_auroc_gw": 0.5360235239961059,
    "eval_metrics/imp_pval_r2_1obs": -30.486204941648758,
    "eval_metrics/imp_count_spearman_gw": -0.005920586858708407,
    "eval_metrics/den_pval_pearson_dsf1": 0.1086097064054277,
    "eval_metrics/imp_pval_pearson_1obs": 0.08243003749983414,
    "eval_metrics/imp_pval_r2_gw": -0.1308214775537271,
    "eval_metrics/den_pval_pearson_gw": 0.1086097064054277,
    "eval_metrics/imp_count_pearson_gw": 0.02396031632942761,
    "eval_losses/total_loss": 5.326509267811688,
    "eval_losses/count_obs_loss": 1.2021162353063886,
    "eval_losses/count_imp_loss": 1.8667954367304604,
    "eval_losses/pval_obs_loss": 0.8290561931697946,
    "eval_losses/pval_imp_loss": 0.8372944597383991,
    "eval_losses/peak_obs_loss": 0.5648219056035343,
    "eval_losses/peak_imp_loss": 0.5898646267633589
  }
}
{
  "epoch": 89,
  "training_metadata_probes": {
    "training_metadata_probes/depth_count_ratio": 0.9999313354492188,
    "training_metadata_probes/runtype_mse": 0.02030838653445244,
    "training_metadata_probes/readlen_mse": 0.00018931354861706495
  }
}
slurmstepd: error: *** JOB 37341542 ON fc10901 CANCELLED AT 2026-04-26T05:41:31 DUE TO TIME LIMIT ***
