/project/6014832/mforooz/EpiDenoise/candi_venv/lib/python3.10/site-packages/pydantic/_internal/_generate_schema.py:2249: UnsupportedFieldAttributeWarning: The 'repr' attribute with value False was provided to the `Field()` function, which has no effect in the context it was used. 'repr' is field-specific metadata, and can only be attached to a model field using `Annotated` metadata or by assignment. This may have happened because an `Annotated` type alias using the `type` statement was used, or if the `Field()` function was attached to a single member of a union type.
  warnings.warn(
/project/6014832/mforooz/EpiDenoise/candi_venv/lib/python3.10/site-packages/pydantic/_internal/_generate_schema.py:2249: UnsupportedFieldAttributeWarning: The 'frozen' attribute with value True was provided to the `Field()` function, which has no effect in the context it was used. 'frozen' is field-specific metadata, and can only be attached to a model field using `Annotated` metadata or by assignment. This may have happened because an `Annotated` type alias using the `type` statement was used, or if the `Field()` function was attached to a single member of a union type.
  warnings.warn(
wandb: Currently logged in as: mforooz (mforoozz) to https://api.wandb.ai. Use `wandb login --relogin` to force relogin
wandb: WARNING Changes to your `wandb` environment variables will be ignored because your `wandb` session has already started. For more information on how to modify your settings with `wandb.init()` arguments, please refer to https://wandb.me/wandb-init.
wandb: creating run
wandb: Tracking run with wandb version 0.21.2
wandb: Run data is saved locally in /project/6014832/mforooz/EpiDenoise/wandb/run-20260426_024204-onzuh7mu
wandb: Run `wandb offline` to turn off syncing.
wandb: Syncing run baseline_type2_loci_only
wandb: ⭐️ View project at https://wandb.ai/mforoozz/candi_sandbox
wandb: 🚀 View run at https://wandb.ai/mforoozz/candi_sandbox/runs/onzuh7mu
[sandbox] Loaded canonical metadata for 8 assay types from data/eic_metadata.csv
{
  "epoch": 0,
  "eval_prefixed": {
    "eval_metrics/imp_count_r2_gw": -0.1924891873546616,
    "eval_metrics/imp_peak_auroc_gw": 0.4490680120426912,
    "eval_metrics/imp_pval_pearson_1obs": 0.010407765130078168,
    "eval_metrics/den_peak_auroc_gw": 0.4501470314650891,
    "eval_metrics/den_count_pearson_gw": -0.01134223727623114,
    "eval_metrics/den_count_spearman_gw": 0.012982332606171444,
    "eval_metrics/den_pval_pearson_1obs": -0.03536408847828984,
    "eval_metrics/imp_pval_r2_dsf1": -1.661965416177507,
    "eval_metrics/den_pval_spearman_gw": 0.008392682238383187,
    "eval_metrics/den_pval_spearman_dsf1": 0.008392682238383187,
    "eval_metrics/den_pval_pearson_gw": -0.01947864887647723,
    "eval_metrics/imp_pval_r2_gw": -1.661965416177507,
    "eval_metrics/imp_pval_r2_1obs": -25.77807202775814,
    "eval_metrics/den_pval_r2_1obs": -30.266145356508087,
    "eval_metrics/imp_pval_pearson_dsf1": 0.004015780510858998,
    "eval_metrics/den_pval_spearman_1obs": -0.010426488972243958,
    "eval_metrics/den_count_r2_gw": -0.05720349292131671,
    "eval_metrics/imp_pval_spearman_dsf1": 0.012912821045530409,
    "eval_metrics/den_pval_r2_gw": -1.4150844485092111,
    "eval_metrics/den_pval_pearson_dsf1": -0.01947864887647723,
    "eval_metrics/imp_count_spearman_gw": -0.03118414929997018,
    "eval_metrics/imp_count_pearson_gw": -0.016689254784040035,
    "eval_metrics/den_pval_r2_dsf1": -1.4150844485092111,
    "eval_metrics/imp_pval_spearman_gw": 0.012912821045530409,
    "eval_metrics/imp_pval_spearman_1obs": -0.0009331967462386955,
    "eval_metrics/imp_pval_pearson_gw": 0.004015780510858998,
    "eval_losses/total_loss": 6.888301597614038,
    "eval_losses/count_obs_loss": 1.4665400934846777,
    "eval_losses/count_imp_loss": 2.4028290935925076,
    "eval_losses/pval_obs_loss": 1.1736337369994114,
    "eval_losses/pval_imp_loss": 1.16604106766837,
    "eval_losses/peak_obs_loss": 0.7027178540041572,
    "eval_losses/peak_imp_loss": 0.7081322736210294
  }
}
{
  "epoch": 0,
  "training_metadata_probes": {
    "training_metadata_probes/depth_count_ratio": 0.9911057353019714,
    "training_metadata_probes/runtype_mse": 8.68767457973263e-09,
    "training_metadata_probes/readlen_mse": 7.7098221140659e-09
  }
}
{
  "epoch": 1,
  "eval_prefixed": {
    "eval_metrics/imp_count_r2_gw": -0.17727427605813278,
    "eval_metrics/imp_peak_auroc_gw": 0.4399726557992788,
    "eval_metrics/imp_pval_pearson_1obs": 0.004312233024624191,
    "eval_metrics/den_peak_auroc_gw": 0.45456515518922114,
    "eval_metrics/den_count_pearson_gw": -0.0013834790579015756,
    "eval_metrics/den_count_spearman_gw": 0.018338304528530233,
    "eval_metrics/den_pval_pearson_1obs": -0.03285540382708668,
    "eval_metrics/imp_pval_r2_dsf1": -1.5952488864440115,
    "eval_metrics/den_pval_spearman_gw": 0.006572141526152789,
    "eval_metrics/den_pval_spearman_dsf1": 0.006572141526152789,
    "eval_metrics/den_pval_pearson_gw": -0.001695878236205317,
    "eval_metrics/imp_pval_r2_gw": -1.5952488864440115,
    "eval_metrics/imp_pval_r2_1obs": -28.018944599220585,
    "eval_metrics/den_pval_r2_1obs": -24.93907341685297,
    "eval_metrics/imp_pval_pearson_dsf1": 0.01102721497729709,
    "eval_metrics/den_pval_spearman_1obs": -0.008122799214425637,
    "eval_metrics/den_count_r2_gw": -0.04908494384148402,
    "eval_metrics/imp_pval_spearman_dsf1": 0.017812871451283824,
    "eval_metrics/den_pval_r2_gw": -1.4808812544842884,
    "eval_metrics/den_pval_pearson_dsf1": -0.001695878236205317,
    "eval_metrics/imp_count_spearman_gw": -0.03671722814830151,
    "eval_metrics/imp_count_pearson_gw": -0.020918311991004482,
    "eval_metrics/den_pval_r2_dsf1": -1.4808812544842884,
    "eval_metrics/imp_pval_spearman_gw": 0.017812871451283824,
    "eval_metrics/imp_pval_spearman_1obs": -0.0002283784137260274,
    "eval_metrics/imp_pval_pearson_gw": 0.01102721497729709,
    "eval_losses/total_loss": 6.649046619863887,
    "eval_losses/count_obs_loss": 1.4071067893191387,
    "eval_losses/count_imp_loss": 2.216678870102716,
    "eval_losses/pval_obs_loss": 1.1626009548965253,
    "eval_losses/pval_imp_loss": 1.1640091301902893,
    "eval_losses/peak_obs_loss": 0.6968974055428254,
    "eval_losses/peak_imp_loss": 0.6997175826912835
  }
}
{
  "epoch": 1,
  "training_metadata_probes": {
    "training_metadata_probes/depth_count_ratio": 0.9927292466163635,
    "training_metadata_probes/runtype_mse": 1.6157189364207625e-08,
    "training_metadata_probes/readlen_mse": 3.34644205679524e-08
  }
}
{
  "epoch": 2,
  "eval_prefixed": {
    "eval_metrics/imp_count_r2_gw": -0.14710219157031426,
    "eval_metrics/imp_peak_auroc_gw": 0.4245213477074494,
    "eval_metrics/imp_pval_pearson_1obs": 0.008140806896710909,
    "eval_metrics/den_peak_auroc_gw": 0.4657488645004605,
    "eval_metrics/den_count_pearson_gw": 0.011808233549680537,
    "eval_metrics/den_count_spearman_gw": 0.026916338376671376,
    "eval_metrics/den_pval_pearson_1obs": -0.03000640458431965,
    "eval_metrics/imp_pval_r2_dsf1": -1.7473804813862426,
    "eval_metrics/den_pval_spearman_gw": 0.0195575021043982,
    "eval_metrics/den_pval_spearman_dsf1": 0.0195575021043982,
    "eval_metrics/den_pval_pearson_gw": 0.0037228277290188615,
    "eval_metrics/imp_pval_r2_gw": -1.7473804813862426,
    "eval_metrics/imp_pval_r2_1obs": -25.077445540015887,
    "eval_metrics/den_pval_r2_1obs": -20.30051302836368,
    "eval_metrics/imp_pval_pearson_dsf1": 0.011828439201169189,
    "eval_metrics/den_pval_spearman_1obs": -0.010166840037936211,
    "eval_metrics/den_count_r2_gw": -0.04759975176430057,
    "eval_metrics/imp_pval_spearman_dsf1": 0.026271560112443748,
    "eval_metrics/den_pval_r2_gw": -1.4042493793902466,
    "eval_metrics/den_pval_pearson_dsf1": 0.0037228277290188615,
    "eval_metrics/imp_count_spearman_gw": -0.042212158363767995,
    "eval_metrics/imp_count_pearson_gw": -0.021072992758750582,
    "eval_metrics/den_pval_r2_dsf1": -1.4042493793902466,
    "eval_metrics/imp_pval_spearman_gw": 0.026271560112443748,
    "eval_metrics/imp_pval_spearman_1obs": 0.010276008078421333,
    "eval_metrics/imp_pval_pearson_gw": 0.011828439201169189,
    "eval_losses/total_loss": 6.7532903912820315,
    "eval_losses/count_obs_loss": 1.3586336358597404,
    "eval_losses/count_imp_loss": 2.4209079486983165,
    "eval_losses/pval_obs_loss": 1.1570173251001459,
    "eval_losses/pval_imp_loss": 1.1595790253745184,
    "eval_losses/peak_obs_loss": 0.6941095935670953,
    "eval_losses/peak_imp_loss": 0.6942474321713523
  }
}
{
  "epoch": 2,
  "training_metadata_probes": {
    "training_metadata_probes/depth_count_ratio": 0.9945088028907776,
    "training_metadata_probes/runtype_mse": 3.744681720263543e-08,
    "training_metadata_probes/readlen_mse": 1.2326304954513034e-07
  }
}
{
  "epoch": 3,
  "eval_prefixed": {
    "eval_metrics/imp_count_r2_gw": -0.10189291517185133,
    "eval_metrics/imp_peak_auroc_gw": 0.43132450347425344,
    "eval_metrics/imp_pval_pearson_1obs": -0.0015279713744160881,
    "eval_metrics/den_peak_auroc_gw": 0.4602022717893949,
    "eval_metrics/den_count_pearson_gw": 0.01910196546056173,
    "eval_metrics/den_count_spearman_gw": 0.04148773077030146,
    "eval_metrics/den_pval_pearson_1obs": -0.02125596949860521,
    "eval_metrics/imp_pval_r2_dsf1": -1.638161082488281,
    "eval_metrics/den_pval_spearman_gw": 0.027484845957271197,
    "eval_metrics/den_pval_spearman_dsf1": 0.027484845957271197,
    "eval_metrics/den_pval_pearson_gw": 0.007790371996203535,
    "eval_metrics/imp_pval_r2_gw": -1.638161082488281,
    "eval_metrics/imp_pval_r2_1obs": -19.53725275308447,
    "eval_metrics/den_pval_r2_1obs": -25.510577877761214,
    "eval_metrics/imp_pval_pearson_dsf1": 0.010331830084194533,
    "eval_metrics/den_pval_spearman_1obs": -0.013419294979598229,
    "eval_metrics/den_count_r2_gw": -0.058316664598414114,
    "eval_metrics/imp_pval_spearman_dsf1": 0.028916261618582028,
    "eval_metrics/den_pval_r2_gw": -1.4550918959430839,
    "eval_metrics/den_pval_pearson_dsf1": 0.007790371996203535,
    "eval_metrics/imp_count_spearman_gw": -0.03995171120379573,
    "eval_metrics/imp_count_pearson_gw": -0.016733422231424364,
    "eval_metrics/den_pval_r2_dsf1": -1.4550918959430839,
    "eval_metrics/imp_pval_spearman_gw": 0.028916261618582028,
    "eval_metrics/imp_pval_spearman_1obs": 0.002049841407466832,
    "eval_metrics/imp_pval_pearson_gw": 0.010331830084194533,
    "eval_losses/total_loss": 6.5783545014105345,
    "eval_losses/count_obs_loss": 1.334246836210552,
    "eval_losses/count_imp_loss": 2.2559341390927634,
    "eval_losses/pval_obs_loss": 1.1524890833779384,
    "eval_losses/pval_imp_loss": 1.15219869878557,
    "eval_losses/peak_obs_loss": 0.6931717889873605,
    "eval_losses/peak_imp_loss": 0.6915807534777929
  }
}
{
  "epoch": 3,
  "training_metadata_probes": {
    "training_metadata_probes/depth_count_ratio": 0.9961256980895996,
    "training_metadata_probes/runtype_mse": 8.038207255367524e-08,
    "training_metadata_probes/readlen_mse": 3.5352911709196633e-07
  }
}
{
  "epoch": 4,
  "eval_prefixed": {
    "eval_metrics/imp_count_r2_gw": -0.08985050314504173,
    "eval_metrics/imp_peak_auroc_gw": 0.43271258367091575,
    "eval_metrics/imp_pval_pearson_1obs": -0.003456591192396387,
    "eval_metrics/den_peak_auroc_gw": 0.47323262290810275,
    "eval_metrics/den_count_pearson_gw": 0.024107219352644232,
    "eval_metrics/den_count_spearman_gw": 0.04807458194473331,
    "eval_metrics/den_pval_pearson_1obs": -0.010755903706395705,
    "eval_metrics/imp_pval_r2_dsf1": -1.6108715434751146,
    "eval_metrics/den_pval_spearman_gw": 0.03152729951940727,
    "eval_metrics/den_pval_spearman_dsf1": 0.03152729951940727,
    "eval_metrics/den_pval_pearson_gw": 0.010474476962898686,
    "eval_metrics/imp_pval_r2_gw": -1.6108715434751146,
    "eval_metrics/imp_pval_r2_1obs": -23.445770680943276,
    "eval_metrics/den_pval_r2_1obs": -24.464954072531977,
    "eval_metrics/imp_pval_pearson_dsf1": 0.010307770373141725,
    "eval_metrics/den_pval_spearman_1obs": -0.011582260955322972,
    "eval_metrics/den_count_r2_gw": -0.07143246961918917,
    "eval_metrics/imp_pval_spearman_dsf1": 0.029877498393302143,
    "eval_metrics/den_pval_r2_gw": -1.405932919402176,
    "eval_metrics/den_pval_pearson_dsf1": 0.010474476962898686,
    "eval_metrics/imp_count_spearman_gw": -0.04001447746971022,
    "eval_metrics/imp_count_pearson_gw": -0.018638540665195914,
    "eval_metrics/den_pval_r2_dsf1": -1.405932919402176,
    "eval_metrics/imp_pval_spearman_gw": 0.029877498393302143,
    "eval_metrics/imp_pval_spearman_1obs": 0.003913065612773833,
    "eval_metrics/imp_pval_pearson_gw": 0.010307770373141725,
    "eval_losses/total_loss": 6.443219427215426,
    "eval_losses/count_obs_loss": 1.350770367603553,
    "eval_losses/count_imp_loss": 2.0675937438768055,
    "eval_losses/pval_obs_loss": 1.159570979444604,
    "eval_losses/pval_imp_loss": 1.1520714475995018,
    "eval_losses/peak_obs_loss": 0.6926673329190204,
    "eval_losses/peak_imp_loss": 0.6891604718707857
  }
}
{
  "epoch": 4,
  "training_metadata_probes": {
    "training_metadata_probes/depth_count_ratio": 0.9975590109825134,
    "training_metadata_probes/runtype_mse": 1.6816430559174478e-07,
    "training_metadata_probes/readlen_mse": 8.372637125830806e-07
  }
}
{
  "epoch": 5,
  "eval_prefixed": {
    "eval_metrics/imp_count_r2_gw": -0.10549511516957094,
    "eval_metrics/imp_peak_auroc_gw": 0.42868993633929775,
    "eval_metrics/imp_pval_pearson_1obs": 0.022223949428677323,
    "eval_metrics/den_peak_auroc_gw": 0.48836908518279715,
    "eval_metrics/den_count_pearson_gw": 0.031391289515771574,
    "eval_metrics/den_count_spearman_gw": 0.04903412494848316,
    "eval_metrics/den_pval_pearson_1obs": -0.009361110419281192,
    "eval_metrics/imp_pval_r2_dsf1": -1.700560842923011,
    "eval_metrics/den_pval_spearman_gw": 0.03378131437416586,
    "eval_metrics/den_pval_spearman_dsf1": 0.03378131437416586,
    "eval_metrics/den_pval_pearson_gw": 0.014794880723409159,
    "eval_metrics/imp_pval_r2_gw": -1.700560842923011,
    "eval_metrics/imp_pval_r2_1obs": -17.33912341289614,
    "eval_metrics/den_pval_r2_1obs": -24.11292385859783,
    "eval_metrics/imp_pval_pearson_dsf1": 0.010725576550381475,
    "eval_metrics/den_pval_spearman_1obs": -0.009673804217975169,
    "eval_metrics/den_count_r2_gw": -0.06861568943004467,
    "eval_metrics/imp_pval_spearman_dsf1": 0.03445410125391352,
    "eval_metrics/den_pval_r2_gw": -1.3331864728724738,
    "eval_metrics/den_pval_pearson_dsf1": 0.014794880723409159,
    "eval_metrics/imp_count_spearman_gw": -0.04157262805897082,
    "eval_metrics/imp_count_pearson_gw": -0.016478993992749897,
    "eval_metrics/den_pval_r2_dsf1": -1.3331864728724738,
    "eval_metrics/imp_pval_spearman_gw": 0.03445410125391352,
    "eval_metrics/imp_pval_spearman_1obs": 0.02792102295297767,
    "eval_metrics/imp_pval_pearson_gw": 0.010725576550381475,
    "eval_losses/total_loss": 6.390012814810402,
    "eval_losses/count_obs_loss": 1.3080529460781498,
    "eval_losses/count_imp_loss": 2.076795282818022,
    "eval_losses/pval_obs_loss": 1.148758739233017,
    "eval_losses/pval_imp_loss": 1.1450494830570523,
    "eval_losses/peak_obs_loss": 0.6925530912060487,
    "eval_losses/peak_imp_loss": 0.6875084231770228
  }
}
{
  "epoch": 5,
  "training_metadata_probes": {
    "training_metadata_probes/depth_count_ratio": 0.9987828731536865,
    "training_metadata_probes/runtype_mse": 3.274059849900368e-07,
    "training_metadata_probes/readlen_mse": 1.8019218259723857e-06
  }
}
{
  "epoch": 6,
  "eval_prefixed": {
    "eval_metrics/imp_count_r2_gw": -0.0869869388812663,
    "eval_metrics/imp_peak_auroc_gw": 0.4390555515724904,
    "eval_metrics/imp_pval_pearson_1obs": 0.019395583965224287,
    "eval_metrics/den_peak_auroc_gw": 0.4920700437785826,
    "eval_metrics/den_count_pearson_gw": 0.03663557904809223,
    "eval_metrics/den_count_spearman_gw": 0.04637643293960415,
    "eval_metrics/den_pval_pearson_1obs": -0.01090258691999081,
    "eval_metrics/imp_pval_r2_dsf1": -1.959184612391395,
    "eval_metrics/den_pval_spearman_gw": 0.035864211350295216,
    "eval_metrics/den_pval_spearman_dsf1": 0.035864211350295216,
    "eval_metrics/den_pval_pearson_gw": 0.017475154866635995,
    "eval_metrics/imp_pval_r2_gw": -1.959184612391395,
    "eval_metrics/imp_pval_r2_1obs": -13.523939603762624,
    "eval_metrics/den_pval_r2_1obs": -23.165476084333374,
    "eval_metrics/imp_pval_pearson_dsf1": 0.012163247814261547,
    "eval_metrics/den_pval_spearman_1obs": -0.01749774751605266,
    "eval_metrics/den_count_r2_gw": -0.08338814097625043,
    "eval_metrics/imp_pval_spearman_dsf1": 0.02910366992043405,
    "eval_metrics/den_pval_r2_gw": -1.3134714450171625,
    "eval_metrics/den_pval_pearson_dsf1": 0.017475154866635995,
    "eval_metrics/imp_count_spearman_gw": -0.04360441471782698,
    "eval_metrics/imp_count_pearson_gw": -0.014017262166672727,
    "eval_metrics/den_pval_r2_dsf1": -1.3134714450171625,
    "eval_metrics/imp_pval_spearman_gw": 0.02910366992043405,
    "eval_metrics/imp_pval_spearman_1obs": 0.027827927217383103,
    "eval_metrics/imp_pval_pearson_gw": 0.012163247814261547,
    "eval_losses/total_loss": 6.297664121577614,
    "eval_losses/count_obs_loss": 1.308388472387665,
    "eval_losses/count_imp_loss": 1.9755986295049153,
    "eval_losses/pval_obs_loss": 1.1497821070645984,
    "eval_losses/pval_imp_loss": 1.1341068706815205,
    "eval_losses/peak_obs_loss": 0.6927332619303151,
    "eval_losses/peak_imp_loss": 0.6863862663980514
  }
}
{
  "epoch": 6,
  "training_metadata_probes": {
    "training_metadata_probes/depth_count_ratio": 1.0000683069229126,
    "training_metadata_probes/runtype_mse": 6.222650199561031e-07,
    "training_metadata_probes/readlen_mse": 3.41769668921188e-06
  }
}
{
  "epoch": 7,
  "eval_prefixed": {
    "eval_metrics/imp_count_r2_gw": -0.06425766953804847,
    "eval_metrics/imp_peak_auroc_gw": 0.4406085067251826,
    "eval_metrics/imp_pval_pearson_1obs": 0.022828453193633035,
    "eval_metrics/den_peak_auroc_gw": 0.4947663533170422,
    "eval_metrics/den_count_pearson_gw": 0.04038779627884842,
    "eval_metrics/den_count_spearman_gw": 0.04422660033437616,
    "eval_metrics/den_pval_pearson_1obs": -0.012730343047511078,
    "eval_metrics/imp_pval_r2_dsf1": -1.5947460368661497,
    "eval_metrics/den_pval_spearman_gw": 0.03790161189067787,
    "eval_metrics/den_pval_spearman_dsf1": 0.03790161189067787,
    "eval_metrics/den_pval_pearson_gw": 0.018734039961265426,
    "eval_metrics/imp_pval_r2_gw": -1.5947460368661497,
    "eval_metrics/imp_pval_r2_1obs": -23.40235607057862,
    "eval_metrics/den_pval_r2_1obs": -26.810041979195024,
    "eval_metrics/imp_pval_pearson_dsf1": 0.013887717517920665,
    "eval_metrics/den_pval_spearman_1obs": -0.022301582456854416,
    "eval_metrics/den_count_r2_gw": -0.09363113314378577,
    "eval_metrics/imp_pval_spearman_dsf1": 0.04064807836124033,
    "eval_metrics/den_pval_r2_gw": -1.2669661455886398,
    "eval_metrics/den_pval_pearson_dsf1": 0.018734039961265426,
    "eval_metrics/imp_count_spearman_gw": -0.03657766887518752,
    "eval_metrics/imp_count_pearson_gw": -0.00968895734025402,
    "eval_metrics/den_pval_r2_dsf1": -1.2669661455886398,
    "eval_metrics/imp_pval_spearman_gw": 0.04064807836124033,
    "eval_metrics/imp_pval_spearman_1obs": 0.03160191548139049,
    "eval_metrics/imp_pval_pearson_gw": 0.013887717517920665,
    "eval_losses/total_loss": 6.265701071996438,
    "eval_losses/count_obs_loss": 1.3220857452405126,
    "eval_losses/count_imp_loss": 1.927997248513358,
    "eval_losses/pval_obs_loss": 1.1400453495351892,
    "eval_losses/pval_imp_loss": 1.1389607228930034,
    "eval_losses/peak_obs_loss": 0.6926423522986864,
    "eval_losses/peak_imp_loss": 0.6859070999281747
  }
}
{
  "epoch": 7,
  "training_metadata_probes": {
    "training_metadata_probes/depth_count_ratio": 1.0013970136642456,
    "training_metadata_probes/runtype_mse": 1.0661585747584468e-06,
    "training_metadata_probes/readlen_mse": 5.786545898445183e-06
  }
}
{
  "epoch": 8,
  "eval_prefixed": {
    "eval_metrics/imp_count_r2_gw": -0.07657215493125154,
    "eval_metrics/imp_peak_auroc_gw": 0.45838027543757914,
    "eval_metrics/imp_pval_pearson_1obs": 0.019036360199577988,
    "eval_metrics/den_peak_auroc_gw": 0.5014364961426321,
    "eval_metrics/den_count_pearson_gw": 0.04705619300191182,
    "eval_metrics/den_count_spearman_gw": 0.044940467203074055,
    "eval_metrics/den_pval_pearson_1obs": -0.010936249963522545,
    "eval_metrics/imp_pval_r2_dsf1": -1.317259003089966,
    "eval_metrics/den_pval_spearman_gw": 0.04290588343396592,
    "eval_metrics/den_pval_spearman_dsf1": 0.04290588343396592,
    "eval_metrics/den_pval_pearson_gw": 0.019974586342450015,
    "eval_metrics/imp_pval_r2_gw": -1.317259003089966,
    "eval_metrics/imp_pval_r2_1obs": -29.957458913841762,
    "eval_metrics/den_pval_r2_1obs": -28.54119807336018,
    "eval_metrics/imp_pval_pearson_dsf1": 0.013837978832025472,
    "eval_metrics/den_pval_spearman_1obs": -0.018921993544802222,
    "eval_metrics/den_count_r2_gw": -0.09481253312186794,
    "eval_metrics/imp_pval_spearman_dsf1": 0.03342606441908545,
    "eval_metrics/den_pval_r2_gw": -1.181684430075925,
    "eval_metrics/den_pval_pearson_dsf1": 0.019974586342450015,
    "eval_metrics/imp_count_spearman_gw": -0.03568495927573388,
    "eval_metrics/imp_count_pearson_gw": -0.009528952276533735,
    "eval_metrics/den_pval_r2_dsf1": -1.181684430075925,
    "eval_metrics/imp_pval_spearman_gw": 0.03342606441908545,
    "eval_metrics/imp_pval_spearman_1obs": 0.02996631921073852,
    "eval_metrics/imp_pval_pearson_gw": 0.013837978832025472,
    "eval_losses/total_loss": 6.335444328816314,
    "eval_losses/count_obs_loss": 1.3514504934612073,
    "eval_losses/count_imp_loss": 1.9910942808030143,
    "eval_losses/pval_obs_loss": 1.1358081792530261,
    "eval_losses/pval_imp_loss": 1.130205716405596,
    "eval_losses/peak_obs_loss": 0.6926392403088117,
    "eval_losses/peak_imp_loss": 0.6853909170816815
  }
}
{
  "epoch": 8,
  "training_metadata_probes": {
    "training_metadata_probes/depth_count_ratio": 1.002640962600708,
    "training_metadata_probes/runtype_mse": 1.936655280587729e-06,
    "training_metadata_probes/readlen_mse": 9.376508387504146e-06
  }
}
{
  "epoch": 9,
  "eval_prefixed": {
    "eval_metrics/imp_count_r2_gw": -0.06961745172704283,
    "eval_metrics/imp_peak_auroc_gw": 0.4593750346766409,
    "eval_metrics/imp_pval_pearson_1obs": 0.02492674177009908,
    "eval_metrics/den_peak_auroc_gw": 0.4951036402073646,
    "eval_metrics/den_count_pearson_gw": 0.05331065331120044,
    "eval_metrics/den_count_spearman_gw": 0.049742056854538814,
    "eval_metrics/den_pval_pearson_1obs": -0.006031287173084964,
    "eval_metrics/imp_pval_r2_dsf1": -1.281008800718166,
    "eval_metrics/den_pval_spearman_gw": 0.04622505350446878,
    "eval_metrics/den_pval_spearman_dsf1": 0.04622505350446878,
    "eval_metrics/den_pval_pearson_gw": 0.02174713562386674,
    "eval_metrics/imp_pval_r2_gw": -1.281008800718166,
    "eval_metrics/imp_pval_r2_1obs": -21.971441833548518,
    "eval_metrics/den_pval_r2_1obs": -25.315173976321912,
    "eval_metrics/imp_pval_pearson_dsf1": 0.01623313186927777,
    "eval_metrics/den_pval_spearman_1obs": -0.017019325976522462,
    "eval_metrics/den_count_r2_gw": -0.09595143970517443,
    "eval_metrics/imp_pval_spearman_dsf1": 0.03576167924555177,
    "eval_metrics/den_pval_r2_gw": -1.1196256435496266,
    "eval_metrics/den_pval_pearson_dsf1": 0.02174713562386674,
    "eval_metrics/imp_count_spearman_gw": -0.029960699929653053,
    "eval_metrics/imp_count_pearson_gw": -0.010431561546514758,
    "eval_metrics/den_pval_r2_dsf1": -1.1196256435496266,
    "eval_metrics/imp_pval_spearman_gw": 0.03576167924555177,
    "eval_metrics/imp_pval_spearman_1obs": 0.04011692731355543,
    "eval_metrics/imp_pval_pearson_gw": 0.01623313186927777,
    "eval_losses/total_loss": 6.12268745193356,
    "eval_losses/count_obs_loss": 1.2691324431645243,
    "eval_losses/count_imp_loss": 1.8984624838072157,
    "eval_losses/pval_obs_loss": 1.1044268780633022,
    "eval_losses/pval_imp_loss": 1.1030175496661474,
    "eval_losses/peak_obs_loss": 0.6931297128137789,
    "eval_losses/peak_imp_loss": 0.6851212325550261
  }
}
{
  "epoch": 9,
  "training_metadata_probes": {
    "training_metadata_probes/depth_count_ratio": 1.0041099786758423,
    "training_metadata_probes/runtype_mse": 3.6666338019131217e-06,
    "training_metadata_probes/readlen_mse": 1.3009952454012819e-05
  }
}
{
  "epoch": 10,
  "eval_prefixed": {
    "eval_metrics/imp_count_r2_gw": -0.07957445070644754,
    "eval_metrics/imp_peak_auroc_gw": 0.4404318226037516,
    "eval_metrics/imp_pval_pearson_1obs": 0.02954919095195475,
    "eval_metrics/den_peak_auroc_gw": 0.500137206516246,
    "eval_metrics/den_count_pearson_gw": 0.054561868707471727,
    "eval_metrics/den_count_spearman_gw": 0.04974932482588118,
    "eval_metrics/den_pval_pearson_1obs": -0.002965497588248629,
    "eval_metrics/imp_pval_r2_dsf1": -1.336177945853497,
    "eval_metrics/den_pval_spearman_gw": 0.05076589787469549,
    "eval_metrics/den_pval_spearman_dsf1": 0.05076589787469549,
    "eval_metrics/den_pval_pearson_gw": 0.02264189504172751,
    "eval_metrics/imp_pval_r2_gw": -1.336177945853497,
    "eval_metrics/imp_pval_r2_1obs": -23.66463316341749,
    "eval_metrics/den_pval_r2_1obs": -24.70162860434201,
    "eval_metrics/imp_pval_pearson_dsf1": 0.01830696976523743,
    "eval_metrics/den_pval_spearman_1obs": -0.014864109216603433,
    "eval_metrics/den_count_r2_gw": -0.14000066006083184,
    "eval_metrics/imp_pval_spearman_dsf1": 0.03695036322585519,
    "eval_metrics/den_pval_r2_gw": -1.200837196898922,
    "eval_metrics/den_pval_pearson_dsf1": 0.02264189504172751,
    "eval_metrics/imp_count_spearman_gw": -0.03442378625882709,
    "eval_metrics/imp_count_pearson_gw": -0.010966097474761589,
    "eval_metrics/den_pval_r2_dsf1": -1.200837196898922,
    "eval_metrics/imp_pval_spearman_gw": 0.03695036322585519,
    "eval_metrics/imp_pval_spearman_1obs": 0.05064776850110845,
    "eval_metrics/imp_pval_pearson_gw": 0.01830696976523743,
    "eval_losses/total_loss": 6.184315224227152,
    "eval_losses/count_obs_loss": 1.3165673542963832,
    "eval_losses/count_imp_loss": 1.9805562117743114,
    "eval_losses/pval_obs_loss": 1.0781317949295044,
    "eval_losses/pval_imp_loss": 1.0700978277221558,
    "eval_losses/peak_obs_loss": 0.6933510625048688,
    "eval_losses/peak_imp_loss": 0.6845228009753757
  }
}
{
  "epoch": 10,
  "training_metadata_probes": {
    "training_metadata_probes/depth_count_ratio": 1.0055993795394897,
    "training_metadata_probes/runtype_mse": 6.395664058800321e-06,
    "training_metadata_probes/readlen_mse": 1.838855132518802e-05
  }
}
{
  "epoch": 11,
  "eval_prefixed": {
    "eval_metrics/imp_count_r2_gw": -0.08326474420078381,
    "eval_metrics/imp_peak_auroc_gw": 0.44149181059626463,
    "eval_metrics/imp_pval_pearson_1obs": 0.03881952016349209,
    "eval_metrics/den_peak_auroc_gw": 0.4831158143322543,
    "eval_metrics/den_count_pearson_gw": 0.06001758872968678,
    "eval_metrics/den_count_spearman_gw": 0.05052512754152725,
    "eval_metrics/den_pval_pearson_1obs": -0.0026884188018333303,
    "eval_metrics/imp_pval_r2_dsf1": -1.0401681439947505,
    "eval_metrics/den_pval_spearman_gw": 0.05475504118681713,
    "eval_metrics/den_pval_spearman_dsf1": 0.05475504118681713,
    "eval_metrics/den_pval_pearson_gw": 0.024653300544167377,
    "eval_metrics/imp_pval_r2_gw": -1.0401681439947505,
    "eval_metrics/imp_pval_r2_1obs": -26.931051527143726,
    "eval_metrics/den_pval_r2_1obs": -31.674994771295054,
    "eval_metrics/imp_pval_pearson_dsf1": 0.021772099978527023,
    "eval_metrics/den_pval_spearman_1obs": -0.01552636088465283,
    "eval_metrics/den_count_r2_gw": -0.13373802202670557,
    "eval_metrics/imp_pval_spearman_dsf1": 0.036246585929862095,
    "eval_metrics/den_pval_r2_gw": -1.2117545815276989,
    "eval_metrics/den_pval_pearson_dsf1": 0.024653300544167377,
    "eval_metrics/imp_count_spearman_gw": -0.030597505194438445,
    "eval_metrics/imp_count_pearson_gw": -0.009869128638427586,
    "eval_metrics/den_pval_r2_dsf1": -1.2117545815276989,
    "eval_metrics/imp_pval_spearman_gw": 0.036246585929862095,
    "eval_metrics/imp_pval_spearman_1obs": 0.05840110198994431,
    "eval_metrics/imp_pval_pearson_gw": 0.021772099978527023,
    "eval_losses/total_loss": 6.081163676945787,
    "eval_losses/count_obs_loss": 1.2714536119448512,
    "eval_losses/count_imp_loss": 1.9948268021856035,
    "eval_losses/pval_obs_loss": 1.0329871216886921,
    "eval_losses/pval_imp_loss": 1.0422043185385446,
    "eval_losses/peak_obs_loss": 0.6933394105810868,
    "eval_losses/peak_imp_loss": 0.6826061568562947
  }
}
{
  "epoch": 11,
  "training_metadata_probes": {
    "training_metadata_probes/depth_count_ratio": 1.0072101354599,
    "training_metadata_probes/runtype_mse": 1.341503593721427e-05,
    "training_metadata_probes/readlen_mse": 1.3945208593213465e-05
  }
}
{
  "epoch": 12,
  "eval_prefixed": {
    "eval_metrics/imp_count_r2_gw": -0.08635928076913665,
    "eval_metrics/imp_peak_auroc_gw": 0.4562431805831346,
    "eval_metrics/imp_pval_pearson_1obs": 0.04136511378104813,
    "eval_metrics/den_peak_auroc_gw": 0.4871195995337602,
    "eval_metrics/den_count_pearson_gw": 0.0604254912141426,
    "eval_metrics/den_count_spearman_gw": 0.051179603126210435,
    "eval_metrics/den_pval_pearson_1obs": -0.002254788692784802,
    "eval_metrics/imp_pval_r2_dsf1": -1.1541354980475587,
    "eval_metrics/den_pval_spearman_gw": 0.055476581840748725,
    "eval_metrics/den_pval_spearman_dsf1": 0.055476581840748725,
    "eval_metrics/den_pval_pearson_gw": 0.02600572736915446,
    "eval_metrics/imp_pval_r2_gw": -1.1541354980475587,
    "eval_metrics/imp_pval_r2_1obs": -27.230405945259314,
    "eval_metrics/den_pval_r2_1obs": -24.865414011379045,
    "eval_metrics/imp_pval_pearson_dsf1": 0.023488217627071584,
    "eval_metrics/den_pval_spearman_1obs": -0.027489877592043917,
    "eval_metrics/den_count_r2_gw": -0.13360498674278476,
    "eval_metrics/imp_pval_spearman_dsf1": 0.03547553067887475,
    "eval_metrics/den_pval_r2_gw": -0.8968152403050059,
    "eval_metrics/den_pval_pearson_dsf1": 0.02600572736915446,
    "eval_metrics/imp_count_spearman_gw": -0.03003629606427416,
    "eval_metrics/imp_count_pearson_gw": -0.010131525080872788,
    "eval_metrics/den_pval_r2_dsf1": -0.8968152403050059,
    "eval_metrics/imp_pval_spearman_gw": 0.03547553067887475,
    "eval_metrics/imp_pval_spearman_1obs": 0.05806659507176168,
    "eval_metrics/imp_pval_pearson_gw": 0.023488217627071584,
    "eval_losses/total_loss": 6.106521232347739,
    "eval_losses/count_obs_loss": 1.3325865268707275,
    "eval_losses/count_imp_loss": 2.0207502841949463,
    "eval_losses/pval_obs_loss": 1.0117291157182895,
    "eval_losses/pval_imp_loss": 1.000671174791124,
    "eval_losses/peak_obs_loss": 0.6924974518386942,
    "eval_losses/peak_imp_loss": 0.6817185169174558
  }
}
{
  "epoch": 12,
  "training_metadata_probes": {
    "training_metadata_probes/depth_count_ratio": 1.0090429782867432,
    "training_metadata_probes/runtype_mse": 2.5562900191289373e-05,
    "training_metadata_probes/readlen_mse": 1.2781828445440624e-05
  }
}
{
  "epoch": 13,
  "eval_prefixed": {
    "eval_metrics/imp_count_r2_gw": -0.07447401009743317,
    "eval_metrics/imp_peak_auroc_gw": 0.4439152248410434,
    "eval_metrics/imp_pval_pearson_1obs": 0.034372802155779765,
    "eval_metrics/den_peak_auroc_gw": 0.487616021705073,
    "eval_metrics/den_count_pearson_gw": 0.05772198328754472,
    "eval_metrics/den_count_spearman_gw": 0.04872902821279784,
    "eval_metrics/den_pval_pearson_1obs": 0.00044060157128306425,
    "eval_metrics/imp_pval_r2_dsf1": -0.9040573267883876,
    "eval_metrics/den_pval_spearman_gw": 0.060195556003441675,
    "eval_metrics/den_pval_spearman_dsf1": 0.060195556003441675,
    "eval_metrics/den_pval_pearson_gw": 0.028724057489613954,
    "eval_metrics/imp_pval_r2_gw": -0.9040573267883876,
    "eval_metrics/imp_pval_r2_1obs": -25.320760728478355,
    "eval_metrics/den_pval_r2_1obs": -29.74524129289313,
    "eval_metrics/imp_pval_pearson_dsf1": 0.026311000134603725,
    "eval_metrics/den_pval_spearman_1obs": -0.023062684434346017,
    "eval_metrics/den_count_r2_gw": -0.15657584784746403,
    "eval_metrics/imp_pval_spearman_dsf1": 0.03251242778387779,
    "eval_metrics/den_pval_r2_gw": -0.9089813193195101,
    "eval_metrics/den_pval_pearson_dsf1": 0.028724057489613954,
    "eval_metrics/imp_count_spearman_gw": -0.029893033812872595,
    "eval_metrics/imp_count_pearson_gw": -0.008070779444154588,
    "eval_metrics/den_pval_r2_dsf1": -0.9089813193195101,
    "eval_metrics/imp_pval_spearman_gw": 0.03251242778387779,
    "eval_metrics/imp_pval_spearman_1obs": 0.05320793885204273,
    "eval_metrics/imp_pval_pearson_gw": 0.026311000134603725,
    "eval_losses/total_loss": 6.171594644063397,
    "eval_losses/count_obs_loss": 1.359398318748725,
    "eval_losses/count_imp_loss": 2.0786193599776617,
    "eval_losses/pval_obs_loss": 1.0007689501109875,
    "eval_losses/pval_imp_loss": 1.0016996321224032,
    "eval_losses/peak_obs_loss": 0.6925645690215262,
    "eval_losses/peak_imp_loss": 0.6821186788498409
  }
}
{
  "epoch": 13,
  "training_metadata_probes": {
    "training_metadata_probes/depth_count_ratio": 1.0108184814453125,
    "training_metadata_probes/runtype_mse": 4.920582068734802e-05,
    "training_metadata_probes/readlen_mse": 1.231515398103511e-05
  }
}
{
  "epoch": 14,
  "eval_prefixed": {
    "eval_metrics/imp_count_r2_gw": -0.09138838671738803,
    "eval_metrics/imp_peak_auroc_gw": 0.43969883591594144,
    "eval_metrics/imp_pval_pearson_1obs": 0.054867258261866586,
    "eval_metrics/den_peak_auroc_gw": 0.48282234478453845,
    "eval_metrics/den_count_pearson_gw": 0.058929851645835266,
    "eval_metrics/den_count_spearman_gw": 0.051491758594080325,
    "eval_metrics/den_pval_pearson_1obs": 0.0039698775239422075,
    "eval_metrics/imp_pval_r2_dsf1": -1.067579867526822,
    "eval_metrics/den_pval_spearman_gw": 0.058840338599776665,
    "eval_metrics/den_pval_spearman_dsf1": 0.058840338599776665,
    "eval_metrics/den_pval_pearson_gw": 0.030686231994829876,
    "eval_metrics/imp_pval_r2_gw": -1.067579867526822,
    "eval_metrics/imp_pval_r2_1obs": -23.205810299421582,
    "eval_metrics/den_pval_r2_1obs": -29.933276760998208,
    "eval_metrics/imp_pval_pearson_dsf1": 0.025976280781111517,
    "eval_metrics/den_pval_spearman_1obs": -0.025671899505418413,
    "eval_metrics/den_count_r2_gw": -0.19525444708122833,
    "eval_metrics/imp_pval_spearman_dsf1": 0.03399741046533995,
    "eval_metrics/den_pval_r2_gw": -0.9935508146016045,
    "eval_metrics/den_pval_pearson_dsf1": 0.030686231994829876,
    "eval_metrics/imp_count_spearman_gw": -0.028440378207458917,
    "eval_metrics/imp_count_pearson_gw": -0.0068192916602591086,
    "eval_metrics/den_pval_r2_dsf1": -0.9935508146016045,
    "eval_metrics/imp_pval_spearman_gw": 0.03399741046533995,
    "eval_metrics/imp_pval_spearman_1obs": 0.06922316769585334,
    "eval_metrics/imp_pval_pearson_gw": 0.025976280781111517,
    "eval_losses/total_loss": 6.0952556721474,
    "eval_losses/count_obs_loss": 1.3907566956783597,
    "eval_losses/count_imp_loss": 2.0077009560569885,
    "eval_losses/pval_obs_loss": 0.9874953909924156,
    "eval_losses/pval_imp_loss": 0.9588991507651314,
    "eval_losses/peak_obs_loss": 0.6922405573882555,
    "eval_losses/peak_imp_loss": 0.6823203715067061
  }
}
{
  "epoch": 14,
  "training_metadata_probes": {
    "training_metadata_probes/depth_count_ratio": 1.0125781297683716,
    "training_metadata_probes/runtype_mse": 6.262427632464096e-05,
    "training_metadata_probes/readlen_mse": 1.238688582816394e-05
  }
}
{
  "epoch": 15,
  "eval_prefixed": {
    "eval_metrics/imp_count_r2_gw": -0.08881767589615631,
    "eval_metrics/imp_peak_auroc_gw": 0.4548309625329449,
    "eval_metrics/imp_pval_pearson_1obs": 0.06013749302956202,
    "eval_metrics/den_peak_auroc_gw": 0.48064592484746055,
    "eval_metrics/den_count_pearson_gw": 0.060234883110847716,
    "eval_metrics/den_count_spearman_gw": 0.05172084536595001,
    "eval_metrics/den_pval_pearson_1obs": -0.0011633088158640404,
    "eval_metrics/imp_pval_r2_dsf1": -0.9909626863252798,
    "eval_metrics/den_pval_spearman_gw": 0.06225952707047439,
    "eval_metrics/den_pval_spearman_dsf1": 0.06225952707047439,
    "eval_metrics/den_pval_pearson_gw": 0.03181305786251629,
    "eval_metrics/imp_pval_r2_gw": -0.9909626863252798,
    "eval_metrics/imp_pval_r2_1obs": -26.289270980917244,
    "eval_metrics/den_pval_r2_1obs": -22.71354346090431,
    "eval_metrics/imp_pval_pearson_dsf1": 0.027341816408951426,
    "eval_metrics/den_pval_spearman_1obs": -0.035716531801527555,
    "eval_metrics/den_count_r2_gw": -0.1701944315930016,
    "eval_metrics/imp_pval_spearman_dsf1": 0.02974680171545468,
    "eval_metrics/den_pval_r2_gw": -0.7457736315589755,
    "eval_metrics/den_pval_pearson_dsf1": 0.03181305786251629,
    "eval_metrics/imp_count_spearman_gw": -0.03262871422495243,
    "eval_metrics/imp_count_pearson_gw": -0.00657597152259393,
    "eval_metrics/den_pval_r2_dsf1": -0.7457736315589755,
    "eval_metrics/imp_pval_spearman_gw": 0.02974680171545468,
    "eval_metrics/imp_pval_spearman_1obs": 0.06409980553895245,
    "eval_metrics/imp_pval_pearson_gw": 0.027341816408951426,
    "eval_losses/total_loss": 6.132057187588591,
    "eval_losses/count_obs_loss": 1.3497345580866462,
    "eval_losses/count_imp_loss": 2.1196507111428278,
    "eval_losses/pval_obs_loss": 0.971214874010337,
    "eval_losses/pval_imp_loss": 0.9610785841941833,
    "eval_losses/peak_obs_loss": 0.6923854280459253,
    "eval_losses/peak_imp_loss": 0.6815389092006381
  }
}
{
  "epoch": 15,
  "training_metadata_probes": {
    "training_metadata_probes/depth_count_ratio": 1.014594554901123,
    "training_metadata_probes/runtype_mse": 6.682609091512859e-05,
    "training_metadata_probes/readlen_mse": 1.0523617675062269e-05
  }
}
{
  "epoch": 16,
  "eval_prefixed": {
    "eval_metrics/imp_count_r2_gw": -0.09260691375362598,
    "eval_metrics/imp_peak_auroc_gw": 0.4534716245111947,
    "eval_metrics/imp_pval_pearson_1obs": 0.04896488373116073,
    "eval_metrics/den_peak_auroc_gw": 0.4855615686932268,
    "eval_metrics/den_count_pearson_gw": 0.06012249543250379,
    "eval_metrics/den_count_spearman_gw": 0.05137305782109341,
    "eval_metrics/den_pval_pearson_1obs": 0.007229598566099364,
    "eval_metrics/imp_pval_r2_dsf1": -1.1774555559705262,
    "eval_metrics/den_pval_spearman_gw": 0.06566204913701526,
    "eval_metrics/den_pval_spearman_dsf1": 0.06566204913701526,
    "eval_metrics/den_pval_pearson_gw": 0.03211028807134809,
    "eval_metrics/imp_pval_r2_gw": -1.1774555559705262,
    "eval_metrics/imp_pval_r2_1obs": -23.270205054245228,
    "eval_metrics/den_pval_r2_1obs": -26.646478512179428,
    "eval_metrics/imp_pval_pearson_dsf1": 0.02639056044808101,
    "eval_metrics/den_pval_spearman_1obs": -0.024743540645558892,
    "eval_metrics/den_count_r2_gw": -0.18289656308981106,
    "eval_metrics/imp_pval_spearman_dsf1": 0.03786834308552657,
    "eval_metrics/den_pval_r2_gw": -0.7666732548957306,
    "eval_metrics/den_pval_pearson_dsf1": 0.03211028807134809,
    "eval_metrics/imp_count_spearman_gw": -0.03079666412138124,
    "eval_metrics/imp_count_pearson_gw": -0.006099067142323682,
    "eval_metrics/den_pval_r2_dsf1": -0.7666732548957306,
    "eval_metrics/imp_pval_spearman_gw": 0.03786834308552657,
    "eval_metrics/imp_pval_spearman_1obs": 0.047876062939877964,
    "eval_metrics/imp_pval_pearson_gw": 0.02639056044808101,
    "eval_losses/total_loss": 6.073700797400977,
    "eval_losses/count_obs_loss": 1.3646459814749266,
    "eval_losses/count_imp_loss": 2.0820637619684614,
    "eval_losses/pval_obs_loss": 0.9560046164613021,
    "eval_losses/pval_imp_loss": 0.9289246759717427,
    "eval_losses/peak_obs_loss": 0.6922364611374704,
    "eval_losses/peak_imp_loss": 0.6814217860736544
  }
}
{
  "epoch": 16,
  "training_metadata_probes": {
    "training_metadata_probes/depth_count_ratio": 1.0162585973739624,
    "training_metadata_probes/runtype_mse": 8.705800428288057e-05,
    "training_metadata_probes/readlen_mse": 9.538524864183273e-06
  }
}
{
  "epoch": 17,
  "eval_prefixed": {
    "eval_metrics/imp_count_r2_gw": -0.09261182034030421,
    "eval_metrics/imp_peak_auroc_gw": 0.4577546777660306,
    "eval_metrics/imp_pval_pearson_1obs": 0.05915552148288707,
    "eval_metrics/den_peak_auroc_gw": 0.48191836129113175,
    "eval_metrics/den_count_pearson_gw": 0.06100008584172955,
    "eval_metrics/den_count_spearman_gw": 0.05314875310909105,
    "eval_metrics/den_pval_pearson_1obs": 0.008499040283679375,
    "eval_metrics/imp_pval_r2_dsf1": -0.9797803165346533,
    "eval_metrics/den_pval_spearman_gw": 0.06756128909875773,
    "eval_metrics/den_pval_spearman_dsf1": 0.06756128909875773,
    "eval_metrics/den_pval_pearson_gw": 0.03182524689519165,
    "eval_metrics/imp_pval_r2_gw": -0.9797803165346533,
    "eval_metrics/imp_pval_r2_1obs": -25.239575783436045,
    "eval_metrics/den_pval_r2_1obs": -22.595483429842382,
    "eval_metrics/imp_pval_pearson_dsf1": 0.027616286650300026,
    "eval_metrics/den_pval_spearman_1obs": -0.02623122937717497,
    "eval_metrics/den_count_r2_gw": -0.16335573440229392,
    "eval_metrics/imp_pval_spearman_dsf1": 0.03916168229065666,
    "eval_metrics/den_pval_r2_gw": -0.7252029844699311,
    "eval_metrics/den_pval_pearson_dsf1": 0.03182524689519165,
    "eval_metrics/imp_count_spearman_gw": -0.030247980574535798,
    "eval_metrics/imp_count_pearson_gw": -0.007393048086091839,
    "eval_metrics/den_pval_r2_dsf1": -0.7252029844699311,
    "eval_metrics/imp_pval_spearman_gw": 0.03916168229065666,
    "eval_metrics/imp_pval_spearman_1obs": 0.06140912594194014,
    "eval_metrics/imp_pval_pearson_gw": 0.027616286650300026,
    "eval_losses/total_loss": 6.010871386841724,
    "eval_losses/count_obs_loss": 1.321213257940192,
    "eval_losses/count_imp_loss": 2.083450558639708,
    "eval_losses/pval_obs_loss": 0.9408137398330789,
    "eval_losses/pval_imp_loss": 0.9229545243202694,
    "eval_losses/peak_obs_loss": 0.6920410159387087,
    "eval_losses/peak_imp_loss": 0.6811672401806664
  }
}
{
  "epoch": 17,
  "training_metadata_probes": {
    "training_metadata_probes/depth_count_ratio": 1.017425537109375,
    "training_metadata_probes/runtype_mse": 0.00015200824418570846,
    "training_metadata_probes/readlen_mse": 7.981235285114963e-06
  }
}
{
  "epoch": 18,
  "eval_prefixed": {
    "eval_metrics/imp_count_r2_gw": -0.08972264034505864,
    "eval_metrics/imp_peak_auroc_gw": 0.4322478249571742,
    "eval_metrics/imp_pval_pearson_1obs": 0.056068405682694104,
    "eval_metrics/den_peak_auroc_gw": 0.5062010143058564,
    "eval_metrics/den_count_pearson_gw": 0.06332642988395253,
    "eval_metrics/den_count_spearman_gw": 0.0521956179141768,
    "eval_metrics/den_pval_pearson_1obs": 0.013456335370536084,
    "eval_metrics/imp_pval_r2_dsf1": -0.8237382244166837,
    "eval_metrics/den_pval_spearman_gw": 0.06985378836995738,
    "eval_metrics/den_pval_spearman_dsf1": 0.06985378836995738,
    "eval_metrics/den_pval_pearson_gw": 0.032935691493453066,
    "eval_metrics/imp_pval_r2_gw": -0.8237382244166837,
    "eval_metrics/imp_pval_r2_1obs": -27.546517249304763,
    "eval_metrics/den_pval_r2_1obs": -29.949761699098442,
    "eval_metrics/imp_pval_pearson_dsf1": 0.027120112774095366,
    "eval_metrics/den_pval_spearman_1obs": -0.026702234897198834,
    "eval_metrics/den_count_r2_gw": -0.17566223545562099,
    "eval_metrics/imp_pval_spearman_dsf1": 0.04040008614611141,
    "eval_metrics/den_pval_r2_gw": -0.7469538005201773,
    "eval_metrics/den_pval_pearson_dsf1": 0.032935691493453066,
    "eval_metrics/imp_count_spearman_gw": -0.03293735183077703,
    "eval_metrics/imp_count_pearson_gw": -0.008105607707023857,
    "eval_metrics/den_pval_r2_dsf1": -0.7469538005201773,
    "eval_metrics/imp_pval_spearman_gw": 0.04040008614611141,
    "eval_metrics/imp_pval_spearman_1obs": 0.05287756224873125,
    "eval_metrics/imp_pval_pearson_gw": 0.027120112774095366,
    "eval_losses/total_loss": 6.2534353450724955,
    "eval_losses/count_obs_loss": 1.4314855878290378,
    "eval_losses/count_imp_loss": 2.2136379745271473,
    "eval_losses/pval_obs_loss": 0.9570667641727548,
    "eval_losses/pval_imp_loss": 0.9334110646020799,
    "eval_losses/peak_obs_loss": 0.6913429310447291,
    "eval_losses/peak_imp_loss": 0.6813484960132175
  }
}
{
  "epoch": 18,
  "training_metadata_probes": {
    "training_metadata_probes/depth_count_ratio": 1.018824577331543,
    "training_metadata_probes/runtype_mse": 0.000162905256729573,
    "training_metadata_probes/readlen_mse": 8.087878086371347e-06
  }
}
{
  "epoch": 19,
  "eval_prefixed": {
    "eval_metrics/imp_count_r2_gw": -0.11015803490140867,
    "eval_metrics/imp_peak_auroc_gw": 0.4573511033918459,
    "eval_metrics/imp_pval_pearson_1obs": 0.0625401123515552,
    "eval_metrics/den_peak_auroc_gw": 0.4931647736318675,
    "eval_metrics/den_count_pearson_gw": 0.061216692537479835,
    "eval_metrics/den_count_spearman_gw": 0.05342065133328886,
    "eval_metrics/den_pval_pearson_1obs": 0.025313527058307573,
    "eval_metrics/imp_pval_r2_dsf1": -1.1032604741740026,
    "eval_metrics/den_pval_spearman_gw": 0.0672713318769359,
    "eval_metrics/den_pval_spearman_dsf1": 0.0672713318769359,
    "eval_metrics/den_pval_pearson_gw": 0.03267522561394511,
    "eval_metrics/imp_pval_r2_gw": -1.1032604741740026,
    "eval_metrics/imp_pval_r2_1obs": -25.720101822858997,
    "eval_metrics/den_pval_r2_1obs": -23.37159242205468,
    "eval_metrics/imp_pval_pearson_dsf1": 0.02652232764687921,
    "eval_metrics/den_pval_spearman_1obs": -0.015285823660395808,
    "eval_metrics/den_count_r2_gw": -0.17964655343687067,
    "eval_metrics/imp_pval_spearman_dsf1": 0.046571474352106526,
    "eval_metrics/den_pval_r2_gw": -0.7449331839656484,
    "eval_metrics/den_pval_pearson_dsf1": 0.03267522561394511,
    "eval_metrics/imp_count_spearman_gw": -0.03129750024869959,
    "eval_metrics/imp_count_pearson_gw": -0.008057169545426159,
    "eval_metrics/den_pval_r2_dsf1": -0.7449331839656484,
    "eval_metrics/imp_pval_spearman_gw": 0.046571474352106526,
    "eval_metrics/imp_pval_spearman_1obs": 0.06226339452691769,
    "eval_metrics/imp_pval_pearson_gw": 0.02652232764687921,
    "eval_losses/total_loss": 6.1236394173220585,
    "eval_losses/count_obs_loss": 1.4385309603653456,
    "eval_losses/count_imp_loss": 2.0987050930658975,
    "eval_losses/pval_obs_loss": 0.9480712625541186,
    "eval_losses/pval_imp_loss": 0.8940277894337972,
    "eval_losses/peak_obs_loss": 0.691664853378346,
    "eval_losses/peak_imp_loss": 0.6810496241327316
  }
}
{
  "epoch": 19,
  "training_metadata_probes": {
    "training_metadata_probes/depth_count_ratio": 1.0199555158615112,
    "training_metadata_probes/runtype_mse": 0.00019020338368136436,
    "training_metadata_probes/readlen_mse": 7.828728485037573e-06
  }
}
/project/6014832/mforooz/EpiDenoise/candi_venv/lib/python3.10/site-packages/torch/optim/lr_scheduler.py:243: UserWarning: The epoch parameter in `scheduler.step()` was not necessary and is being deprecated where possible. Please use `scheduler.step()` to step the scheduler. During the deprecation, if epoch is different from None, the closed form is used instead of the new chainable form, where available. Please open an issue if you are unable to replicate your use case: https://github.com/pytorch/pytorch/issues/new/choose.
  warnings.warn(EPOCH_DEPRECATION_WARNING, UserWarning)
{
  "epoch": 20,
  "eval_prefixed": {
    "eval_metrics/imp_count_r2_gw": -0.09309004777922973,
    "eval_metrics/imp_peak_auroc_gw": 0.461652545166224,
    "eval_metrics/imp_pval_pearson_1obs": 0.07202245897820427,
    "eval_metrics/den_peak_auroc_gw": 0.4705818848983495,
    "eval_metrics/den_count_pearson_gw": 0.06042366317399826,
    "eval_metrics/den_count_spearman_gw": 0.05233900983129567,
    "eval_metrics/den_pval_pearson_1obs": 0.029127691382200283,
    "eval_metrics/imp_pval_r2_dsf1": -0.9087733100084424,
    "eval_metrics/den_pval_spearman_gw": 0.06996599449645684,
    "eval_metrics/den_pval_spearman_dsf1": 0.06996599449645684,
    "eval_metrics/den_pval_pearson_gw": 0.033132075171268205,
    "eval_metrics/imp_pval_r2_gw": -0.9087733100084424,
    "eval_metrics/imp_pval_r2_1obs": -32.564378625068365,
    "eval_metrics/den_pval_r2_1obs": -27.580051339102905,
    "eval_metrics/imp_pval_pearson_dsf1": 0.028180858512992957,
    "eval_metrics/den_pval_spearman_1obs": -0.002484101805936624,
    "eval_metrics/den_count_r2_gw": -0.17614652955688404,
    "eval_metrics/imp_pval_spearman_dsf1": 0.04765768256412629,
    "eval_metrics/den_pval_r2_gw": -0.7410360442408089,
    "eval_metrics/den_pval_pearson_dsf1": 0.033132075171268205,
    "eval_metrics/imp_count_spearman_gw": -0.029905716482042887,
    "eval_metrics/imp_count_pearson_gw": -0.006779372312372462,
    "eval_metrics/den_pval_r2_dsf1": -0.7410360442408089,
    "eval_metrics/imp_pval_spearman_gw": 0.04765768256412629,
    "eval_metrics/imp_pval_spearman_1obs": 0.07378839418105194,
    "eval_metrics/imp_pval_pearson_gw": 0.028180858512992957,
    "eval_losses/total_loss": 6.115033779489367,
    "eval_losses/count_obs_loss": 1.3711118831446296,
    "eval_losses/count_imp_loss": 2.175827109624469,
    "eval_losses/pval_obs_loss": 0.930168803585203,
    "eval_losses/pval_imp_loss": 0.9120954511657594,
    "eval_losses/peak_obs_loss": 0.6907244230571546,
    "eval_losses/peak_imp_loss": 0.6795405963110546
  }
}
{
  "epoch": 20,
  "training_metadata_probes": {
    "training_metadata_probes/depth_count_ratio": 1.0209778547286987,
    "training_metadata_probes/runtype_mse": 0.0002052185300271958,
    "training_metadata_probes/readlen_mse": 6.869643129903125e-06
  }
}
{
  "epoch": 21,
  "eval_prefixed": {
    "eval_metrics/imp_count_r2_gw": -0.10004611339460508,
    "eval_metrics/imp_peak_auroc_gw": 0.4520420174836238,
    "eval_metrics/imp_pval_pearson_1obs": 0.0578722397088039,
    "eval_metrics/den_peak_auroc_gw": 0.4963767133169643,
    "eval_metrics/den_count_pearson_gw": 0.055982815484687885,
    "eval_metrics/den_count_spearman_gw": 0.05117362456273369,
    "eval_metrics/den_pval_pearson_1obs": 0.03500958327678841,
    "eval_metrics/imp_pval_r2_dsf1": -0.9757504719619139,
    "eval_metrics/den_pval_spearman_gw": 0.0741794738545809,
    "eval_metrics/den_pval_spearman_dsf1": 0.0741794738545809,
    "eval_metrics/den_pval_pearson_gw": 0.033775983672393,
    "eval_metrics/imp_pval_r2_gw": -0.9757504719619139,
    "eval_metrics/imp_pval_r2_1obs": -20.246163181015447,
    "eval_metrics/den_pval_r2_1obs": -29.658831447609163,
    "eval_metrics/imp_pval_pearson_dsf1": 0.027741778118994146,
    "eval_metrics/den_pval_spearman_1obs": -0.00407817189392616,
    "eval_metrics/den_count_r2_gw": -0.19979343287654,
    "eval_metrics/imp_pval_spearman_dsf1": 0.05412936168858699,
    "eval_metrics/den_pval_r2_gw": -0.6964015195306595,
    "eval_metrics/den_pval_pearson_dsf1": 0.033775983672393,
    "eval_metrics/imp_count_spearman_gw": -0.030495927400815085,
    "eval_metrics/imp_count_pearson_gw": -0.00887068446201507,
    "eval_metrics/den_pval_r2_dsf1": -0.6964015195306595,
    "eval_metrics/imp_pval_spearman_gw": 0.05412936168858699,
    "eval_metrics/imp_pval_spearman_1obs": 0.06647684056090089,
    "eval_metrics/imp_pval_pearson_gw": 0.027741778118994146,
    "eval_losses/total_loss": 6.213170290385422,
    "eval_losses/count_obs_loss": 1.4545450147829557,
    "eval_losses/count_imp_loss": 2.2099458783391923,
    "eval_losses/pval_obs_loss": 0.9484079582126517,
    "eval_losses/pval_imp_loss": 0.8755796376674895,
    "eval_losses/peak_obs_loss": 0.6901177003195411,
    "eval_losses/peak_imp_loss": 0.6784041807765052
  }
}
{
  "epoch": 21,
  "training_metadata_probes": {
    "training_metadata_probes/depth_count_ratio": 1.0219085216522217,
    "training_metadata_probes/runtype_mse": 0.0002293560391990468,
    "training_metadata_probes/readlen_mse": 5.63057483304874e-06
  }
}
{
  "epoch": 22,
  "eval_prefixed": {
    "eval_metrics/imp_count_r2_gw": -0.08327317833139916,
    "eval_metrics/imp_peak_auroc_gw": 0.470749523036082,
    "eval_metrics/imp_pval_pearson_1obs": 0.06596348021227481,
    "eval_metrics/den_peak_auroc_gw": 0.49560965211609026,
    "eval_metrics/den_count_pearson_gw": 0.06346705603247851,
    "eval_metrics/den_count_spearman_gw": 0.053959225886192556,
    "eval_metrics/den_pval_pearson_1obs": 0.02500570389307349,
    "eval_metrics/imp_pval_r2_dsf1": -0.7909792126509666,
    "eval_metrics/den_pval_spearman_gw": 0.0768368187843446,
    "eval_metrics/den_pval_spearman_dsf1": 0.0768368187843446,
    "eval_metrics/den_pval_pearson_gw": 0.03530898412052346,
    "eval_metrics/imp_pval_r2_gw": -0.7909792126509666,
    "eval_metrics/imp_pval_r2_1obs": -29.678646184633013,
    "eval_metrics/den_pval_r2_1obs": -24.41607141535939,
    "eval_metrics/imp_pval_pearson_dsf1": 0.030639057077230917,
    "eval_metrics/den_pval_spearman_1obs": -0.01698340097985417,
    "eval_metrics/den_count_r2_gw": -0.16744501736450318,
    "eval_metrics/imp_pval_spearman_dsf1": 0.058890574174892414,
    "eval_metrics/den_pval_r2_gw": -0.698847131518403,
    "eval_metrics/den_pval_pearson_dsf1": 0.03530898412052346,
    "eval_metrics/imp_count_spearman_gw": -0.02826988463504483,
    "eval_metrics/imp_count_pearson_gw": -0.006413532331833498,
    "eval_metrics/den_pval_r2_dsf1": -0.698847131518403,
    "eval_metrics/imp_pval_spearman_gw": 0.058890574174892414,
    "eval_metrics/imp_pval_spearman_1obs": 0.0626176345962517,
    "eval_metrics/imp_pval_pearson_gw": 0.030639057077230917,
    "eval_losses/total_loss": 6.203955404852566,
    "eval_losses/count_obs_loss": 1.3968357953586077,
    "eval_losses/count_imp_loss": 2.248439041395036,
    "eval_losses/pval_obs_loss": 0.9321769083801069,
    "eval_losses/pval_imp_loss": 0.9141672840194096,
    "eval_losses/peak_obs_loss": 0.6903726584032962,
    "eval_losses/peak_imp_loss": 0.6790972181728908
  }
}
{
  "epoch": 22,
  "training_metadata_probes": {
    "training_metadata_probes/depth_count_ratio": 1.0218651294708252,
    "training_metadata_probes/runtype_mse": 0.00023969374888110906,
    "training_metadata_probes/readlen_mse": 5.410379344539251e-06
  }
}
{
  "epoch": 23,
  "eval_prefixed": {
    "eval_metrics/imp_count_r2_gw": -0.09424348526048276,
    "eval_metrics/imp_peak_auroc_gw": 0.46855391493467313,
    "eval_metrics/imp_pval_pearson_1obs": 0.05855074771476673,
    "eval_metrics/den_peak_auroc_gw": 0.4985341431632893,
    "eval_metrics/den_count_pearson_gw": 0.06285630671788424,
    "eval_metrics/den_count_spearman_gw": 0.05442596594407265,
    "eval_metrics/den_pval_pearson_1obs": 0.03469342171018453,
    "eval_metrics/imp_pval_r2_dsf1": -0.9221413010349121,
    "eval_metrics/den_pval_spearman_gw": 0.07717626410902578,
    "eval_metrics/den_pval_spearman_dsf1": 0.07717626410902578,
    "eval_metrics/den_pval_pearson_gw": 0.03552523059084036,
    "eval_metrics/imp_pval_r2_gw": -0.9221413010349121,
    "eval_metrics/imp_pval_r2_1obs": -26.756166032328387,
    "eval_metrics/den_pval_r2_1obs": -41.13499829616946,
    "eval_metrics/imp_pval_pearson_dsf1": 0.03010367314582543,
    "eval_metrics/den_pval_spearman_1obs": -0.005496272580047896,
    "eval_metrics/den_count_r2_gw": -0.17483813869550835,
    "eval_metrics/imp_pval_spearman_dsf1": 0.05953716434027005,
    "eval_metrics/den_pval_r2_gw": -0.6236340190959878,
    "eval_metrics/den_pval_pearson_dsf1": 0.03552523059084036,
    "eval_metrics/imp_count_spearman_gw": -0.03173308717254186,
    "eval_metrics/imp_count_pearson_gw": -0.006243303093686423,
    "eval_metrics/den_pval_r2_dsf1": -0.6236340190959878,
    "eval_metrics/imp_pval_spearman_gw": 0.05953716434027005,
    "eval_metrics/imp_pval_spearman_1obs": 0.06271708939662503,
    "eval_metrics/imp_pval_pearson_gw": 0.03010367314582543,
    "eval_losses/total_loss": 6.344669035390804,
    "eval_losses/count_obs_loss": 1.5455048186214346,
    "eval_losses/count_imp_loss": 2.1790884856193786,
    "eval_losses/pval_obs_loss": 1.0017284515656923,
    "eval_losses/pval_imp_loss": 0.8890045512290228,
    "eval_losses/peak_obs_loss": 0.6904581165627429,
    "eval_losses/peak_imp_loss": 0.6800069837343126
  }
}
{
  "epoch": 23,
  "training_metadata_probes": {
    "training_metadata_probes/depth_count_ratio": 1.0219069719314575,
    "training_metadata_probes/runtype_mse": 0.00033973276731558144,
    "training_metadata_probes/readlen_mse": 5.053853783465456e-06
  }
}
{
  "epoch": 24,
  "eval_prefixed": {
    "eval_metrics/imp_count_r2_gw": -0.10453135729255657,
    "eval_metrics/imp_peak_auroc_gw": 0.45811868587410903,
    "eval_metrics/imp_pval_pearson_1obs": 0.07177067859216578,
    "eval_metrics/den_peak_auroc_gw": 0.5057266010570207,
    "eval_metrics/den_count_pearson_gw": 0.06524911152097813,
    "eval_metrics/den_count_spearman_gw": 0.05326687401187887,
    "eval_metrics/den_pval_pearson_1obs": 0.0345009144205649,
    "eval_metrics/imp_pval_r2_dsf1": -0.9386580019615451,
    "eval_metrics/den_pval_spearman_gw": 0.07891239889444994,
    "eval_metrics/den_pval_spearman_dsf1": 0.07891239889444994,
    "eval_metrics/den_pval_pearson_gw": 0.03692656781794013,
    "eval_metrics/imp_pval_r2_gw": -0.9386580019615451,
    "eval_metrics/imp_pval_r2_1obs": -24.52509749128115,
    "eval_metrics/den_pval_r2_1obs": -22.55857215861373,
    "eval_metrics/imp_pval_pearson_dsf1": 0.03125142020779469,
    "eval_metrics/den_pval_spearman_1obs": 0.0004502524975443591,
    "eval_metrics/den_count_r2_gw": -0.19412943517573913,
    "eval_metrics/imp_pval_spearman_dsf1": 0.05943830660711798,
    "eval_metrics/den_pval_r2_gw": -0.6930552485479395,
    "eval_metrics/den_pval_pearson_dsf1": 0.03692656781794013,
    "eval_metrics/imp_count_spearman_gw": -0.02840560236038351,
    "eval_metrics/imp_count_pearson_gw": -0.0032316819548242844,
    "eval_metrics/den_pval_r2_dsf1": -0.6930552485479395,
    "eval_metrics/imp_pval_spearman_gw": 0.05943830660711798,
    "eval_metrics/imp_pval_spearman_1obs": 0.08326085412880686,
    "eval_metrics/imp_pval_pearson_gw": 0.03125142020779469,
    "eval_losses/total_loss": 6.168718272133877,
    "eval_losses/count_obs_loss": 1.4365246860604537,
    "eval_losses/count_imp_loss": 2.197660806633177,
    "eval_losses/pval_obs_loss": 0.9272346308356837,
    "eval_losses/pval_imp_loss": 0.8764805254482088,
    "eval_losses/peak_obs_loss": 0.6919139756968147,
    "eval_losses/peak_imp_loss": 0.6812780083171905
  }
}
{
  "epoch": 24,
  "training_metadata_probes": {
    "training_metadata_probes/depth_count_ratio": 1.0221573114395142,
    "training_metadata_probes/runtype_mse": 0.0003872245142702013,
    "training_metadata_probes/readlen_mse": 4.672669547289843e-06
  }
}
{
  "epoch": 25,
  "eval_prefixed": {
    "eval_metrics/imp_count_r2_gw": -0.10866553841723985,
    "eval_metrics/imp_peak_auroc_gw": 0.45519632515955594,
    "eval_metrics/imp_pval_pearson_1obs": 0.06370664207174236,
    "eval_metrics/den_peak_auroc_gw": 0.5131002822058297,
    "eval_metrics/den_count_pearson_gw": 0.061886611300379674,
    "eval_metrics/den_count_spearman_gw": 0.055570991166098406,
    "eval_metrics/den_pval_pearson_1obs": 0.025108142092664678,
    "eval_metrics/imp_pval_r2_dsf1": -0.9893506954685027,
    "eval_metrics/den_pval_spearman_gw": 0.07943283218388801,
    "eval_metrics/den_pval_spearman_dsf1": 0.07943283218388801,
    "eval_metrics/den_pval_pearson_gw": 0.03863623790063062,
    "eval_metrics/imp_pval_r2_gw": -0.9893506954685027,
    "eval_metrics/imp_pval_r2_1obs": -22.324995624000934,
    "eval_metrics/den_pval_r2_1obs": -35.30280871744797,
    "eval_metrics/imp_pval_pearson_dsf1": 0.033194165362695614,
    "eval_metrics/den_pval_spearman_1obs": -0.003384808745481231,
    "eval_metrics/den_count_r2_gw": -0.22617296352075164,
    "eval_metrics/imp_pval_spearman_dsf1": 0.06622197501021958,
    "eval_metrics/den_pval_r2_gw": -0.6900114165652248,
    "eval_metrics/den_pval_pearson_dsf1": 0.03863623790063062,
    "eval_metrics/imp_count_spearman_gw": -0.028374536458289426,
    "eval_metrics/imp_count_pearson_gw": -0.005895122621748467,
    "eval_metrics/den_pval_r2_dsf1": -0.6900114165652248,
    "eval_metrics/imp_pval_spearman_gw": 0.06622197501021958,
    "eval_metrics/imp_pval_spearman_1obs": 0.06048237864755087,
    "eval_metrics/imp_pval_pearson_gw": 0.033194165362695614,
    "eval_losses/total_loss": 6.233939958246131,
    "eval_losses/count_obs_loss": 1.4928574977736724,
    "eval_losses/count_imp_loss": 2.1670159139330427,
    "eval_losses/pval_obs_loss": 0.9602120550055253,
    "eval_losses/pval_imp_loss": 0.8759804434246488,
    "eval_losses/peak_obs_loss": 0.6923070424481442,
    "eval_losses/peak_imp_loss": 0.6828896043792604
  }
}
{
  "epoch": 25,
  "training_metadata_probes": {
    "training_metadata_probes/depth_count_ratio": 1.0225287675857544,
    "training_metadata_probes/runtype_mse": 0.0003770396870095283,
    "training_metadata_probes/readlen_mse": 4.722731318906881e-06
  }
}
{
  "epoch": 26,
  "eval_prefixed": {
    "eval_metrics/imp_count_r2_gw": -0.09021789818500606,
    "eval_metrics/imp_peak_auroc_gw": 0.4601078856663142,
    "eval_metrics/imp_pval_pearson_1obs": 0.06912989207517563,
    "eval_metrics/den_peak_auroc_gw": 0.508295168499805,
    "eval_metrics/den_count_pearson_gw": 0.06829652530570074,
    "eval_metrics/den_count_spearman_gw": 0.05846279594541605,
    "eval_metrics/den_pval_pearson_1obs": 0.027667561856919508,
    "eval_metrics/imp_pval_r2_dsf1": -0.8324323819540259,
    "eval_metrics/den_pval_spearman_gw": 0.07726309215341268,
    "eval_metrics/den_pval_spearman_dsf1": 0.07726309215341268,
    "eval_metrics/den_pval_pearson_gw": 0.03924998819313355,
    "eval_metrics/imp_pval_r2_gw": -0.8324323819540259,
    "eval_metrics/imp_pval_r2_1obs": -27.77058574327167,
    "eval_metrics/den_pval_r2_1obs": -28.779163009181485,
    "eval_metrics/imp_pval_pearson_dsf1": 0.03540704445174289,
    "eval_metrics/den_pval_spearman_1obs": -0.005969304351550002,
    "eval_metrics/den_count_r2_gw": -0.17798838364882588,
    "eval_metrics/imp_pval_spearman_dsf1": 0.06646579972353685,
    "eval_metrics/den_pval_r2_gw": -0.7432727599534248,
    "eval_metrics/den_pval_pearson_dsf1": 0.03924998819313355,
    "eval_metrics/imp_count_spearman_gw": -0.027587494346966664,
    "eval_metrics/imp_count_pearson_gw": -0.006148783062050666,
    "eval_metrics/den_pval_r2_dsf1": -0.7432727599534248,
    "eval_metrics/imp_pval_spearman_gw": 0.06646579972353685,
    "eval_metrics/imp_pval_spearman_1obs": 0.07442563239235014,
    "eval_metrics/imp_pval_pearson_gw": 0.03540704445174289,
    "eval_losses/total_loss": 6.162620775793728,
    "eval_losses/count_obs_loss": 1.3651096852202165,
    "eval_losses/count_imp_loss": 2.254782259464264,
    "eval_losses/pval_obs_loss": 0.9197769635602048,
    "eval_losses/pval_imp_loss": 0.9038061679355682,
    "eval_losses/peak_obs_loss": 0.6927604236100849,
    "eval_losses/peak_imp_loss": 0.6836020719437372
  }
}
{
  "epoch": 26,
  "training_metadata_probes": {
    "training_metadata_probes/depth_count_ratio": 1.0232287645339966,
    "training_metadata_probes/runtype_mse": 0.0003053919936064631,
    "training_metadata_probes/readlen_mse": 4.730009095510468e-06
  }
}
{
  "epoch": 27,
  "eval_prefixed": {
    "eval_metrics/imp_count_r2_gw": -0.10368006021533664,
    "eval_metrics/imp_peak_auroc_gw": 0.4803086729655986,
    "eval_metrics/imp_pval_pearson_1obs": 0.06988255569821275,
    "eval_metrics/den_peak_auroc_gw": 0.5056559698101903,
    "eval_metrics/den_count_pearson_gw": 0.06672573992660832,
    "eval_metrics/den_count_spearman_gw": 0.05641056575978167,
    "eval_metrics/den_pval_pearson_1obs": 0.028804272710993627,
    "eval_metrics/imp_pval_r2_dsf1": -0.8550855270252582,
    "eval_metrics/den_pval_spearman_gw": 0.07687414455186593,
    "eval_metrics/den_pval_spearman_dsf1": 0.07687414455186593,
    "eval_metrics/den_pval_pearson_gw": 0.03850215133647189,
    "eval_metrics/imp_pval_r2_gw": -0.8550855270252582,
    "eval_metrics/imp_pval_r2_1obs": -22.052985065650024,
    "eval_metrics/den_pval_r2_1obs": -28.087177488430484,
    "eval_metrics/imp_pval_pearson_dsf1": 0.03591647636263617,
    "eval_metrics/den_pval_spearman_1obs": -0.0068329684321232105,
    "eval_metrics/den_count_r2_gw": -0.17028395211510125,
    "eval_metrics/imp_pval_spearman_dsf1": 0.07330144026999975,
    "eval_metrics/den_pval_r2_gw": -0.6597935653794437,
    "eval_metrics/den_pval_pearson_dsf1": 0.03850215133647189,
    "eval_metrics/imp_count_spearman_gw": -0.02855559851017857,
    "eval_metrics/imp_count_pearson_gw": -0.004570729520642161,
    "eval_metrics/den_pval_r2_dsf1": -0.6597935653794437,
    "eval_metrics/imp_pval_spearman_gw": 0.07330144026999975,
    "eval_metrics/imp_pval_spearman_1obs": 0.07107204718526088,
    "eval_metrics/imp_pval_pearson_gw": 0.03591647636263617,
    "eval_losses/total_loss": 6.224992174851267,
    "eval_losses/count_obs_loss": 1.4297745674848557,
    "eval_losses/count_imp_loss": 2.2616428959937322,
    "eval_losses/pval_obs_loss": 0.9366039006333602,
    "eval_losses/pval_imp_loss": 0.8769812167636932,
    "eval_losses/peak_obs_loss": 0.6919466500219545,
    "eval_losses/peak_imp_loss": 0.681482177878183
  }
}
{
  "epoch": 27,
  "training_metadata_probes": {
    "training_metadata_probes/depth_count_ratio": 1.0231292247772217,
    "training_metadata_probes/runtype_mse": 0.0002700985933188349,
    "training_metadata_probes/readlen_mse": 4.0937579797173385e-06
  }
}
{
  "epoch": 28,
  "eval_prefixed": {
    "eval_metrics/imp_count_r2_gw": -0.08969137159655581,
    "eval_metrics/imp_peak_auroc_gw": 0.4847022231055149,
    "eval_metrics/imp_pval_pearson_1obs": 0.06176213257704004,
    "eval_metrics/den_peak_auroc_gw": 0.5149804338106602,
    "eval_metrics/den_count_pearson_gw": 0.06932985970381292,
    "eval_metrics/den_count_spearman_gw": 0.062288406022970345,
    "eval_metrics/den_pval_pearson_1obs": 0.029051885139396244,
    "eval_metrics/imp_pval_r2_dsf1": -0.9041991903621126,
    "eval_metrics/den_pval_spearman_gw": 0.07926977720364099,
    "eval_metrics/den_pval_spearman_dsf1": 0.07926977720364099,
    "eval_metrics/den_pval_pearson_gw": 0.0415011546574533,
    "eval_metrics/imp_pval_r2_gw": -0.9041991903621126,
    "eval_metrics/imp_pval_r2_1obs": -30.69895340584702,
    "eval_metrics/den_pval_r2_1obs": -24.67682072144764,
    "eval_metrics/imp_pval_pearson_dsf1": 0.03572047930506487,
    "eval_metrics/den_pval_spearman_1obs": -0.004010782450774002,
    "eval_metrics/den_count_r2_gw": -0.18574941896721014,
    "eval_metrics/imp_pval_spearman_dsf1": 0.07973845034277229,
    "eval_metrics/den_pval_r2_gw": -0.6756252519007099,
    "eval_metrics/den_pval_pearson_dsf1": 0.0415011546574533,
    "eval_metrics/imp_count_spearman_gw": -0.02322784740887771,
    "eval_metrics/imp_count_pearson_gw": -0.0020495411844754087,
    "eval_metrics/den_pval_r2_dsf1": -0.6756252519007099,
    "eval_metrics/imp_pval_spearman_gw": 0.07973845034277229,
    "eval_metrics/imp_pval_spearman_1obs": 0.06557926056987119,
    "eval_metrics/imp_pval_pearson_gw": 0.03572047930506487,
    "eval_losses/total_loss": 6.094801045562091,
    "eval_losses/count_obs_loss": 1.392531969045338,
    "eval_losses/count_imp_loss": 2.1642429847565907,
    "eval_losses/pval_obs_loss": 0.9204557859583905,
    "eval_losses/pval_imp_loss": 0.8817493149212429,
    "eval_losses/peak_obs_loss": 0.691957109852841,
    "eval_losses/peak_imp_loss": 0.681453251649463
  }
}
{
  "epoch": 28,
  "training_metadata_probes": {
    "training_metadata_probes/depth_count_ratio": 1.0240625143051147,
    "training_metadata_probes/runtype_mse": 0.00031861517345532775,
    "training_metadata_probes/readlen_mse": 4.1383209463674575e-06
  }
}
{
  "epoch": 29,
  "eval_prefixed": {
    "eval_metrics/imp_count_r2_gw": -0.0926385154661841,
    "eval_metrics/imp_peak_auroc_gw": 0.486037147835467,
    "eval_metrics/imp_pval_pearson_1obs": 0.07444259175954068,
    "eval_metrics/den_peak_auroc_gw": 0.5018366828945935,
    "eval_metrics/den_count_pearson_gw": 0.0671274290672093,
    "eval_metrics/den_count_spearman_gw": 0.06335439983948991,
    "eval_metrics/den_pval_pearson_1obs": 0.02924336464217815,
    "eval_metrics/imp_pval_r2_dsf1": -0.9094725345790188,
    "eval_metrics/den_pval_spearman_gw": 0.07850045450675544,
    "eval_metrics/den_pval_spearman_dsf1": 0.07850045450675544,
    "eval_metrics/den_pval_pearson_gw": 0.04295385537031842,
    "eval_metrics/imp_pval_r2_gw": -0.9094725345790188,
    "eval_metrics/imp_pval_r2_1obs": -26.92916733955713,
    "eval_metrics/den_pval_r2_1obs": -25.58703295194683,
    "eval_metrics/imp_pval_pearson_dsf1": 0.03854157991470799,
    "eval_metrics/den_pval_spearman_1obs": -0.006934472358333648,
    "eval_metrics/den_count_r2_gw": -0.16141128639269467,
    "eval_metrics/imp_pval_spearman_dsf1": 0.06988503086266296,
    "eval_metrics/den_pval_r2_gw": -0.6851448855919771,
    "eval_metrics/den_pval_pearson_dsf1": 0.04295385537031842,
    "eval_metrics/imp_count_spearman_gw": -0.02593590455603739,
    "eval_metrics/imp_count_pearson_gw": -0.004529583299512206,
    "eval_metrics/den_pval_r2_dsf1": -0.6851448855919771,
    "eval_metrics/imp_pval_spearman_gw": 0.06988503086266296,
    "eval_metrics/imp_pval_spearman_1obs": 0.06981889963770818,
    "eval_metrics/imp_pval_pearson_gw": 0.03854157991470799,
    "eval_losses/total_loss": 6.171428577288201,
    "eval_losses/count_obs_loss": 1.4218667118172896,
    "eval_losses/count_imp_loss": 2.190656402754405,
    "eval_losses/pval_obs_loss": 0.9323356873110721,
    "eval_losses/pval_imp_loss": 0.8982883072088635,
    "eval_losses/peak_obs_loss": 0.6918219978872099,
    "eval_losses/peak_imp_loss": 0.6813841424291096
  }
}
{
  "epoch": 29,
  "training_metadata_probes": {
    "training_metadata_probes/depth_count_ratio": 1.0247671604156494,
    "training_metadata_probes/runtype_mse": 0.0002360019279876724,
    "training_metadata_probes/readlen_mse": 3.854121587210102e-06
  }
}
{
  "epoch": 30,
  "eval_prefixed": {
    "eval_metrics/imp_count_r2_gw": -0.08192432125333932,
    "eval_metrics/imp_peak_auroc_gw": 0.48792209224756217,
    "eval_metrics/imp_pval_pearson_1obs": 0.05843427943782733,
    "eval_metrics/den_peak_auroc_gw": 0.5123982419070078,
    "eval_metrics/den_count_pearson_gw": 0.06740615740508665,
    "eval_metrics/den_count_spearman_gw": 0.06476221440482774,
    "eval_metrics/den_pval_pearson_1obs": 0.029089410063246952,
    "eval_metrics/imp_pval_r2_dsf1": -0.9137042284363757,
    "eval_metrics/den_pval_spearman_gw": 0.077044833650096,
    "eval_metrics/den_pval_spearman_dsf1": 0.077044833650096,
    "eval_metrics/den_pval_pearson_gw": 0.04243812270119394,
    "eval_metrics/imp_pval_r2_gw": -0.9137042284363757,
    "eval_metrics/imp_pval_r2_1obs": -29.128415332972565,
    "eval_metrics/den_pval_r2_1obs": -25.957058880985237,
    "eval_metrics/imp_pval_pearson_dsf1": 0.038049072455910465,
    "eval_metrics/den_pval_spearman_1obs": 0.0022282525400485116,
    "eval_metrics/den_count_r2_gw": -0.2145913676964403,
    "eval_metrics/imp_pval_spearman_dsf1": 0.07799951312174519,
    "eval_metrics/den_pval_r2_gw": -0.6838100612024691,
    "eval_metrics/den_pval_pearson_dsf1": 0.04243812270119394,
    "eval_metrics/imp_count_spearman_gw": -0.02537370122157963,
    "eval_metrics/imp_count_pearson_gw": -0.0034154857055418977,
    "eval_metrics/den_pval_r2_dsf1": -0.6838100612024691,
    "eval_metrics/imp_pval_spearman_gw": 0.07799951312174519,
    "eval_metrics/imp_pval_spearman_1obs": 0.060754212388307964,
    "eval_metrics/imp_pval_pearson_gw": 0.038049072455910465,
    "eval_losses/total_loss": 6.131030517581262,
    "eval_losses/count_obs_loss": 1.4268321324335902,
    "eval_losses/count_imp_loss": 2.1240675827813527,
    "eval_losses/pval_obs_loss": 0.9429293416048351,
    "eval_losses/pval_imp_loss": 0.8955585895076631,
    "eval_losses/peak_obs_loss": 0.6927019530221036,
    "eval_losses/peak_imp_loss": 0.682137301989964
  }
}
{
  "epoch": 30,
  "training_metadata_probes": {
    "training_metadata_probes/depth_count_ratio": 1.0253208875656128,
    "training_metadata_probes/runtype_mse": 0.00017520878463983536,
    "training_metadata_probes/readlen_mse": 3.687928710860433e-06
  }
}
{
  "epoch": 31,
  "eval_prefixed": {
    "eval_metrics/imp_count_r2_gw": -0.08677709359329619,
    "eval_metrics/imp_peak_auroc_gw": 0.476351270223588,
    "eval_metrics/imp_pval_pearson_1obs": 0.06450290071855609,
    "eval_metrics/den_peak_auroc_gw": 0.49718159134221046,
    "eval_metrics/den_count_pearson_gw": 0.07222128717553221,
    "eval_metrics/den_count_spearman_gw": 0.06503994094993021,
    "eval_metrics/den_pval_pearson_1obs": 0.01939232594266191,
    "eval_metrics/imp_pval_r2_dsf1": -0.8026550594633931,
    "eval_metrics/den_pval_spearman_gw": 0.07738028644531647,
    "eval_metrics/den_pval_spearman_dsf1": 0.07738028644531647,
    "eval_metrics/den_pval_pearson_gw": 0.04329550200092949,
    "eval_metrics/imp_pval_r2_gw": -0.8026550594633931,
    "eval_metrics/imp_pval_r2_1obs": -18.173694658437558,
    "eval_metrics/den_pval_r2_1obs": -23.329501332883293,
    "eval_metrics/imp_pval_pearson_dsf1": 0.035245706305085195,
    "eval_metrics/den_pval_spearman_1obs": -0.007377204592462852,
    "eval_metrics/den_count_r2_gw": -0.17695452775818268,
    "eval_metrics/imp_pval_spearman_dsf1": 0.07323996418433118,
    "eval_metrics/den_pval_r2_gw": -0.6380358622599696,
    "eval_metrics/den_pval_pearson_dsf1": 0.04329550200092949,
    "eval_metrics/imp_count_spearman_gw": -0.02484783608009267,
    "eval_metrics/imp_count_pearson_gw": -0.004724574007836747,
    "eval_metrics/den_pval_r2_dsf1": -0.6380358622599696,
    "eval_metrics/imp_pval_spearman_gw": 0.07323996418433118,
    "eval_metrics/imp_pval_spearman_1obs": 0.06737443825666643,
    "eval_metrics/imp_pval_pearson_gw": 0.035245706305085195,
    "eval_losses/total_loss": 6.174281790068275,
    "eval_losses/count_obs_loss": 1.4140645759670358,
    "eval_losses/count_imp_loss": 2.2647199356366716,
    "eval_losses/pval_obs_loss": 0.9024408475348824,
    "eval_losses/pval_imp_loss": 0.875829161159576,
    "eval_losses/peak_obs_loss": 0.6910549378708789,
    "eval_losses/peak_imp_loss": 0.679622785439567
  }
}
{
  "epoch": 31,
  "training_metadata_probes": {
    "training_metadata_probes/depth_count_ratio": 1.0258848667144775,
    "training_metadata_probes/runtype_mse": 0.0001905018143588677,
    "training_metadata_probes/readlen_mse": 3.441268063397729e-06
  }
}
{
  "epoch": 32,
  "eval_prefixed": {
    "eval_metrics/imp_count_r2_gw": -0.09088841139101285,
    "eval_metrics/imp_peak_auroc_gw": 0.4912354389976628,
    "eval_metrics/imp_pval_pearson_1obs": 0.06962777580269003,
    "eval_metrics/den_peak_auroc_gw": 0.5176792216173388,
    "eval_metrics/den_count_pearson_gw": 0.0693023932337957,
    "eval_metrics/den_count_spearman_gw": 0.0654256012032383,
    "eval_metrics/den_pval_pearson_1obs": 0.022596492335555683,
    "eval_metrics/imp_pval_r2_dsf1": -0.9048483945925604,
    "eval_metrics/den_pval_spearman_gw": 0.08044295933788223,
    "eval_metrics/den_pval_spearman_dsf1": 0.08044295933788223,
    "eval_metrics/den_pval_pearson_gw": 0.04404157543505885,
    "eval_metrics/imp_pval_r2_gw": -0.9048483945925604,
    "eval_metrics/imp_pval_r2_1obs": -23.919382490413547,
    "eval_metrics/den_pval_r2_1obs": -25.564473578085437,
    "eval_metrics/imp_pval_pearson_dsf1": 0.0394665396343621,
    "eval_metrics/den_pval_spearman_1obs": -0.004276255526082374,
    "eval_metrics/den_count_r2_gw": -0.1561852566831041,
    "eval_metrics/imp_pval_spearman_dsf1": 0.0764214658835819,
    "eval_metrics/den_pval_r2_gw": -0.6462598178672486,
    "eval_metrics/den_pval_pearson_dsf1": 0.04404157543505885,
    "eval_metrics/imp_count_spearman_gw": -0.025966084296217013,
    "eval_metrics/imp_count_pearson_gw": -0.004261925180351624,
    "eval_metrics/den_pval_r2_dsf1": -0.6462598178672486,
    "eval_metrics/imp_pval_spearman_gw": 0.0764214658835819,
    "eval_metrics/imp_pval_spearman_1obs": 0.07838810923243437,
    "eval_metrics/imp_pval_pearson_gw": 0.0394665396343621,
    "eval_losses/total_loss": 6.168382994438472,
    "eval_losses/count_obs_loss": 1.3739999556227733,
    "eval_losses/count_imp_loss": 2.2436154882113137,
    "eval_losses/pval_obs_loss": 0.9178034216165543,
    "eval_losses/pval_imp_loss": 0.9174362477802095,
    "eval_losses/peak_obs_loss": 0.6920245987804312,
    "eval_losses/peak_imp_loss": 0.680633683053274
  }
}
{
  "epoch": 32,
  "training_metadata_probes": {
    "training_metadata_probes/depth_count_ratio": 1.0264286994934082,
    "training_metadata_probes/runtype_mse": 9.985920041799545e-05,
    "training_metadata_probes/readlen_mse": 3.2414407087344443e-06
  }
}
{
  "epoch": 33,
  "eval_prefixed": {
    "eval_metrics/imp_count_r2_gw": -0.09060352633148837,
    "eval_metrics/imp_peak_auroc_gw": 0.4957783139341488,
    "eval_metrics/imp_pval_pearson_1obs": 0.06663620674664834,
    "eval_metrics/den_peak_auroc_gw": 0.5138174647863074,
    "eval_metrics/den_count_pearson_gw": 0.0694795715489339,
    "eval_metrics/den_count_spearman_gw": 0.06538493319620267,
    "eval_metrics/den_pval_pearson_1obs": 0.024419967203070166,
    "eval_metrics/imp_pval_r2_dsf1": -0.8374729170273018,
    "eval_metrics/den_pval_spearman_gw": 0.07711370240212241,
    "eval_metrics/den_pval_spearman_dsf1": 0.07711370240212241,
    "eval_metrics/den_pval_pearson_gw": 0.04375014734748555,
    "eval_metrics/imp_pval_r2_gw": -0.8374729170273018,
    "eval_metrics/imp_pval_r2_1obs": -28.178680920902917,
    "eval_metrics/den_pval_r2_1obs": -25.278235020179064,
    "eval_metrics/imp_pval_pearson_dsf1": 0.03848031246739011,
    "eval_metrics/den_pval_spearman_1obs": -0.0037470791535886804,
    "eval_metrics/den_count_r2_gw": -0.1722968083041704,
    "eval_metrics/imp_pval_spearman_dsf1": 0.072226904909764,
    "eval_metrics/den_pval_r2_gw": -0.5987813905603092,
    "eval_metrics/den_pval_pearson_dsf1": 0.04375014734748555,
    "eval_metrics/imp_count_spearman_gw": -0.02725456618760747,
    "eval_metrics/imp_count_pearson_gw": -0.006903821593224411,
    "eval_metrics/den_pval_r2_dsf1": -0.5987813905603092,
    "eval_metrics/imp_pval_spearman_gw": 0.072226904909764,
    "eval_metrics/imp_pval_spearman_1obs": 0.07403000996195246,
    "eval_metrics/imp_pval_pearson_gw": 0.03848031246739011,
    "eval_losses/total_loss": 6.142080826194663,
    "eval_losses/count_obs_loss": 1.4080337968311811,
    "eval_losses/count_imp_loss": 2.1782929339106123,
    "eval_losses/pval_obs_loss": 0.9296741454224837,
    "eval_losses/pval_imp_loss": 0.8896571918139382,
    "eval_losses/peak_obs_loss": 0.6945768728068,
    "eval_losses/peak_imp_loss": 0.683549824215117
  }
}
{
  "epoch": 33,
  "training_metadata_probes": {
    "training_metadata_probes/depth_count_ratio": 1.0268367528915405,
    "training_metadata_probes/runtype_mse": 4.8376372433267534e-05,
    "training_metadata_probes/readlen_mse": 3.3858752885862486e-06
  }
}
{
  "epoch": 34,
  "eval_prefixed": {
    "eval_metrics/imp_count_r2_gw": -0.08234622758276477,
    "eval_metrics/imp_peak_auroc_gw": 0.5076129649546041,
    "eval_metrics/imp_pval_pearson_1obs": 0.06839886740947675,
    "eval_metrics/den_peak_auroc_gw": 0.5115167342342855,
    "eval_metrics/den_count_pearson_gw": 0.07170058261774677,
    "eval_metrics/den_count_spearman_gw": 0.06795080520455107,
    "eval_metrics/den_pval_pearson_1obs": 0.017114988594824496,
    "eval_metrics/imp_pval_r2_dsf1": -0.7666358243755124,
    "eval_metrics/den_pval_spearman_gw": 0.07443626650269389,
    "eval_metrics/den_pval_spearman_dsf1": 0.07443626650269389,
    "eval_metrics/den_pval_pearson_gw": 0.043476828665006906,
    "eval_metrics/imp_pval_r2_gw": -0.7666358243755124,
    "eval_metrics/imp_pval_r2_1obs": -36.357018749440584,
    "eval_metrics/den_pval_r2_1obs": -25.553997494515176,
    "eval_metrics/imp_pval_pearson_dsf1": 0.038304873409547975,
    "eval_metrics/den_pval_spearman_1obs": -0.01083460572838924,
    "eval_metrics/den_count_r2_gw": -0.1789820077440111,
    "eval_metrics/imp_pval_spearman_dsf1": 0.0777187532771847,
    "eval_metrics/den_pval_r2_gw": -0.6537332429782725,
    "eval_metrics/den_pval_pearson_dsf1": 0.043476828665006906,
    "eval_metrics/imp_count_spearman_gw": -0.02716851016491744,
    "eval_metrics/imp_count_pearson_gw": -0.006439264281190902,
    "eval_metrics/den_pval_r2_dsf1": -0.6537332429782725,
    "eval_metrics/imp_pval_spearman_gw": 0.0777187532771847,
    "eval_metrics/imp_pval_spearman_1obs": 0.07667660852614691,
    "eval_metrics/imp_pval_pearson_gw": 0.038304873409547975,
    "eval_losses/total_loss": 6.177664762656939,
    "eval_losses/count_obs_loss": 1.3823770998339904,
    "eval_losses/count_imp_loss": 2.2321148391753907,
    "eval_losses/pval_obs_loss": 0.9066161317260641,
    "eval_losses/pval_imp_loss": 0.9406614128559355,
    "eval_losses/peak_obs_loss": 0.693752364108437,
    "eval_losses/peak_imp_loss": 0.6814119494150556
  }
}
{
  "epoch": 34,
  "training_metadata_probes": {
    "training_metadata_probes/depth_count_ratio": 1.0274608135223389,
    "training_metadata_probes/runtype_mse": 1.8239716155221686e-05,
    "training_metadata_probes/readlen_mse": 2.9034342787781497e-06
  }
}
{
  "epoch": 35,
  "eval_prefixed": {
    "eval_metrics/imp_count_r2_gw": -0.09956787881273309,
    "eval_metrics/imp_peak_auroc_gw": 0.4892241198619881,
    "eval_metrics/imp_pval_pearson_1obs": 0.0701307484488343,
    "eval_metrics/den_peak_auroc_gw": 0.5151587918012976,
    "eval_metrics/den_count_pearson_gw": 0.0697027102287393,
    "eval_metrics/den_count_spearman_gw": 0.06650378721688037,
    "eval_metrics/den_pval_pearson_1obs": 0.011013011948977547,
    "eval_metrics/imp_pval_r2_dsf1": -0.9923031184532718,
    "eval_metrics/den_pval_spearman_gw": 0.07746580759640605,
    "eval_metrics/den_pval_spearman_dsf1": 0.07746580759640605,
    "eval_metrics/den_pval_pearson_gw": 0.04425400700787768,
    "eval_metrics/imp_pval_r2_gw": -0.9923031184532718,
    "eval_metrics/imp_pval_r2_1obs": -24.221457483706114,
    "eval_metrics/den_pval_r2_1obs": -25.803449648191688,
    "eval_metrics/imp_pval_pearson_dsf1": 0.03763876522758177,
    "eval_metrics/den_pval_spearman_1obs": -0.019410991395191753,
    "eval_metrics/den_count_r2_gw": -0.19282661292989592,
    "eval_metrics/imp_pval_spearman_dsf1": 0.07560122917650441,
    "eval_metrics/den_pval_r2_gw": -0.6289598517142877,
    "eval_metrics/den_pval_pearson_dsf1": 0.04425400700787768,
    "eval_metrics/imp_count_spearman_gw": -0.02932175308410463,
    "eval_metrics/imp_count_pearson_gw": -0.004932048116571091,
    "eval_metrics/den_pval_r2_dsf1": -0.6289598517142877,
    "eval_metrics/imp_pval_spearman_gw": 0.07560122917650441,
    "eval_metrics/imp_pval_spearman_1obs": 0.07989532094948897,
    "eval_metrics/imp_pval_pearson_gw": 0.03763876522758177,
    "eval_losses/total_loss": 6.258314563647697,
    "eval_losses/count_obs_loss": 1.4418302837171053,
    "eval_losses/count_imp_loss": 2.2871916502241105,
    "eval_losses/pval_obs_loss": 0.9189433973086508,
    "eval_losses/pval_imp_loss": 0.8991887507930635,
    "eval_losses/peak_obs_loss": 0.6921252176949853,
    "eval_losses/peak_imp_loss": 0.6804702423867726
  }
}
{
  "epoch": 35,
  "training_metadata_probes": {
    "training_metadata_probes/depth_count_ratio": 1.027109146118164,
    "training_metadata_probes/runtype_mse": 3.192333679180592e-05,
    "training_metadata_probes/readlen_mse": 2.3915849851618987e-06
  }
}
{
  "epoch": 36,
  "eval_prefixed": {
    "eval_metrics/imp_count_r2_gw": -0.09287247129330281,
    "eval_metrics/imp_peak_auroc_gw": 0.48042693776589473,
    "eval_metrics/imp_pval_pearson_1obs": 0.06531608201764776,
    "eval_metrics/den_peak_auroc_gw": 0.5125531726027974,
    "eval_metrics/den_count_pearson_gw": 0.07358236485876994,
    "eval_metrics/den_count_spearman_gw": 0.06806597550278837,
    "eval_metrics/den_pval_pearson_1obs": 0.0200653617227401,
    "eval_metrics/imp_pval_r2_dsf1": -0.8751458794638161,
    "eval_metrics/den_pval_spearman_gw": 0.08018351156554851,
    "eval_metrics/den_pval_spearman_dsf1": 0.08018351156554851,
    "eval_metrics/den_pval_pearson_gw": 0.04687911916622206,
    "eval_metrics/imp_pval_r2_gw": -0.8751458794638161,
    "eval_metrics/imp_pval_r2_1obs": -27.57106267735511,
    "eval_metrics/den_pval_r2_1obs": -29.124955313571647,
    "eval_metrics/imp_pval_pearson_dsf1": 0.03917510715860223,
    "eval_metrics/den_pval_spearman_1obs": -0.005834347005125266,
    "eval_metrics/den_count_r2_gw": -0.20649089326326403,
    "eval_metrics/imp_pval_spearman_dsf1": 0.07978659476765515,
    "eval_metrics/den_pval_r2_gw": -0.5531133956369526,
    "eval_metrics/den_pval_pearson_dsf1": 0.04687911916622206,
    "eval_metrics/imp_count_spearman_gw": -0.0259721572610358,
    "eval_metrics/imp_count_pearson_gw": -0.005082917753685569,
    "eval_metrics/den_pval_r2_dsf1": -0.5531133956369526,
    "eval_metrics/imp_pval_spearman_gw": 0.07978659476765515,
    "eval_metrics/imp_pval_spearman_1obs": 0.06730106356435683,
    "eval_metrics/imp_pval_pearson_gw": 0.03917510715860223,
    "eval_losses/total_loss": 6.280107182107474,
    "eval_losses/count_obs_loss": 1.4680317028572685,
    "eval_losses/count_imp_loss": 2.245007564151098,
    "eval_losses/pval_obs_loss": 0.9554430481634641,
    "eval_losses/pval_imp_loss": 0.8908671817136189,
    "eval_losses/peak_obs_loss": 0.6923548610586869,
    "eval_losses/peak_imp_loss": 0.6813489894072214
  }
}
{
  "epoch": 36,
  "training_metadata_probes": {
    "training_metadata_probes/depth_count_ratio": 1.0280112028121948,
    "training_metadata_probes/runtype_mse": 1.9532260921550915e-05,
    "training_metadata_probes/readlen_mse": 2.5780420855880948e-06
  }
}
{
  "epoch": 37,
  "eval_prefixed": {
    "eval_metrics/imp_count_r2_gw": -0.09159935997650552,
    "eval_metrics/imp_peak_auroc_gw": 0.4831221727347961,
    "eval_metrics/imp_pval_pearson_1obs": 0.063843590126092,
    "eval_metrics/den_peak_auroc_gw": 0.524265993706919,
    "eval_metrics/den_count_pearson_gw": 0.07156393421725002,
    "eval_metrics/den_count_spearman_gw": 0.06495392474795782,
    "eval_metrics/den_pval_pearson_1obs": 0.019366944043308888,
    "eval_metrics/imp_pval_r2_dsf1": -0.8963532348754816,
    "eval_metrics/den_pval_spearman_gw": 0.08050674616556887,
    "eval_metrics/den_pval_spearman_dsf1": 0.08050674616556887,
    "eval_metrics/den_pval_pearson_gw": 0.045028141552680416,
    "eval_metrics/imp_pval_r2_gw": -0.8963532348754816,
    "eval_metrics/imp_pval_r2_1obs": -29.08783155293134,
    "eval_metrics/den_pval_r2_1obs": -33.85758708885308,
    "eval_metrics/imp_pval_pearson_dsf1": 0.042013213881069704,
    "eval_metrics/den_pval_spearman_1obs": -0.011420488479918485,
    "eval_metrics/den_count_r2_gw": -0.2004734225098686,
    "eval_metrics/imp_pval_spearman_dsf1": 0.07482903923579218,
    "eval_metrics/den_pval_r2_gw": -0.601514744594499,
    "eval_metrics/den_pval_pearson_dsf1": 0.045028141552680416,
    "eval_metrics/imp_count_spearman_gw": -0.025055879492717942,
    "eval_metrics/imp_count_pearson_gw": -0.0030922471626018662,
    "eval_metrics/den_pval_r2_dsf1": -0.601514744594499,
    "eval_metrics/imp_pval_spearman_gw": 0.07482903923579218,
    "eval_metrics/imp_pval_spearman_1obs": 0.06706922961156794,
    "eval_metrics/imp_pval_pearson_gw": 0.042013213881069704,
    "eval_losses/total_loss": 6.251406566877114,
    "eval_losses/count_obs_loss": 1.4513809547612542,
    "eval_losses/count_imp_loss": 2.2119343990371343,
    "eval_losses/pval_obs_loss": 0.9623685577198079,
    "eval_losses/pval_imp_loss": 0.9050823748111725,
    "eval_losses/peak_obs_loss": 0.6903936274741825,
    "eval_losses/peak_imp_loss": 0.6796819633907742
  }
}
{
  "epoch": 37,
  "training_metadata_probes": {
    "training_metadata_probes/depth_count_ratio": 1.0281459093093872,
    "training_metadata_probes/runtype_mse": 1.561869248689618e-05,
    "training_metadata_probes/readlen_mse": 2.335857971047517e-06
  }
}
{
  "epoch": 38,
  "eval_prefixed": {
    "eval_metrics/imp_count_r2_gw": -0.09669017170506376,
    "eval_metrics/imp_peak_auroc_gw": 0.48028717079305383,
    "eval_metrics/imp_pval_pearson_1obs": 0.07541026407667982,
    "eval_metrics/den_peak_auroc_gw": 0.5086116512988241,
    "eval_metrics/den_count_pearson_gw": 0.0717409080737908,
    "eval_metrics/den_count_spearman_gw": 0.06973289487738205,
    "eval_metrics/den_pval_pearson_1obs": 0.016755657987424025,
    "eval_metrics/imp_pval_r2_dsf1": -0.8855371538269493,
    "eval_metrics/den_pval_spearman_gw": 0.08151574866626932,
    "eval_metrics/den_pval_spearman_dsf1": 0.08151574866626932,
    "eval_metrics/den_pval_pearson_gw": 0.04564782662170106,
    "eval_metrics/imp_pval_r2_gw": -0.8855371538269493,
    "eval_metrics/imp_pval_r2_1obs": -22.11958282886249,
    "eval_metrics/den_pval_r2_1obs": -23.207576790253963,
    "eval_metrics/imp_pval_pearson_dsf1": 0.04125169638012137,
    "eval_metrics/den_pval_spearman_1obs": -0.015829636372677636,
    "eval_metrics/den_count_r2_gw": -0.1826409891547405,
    "eval_metrics/imp_pval_spearman_dsf1": 0.07637600267757623,
    "eval_metrics/den_pval_r2_gw": -0.5952379302703474,
    "eval_metrics/den_pval_pearson_dsf1": 0.04564782662170106,
    "eval_metrics/imp_count_spearman_gw": -0.025988393493045023,
    "eval_metrics/imp_count_pearson_gw": -0.004674619898044814,
    "eval_metrics/den_pval_r2_dsf1": -0.5952379302703474,
    "eval_metrics/imp_pval_spearman_gw": 0.07637600267757623,
    "eval_metrics/imp_pval_spearman_1obs": 0.07528674756150848,
    "eval_metrics/imp_pval_pearson_gw": 0.04125169638012137,
    "eval_losses/total_loss": 6.083182568220716,
    "eval_losses/count_obs_loss": 1.3465798426615565,
    "eval_losses/count_imp_loss": 2.237840147245498,
    "eval_losses/pval_obs_loss": 0.880600427718539,
    "eval_losses/pval_imp_loss": 0.8996819551028903,
    "eval_losses/peak_obs_loss": 0.6915145296799509,
    "eval_losses/peak_imp_loss": 0.6799552052740067
  }
}
{
  "epoch": 38,
  "training_metadata_probes": {
    "training_metadata_probes/depth_count_ratio": 1.0284857749938965,
    "training_metadata_probes/runtype_mse": 1.7282092812820338e-05,
    "training_metadata_probes/readlen_mse": 2.4788830614852486e-06
  }
}
{
  "epoch": 39,
  "eval_prefixed": {
    "eval_metrics/imp_count_r2_gw": -0.08426225901702476,
    "eval_metrics/imp_peak_auroc_gw": 0.5091017940691213,
    "eval_metrics/imp_pval_pearson_1obs": 0.06523046590824841,
    "eval_metrics/den_peak_auroc_gw": 0.5113276345480711,
    "eval_metrics/den_count_pearson_gw": 0.0772183083466093,
    "eval_metrics/den_count_spearman_gw": 0.06961942654702001,
    "eval_metrics/den_pval_pearson_1obs": 0.017336489644662834,
    "eval_metrics/imp_pval_r2_dsf1": -0.8002256220873663,
    "eval_metrics/den_pval_spearman_gw": 0.080554744867594,
    "eval_metrics/den_pval_spearman_dsf1": 0.080554744867594,
    "eval_metrics/den_pval_pearson_gw": 0.047400886805630045,
    "eval_metrics/imp_pval_r2_gw": -0.8002256220873663,
    "eval_metrics/imp_pval_r2_1obs": -32.36023371341777,
    "eval_metrics/den_pval_r2_1obs": -42.47812971027292,
    "eval_metrics/imp_pval_pearson_dsf1": 0.04216834691367925,
    "eval_metrics/den_pval_spearman_1obs": -0.010319909301892534,
    "eval_metrics/den_count_r2_gw": -0.16223438658779107,
    "eval_metrics/imp_pval_spearman_dsf1": 0.07493426555722783,
    "eval_metrics/den_pval_r2_gw": -0.5715004798779312,
    "eval_metrics/den_pval_pearson_dsf1": 0.047400886805630045,
    "eval_metrics/imp_count_spearman_gw": -0.024349040901469908,
    "eval_metrics/imp_count_pearson_gw": -0.001768526180837528,
    "eval_metrics/den_pval_r2_dsf1": -0.5715004798779312,
    "eval_metrics/imp_pval_spearman_gw": 0.07493426555722783,
    "eval_metrics/imp_pval_spearman_1obs": 0.06839692218182013,
    "eval_metrics/imp_pval_pearson_gw": 0.04216834691367925,
    "eval_losses/total_loss": 6.431726403534412,
    "eval_losses/count_obs_loss": 1.5300187609697644,
    "eval_losses/count_imp_loss": 2.210111826185196,
    "eval_losses/pval_obs_loss": 1.0287664050334377,
    "eval_losses/pval_imp_loss": 0.9557251485567244,
    "eval_losses/peak_obs_loss": 0.6875760319985842,
    "eval_losses/peak_imp_loss": 0.6768258128847394
  }
}
{
  "epoch": 39,
  "training_metadata_probes": {
    "training_metadata_probes/depth_count_ratio": 1.0302623510360718,
    "training_metadata_probes/runtype_mse": 1.0833525266207289e-05,
    "training_metadata_probes/readlen_mse": 2.0633640360756544e-06
  }
}
{
  "epoch": 40,
  "eval_prefixed": {
    "eval_metrics/imp_count_r2_gw": -0.08722670571044575,
    "eval_metrics/imp_peak_auroc_gw": 0.4640312016629708,
    "eval_metrics/imp_pval_pearson_1obs": 0.0631063037538889,
    "eval_metrics/den_peak_auroc_gw": 0.5095234733205367,
    "eval_metrics/den_count_pearson_gw": 0.07079420944309707,
    "eval_metrics/den_count_spearman_gw": 0.0680686920316296,
    "eval_metrics/den_pval_pearson_1obs": 0.01432267449011928,
    "eval_metrics/imp_pval_r2_dsf1": -0.8519319299474081,
    "eval_metrics/den_pval_spearman_gw": 0.07993632105483181,
    "eval_metrics/den_pval_spearman_dsf1": 0.07993632105483181,
    "eval_metrics/den_pval_pearson_gw": 0.04615386872013148,
    "eval_metrics/imp_pval_r2_gw": -0.8519319299474081,
    "eval_metrics/imp_pval_r2_1obs": -29.045922137600854,
    "eval_metrics/den_pval_r2_1obs": -24.13086806919897,
    "eval_metrics/imp_pval_pearson_dsf1": 0.04196872986439201,
    "eval_metrics/den_pval_spearman_1obs": -0.009571923218197272,
    "eval_metrics/den_count_r2_gw": -0.2145021151609387,
    "eval_metrics/imp_pval_spearman_dsf1": 0.07292351396610304,
    "eval_metrics/den_pval_r2_gw": -0.5645527419186968,
    "eval_metrics/den_pval_pearson_dsf1": 0.04615386872013148,
    "eval_metrics/imp_count_spearman_gw": -0.025539646709034667,
    "eval_metrics/imp_count_pearson_gw": -0.003760728130896857,
    "eval_metrics/den_pval_r2_dsf1": -0.5645527419186968,
    "eval_metrics/imp_pval_spearman_gw": 0.07292351396610304,
    "eval_metrics/imp_pval_spearman_1obs": 0.06404760927081153,
    "eval_metrics/imp_pval_pearson_gw": 0.04196872986439201,
    "eval_losses/total_loss": 6.086526257819251,
    "eval_losses/count_obs_loss": 1.3748351939414676,
    "eval_losses/count_imp_loss": 2.2077148471559798,
    "eval_losses/pval_obs_loss": 0.8989826060439411,
    "eval_losses/pval_imp_loss": 0.8860608225777036,
    "eval_losses/peak_obs_loss": 0.6871822790095681,
    "eval_losses/peak_imp_loss": 0.6767003555146475
  }
}
{
  "epoch": 40,
  "training_metadata_probes": {
    "training_metadata_probes/depth_count_ratio": 1.0310988426208496,
    "training_metadata_probes/runtype_mse": 1.2384213732730132e-05,
    "training_metadata_probes/readlen_mse": 1.8864975572796538e-06
  }
}
{
  "epoch": 41,
  "eval_prefixed": {
    "eval_metrics/imp_count_r2_gw": -0.07712632636586368,
    "eval_metrics/imp_peak_auroc_gw": 0.48164205649172387,
    "eval_metrics/imp_pval_pearson_1obs": 0.07645822039552196,
    "eval_metrics/den_peak_auroc_gw": 0.49489162737075787,
    "eval_metrics/den_count_pearson_gw": 0.07342173728542739,
    "eval_metrics/den_count_spearman_gw": 0.06922178868424965,
    "eval_metrics/den_pval_pearson_1obs": 0.017537590968841915,
    "eval_metrics/imp_pval_r2_dsf1": -0.7690490502862253,
    "eval_metrics/den_pval_spearman_gw": 0.08118122698075578,
    "eval_metrics/den_pval_spearman_dsf1": 0.08118122698075578,
    "eval_metrics/den_pval_pearson_gw": 0.04938492019611754,
    "eval_metrics/imp_pval_r2_gw": -0.7690490502862253,
    "eval_metrics/imp_pval_r2_1obs": -27.71379414004895,
    "eval_metrics/den_pval_r2_1obs": -28.35263026652218,
    "eval_metrics/imp_pval_pearson_dsf1": 0.04280171970585509,
    "eval_metrics/den_pval_spearman_1obs": -0.0026547171564624073,
    "eval_metrics/den_count_r2_gw": -0.18406754243343057,
    "eval_metrics/imp_pval_spearman_dsf1": 0.07205540159087606,
    "eval_metrics/den_pval_r2_gw": -0.5458518673322887,
    "eval_metrics/den_pval_pearson_dsf1": 0.04938492019611754,
    "eval_metrics/imp_count_spearman_gw": -0.025782888817219934,
    "eval_metrics/imp_count_pearson_gw": -0.00426478846814476,
    "eval_metrics/den_pval_r2_dsf1": -0.5458518673322887,
    "eval_metrics/imp_pval_spearman_gw": 0.07205540159087606,
    "eval_metrics/imp_pval_spearman_1obs": 0.07654982973583892,
    "eval_metrics/imp_pval_pearson_gw": 0.04280171970585509,
    "eval_losses/total_loss": 6.096163583429236,
    "eval_losses/count_obs_loss": 1.4013505240804272,
    "eval_losses/count_imp_loss": 2.1665320424806502,
    "eval_losses/pval_obs_loss": 0.9306061738415768,
    "eval_losses/pval_imp_loss": 0.874842814036778,
    "eval_losses/peak_obs_loss": 0.6843683923545637,
    "eval_losses/peak_imp_loss": 0.6739858653810289
  }
}
{
  "epoch": 41,
  "training_metadata_probes": {
    "training_metadata_probes/depth_count_ratio": 1.0317598581314087,
    "training_metadata_probes/runtype_mse": 1.2709318980341777e-05,
    "training_metadata_probes/readlen_mse": 1.9202050225430867e-06
  }
}
{
  "epoch": 42,
  "eval_prefixed": {
    "eval_metrics/imp_count_r2_gw": -0.08891192008228986,
    "eval_metrics/imp_peak_auroc_gw": 0.47963271333142743,
    "eval_metrics/imp_pval_pearson_1obs": 0.06570432859931201,
    "eval_metrics/den_peak_auroc_gw": 0.49800553123052393,
    "eval_metrics/den_count_pearson_gw": 0.07500178227047927,
    "eval_metrics/den_count_spearman_gw": 0.06992170318055312,
    "eval_metrics/den_pval_pearson_1obs": 0.015478604862485219,
    "eval_metrics/imp_pval_r2_dsf1": -0.9111601613112249,
    "eval_metrics/den_pval_spearman_gw": 0.08022670591454656,
    "eval_metrics/den_pval_spearman_dsf1": 0.08022670591454656,
    "eval_metrics/den_pval_pearson_gw": 0.05084744805323058,
    "eval_metrics/imp_pval_r2_gw": -0.9111601613112249,
    "eval_metrics/imp_pval_r2_1obs": -23.286415370664884,
    "eval_metrics/den_pval_r2_1obs": -30.3985761423079,
    "eval_metrics/imp_pval_pearson_dsf1": 0.045096478927584865,
    "eval_metrics/den_pval_spearman_1obs": -0.0030938117400673244,
    "eval_metrics/den_count_r2_gw": -0.21827322734215843,
    "eval_metrics/imp_pval_spearman_dsf1": 0.07710330700882424,
    "eval_metrics/den_pval_r2_gw": -0.566106797206262,
    "eval_metrics/den_pval_pearson_dsf1": 0.05084744805323058,
    "eval_metrics/imp_count_spearman_gw": -0.0220470147434607,
    "eval_metrics/imp_count_pearson_gw": -0.000484300891883553,
    "eval_metrics/den_pval_r2_dsf1": -0.566106797206262,
    "eval_metrics/imp_pval_spearman_gw": 0.07710330700882424,
    "eval_metrics/imp_pval_spearman_1obs": 0.0673992497306354,
    "eval_metrics/imp_pval_pearson_gw": 0.045096478927584865,
    "eval_losses/total_loss": 6.250300145070804,
    "eval_losses/count_obs_loss": 1.4934714162035991,
    "eval_losses/count_imp_loss": 2.141680556630331,
    "eval_losses/pval_obs_loss": 1.0212484017798775,
    "eval_losses/pval_imp_loss": 0.8693996946963053,
    "eval_losses/peak_obs_loss": 0.6821734481736234,
    "eval_losses/peak_imp_loss": 0.672394713712117
  }
}
{
  "epoch": 42,
  "training_metadata_probes": {
    "training_metadata_probes/depth_count_ratio": 1.032507300376892,
    "training_metadata_probes/runtype_mse": 1.4895548702043016e-05,
    "training_metadata_probes/readlen_mse": 1.8276257378602168e-06
  }
}
{
  "epoch": 43,
  "eval_prefixed": {
    "eval_metrics/imp_count_r2_gw": -0.07785836662652676,
    "eval_metrics/imp_peak_auroc_gw": 0.46749838358140144,
    "eval_metrics/imp_pval_pearson_1obs": 0.06905965469703669,
    "eval_metrics/den_peak_auroc_gw": 0.49550797173545785,
    "eval_metrics/den_count_pearson_gw": 0.07861308530769556,
    "eval_metrics/den_count_spearman_gw": 0.06860880526555806,
    "eval_metrics/den_pval_pearson_1obs": 0.01604625659743569,
    "eval_metrics/imp_pval_r2_dsf1": -0.7092130718915892,
    "eval_metrics/den_pval_spearman_gw": 0.08028232357024703,
    "eval_metrics/den_pval_spearman_dsf1": 0.08028232357024703,
    "eval_metrics/den_pval_pearson_gw": 0.0501520571936118,
    "eval_metrics/imp_pval_r2_gw": -0.7092130718915892,
    "eval_metrics/imp_pval_r2_1obs": -27.779408859578414,
    "eval_metrics/den_pval_r2_1obs": -28.844474055991416,
    "eval_metrics/imp_pval_pearson_dsf1": 0.04570917431856432,
    "eval_metrics/den_pval_spearman_1obs": -0.006314029605575146,
    "eval_metrics/den_count_r2_gw": -0.1578863785842439,
    "eval_metrics/imp_pval_spearman_dsf1": 0.0764718773713086,
    "eval_metrics/den_pval_r2_gw": -0.5266846892183171,
    "eval_metrics/den_pval_pearson_dsf1": 0.0501520571936118,
    "eval_metrics/imp_count_spearman_gw": -0.020314555628558207,
    "eval_metrics/imp_count_pearson_gw": -4.3976630314275445e-05,
    "eval_metrics/den_pval_r2_dsf1": -0.5266846892183171,
    "eval_metrics/imp_pval_spearman_gw": 0.0764718773713086,
    "eval_metrics/imp_pval_spearman_1obs": 0.07389681863776064,
    "eval_metrics/imp_pval_pearson_gw": 0.04570917431856432,
    "eval_losses/total_loss": 6.195777475833893,
    "eval_losses/count_obs_loss": 1.378995611479408,
    "eval_losses/count_imp_loss": 2.2198982248230585,
    "eval_losses/pval_obs_loss": 0.9608058153014434,
    "eval_losses/pval_imp_loss": 0.9342747396892972,
    "eval_losses/peak_obs_loss": 0.6832343512459805,
    "eval_losses/peak_imp_loss": 0.6732614645882259
  }
}
{
  "epoch": 43,
  "training_metadata_probes": {
    "training_metadata_probes/depth_count_ratio": 1.0329684019088745,
    "training_metadata_probes/runtype_mse": 1.3762991329713259e-05,
    "training_metadata_probes/readlen_mse": 1.7990118976740632e-06
  }
}
{
  "epoch": 44,
  "eval_prefixed": {
    "eval_metrics/imp_count_r2_gw": -0.07461361224999805,
    "eval_metrics/imp_peak_auroc_gw": 0.48910415584281597,
    "eval_metrics/imp_pval_pearson_1obs": 0.07901963723697773,
    "eval_metrics/den_peak_auroc_gw": 0.4774544810332608,
    "eval_metrics/den_count_pearson_gw": 0.08153145079694168,
    "eval_metrics/den_count_spearman_gw": 0.06919246791150399,
    "eval_metrics/den_pval_pearson_1obs": 0.00911144007917947,
    "eval_metrics/imp_pval_r2_dsf1": -0.7062584168095954,
    "eval_metrics/den_pval_spearman_gw": 0.08050959473078777,
    "eval_metrics/den_pval_spearman_dsf1": 0.08050959473078777,
    "eval_metrics/den_pval_pearson_gw": 0.050562457120242085,
    "eval_metrics/imp_pval_r2_gw": -0.7062584168095954,
    "eval_metrics/imp_pval_r2_1obs": -34.65484052489562,
    "eval_metrics/den_pval_r2_1obs": -24.548271918141936,
    "eval_metrics/imp_pval_pearson_dsf1": 0.044946612346739995,
    "eval_metrics/den_pval_spearman_1obs": -0.011807837117554218,
    "eval_metrics/den_count_r2_gw": -0.16653838137227153,
    "eval_metrics/imp_pval_spearman_dsf1": 0.07378729687601038,
    "eval_metrics/den_pval_r2_gw": -0.5481890631797107,
    "eval_metrics/den_pval_pearson_dsf1": 0.050562457120242085,
    "eval_metrics/imp_count_spearman_gw": -0.023646041621322344,
    "eval_metrics/imp_count_pearson_gw": -0.0025012631889521366,
    "eval_metrics/den_pval_r2_dsf1": -0.5481890631797107,
    "eval_metrics/imp_pval_spearman_gw": 0.07378729687601038,
    "eval_metrics/imp_pval_spearman_1obs": 0.08408003679999679,
    "eval_metrics/imp_pval_pearson_gw": 0.044946612346739995,
    "eval_losses/total_loss": 6.122055103120051,
    "eval_losses/count_obs_loss": 1.311975166985863,
    "eval_losses/count_imp_loss": 2.2168769987802657,
    "eval_losses/pval_obs_loss": 0.9062313045326033,
    "eval_losses/pval_imp_loss": 0.9961966011259291,
    "eval_losses/peak_obs_loss": 0.6831331527546832,
    "eval_losses/peak_imp_loss": 0.6722339618773687
  }
}
{
  "epoch": 44,
  "training_metadata_probes": {
    "training_metadata_probes/depth_count_ratio": 1.0330272912979126,
    "training_metadata_probes/runtype_mse": 1.426848211849574e-05,
    "training_metadata_probes/readlen_mse": 1.6271137610601727e-06
  }
}
{
  "epoch": 45,
  "eval_prefixed": {
    "eval_metrics/imp_count_r2_gw": -0.10656271692443153,
    "eval_metrics/imp_peak_auroc_gw": 0.4640549357270468,
    "eval_metrics/imp_pval_pearson_1obs": 0.07369873463176191,
    "eval_metrics/den_peak_auroc_gw": 0.4804106044418476,
    "eval_metrics/den_count_pearson_gw": 0.07750581211305536,
    "eval_metrics/den_count_spearman_gw": 0.06889185508939168,
    "eval_metrics/den_pval_pearson_1obs": 0.017029528639365087,
    "eval_metrics/imp_pval_r2_dsf1": -0.9035078061267028,
    "eval_metrics/den_pval_spearman_gw": 0.0788661489174912,
    "eval_metrics/den_pval_spearman_dsf1": 0.0788661489174912,
    "eval_metrics/den_pval_pearson_gw": 0.05151420005744225,
    "eval_metrics/imp_pval_r2_gw": -0.9035078061267028,
    "eval_metrics/imp_pval_r2_1obs": -24.451161251170056,
    "eval_metrics/den_pval_r2_1obs": -30.406961721722244,
    "eval_metrics/imp_pval_pearson_dsf1": 0.04440941250631734,
    "eval_metrics/den_pval_spearman_1obs": -0.0016707122006925064,
    "eval_metrics/den_count_r2_gw": -0.22585322226254465,
    "eval_metrics/imp_pval_spearman_dsf1": 0.07414771113093076,
    "eval_metrics/den_pval_r2_gw": -0.5715716504140433,
    "eval_metrics/den_pval_pearson_dsf1": 0.05151420005744225,
    "eval_metrics/imp_count_spearman_gw": -0.023603257149997944,
    "eval_metrics/imp_count_pearson_gw": -0.001053840852811903,
    "eval_metrics/den_pval_r2_dsf1": -0.5715716504140433,
    "eval_metrics/imp_pval_spearman_gw": 0.07414771113093076,
    "eval_metrics/imp_pval_spearman_1obs": 0.07761032320532177,
    "eval_metrics/imp_pval_pearson_gw": 0.04440941250631734,
    "eval_losses/total_loss": 6.125163839051598,
    "eval_losses/count_obs_loss": 1.3807557429137982,
    "eval_losses/count_imp_loss": 2.1726204705616783,
    "eval_losses/pval_obs_loss": 0.9520435839107162,
    "eval_losses/pval_imp_loss": 0.9066876792718493,
    "eval_losses/peak_obs_loss": 0.6823414689616153,
    "eval_losses/peak_imp_loss": 0.6724656801375132
  }
}
{
  "epoch": 45,
  "training_metadata_probes": {
    "training_metadata_probes/depth_count_ratio": 1.033991813659668,
    "training_metadata_probes/runtype_mse": 1.4035540516488254e-05,
    "training_metadata_probes/readlen_mse": 1.6720599660402513e-06
  }
}
{
  "epoch": 46,
  "eval_prefixed": {
    "eval_metrics/imp_count_r2_gw": -0.09099973656943101,
    "eval_metrics/imp_peak_auroc_gw": 0.4774173950659125,
    "eval_metrics/imp_pval_pearson_1obs": 0.0745982614138888,
    "eval_metrics/den_peak_auroc_gw": 0.4853710204922787,
    "eval_metrics/den_count_pearson_gw": 0.07503042247615092,
    "eval_metrics/den_count_spearman_gw": 0.0703799188251741,
    "eval_metrics/den_pval_pearson_1obs": 0.019021983904406767,
    "eval_metrics/imp_pval_r2_dsf1": -0.8309250714108212,
    "eval_metrics/den_pval_spearman_gw": 0.07868882666582755,
    "eval_metrics/den_pval_spearman_dsf1": 0.07868882666582755,
    "eval_metrics/den_pval_pearson_gw": 0.05385106222360934,
    "eval_metrics/imp_pval_r2_gw": -0.8309250714108212,
    "eval_metrics/imp_pval_r2_1obs": -27.168729802581872,
    "eval_metrics/den_pval_r2_1obs": -25.788167720607728,
    "eval_metrics/imp_pval_pearson_dsf1": 0.04474024914412035,
    "eval_metrics/den_pval_spearman_1obs": 0.005537683301916687,
    "eval_metrics/den_count_r2_gw": -0.20212835382474076,
    "eval_metrics/imp_pval_spearman_dsf1": 0.07656425856814156,
    "eval_metrics/den_pval_r2_gw": -0.5408314641577406,
    "eval_metrics/den_pval_pearson_dsf1": 0.05385106222360934,
    "eval_metrics/imp_count_spearman_gw": -0.023535625677120572,
    "eval_metrics/imp_count_pearson_gw": -0.0017384829342417005,
    "eval_metrics/den_pval_r2_dsf1": -0.5408314641577406,
    "eval_metrics/imp_pval_spearman_gw": 0.07656425856814156,
    "eval_metrics/imp_pval_spearman_1obs": 0.08390413123159715,
    "eval_metrics/imp_pval_pearson_gw": 0.04474024914412035,
    "eval_losses/total_loss": 6.118967822899944,
    "eval_losses/count_obs_loss": 1.373780798755194,
    "eval_losses/count_imp_loss": 2.1891855342047557,
    "eval_losses/pval_obs_loss": 0.933577513616336,
    "eval_losses/pval_imp_loss": 0.9153111454040285,
    "eval_losses/peak_obs_loss": 0.681557588671383,
    "eval_losses/peak_imp_loss": 0.671438972155253
  }
}
{
  "epoch": 46,
  "training_metadata_probes": {
    "training_metadata_probes/depth_count_ratio": 1.0344809293746948,
    "training_metadata_probes/runtype_mse": 1.7611497241887264e-05,
    "training_metadata_probes/readlen_mse": 1.65197957358032e-06
  }
}
{
  "epoch": 47,
  "eval_prefixed": {
    "eval_metrics/imp_count_r2_gw": -0.09025819209671021,
    "eval_metrics/imp_peak_auroc_gw": 0.4851199015195681,
    "eval_metrics/imp_pval_pearson_1obs": 0.07924637690533899,
    "eval_metrics/den_peak_auroc_gw": 0.4809388424473103,
    "eval_metrics/den_count_pearson_gw": 0.07967741197602377,
    "eval_metrics/den_count_spearman_gw": 0.06808150524971737,
    "eval_metrics/den_pval_pearson_1obs": 0.015527542279175433,
    "eval_metrics/imp_pval_r2_dsf1": -0.767905944213565,
    "eval_metrics/den_pval_spearman_gw": 0.07680494898613387,
    "eval_metrics/den_pval_spearman_dsf1": 0.07680494898613387,
    "eval_metrics/den_pval_pearson_gw": 0.052832390512584856,
    "eval_metrics/imp_pval_r2_gw": -0.767905944213565,
    "eval_metrics/imp_pval_r2_1obs": -24.404333476884226,
    "eval_metrics/den_pval_r2_1obs": -27.867124404072044,
    "eval_metrics/imp_pval_pearson_dsf1": 0.04583455833591639,
    "eval_metrics/den_pval_spearman_1obs": 0.003645092046787602,
    "eval_metrics/den_count_r2_gw": -0.2121544863996926,
    "eval_metrics/imp_pval_spearman_dsf1": 0.07415418093486556,
    "eval_metrics/den_pval_r2_gw": -0.5528238042536282,
    "eval_metrics/den_pval_pearson_dsf1": 0.052832390512584856,
    "eval_metrics/imp_count_spearman_gw": -0.023060751681454734,
    "eval_metrics/imp_count_pearson_gw": -0.001459888177469977,
    "eval_metrics/den_pval_r2_dsf1": -0.5528238042536282,
    "eval_metrics/imp_pval_spearman_gw": 0.07415418093486556,
    "eval_metrics/imp_pval_spearman_1obs": 0.07726603676590957,
    "eval_metrics/imp_pval_pearson_gw": 0.04583455833591639,
    "eval_losses/total_loss": 6.062683607010465,
    "eval_losses/count_obs_loss": 1.3804765547576703,
    "eval_losses/count_imp_loss": 2.1825483526502336,
    "eval_losses/pval_obs_loss": 0.9061433723882625,
    "eval_losses/pval_imp_loss": 0.880892967420911,
    "eval_losses/peak_obs_loss": 0.680877190671469,
    "eval_losses/peak_imp_loss": 0.6704344446696933
  }
}
{
  "epoch": 47,
  "training_metadata_probes": {
    "training_metadata_probes/depth_count_ratio": 1.0355933904647827,
    "training_metadata_probes/runtype_mse": 1.9413155314396136e-05,
    "training_metadata_probes/readlen_mse": 1.8298629811397404e-06
  }
}
{
  "epoch": 48,
  "eval_prefixed": {
    "eval_metrics/imp_count_r2_gw": -0.09203265211611548,
    "eval_metrics/imp_peak_auroc_gw": 0.47248727395069173,
    "eval_metrics/imp_pval_pearson_1obs": 0.08251906875964432,
    "eval_metrics/den_peak_auroc_gw": 0.48994051382159226,
    "eval_metrics/den_count_pearson_gw": 0.08511761570652628,
    "eval_metrics/den_count_spearman_gw": 0.07392373805964947,
    "eval_metrics/den_pval_pearson_1obs": 0.015345353016623688,
    "eval_metrics/imp_pval_r2_dsf1": -0.7457300447733489,
    "eval_metrics/den_pval_spearman_gw": 0.07817152219432659,
    "eval_metrics/den_pval_spearman_dsf1": 0.07817152219432659,
    "eval_metrics/den_pval_pearson_gw": 0.0556446538723417,
    "eval_metrics/imp_pval_r2_gw": -0.7457300447733489,
    "eval_metrics/imp_pval_r2_1obs": -19.575115003906188,
    "eval_metrics/den_pval_r2_1obs": -41.738169865488416,
    "eval_metrics/imp_pval_pearson_dsf1": 0.045567149104225255,
    "eval_metrics/den_pval_spearman_1obs": 0.003442901007031331,
    "eval_metrics/den_count_r2_gw": -0.2038188446389352,
    "eval_metrics/imp_pval_spearman_dsf1": 0.07251938749316011,
    "eval_metrics/den_pval_r2_gw": -0.5036527037525228,
    "eval_metrics/den_pval_pearson_dsf1": 0.0556446538723417,
    "eval_metrics/imp_count_spearman_gw": -0.026745768091212412,
    "eval_metrics/imp_count_pearson_gw": -0.0040619515472956535,
    "eval_metrics/den_pval_r2_dsf1": -0.5036527037525228,
    "eval_metrics/imp_pval_spearman_gw": 0.07251938749316011,
    "eval_metrics/imp_pval_spearman_1obs": 0.07843971218450597,
    "eval_metrics/imp_pval_pearson_gw": 0.045567149104225255,
    "eval_losses/total_loss": 6.3139245502258605,
    "eval_losses/count_obs_loss": 1.4621183236962871,
    "eval_losses/count_imp_loss": 2.163771895189134,
    "eval_losses/pval_obs_loss": 1.0186643576935719,
    "eval_losses/pval_imp_loss": 0.9710710351429288,
    "eval_losses/peak_obs_loss": 0.6792701906279514,
    "eval_losses/peak_imp_loss": 0.6698276656014579
  }
}
{
  "epoch": 48,
  "training_metadata_probes": {
    "training_metadata_probes/depth_count_ratio": 1.0360770225524902,
    "training_metadata_probes/runtype_mse": 1.7992146240430884e-05,
    "training_metadata_probes/readlen_mse": 1.7958162743525463e-06
  }
}
{
  "epoch": 49,
  "eval_prefixed": {
    "eval_metrics/imp_count_r2_gw": -0.09814034981391266,
    "eval_metrics/imp_peak_auroc_gw": 0.46396056641208555,
    "eval_metrics/imp_pval_pearson_1obs": 0.07594474013673053,
    "eval_metrics/den_peak_auroc_gw": 0.4898642657526335,
    "eval_metrics/den_count_pearson_gw": 0.08082394812172904,
    "eval_metrics/den_count_spearman_gw": 0.06880179487379375,
    "eval_metrics/den_pval_pearson_1obs": 0.019555974503562442,
    "eval_metrics/imp_pval_r2_dsf1": -0.8546515655389126,
    "eval_metrics/den_pval_spearman_gw": 0.07958566922125632,
    "eval_metrics/den_pval_spearman_dsf1": 0.07958566922125632,
    "eval_metrics/den_pval_pearson_gw": 0.0547337033050625,
    "eval_metrics/imp_pval_r2_gw": -0.8546515655389126,
    "eval_metrics/imp_pval_r2_1obs": -22.150998338241223,
    "eval_metrics/den_pval_r2_1obs": -20.76892970713331,
    "eval_metrics/imp_pval_pearson_dsf1": 0.045905266016248676,
    "eval_metrics/den_pval_spearman_1obs": 0.005656752497409145,
    "eval_metrics/den_count_r2_gw": -0.2100416926879359,
    "eval_metrics/imp_pval_spearman_dsf1": 0.07279407641689231,
    "eval_metrics/den_pval_r2_gw": -0.5004773691723549,
    "eval_metrics/den_pval_pearson_dsf1": 0.0547337033050625,
    "eval_metrics/imp_count_spearman_gw": -0.02292127225973083,
    "eval_metrics/imp_count_pearson_gw": -0.0007505870785930061,
    "eval_metrics/den_pval_r2_dsf1": -0.5004773691723549,
    "eval_metrics/imp_pval_spearman_gw": 0.07279407641689231,
    "eval_metrics/imp_pval_spearman_1obs": 0.07629545654848631,
    "eval_metrics/imp_pval_pearson_gw": 0.045905266016248676,
    "eval_losses/total_loss": 6.138868394650911,
    "eval_losses/count_obs_loss": 1.3473061644717266,
    "eval_losses/count_imp_loss": 2.17482387546509,
    "eval_losses/pval_obs_loss": 0.8943542328320051,
    "eval_losses/pval_imp_loss": 1.0351753130791679,
    "eval_losses/peak_obs_loss": 0.6801607608795166,
    "eval_losses/peak_imp_loss": 0.6708831919564141
  }
}
{
  "epoch": 49,
  "training_metadata_probes": {
    "training_metadata_probes/depth_count_ratio": 1.0357500314712524,
    "training_metadata_probes/runtype_mse": 1.6775891708675772e-05,
    "training_metadata_probes/readlen_mse": 1.8274838566867402e-06
  }
}
{
  "epoch": 50,
  "eval_prefixed": {
    "eval_metrics/imp_count_r2_gw": -0.08748749774995505,
    "eval_metrics/imp_peak_auroc_gw": 0.46809914839178307,
    "eval_metrics/imp_pval_pearson_1obs": 0.08557633788875556,
    "eval_metrics/den_peak_auroc_gw": 0.4924616289408954,
    "eval_metrics/den_count_pearson_gw": 0.07894856721395627,
    "eval_metrics/den_count_spearman_gw": 0.07021813322254507,
    "eval_metrics/den_pval_pearson_1obs": 0.018856705013987313,
    "eval_metrics/imp_pval_r2_dsf1": -0.7863804499758109,
    "eval_metrics/den_pval_spearman_gw": 0.07998434731714203,
    "eval_metrics/den_pval_spearman_dsf1": 0.07998434731714203,
    "eval_metrics/den_pval_pearson_gw": 0.05619832504491665,
    "eval_metrics/imp_pval_r2_gw": -0.7863804499758109,
    "eval_metrics/imp_pval_r2_1obs": -24.246255143396546,
    "eval_metrics/den_pval_r2_1obs": -23.69635440488661,
    "eval_metrics/imp_pval_pearson_dsf1": 0.04697234989956967,
    "eval_metrics/den_pval_spearman_1obs": 0.012164180654788772,
    "eval_metrics/den_count_r2_gw": -0.22091416724211613,
    "eval_metrics/imp_pval_spearman_dsf1": 0.07274707687495824,
    "eval_metrics/den_pval_r2_gw": -0.4979171035927907,
    "eval_metrics/den_pval_pearson_dsf1": 0.05619832504491665,
    "eval_metrics/imp_count_spearman_gw": -0.021653376121042886,
    "eval_metrics/imp_count_pearson_gw": -0.0019047319452973111,
    "eval_metrics/den_pval_r2_dsf1": -0.4979171035927907,
    "eval_metrics/imp_pval_spearman_gw": 0.07274707687495824,
    "eval_metrics/imp_pval_spearman_1obs": 0.08612475454053313,
    "eval_metrics/imp_pval_pearson_gw": 0.04697234989956967,
    "eval_losses/total_loss": 5.991696322042691,
    "eval_losses/count_obs_loss": 1.3700596690177917,
    "eval_losses/count_imp_loss": 2.124403225051032,
    "eval_losses/pval_obs_loss": 0.9090013594219559,
    "eval_losses/pval_imp_loss": 0.862161502005562,
    "eval_losses/peak_obs_loss": 0.6804106580583673,
    "eval_losses/peak_imp_loss": 0.6713570555051168
  }
}
{
  "epoch": 50,
  "training_metadata_probes": {
    "training_metadata_probes/depth_count_ratio": 1.0358167886734009,
    "training_metadata_probes/runtype_mse": 2.0323475837358274e-05,
    "training_metadata_probes/readlen_mse": 2.082356331811752e-06
  }
}
{
  "epoch": 51,
  "eval_prefixed": {
    "eval_metrics/imp_count_r2_gw": -0.08845178950674767,
    "eval_metrics/imp_peak_auroc_gw": 0.506929134040541,
    "eval_metrics/imp_pval_pearson_1obs": 0.0762421789584637,
    "eval_metrics/den_peak_auroc_gw": 0.4914605922917875,
    "eval_metrics/den_count_pearson_gw": 0.08212861577569704,
    "eval_metrics/den_count_spearman_gw": 0.0701490523704397,
    "eval_metrics/den_pval_pearson_1obs": 0.017707493713762807,
    "eval_metrics/imp_pval_r2_dsf1": -0.7120958465611228,
    "eval_metrics/den_pval_spearman_gw": 0.07693367772410156,
    "eval_metrics/den_pval_spearman_dsf1": 0.07693367772410156,
    "eval_metrics/den_pval_pearson_gw": 0.0562735672206863,
    "eval_metrics/imp_pval_r2_gw": -0.7120958465611228,
    "eval_metrics/imp_pval_r2_1obs": -32.12778189167503,
    "eval_metrics/den_pval_r2_1obs": -36.987298845467905,
    "eval_metrics/imp_pval_pearson_dsf1": 0.04498549470944064,
    "eval_metrics/den_pval_spearman_1obs": 0.007359918098265195,
    "eval_metrics/den_count_r2_gw": -0.17344483570925565,
    "eval_metrics/imp_pval_spearman_dsf1": 0.07783582152282192,
    "eval_metrics/den_pval_r2_gw": -0.4177463103107179,
    "eval_metrics/den_pval_pearson_dsf1": 0.0562735672206863,
    "eval_metrics/imp_count_spearman_gw": -0.021233206962566635,
    "eval_metrics/imp_count_pearson_gw": -5.203575017817673e-05,
    "eval_metrics/den_pval_r2_dsf1": -0.4177463103107179,
    "eval_metrics/imp_pval_spearman_gw": 0.07783582152282192,
    "eval_metrics/imp_pval_spearman_1obs": 0.0809599478798812,
    "eval_metrics/imp_pval_pearson_gw": 0.04498549470944064,
    "eval_losses/total_loss": 6.292843406529803,
    "eval_losses/count_obs_loss": 1.4465105447329973,
    "eval_losses/count_imp_loss": 2.192604504880451,
    "eval_losses/pval_obs_loss": 1.0095851178231992,
    "eval_losses/pval_imp_loss": 0.9438189698590173,
    "eval_losses/peak_obs_loss": 0.680502493914805,
    "eval_losses/peak_imp_loss": 0.6711104777124193
  }
}
{
  "epoch": 51,
  "training_metadata_probes": {
    "training_metadata_probes/depth_count_ratio": 1.035439133644104,
    "training_metadata_probes/runtype_mse": 1.6511030480614863e-05,
    "training_metadata_probes/readlen_mse": 1.975581881197286e-06
  }
}
{
  "epoch": 52,
  "eval_prefixed": {
    "eval_metrics/imp_count_r2_gw": -0.08132614527690511,
    "eval_metrics/imp_peak_auroc_gw": 0.4983207824922381,
    "eval_metrics/imp_pval_pearson_1obs": 0.08349041215934982,
    "eval_metrics/den_peak_auroc_gw": 0.4912365542441361,
    "eval_metrics/den_count_pearson_gw": 0.08570325220199793,
    "eval_metrics/den_count_spearman_gw": 0.07119051049247378,
    "eval_metrics/den_pval_pearson_1obs": 0.020495388620091898,
    "eval_metrics/imp_pval_r2_dsf1": -0.6957447781706215,
    "eval_metrics/den_pval_spearman_gw": 0.07820061562046125,
    "eval_metrics/den_pval_spearman_dsf1": 0.07820061562046125,
    "eval_metrics/den_pval_pearson_gw": 0.05887399017075567,
    "eval_metrics/imp_pval_r2_gw": -0.6957447781706215,
    "eval_metrics/imp_pval_r2_1obs": -30.838316073386537,
    "eval_metrics/den_pval_r2_1obs": -32.02444106636306,
    "eval_metrics/imp_pval_pearson_dsf1": 0.046042346491641,
    "eval_metrics/den_pval_spearman_1obs": 0.01172146875673352,
    "eval_metrics/den_count_r2_gw": -0.15564701737202075,
    "eval_metrics/imp_pval_spearman_dsf1": 0.07565002676560052,
    "eval_metrics/den_pval_r2_gw": -0.5126205557324515,
    "eval_metrics/den_pval_pearson_dsf1": 0.05887399017075567,
    "eval_metrics/imp_count_spearman_gw": -0.024002525292488357,
    "eval_metrics/imp_count_pearson_gw": -0.0006017225012848419,
    "eval_metrics/den_pval_r2_dsf1": -0.5126205557324515,
    "eval_metrics/imp_pval_spearman_gw": 0.07565002676560052,
    "eval_metrics/imp_pval_spearman_1obs": 0.08506940238906953,
    "eval_metrics/imp_pval_pearson_gw": 0.046042346491641,
    "eval_losses/total_loss": 6.146654946239371,
    "eval_losses/count_obs_loss": 1.3709515301804793,
    "eval_losses/count_imp_loss": 2.1671905678416055,
    "eval_losses/pval_obs_loss": 0.9343102142999047,
    "eval_losses/pval_imp_loss": 0.9759658253382123,
    "eval_losses/peak_obs_loss": 0.6800391572086435,
    "eval_losses/peak_imp_loss": 0.6705405494523426
  }
}
{
  "epoch": 52,
  "training_metadata_probes": {
    "training_metadata_probes/depth_count_ratio": 1.0354759693145752,
    "training_metadata_probes/runtype_mse": 2.19607481994899e-05,
    "training_metadata_probes/readlen_mse": 2.247679731226526e-06
  }
}
{
  "epoch": 53,
  "eval_prefixed": {
    "eval_metrics/imp_count_r2_gw": -0.08522290795170934,
    "eval_metrics/imp_peak_auroc_gw": 0.46171659754823186,
    "eval_metrics/imp_pval_pearson_1obs": 0.07521667512917211,
    "eval_metrics/den_peak_auroc_gw": 0.487096383427683,
    "eval_metrics/den_count_pearson_gw": 0.0828573930515344,
    "eval_metrics/den_count_spearman_gw": 0.07096876603154081,
    "eval_metrics/den_pval_pearson_1obs": 0.017045153461080383,
    "eval_metrics/imp_pval_r2_dsf1": -0.7200504606289135,
    "eval_metrics/den_pval_spearman_gw": 0.07538907838959993,
    "eval_metrics/den_pval_spearman_dsf1": 0.07538907838959993,
    "eval_metrics/den_pval_pearson_gw": 0.05798268449909397,
    "eval_metrics/imp_pval_r2_gw": -0.7200504606289135,
    "eval_metrics/imp_pval_r2_1obs": -28.772389500110584,
    "eval_metrics/den_pval_r2_1obs": -25.244029205361713,
    "eval_metrics/imp_pval_pearson_dsf1": 0.04664846517825647,
    "eval_metrics/den_pval_spearman_1obs": 0.01372901658113032,
    "eval_metrics/den_count_r2_gw": -0.21917596365579348,
    "eval_metrics/imp_pval_spearman_dsf1": 0.08005137630059367,
    "eval_metrics/den_pval_r2_gw": -0.47538342464014277,
    "eval_metrics/den_pval_pearson_dsf1": 0.05798268449909397,
    "eval_metrics/imp_count_spearman_gw": -0.02424149708052567,
    "eval_metrics/imp_count_pearson_gw": -0.0022904304223918606,
    "eval_metrics/den_pval_r2_dsf1": -0.47538342464014277,
    "eval_metrics/imp_pval_spearman_gw": 0.08005137630059367,
    "eval_metrics/imp_pval_spearman_1obs": 0.0700230813091136,
    "eval_metrics/imp_pval_pearson_gw": 0.04664846517825647,
    "eval_losses/total_loss": 5.9926723257491465,
    "eval_losses/count_obs_loss": 1.356858818154586,
    "eval_losses/count_imp_loss": 2.1512235298989313,
    "eval_losses/pval_obs_loss": 0.8710288868138665,
    "eval_losses/pval_imp_loss": 0.8995542583011445,
    "eval_losses/peak_obs_loss": 0.6794302330205315,
    "eval_losses/peak_imp_loss": 0.6712370287804377
  }
}
{
  "epoch": 53,
  "training_metadata_probes": {
    "training_metadata_probes/depth_count_ratio": 1.0362277030944824,
    "training_metadata_probes/runtype_mse": 1.9761047951760702e-05,
    "training_metadata_probes/readlen_mse": 2.1718235529988306e-06
  }
}
{
  "epoch": 54,
  "eval_prefixed": {
    "eval_metrics/imp_count_r2_gw": -0.08797823174074627,
    "eval_metrics/imp_peak_auroc_gw": 0.4834430457990029,
    "eval_metrics/imp_pval_pearson_1obs": 0.08685220685502928,
    "eval_metrics/den_peak_auroc_gw": 0.49616345455005906,
    "eval_metrics/den_count_pearson_gw": 0.08206310943358786,
    "eval_metrics/den_count_spearman_gw": 0.07079407759427118,
    "eval_metrics/den_pval_pearson_1obs": 0.01899524813100135,
    "eval_metrics/imp_pval_r2_dsf1": -0.7052321799370138,
    "eval_metrics/den_pval_spearman_gw": 0.08146702949183772,
    "eval_metrics/den_pval_spearman_dsf1": 0.08146702949183772,
    "eval_metrics/den_pval_pearson_gw": 0.059149522083125225,
    "eval_metrics/imp_pval_r2_gw": -0.7052321799370138,
    "eval_metrics/imp_pval_r2_1obs": -29.036385379115522,
    "eval_metrics/den_pval_r2_1obs": -24.864422000932823,
    "eval_metrics/imp_pval_pearson_dsf1": 0.04847465866127066,
    "eval_metrics/den_pval_spearman_1obs": 0.010364380227535087,
    "eval_metrics/den_count_r2_gw": -0.1844470961393828,
    "eval_metrics/imp_pval_spearman_dsf1": 0.07274150141183582,
    "eval_metrics/den_pval_r2_gw": -0.4379124427114192,
    "eval_metrics/den_pval_pearson_dsf1": 0.059149522083125225,
    "eval_metrics/imp_count_spearman_gw": -0.023562406196196185,
    "eval_metrics/imp_count_pearson_gw": 0.00031825918186869886,
    "eval_metrics/den_pval_r2_dsf1": -0.4379124427114192,
    "eval_metrics/imp_pval_spearman_gw": 0.07274150141183582,
    "eval_metrics/imp_pval_spearman_1obs": 0.08115196401405496,
    "eval_metrics/imp_pval_pearson_gw": 0.04847465866127066,
    "eval_losses/total_loss": 6.442511813813134,
    "eval_losses/count_obs_loss": 1.3329421430826187,
    "eval_losses/count_imp_loss": 2.2250617610083685,
    "eval_losses/pval_obs_loss": 0.9046388527280406,
    "eval_losses/pval_imp_loss": 1.3557582142807187,
    "eval_losses/peak_obs_loss": 0.6801202759930962,
    "eval_losses/peak_imp_loss": 0.6713324245952424
  }
}
{
  "epoch": 54,
  "training_metadata_probes": {
    "training_metadata_probes/depth_count_ratio": 1.0354429483413696,
    "training_metadata_probes/runtype_mse": 2.5098415790125728e-05,
    "training_metadata_probes/readlen_mse": 2.2355254714057082e-06
  }
}
{
  "epoch": 55,
  "eval_prefixed": {
    "eval_metrics/imp_count_r2_gw": -0.09534131441551491,
    "eval_metrics/imp_peak_auroc_gw": 0.48095904554206403,
    "eval_metrics/imp_pval_pearson_1obs": 0.09078372668175559,
    "eval_metrics/den_peak_auroc_gw": 0.5019364568854678,
    "eval_metrics/den_count_pearson_gw": 0.08591699505670572,
    "eval_metrics/den_count_spearman_gw": 0.07168013781016498,
    "eval_metrics/den_pval_pearson_1obs": 0.018625843834486563,
    "eval_metrics/imp_pval_r2_dsf1": -0.6792912329124123,
    "eval_metrics/den_pval_spearman_gw": 0.07947010173404649,
    "eval_metrics/den_pval_spearman_dsf1": 0.07947010173404649,
    "eval_metrics/den_pval_pearson_gw": 0.059397257516761066,
    "eval_metrics/imp_pval_r2_gw": -0.6792912329124123,
    "eval_metrics/imp_pval_r2_1obs": -36.26329808433939,
    "eval_metrics/den_pval_r2_1obs": -34.513284023972595,
    "eval_metrics/imp_pval_pearson_dsf1": 0.04761451703592366,
    "eval_metrics/den_pval_spearman_1obs": 0.015402269574888109,
    "eval_metrics/den_count_r2_gw": -0.19334678056393656,
    "eval_metrics/imp_pval_spearman_dsf1": 0.07238320404969857,
    "eval_metrics/den_pval_r2_gw": -0.40848804511578485,
    "eval_metrics/den_pval_pearson_dsf1": 0.059397257516761066,
    "eval_metrics/imp_count_spearman_gw": -0.026430599180688165,
    "eval_metrics/imp_count_pearson_gw": -0.0005506548932605674,
    "eval_metrics/den_pval_r2_dsf1": -0.40848804511578485,
    "eval_metrics/imp_pval_spearman_gw": 0.07238320404969857,
    "eval_metrics/imp_pval_spearman_1obs": 0.08214066546383324,
    "eval_metrics/imp_pval_pearson_gw": 0.04761451703592366,
    "eval_losses/total_loss": 6.210489820100759,
    "eval_losses/count_obs_loss": 1.3854764911689257,
    "eval_losses/count_imp_loss": 2.195113077996269,
    "eval_losses/pval_obs_loss": 0.9544452942515674,
    "eval_losses/pval_imp_loss": 0.9824039794149853,
    "eval_losses/peak_obs_loss": 0.6796555095597318,
    "eval_losses/peak_imp_loss": 0.6718377347976442
  }
}
{
  "epoch": 55,
  "training_metadata_probes": {
    "training_metadata_probes/depth_count_ratio": 1.03615403175354,
    "training_metadata_probes/runtype_mse": 2.5177580027957447e-05,
    "training_metadata_probes/readlen_mse": 2.301580025232397e-06
  }
}
{
  "epoch": 56,
  "eval_prefixed": {
    "eval_metrics/imp_count_r2_gw": -0.09432611040224588,
    "eval_metrics/imp_peak_auroc_gw": 0.4904689137226607,
    "eval_metrics/imp_pval_pearson_1obs": 0.07412821676911018,
    "eval_metrics/den_peak_auroc_gw": 0.5091567106934607,
    "eval_metrics/den_count_pearson_gw": 0.09010478372740756,
    "eval_metrics/den_count_spearman_gw": 0.07164236406807303,
    "eval_metrics/den_pval_pearson_1obs": 0.007181672410776005,
    "eval_metrics/imp_pval_r2_dsf1": -0.6282718911111725,
    "eval_metrics/den_pval_spearman_gw": 0.08132459622338291,
    "eval_metrics/den_pval_spearman_dsf1": 0.08132459622338291,
    "eval_metrics/den_pval_pearson_gw": 0.06266539472486138,
    "eval_metrics/imp_pval_r2_gw": -0.6282718911111725,
    "eval_metrics/imp_pval_r2_1obs": -24.9849074999329,
    "eval_metrics/den_pval_r2_1obs": -39.96208580456507,
    "eval_metrics/imp_pval_pearson_dsf1": 0.04752133168198819,
    "eval_metrics/den_pval_spearman_1obs": 0.004979453475386302,
    "eval_metrics/den_count_r2_gw": -0.2065854022711735,
    "eval_metrics/imp_pval_spearman_dsf1": 0.07863186728302059,
    "eval_metrics/den_pval_r2_gw": -0.4161123229443681,
    "eval_metrics/den_pval_pearson_dsf1": 0.06266539472486138,
    "eval_metrics/imp_count_spearman_gw": -0.02681726562554403,
    "eval_metrics/imp_count_pearson_gw": -0.0012036199678689065,
    "eval_metrics/den_pval_r2_dsf1": -0.4161123229443681,
    "eval_metrics/imp_pval_spearman_gw": 0.07863186728302059,
    "eval_metrics/imp_pval_spearman_1obs": 0.06799904408991889,
    "eval_metrics/imp_pval_pearson_gw": 0.04752133168198819,
    "eval_losses/total_loss": 6.746783091833717,
    "eval_losses/count_obs_loss": 1.4616103282100277,
    "eval_losses/count_imp_loss": 2.2334695827393305,
    "eval_losses/pval_obs_loss": 1.0046888240858127,
    "eval_losses/pval_imp_loss": 1.4397439942473458,
    "eval_losses/peak_obs_loss": 0.6790275103167484,
    "eval_losses/peak_imp_loss": 0.6714005281054785
  }
}
{
  "epoch": 56,
  "training_metadata_probes": {
    "training_metadata_probes/depth_count_ratio": 1.035950779914856,
    "training_metadata_probes/runtype_mse": 2.6460102162673138e-05,
    "training_metadata_probes/readlen_mse": 2.6485015496291453e-06
  }
}
{
  "epoch": 57,
  "eval_prefixed": {
    "eval_metrics/imp_count_r2_gw": -0.0896146095003266,
    "eval_metrics/imp_peak_auroc_gw": 0.4832314331058586,
    "eval_metrics/imp_pval_pearson_1obs": 0.08926442037946322,
    "eval_metrics/den_peak_auroc_gw": 0.508427720844144,
    "eval_metrics/den_count_pearson_gw": 0.08191062328650763,
    "eval_metrics/den_count_spearman_gw": 0.07242375550624111,
    "eval_metrics/den_pval_pearson_1obs": 0.02348619858745032,
    "eval_metrics/imp_pval_r2_dsf1": -0.6747762684015349,
    "eval_metrics/den_pval_spearman_gw": 0.07993677744333055,
    "eval_metrics/den_pval_spearman_dsf1": 0.07993677744333055,
    "eval_metrics/den_pval_pearson_gw": 0.062058612146708915,
    "eval_metrics/imp_pval_r2_gw": -0.6747762684015349,
    "eval_metrics/imp_pval_r2_1obs": -26.47053132951392,
    "eval_metrics/den_pval_r2_1obs": -39.71022913440558,
    "eval_metrics/imp_pval_pearson_dsf1": 0.0463276795763661,
    "eval_metrics/den_pval_spearman_1obs": 0.020302975776411835,
    "eval_metrics/den_count_r2_gw": -0.23772025356848756,
    "eval_metrics/imp_pval_spearman_dsf1": 0.07673072731180348,
    "eval_metrics/den_pval_r2_gw": -0.4143732581444376,
    "eval_metrics/den_pval_pearson_dsf1": 0.062058612146708915,
    "eval_metrics/imp_count_spearman_gw": -0.027196311584125103,
    "eval_metrics/imp_count_pearson_gw": 0.0004215108448757775,
    "eval_metrics/den_pval_r2_dsf1": -0.4143732581444376,
    "eval_metrics/imp_pval_spearman_gw": 0.07673072731180348,
    "eval_metrics/imp_pval_spearman_1obs": 0.07988870263707021,
    "eval_metrics/imp_pval_pearson_gw": 0.0463276795763661,
    "eval_losses/total_loss": 7.093737354011912,
    "eval_losses/count_obs_loss": 1.4842485973709507,
    "eval_losses/count_imp_loss": 2.2324883843225147,
    "eval_losses/pval_obs_loss": 1.0595350736065914,
    "eval_losses/pval_imp_loss": 1.7657884184330228,
    "eval_losses/peak_obs_loss": 0.6787786279854021,
    "eval_losses/peak_imp_loss": 0.6717121525416299
  }
}
{
  "epoch": 57,
  "training_metadata_probes": {
    "training_metadata_probes/depth_count_ratio": 1.036048173904419,
    "training_metadata_probes/runtype_mse": 2.7551108360057697e-05,
    "training_metadata_probes/readlen_mse": 2.4053351808106527e-06
  }
}
{
  "epoch": 58,
  "eval_prefixed": {
    "eval_metrics/imp_count_r2_gw": -0.0859967106899257,
    "eval_metrics/imp_peak_auroc_gw": 0.46829323584843574,
    "eval_metrics/imp_pval_pearson_1obs": 0.10569466118116878,
    "eval_metrics/den_peak_auroc_gw": 0.4973386364974632,
    "eval_metrics/den_count_pearson_gw": 0.08690685583860613,
    "eval_metrics/den_count_spearman_gw": 0.07318290519091172,
    "eval_metrics/den_pval_pearson_1obs": 0.01938752642507144,
    "eval_metrics/imp_pval_r2_dsf1": -0.5558920574493699,
    "eval_metrics/den_pval_spearman_gw": 0.08322875203734971,
    "eval_metrics/den_pval_spearman_dsf1": 0.08322875203734971,
    "eval_metrics/den_pval_pearson_gw": 0.06524120092293934,
    "eval_metrics/imp_pval_r2_gw": -0.5558920574493699,
    "eval_metrics/imp_pval_r2_1obs": -21.69308139118468,
    "eval_metrics/den_pval_r2_1obs": -34.27431991423867,
    "eval_metrics/imp_pval_pearson_dsf1": 0.04759455949164158,
    "eval_metrics/den_pval_spearman_1obs": 0.0142347045668881,
    "eval_metrics/den_count_r2_gw": -0.17645325425341818,
    "eval_metrics/imp_pval_spearman_dsf1": 0.07179248655590088,
    "eval_metrics/den_pval_r2_gw": -0.374812079726365,
    "eval_metrics/den_pval_pearson_dsf1": 0.06524120092293934,
    "eval_metrics/imp_count_spearman_gw": -0.02677409092572256,
    "eval_metrics/imp_count_pearson_gw": 0.0008989886569214009,
    "eval_metrics/den_pval_r2_dsf1": -0.374812079726365,
    "eval_metrics/imp_pval_spearman_gw": 0.07179248655590088,
    "eval_metrics/imp_pval_spearman_1obs": 0.09370644175503179,
    "eval_metrics/imp_pval_pearson_gw": 0.04759455949164158,
    "eval_losses/total_loss": 6.504153977883489,
    "eval_losses/count_obs_loss": 1.4656720239865153,
    "eval_losses/count_imp_loss": 2.213060835051158,
    "eval_losses/pval_obs_loss": 0.996380504416792,
    "eval_losses/pval_imp_loss": 1.173489920203648,
    "eval_losses/peak_obs_loss": 0.6782709744415785,
    "eval_losses/peak_imp_loss": 0.6714034686012874
  }
}
{
  "epoch": 58,
  "training_metadata_probes": {
    "training_metadata_probes/depth_count_ratio": 1.0367361307144165,
    "training_metadata_probes/runtype_mse": 2.5809176804614253e-05,
    "training_metadata_probes/readlen_mse": 2.711218485274003e-06
  }
}
{
  "epoch": 59,
  "eval_prefixed": {
    "eval_metrics/imp_count_r2_gw": -0.09565483962707386,
    "eval_metrics/imp_peak_auroc_gw": 0.46107224311447664,
    "eval_metrics/imp_pval_pearson_1obs": 0.07966872961038635,
    "eval_metrics/den_peak_auroc_gw": 0.5009241767370031,
    "eval_metrics/den_count_pearson_gw": 0.0853710768914377,
    "eval_metrics/den_count_spearman_gw": 0.07305499991233816,
    "eval_metrics/den_pval_pearson_1obs": 0.021024189794460607,
    "eval_metrics/imp_pval_r2_dsf1": -0.6637526081534983,
    "eval_metrics/den_pval_spearman_gw": 0.07996150792363477,
    "eval_metrics/den_pval_spearman_dsf1": 0.07996150792363477,
    "eval_metrics/den_pval_pearson_gw": 0.06341221434137735,
    "eval_metrics/imp_pval_r2_gw": -0.6637526081534983,
    "eval_metrics/imp_pval_r2_1obs": -26.18006835734043,
    "eval_metrics/den_pval_r2_1obs": -27.136362869018424,
    "eval_metrics/imp_pval_pearson_dsf1": 0.046731161958416034,
    "eval_metrics/den_pval_spearman_1obs": 0.018926898891312417,
    "eval_metrics/den_count_r2_gw": -0.23269871461309077,
    "eval_metrics/imp_pval_spearman_dsf1": 0.07588849388557727,
    "eval_metrics/den_pval_r2_gw": -0.37360978979599513,
    "eval_metrics/den_pval_pearson_dsf1": 0.06341221434137735,
    "eval_metrics/imp_count_spearman_gw": -0.028815732184746572,
    "eval_metrics/imp_count_pearson_gw": -0.0010042462508574807,
    "eval_metrics/den_pval_r2_dsf1": -0.37360978979599513,
    "eval_metrics/imp_pval_spearman_gw": 0.07588849388557727,
    "eval_metrics/imp_pval_spearman_1obs": 0.06837156564186159,
    "eval_metrics/imp_pval_pearson_gw": 0.046731161958416034,
    "eval_losses/total_loss": 6.212052201754169,
    "eval_losses/count_obs_loss": 1.3482065969391872,
    "eval_losses/count_imp_loss": 2.1474844822807917,
    "eval_losses/pval_obs_loss": 0.9160220254408685,
    "eval_losses/pval_imp_loss": 1.1226676399745639,
    "eval_losses/peak_obs_loss": 0.6793337401590849,
    "eval_losses/peak_imp_loss": 0.6727880012421381
  }
}
{
  "epoch": 59,
  "training_metadata_probes": {
    "training_metadata_probes/depth_count_ratio": 1.0368696451187134,
    "training_metadata_probes/runtype_mse": 3.459292202023789e-05,
    "training_metadata_probes/readlen_mse": 2.7294724986859364e-06
  }
}
{
  "epoch": 60,
  "eval_prefixed": {
    "eval_metrics/imp_count_r2_gw": -0.07668832507464346,
    "eval_metrics/imp_peak_auroc_gw": 0.4969409955198418,
    "eval_metrics/imp_pval_pearson_1obs": 0.09822968749497141,
    "eval_metrics/den_peak_auroc_gw": 0.501591982356475,
    "eval_metrics/den_count_pearson_gw": 0.08384670188043904,
    "eval_metrics/den_count_spearman_gw": 0.07416737613872088,
    "eval_metrics/den_pval_pearson_1obs": 0.02271762530386025,
    "eval_metrics/imp_pval_r2_dsf1": -0.5873167382121592,
    "eval_metrics/den_pval_spearman_gw": 0.08281054835275219,
    "eval_metrics/den_pval_spearman_dsf1": 0.08281054835275219,
    "eval_metrics/den_pval_pearson_gw": 0.0651761639226032,
    "eval_metrics/imp_pval_r2_gw": -0.5873167382121592,
    "eval_metrics/imp_pval_r2_1obs": -37.88647119507899,
    "eval_metrics/den_pval_r2_1obs": -31.146511044552295,
    "eval_metrics/imp_pval_pearson_dsf1": 0.04779578174052331,
    "eval_metrics/den_pval_spearman_1obs": 0.01901122051813347,
    "eval_metrics/den_count_r2_gw": -0.17842433638821628,
    "eval_metrics/imp_pval_spearman_dsf1": 0.07493182440029963,
    "eval_metrics/den_pval_r2_gw": -0.3735363314483213,
    "eval_metrics/den_pval_pearson_dsf1": 0.0651761639226032,
    "eval_metrics/imp_count_spearman_gw": -0.02787334830464128,
    "eval_metrics/imp_count_pearson_gw": 0.002096945143002524,
    "eval_metrics/den_pval_r2_dsf1": -0.3735363314483213,
    "eval_metrics/imp_pval_spearman_gw": 0.07493182440029963,
    "eval_metrics/imp_pval_spearman_1obs": 0.09097676436520719,
    "eval_metrics/imp_pval_pearson_gw": 0.04779578174052331,
    "eval_losses/total_loss": 6.409409483796672,
    "eval_losses/count_obs_loss": 1.361222043633461,
    "eval_losses/count_imp_loss": 2.186484807067447,
    "eval_losses/pval_obs_loss": 0.9678036558784937,
    "eval_losses/pval_imp_loss": 1.245641560308517,
    "eval_losses/peak_obs_loss": 0.6788263250338403,
    "eval_losses/peak_imp_loss": 0.6713397739425538
  }
}
{
  "epoch": 60,
  "training_metadata_probes": {
    "training_metadata_probes/depth_count_ratio": 1.0375643968582153,
    "training_metadata_probes/runtype_mse": 3.235755139030516e-05,
    "training_metadata_probes/readlen_mse": 2.7907015009986935e-06
  }
}
{
  "epoch": 61,
  "eval_prefixed": {
    "eval_metrics/imp_count_r2_gw": -0.07307440041548388,
    "eval_metrics/imp_peak_auroc_gw": 0.49454043054267216,
    "eval_metrics/imp_pval_pearson_1obs": 0.07595777033739501,
    "eval_metrics/den_peak_auroc_gw": 0.5054332721077593,
    "eval_metrics/den_count_pearson_gw": 0.0869172841959976,
    "eval_metrics/den_count_spearman_gw": 0.07271182354215007,
    "eval_metrics/den_pval_pearson_1obs": 0.01905607988929229,
    "eval_metrics/imp_pval_r2_dsf1": -0.6576874262206329,
    "eval_metrics/den_pval_spearman_gw": 0.08617819220072101,
    "eval_metrics/den_pval_spearman_dsf1": 0.08617819220072101,
    "eval_metrics/den_pval_pearson_gw": 0.06691488168680255,
    "eval_metrics/imp_pval_r2_gw": -0.6576874262206329,
    "eval_metrics/imp_pval_r2_1obs": -34.240935898031324,
    "eval_metrics/den_pval_r2_1obs": -22.376095375222935,
    "eval_metrics/imp_pval_pearson_dsf1": 0.05111824082291966,
    "eval_metrics/den_pval_spearman_1obs": 0.01667421443350836,
    "eval_metrics/den_count_r2_gw": -0.2109768624354437,
    "eval_metrics/imp_pval_spearman_dsf1": 0.07797361556495296,
    "eval_metrics/den_pval_r2_gw": -0.35820057890742324,
    "eval_metrics/den_pval_pearson_dsf1": 0.06691488168680255,
    "eval_metrics/imp_count_spearman_gw": -0.030300638828995783,
    "eval_metrics/imp_count_pearson_gw": 0.0011875811679702667,
    "eval_metrics/den_pval_r2_dsf1": -0.35820057890742324,
    "eval_metrics/imp_pval_spearman_gw": 0.07797361556495296,
    "eval_metrics/imp_pval_spearman_1obs": 0.0667402648737966,
    "eval_metrics/imp_pval_pearson_gw": 0.05111824082291966,
    "eval_losses/total_loss": 6.317000903581318,
    "eval_losses/count_obs_loss": 1.353162219649867,
    "eval_losses/count_imp_loss": 2.1195072399245367,
    "eval_losses/pval_obs_loss": 0.9522718108798328,
    "eval_losses/pval_imp_loss": 1.228319034216896,
    "eval_losses/peak_obs_loss": 0.6791979411714956,
    "eval_losses/peak_imp_loss": 0.6721743420949058
  }
}
{
  "epoch": 61,
  "training_metadata_probes": {
    "training_metadata_probes/depth_count_ratio": 1.038048267364502,
    "training_metadata_probes/runtype_mse": 3.4973319998243824e-05,
    "training_metadata_probes/readlen_mse": 3.13541113428073e-06
  }
}
{
  "epoch": 62,
  "eval_prefixed": {
    "eval_metrics/imp_count_r2_gw": -0.07896484856111603,
    "eval_metrics/imp_peak_auroc_gw": 0.4888783336101998,
    "eval_metrics/imp_pval_pearson_1obs": 0.10084871111053323,
    "eval_metrics/den_peak_auroc_gw": 0.5038449206102338,
    "eval_metrics/den_count_pearson_gw": 0.08515808810663753,
    "eval_metrics/den_count_spearman_gw": 0.07361642444463579,
    "eval_metrics/den_pval_pearson_1obs": 0.0182139397320019,
    "eval_metrics/imp_pval_r2_dsf1": -0.5662383911891948,
    "eval_metrics/den_pval_spearman_gw": 0.08420642803951821,
    "eval_metrics/den_pval_spearman_dsf1": 0.08420642803951821,
    "eval_metrics/den_pval_pearson_gw": 0.06613210560662035,
    "eval_metrics/imp_pval_r2_gw": -0.5662383911891948,
    "eval_metrics/imp_pval_r2_1obs": -34.88036353285045,
    "eval_metrics/den_pval_r2_1obs": -29.50836581632574,
    "eval_metrics/imp_pval_pearson_dsf1": 0.048947233904433986,
    "eval_metrics/den_pval_spearman_1obs": 0.015587977963500156,
    "eval_metrics/den_count_r2_gw": -0.21496985511749972,
    "eval_metrics/imp_pval_spearman_dsf1": 0.08142032970439517,
    "eval_metrics/den_pval_r2_gw": -0.3183816010414539,
    "eval_metrics/den_pval_pearson_dsf1": 0.06613210560662035,
    "eval_metrics/imp_count_spearman_gw": -0.02742690650267912,
    "eval_metrics/imp_count_pearson_gw": 0.002762913499383204,
    "eval_metrics/den_pval_r2_dsf1": -0.3183816010414539,
    "eval_metrics/imp_pval_spearman_gw": 0.08142032970439517,
    "eval_metrics/imp_pval_spearman_1obs": 0.0797880416452126,
    "eval_metrics/imp_pval_pearson_gw": 0.048947233904433986,
    "eval_losses/total_loss": 6.5580181922567515,
    "eval_losses/count_obs_loss": 1.4021632530187305,
    "eval_losses/count_imp_loss": 2.1642464172272455,
    "eval_losses/pval_obs_loss": 1.0579725449022495,
    "eval_losses/pval_imp_loss": 1.2899815889578017,
    "eval_losses/peak_obs_loss": 0.6778475971598374,
    "eval_losses/peak_imp_loss": 0.6715282570748102
  }
}
{
  "epoch": 62,
  "training_metadata_probes": {
    "training_metadata_probes/depth_count_ratio": 1.0383890867233276,
    "training_metadata_probes/runtype_mse": 4.390141475596465e-05,
    "training_metadata_probes/readlen_mse": 3.413560534681892e-06
  }
}
{
  "epoch": 63,
  "eval_prefixed": {
    "eval_metrics/imp_count_r2_gw": -0.07738536224852552,
    "eval_metrics/imp_peak_auroc_gw": 0.4793163561756616,
    "eval_metrics/imp_pval_pearson_1obs": 0.09894247322263831,
    "eval_metrics/den_peak_auroc_gw": 0.4950207476524448,
    "eval_metrics/den_count_pearson_gw": 0.08709139549050872,
    "eval_metrics/den_count_spearman_gw": 0.07500465701016461,
    "eval_metrics/den_pval_pearson_1obs": 0.01943043540277837,
    "eval_metrics/imp_pval_r2_dsf1": -0.5627659156384812,
    "eval_metrics/den_pval_spearman_gw": 0.08694445248870616,
    "eval_metrics/den_pval_spearman_dsf1": 0.08694445248870616,
    "eval_metrics/den_pval_pearson_gw": 0.06958860985469073,
    "eval_metrics/imp_pval_r2_gw": -0.5627659156384812,
    "eval_metrics/imp_pval_r2_1obs": -22.35222097057324,
    "eval_metrics/den_pval_r2_1obs": -29.514544817536166,
    "eval_metrics/imp_pval_pearson_dsf1": 0.049114626444255315,
    "eval_metrics/den_pval_spearman_1obs": 0.016500954796151587,
    "eval_metrics/den_count_r2_gw": -0.19388331503397244,
    "eval_metrics/imp_pval_spearman_dsf1": 0.08177953921392961,
    "eval_metrics/den_pval_r2_gw": -0.3354638231382783,
    "eval_metrics/den_pval_pearson_dsf1": 0.06958860985469073,
    "eval_metrics/imp_count_spearman_gw": -0.030788151388692224,
    "eval_metrics/imp_count_pearson_gw": 0.0025451937662659303,
    "eval_metrics/den_pval_r2_dsf1": -0.3354638231382783,
    "eval_metrics/imp_pval_spearman_gw": 0.08177953921392961,
    "eval_metrics/imp_pval_spearman_1obs": 0.08271861504925018,
    "eval_metrics/imp_pval_pearson_gw": 0.049114626444255315,
    "eval_losses/total_loss": 6.399161162345033,
    "eval_losses/count_obs_loss": 1.3283134636126066,
    "eval_losses/count_imp_loss": 2.157966399003589,
    "eval_losses/pval_obs_loss": 0.9617350336752439,
    "eval_losses/pval_imp_loss": 1.311203965118953,
    "eval_losses/peak_obs_loss": 0.6774056671481383,
    "eval_losses/peak_imp_loss": 0.6706666492280506
  }
}
{
  "epoch": 63,
  "training_metadata_probes": {
    "training_metadata_probes/depth_count_ratio": 1.0388774871826172,
    "training_metadata_probes/runtype_mse": 3.788087269640528e-05,
    "training_metadata_probes/readlen_mse": 3.56610985363659e-06
  }
}
{
  "epoch": 64,
  "eval_prefixed": {
    "eval_metrics/imp_count_r2_gw": -0.07530170215324355,
    "eval_metrics/imp_peak_auroc_gw": 0.48702904738407365,
    "eval_metrics/imp_pval_pearson_1obs": 0.09890031411556438,
    "eval_metrics/den_peak_auroc_gw": 0.5007195375316927,
    "eval_metrics/den_count_pearson_gw": 0.08443562840272391,
    "eval_metrics/den_count_spearman_gw": 0.0740488928112178,
    "eval_metrics/den_pval_pearson_1obs": 0.01820731961235747,
    "eval_metrics/imp_pval_r2_dsf1": -0.6299006792434112,
    "eval_metrics/den_pval_spearman_gw": 0.08849428221850571,
    "eval_metrics/den_pval_spearman_dsf1": 0.08849428221850571,
    "eval_metrics/den_pval_pearson_gw": 0.06999247488688286,
    "eval_metrics/imp_pval_r2_gw": -0.6299006792434112,
    "eval_metrics/imp_pval_r2_1obs": -27.02111867699077,
    "eval_metrics/den_pval_r2_1obs": -26.98537671291885,
    "eval_metrics/imp_pval_pearson_dsf1": 0.04786347324908194,
    "eval_metrics/den_pval_spearman_1obs": 0.012824072469968506,
    "eval_metrics/den_count_r2_gw": -0.23756412903849008,
    "eval_metrics/imp_pval_spearman_dsf1": 0.07903610179902489,
    "eval_metrics/den_pval_r2_gw": -0.3075040841358457,
    "eval_metrics/den_pval_pearson_dsf1": 0.06999247488688286,
    "eval_metrics/imp_count_spearman_gw": -0.028503286019135307,
    "eval_metrics/imp_count_pearson_gw": 0.0026450597660663162,
    "eval_metrics/den_pval_r2_dsf1": -0.3075040841358457,
    "eval_metrics/imp_pval_spearman_gw": 0.07903610179902489,
    "eval_metrics/imp_pval_spearman_1obs": 0.08519362796558409,
    "eval_metrics/imp_pval_pearson_gw": 0.04786347324908194,
    "eval_losses/total_loss": 6.803402967162822,
    "eval_losses/count_obs_loss": 1.3964726822940927,
    "eval_losses/count_imp_loss": 2.218252586939978,
    "eval_losses/pval_obs_loss": 1.0477590458957773,
    "eval_losses/pval_imp_loss": 1.5537771428861316,
    "eval_losses/peak_obs_loss": 0.676334203073853,
    "eval_losses/peak_imp_loss": 0.6707578055442326
  }
}
{
  "epoch": 64,
  "training_metadata_probes": {
    "training_metadata_probes/depth_count_ratio": 1.038615345954895,
    "training_metadata_probes/runtype_mse": 4.532776074483991e-05,
    "training_metadata_probes/readlen_mse": 3.3513508697069483e-06
  }
}
{
  "epoch": 65,
  "eval_prefixed": {
    "eval_metrics/imp_count_r2_gw": -0.0947245577178815,
    "eval_metrics/imp_peak_auroc_gw": 0.47684252553899015,
    "eval_metrics/imp_pval_pearson_1obs": 0.08975467233667297,
    "eval_metrics/den_peak_auroc_gw": 0.49960166038815174,
    "eval_metrics/den_count_pearson_gw": 0.0867541482730303,
    "eval_metrics/den_count_spearman_gw": 0.07553523203839807,
    "eval_metrics/den_pval_pearson_1obs": 0.022133571091360767,
    "eval_metrics/imp_pval_r2_dsf1": -0.5996679974499203,
    "eval_metrics/den_pval_spearman_gw": 0.09106910626466247,
    "eval_metrics/den_pval_spearman_dsf1": 0.09106910626466247,
    "eval_metrics/den_pval_pearson_gw": 0.0741066835624607,
    "eval_metrics/imp_pval_r2_gw": -0.5996679974499203,
    "eval_metrics/imp_pval_r2_1obs": -24.071269167740958,
    "eval_metrics/den_pval_r2_1obs": -32.013994602836625,
    "eval_metrics/imp_pval_pearson_dsf1": 0.05011493014541292,
    "eval_metrics/den_pval_spearman_1obs": 0.01658619378558195,
    "eval_metrics/den_count_r2_gw": -0.2260191981429712,
    "eval_metrics/imp_pval_spearman_dsf1": 0.0830005040384881,
    "eval_metrics/den_pval_r2_gw": -0.304620419508553,
    "eval_metrics/den_pval_pearson_dsf1": 0.0741066835624607,
    "eval_metrics/imp_count_spearman_gw": -0.028691299386707652,
    "eval_metrics/imp_count_pearson_gw": 0.002784170410854535,
    "eval_metrics/den_pval_r2_dsf1": -0.304620419508553,
    "eval_metrics/imp_pval_spearman_gw": 0.0830005040384881,
    "eval_metrics/imp_pval_spearman_1obs": 0.08035095769923548,
    "eval_metrics/imp_pval_pearson_gw": 0.05011493014541292,
    "eval_losses/total_loss": 6.471620314215359,
    "eval_losses/count_obs_loss": 1.4629846928935302,
    "eval_losses/count_imp_loss": 2.128879857441736,
    "eval_losses/pval_obs_loss": 1.0765337081331956,
    "eval_losses/pval_imp_loss": 1.1293533264644562,
    "eval_losses/peak_obs_loss": 0.6755729215709787,
    "eval_losses/peak_imp_loss": 0.6702779805849469
  }
}
{
  "epoch": 65,
  "training_metadata_probes": {
    "training_metadata_probes/depth_count_ratio": 1.0392305850982666,
    "training_metadata_probes/runtype_mse": 4.55770205007866e-05,
    "training_metadata_probes/readlen_mse": 3.7268214327923488e-06
  }
}
{
  "epoch": 66,
  "eval_prefixed": {
    "eval_metrics/imp_count_r2_gw": -0.07893105405527676,
    "eval_metrics/imp_peak_auroc_gw": 0.5015260952627291,
    "eval_metrics/imp_pval_pearson_1obs": 0.10552690265374998,
    "eval_metrics/den_peak_auroc_gw": 0.5016231949192853,
    "eval_metrics/den_count_pearson_gw": 0.08857644344128571,
    "eval_metrics/den_count_spearman_gw": 0.07821300886694599,
    "eval_metrics/den_pval_pearson_1obs": 0.01939566306145336,
    "eval_metrics/imp_pval_r2_dsf1": -0.51625909624705,
    "eval_metrics/den_pval_spearman_gw": 0.09538870273954694,
    "eval_metrics/den_pval_spearman_dsf1": 0.09538870273954694,
    "eval_metrics/den_pval_pearson_gw": 0.07454269411238401,
    "eval_metrics/imp_pval_r2_gw": -0.51625909624705,
    "eval_metrics/imp_pval_r2_1obs": -46.995828319594246,
    "eval_metrics/den_pval_r2_1obs": -30.24097399381692,
    "eval_metrics/imp_pval_pearson_dsf1": 0.049826090838039475,
    "eval_metrics/den_pval_spearman_1obs": 0.018788535809866502,
    "eval_metrics/den_count_r2_gw": -0.1810982614770925,
    "eval_metrics/imp_pval_spearman_dsf1": 0.07943714305427549,
    "eval_metrics/den_pval_r2_gw": -0.27687000758206914,
    "eval_metrics/den_pval_pearson_dsf1": 0.07454269411238401,
    "eval_metrics/imp_count_spearman_gw": -0.0311704352021118,
    "eval_metrics/imp_count_pearson_gw": 0.0027318813815890323,
    "eval_metrics/den_pval_r2_dsf1": -0.27687000758206914,
    "eval_metrics/imp_pval_spearman_gw": 0.07943714305427549,
    "eval_metrics/imp_pval_spearman_1obs": 0.0872408556105224,
    "eval_metrics/imp_pval_pearson_gw": 0.049826090838039475,
    "eval_losses/total_loss": 6.819819628408081,
    "eval_losses/count_obs_loss": 1.4264738512666602,
    "eval_losses/count_imp_loss": 2.165017615235041,
    "eval_losses/pval_obs_loss": 1.1594094249762987,
    "eval_losses/pval_imp_loss": 1.4574400924500965,
    "eval_losses/peak_obs_loss": 0.6758268295150054,
    "eval_losses/peak_imp_loss": 0.6698648910673838
  }
}
{
  "epoch": 66,
  "training_metadata_probes": {
    "training_metadata_probes/depth_count_ratio": 1.0401713848114014,
    "training_metadata_probes/runtype_mse": 4.653466021409258e-05,
    "training_metadata_probes/readlen_mse": 3.3765568332455587e-06
  }
}
{
  "epoch": 67,
  "eval_prefixed": {
    "eval_metrics/imp_count_r2_gw": -0.07988012652397987,
    "eval_metrics/imp_peak_auroc_gw": 0.48122042088717415,
    "eval_metrics/imp_pval_pearson_1obs": 0.11408915904734934,
    "eval_metrics/den_peak_auroc_gw": 0.4946549697477,
    "eval_metrics/den_count_pearson_gw": 0.09234698887264944,
    "eval_metrics/den_count_spearman_gw": 0.0764393446834037,
    "eval_metrics/den_pval_pearson_1obs": 0.020863084434064438,
    "eval_metrics/imp_pval_r2_dsf1": -0.4437101982805563,
    "eval_metrics/den_pval_spearman_gw": 0.09461027889021924,
    "eval_metrics/den_pval_spearman_dsf1": 0.09461027889021924,
    "eval_metrics/den_pval_pearson_gw": 0.07604780601564255,
    "eval_metrics/imp_pval_r2_gw": -0.4437101982805563,
    "eval_metrics/imp_pval_r2_1obs": -25.80862697791085,
    "eval_metrics/den_pval_r2_1obs": -28.64437821117064,
    "eval_metrics/imp_pval_pearson_dsf1": 0.05026678011442224,
    "eval_metrics/den_pval_spearman_1obs": 0.017187214254759674,
    "eval_metrics/den_count_r2_gw": -0.188582914841327,
    "eval_metrics/imp_pval_spearman_dsf1": 0.07495449052869198,
    "eval_metrics/den_pval_r2_gw": -0.2920670864287898,
    "eval_metrics/den_pval_pearson_dsf1": 0.07604780601564255,
    "eval_metrics/imp_count_spearman_gw": -0.02936284523106376,
    "eval_metrics/imp_count_pearson_gw": 0.0016347563637065746,
    "eval_metrics/den_pval_r2_dsf1": -0.2920670864287898,
    "eval_metrics/imp_pval_spearman_gw": 0.07495449052869198,
    "eval_metrics/imp_pval_spearman_1obs": 0.09542799506264715,
    "eval_metrics/imp_pval_pearson_gw": 0.05026678011442224,
    "eval_losses/total_loss": 7.218721857588542,
    "eval_losses/count_obs_loss": 1.341756601866923,
    "eval_losses/count_imp_loss": 2.2216171395210993,
    "eval_losses/pval_obs_loss": 1.0872596019977017,
    "eval_losses/pval_imp_loss": 2.0685088738562567,
    "eval_losses/peak_obs_loss": 0.6771166073648553,
    "eval_losses/peak_imp_loss": 0.671092518738338
  }
}
{
  "epoch": 67,
  "training_metadata_probes": {
    "training_metadata_probes/depth_count_ratio": 1.0403226613998413,
    "training_metadata_probes/runtype_mse": 4.3999607441946864e-05,
    "training_metadata_probes/readlen_mse": 3.6689616536023095e-06
  }
}
{
  "epoch": 68,
  "eval_prefixed": {
    "eval_metrics/imp_count_r2_gw": -0.08281353031631841,
    "eval_metrics/imp_peak_auroc_gw": 0.4913939857168773,
    "eval_metrics/imp_pval_pearson_1obs": 0.10849335372248399,
    "eval_metrics/den_peak_auroc_gw": 0.5078268236867829,
    "eval_metrics/den_count_pearson_gw": 0.08985122444956735,
    "eval_metrics/den_count_spearman_gw": 0.07839063935245053,
    "eval_metrics/den_pval_pearson_1obs": 0.02236711878465844,
    "eval_metrics/imp_pval_r2_dsf1": -0.4320397566902867,
    "eval_metrics/den_pval_spearman_gw": 0.09889965617427927,
    "eval_metrics/den_pval_spearman_dsf1": 0.09889965617427927,
    "eval_metrics/den_pval_pearson_gw": 0.07802988047172364,
    "eval_metrics/imp_pval_r2_gw": -0.4320397566902867,
    "eval_metrics/imp_pval_r2_1obs": -28.394165005209853,
    "eval_metrics/den_pval_r2_1obs": -30.701428963133935,
    "eval_metrics/imp_pval_pearson_dsf1": 0.04810366135031458,
    "eval_metrics/den_pval_spearman_1obs": 0.017826948067271302,
    "eval_metrics/den_count_r2_gw": -0.1594848612473148,
    "eval_metrics/imp_pval_spearman_dsf1": 0.07983793174377996,
    "eval_metrics/den_pval_r2_gw": -0.27428188987929375,
    "eval_metrics/den_pval_pearson_dsf1": 0.07802988047172364,
    "eval_metrics/imp_count_spearman_gw": -0.02709044572542194,
    "eval_metrics/imp_count_pearson_gw": 0.0020419678028066835,
    "eval_metrics/den_pval_r2_dsf1": -0.27428188987929375,
    "eval_metrics/imp_pval_spearman_gw": 0.07983793174377996,
    "eval_metrics/imp_pval_spearman_1obs": 0.08586507669366222,
    "eval_metrics/imp_pval_pearson_gw": 0.04810366135031458,
    "eval_losses/total_loss": 7.166414000093937,
    "eval_losses/count_obs_loss": 1.3911077325281345,
    "eval_losses/count_imp_loss": 2.250418579767621,
    "eval_losses/pval_obs_loss": 1.1402961737231205,
    "eval_losses/pval_imp_loss": 1.8530918601013364,
    "eval_losses/peak_obs_loss": 0.6772065131287826,
    "eval_losses/peak_imp_loss": 0.6709827686113025
  }
}
{
  "epoch": 68,
  "training_metadata_probes": {
    "training_metadata_probes/depth_count_ratio": 1.0394097566604614,
    "training_metadata_probes/runtype_mse": 4.043997614644468e-05,
    "training_metadata_probes/readlen_mse": 3.929582817363553e-06
  }
}
{
  "epoch": 69,
  "eval_prefixed": {
    "eval_metrics/imp_count_r2_gw": -0.09100454486139305,
    "eval_metrics/imp_peak_auroc_gw": 0.47683428993682175,
    "eval_metrics/imp_pval_pearson_1obs": 0.10276296073021109,
    "eval_metrics/den_peak_auroc_gw": 0.5084088185857879,
    "eval_metrics/den_count_pearson_gw": 0.09096880505124941,
    "eval_metrics/den_count_spearman_gw": 0.07736075290906912,
    "eval_metrics/den_pval_pearson_1obs": 0.024761447654638783,
    "eval_metrics/imp_pval_r2_dsf1": -0.5757859820003715,
    "eval_metrics/den_pval_spearman_gw": 0.09967735443783528,
    "eval_metrics/den_pval_spearman_dsf1": 0.09967735443783528,
    "eval_metrics/den_pval_pearson_gw": 0.07912423342196762,
    "eval_metrics/imp_pval_r2_gw": -0.5757859820003715,
    "eval_metrics/imp_pval_r2_1obs": -22.62348160506359,
    "eval_metrics/den_pval_r2_1obs": -27.359730704810893,
    "eval_metrics/imp_pval_pearson_dsf1": 0.0509685899855362,
    "eval_metrics/den_pval_spearman_1obs": 0.01629585134048094,
    "eval_metrics/den_count_r2_gw": -0.20388500157485642,
    "eval_metrics/imp_pval_spearman_dsf1": 0.0822914806851733,
    "eval_metrics/den_pval_r2_gw": -0.27759889751450006,
    "eval_metrics/den_pval_pearson_dsf1": 0.07912423342196762,
    "eval_metrics/imp_count_spearman_gw": -0.02726101058335684,
    "eval_metrics/imp_count_pearson_gw": 0.004081427583716706,
    "eval_metrics/den_pval_r2_dsf1": -0.27759889751450006,
    "eval_metrics/imp_pval_spearman_gw": 0.0822914806851733,
    "eval_metrics/imp_pval_spearman_1obs": 0.08469542358330891,
    "eval_metrics/imp_pval_pearson_gw": 0.0509685899855362,
    "eval_losses/total_loss": 8.698940627276897,
    "eval_losses/count_obs_loss": 1.3758085950424797,
    "eval_losses/count_imp_loss": 2.1080841970822166,
    "eval_losses/pval_obs_loss": 1.2341412278382402,
    "eval_losses/pval_imp_loss": 3.7498988755165583,
    "eval_losses/peak_obs_loss": 0.6765540712758115,
    "eval_losses/peak_imp_loss": 0.6713056848162696
  }
}
{
  "epoch": 69,
  "training_metadata_probes": {
    "training_metadata_probes/depth_count_ratio": 1.0397062301635742,
    "training_metadata_probes/runtype_mse": 4.755210466100834e-05,
    "training_metadata_probes/readlen_mse": 3.949422989535378e-06
  }
}
{
  "epoch": 70,
  "eval_prefixed": {
    "eval_metrics/imp_count_r2_gw": -0.07777901537545531,
    "eval_metrics/imp_peak_auroc_gw": 0.48325376844557916,
    "eval_metrics/imp_pval_pearson_1obs": 0.0878356649939503,
    "eval_metrics/den_peak_auroc_gw": 0.5060773624906025,
    "eval_metrics/den_count_pearson_gw": 0.09185639576447245,
    "eval_metrics/den_count_spearman_gw": 0.08149759367164734,
    "eval_metrics/den_pval_pearson_1obs": 0.02152520482042363,
    "eval_metrics/imp_pval_r2_dsf1": -0.5251133256006878,
    "eval_metrics/den_pval_spearman_gw": 0.1026158572252685,
    "eval_metrics/den_pval_spearman_dsf1": 0.1026158572252685,
    "eval_metrics/den_pval_pearson_gw": 0.08096153209427077,
    "eval_metrics/imp_pval_r2_gw": -0.5251133256006878,
    "eval_metrics/imp_pval_r2_1obs": -28.89728845369739,
    "eval_metrics/den_pval_r2_1obs": -33.79326488521395,
    "eval_metrics/imp_pval_pearson_dsf1": 0.05262279462127365,
    "eval_metrics/den_pval_spearman_1obs": 0.017406006563217405,
    "eval_metrics/den_count_r2_gw": -0.22500784154464026,
    "eval_metrics/imp_pval_spearman_dsf1": 0.09326460232045183,
    "eval_metrics/den_pval_r2_gw": -0.2566455662210782,
    "eval_metrics/den_pval_pearson_dsf1": 0.08096153209427077,
    "eval_metrics/imp_count_spearman_gw": -0.02800971648084587,
    "eval_metrics/imp_count_pearson_gw": 0.003973940867003947,
    "eval_metrics/den_pval_r2_dsf1": -0.2566455662210782,
    "eval_metrics/imp_pval_spearman_gw": 0.09326460232045183,
    "eval_metrics/imp_pval_spearman_1obs": 0.07338848625239633,
    "eval_metrics/imp_pval_pearson_gw": 0.05262279462127365,
    "eval_losses/total_loss": 9.467622087974297,
    "eval_losses/count_obs_loss": 1.4273024570000798,
    "eval_losses/count_imp_loss": 2.142645201039693,
    "eval_losses/pval_obs_loss": 1.3074342055540336,
    "eval_losses/pval_imp_loss": 4.493613050570564,
    "eval_losses/peak_obs_loss": 0.6756019466801694,
    "eval_losses/peak_imp_loss": 0.6709408655999198
  }
}
{
  "epoch": 70,
  "training_metadata_probes": {
    "training_metadata_probes/depth_count_ratio": 1.0397117137908936,
    "training_metadata_probes/runtype_mse": 3.310487954877317e-05,
    "training_metadata_probes/readlen_mse": 3.89860724681057e-06
  }
}
{
  "epoch": 71,
  "eval_prefixed": {
    "eval_metrics/imp_count_r2_gw": -0.09020132083808437,
    "eval_metrics/imp_peak_auroc_gw": 0.48407682347165304,
    "eval_metrics/imp_pval_pearson_1obs": 0.10115884924432196,
    "eval_metrics/den_peak_auroc_gw": 0.5013469447225046,
    "eval_metrics/den_count_pearson_gw": 0.0901809095797178,
    "eval_metrics/den_count_spearman_gw": 0.07958061941777544,
    "eval_metrics/den_pval_pearson_1obs": 0.03294323619219971,
    "eval_metrics/imp_pval_r2_dsf1": -0.4860804711947228,
    "eval_metrics/den_pval_spearman_gw": 0.10244203225464048,
    "eval_metrics/den_pval_spearman_dsf1": 0.10244203225464048,
    "eval_metrics/den_pval_pearson_gw": 0.0803011157212926,
    "eval_metrics/imp_pval_r2_gw": -0.4860804711947228,
    "eval_metrics/imp_pval_r2_1obs": -27.028727781481653,
    "eval_metrics/den_pval_r2_1obs": -26.126579839571335,
    "eval_metrics/imp_pval_pearson_dsf1": 0.050292982494399424,
    "eval_metrics/den_pval_spearman_1obs": 0.026049001509790563,
    "eval_metrics/den_count_r2_gw": -0.19506465016992494,
    "eval_metrics/imp_pval_spearman_dsf1": 0.08621254904518234,
    "eval_metrics/den_pval_r2_gw": -0.264943495573848,
    "eval_metrics/den_pval_pearson_dsf1": 0.0803011157212926,
    "eval_metrics/imp_count_spearman_gw": -0.02815477043813236,
    "eval_metrics/imp_count_pearson_gw": 0.0017934678543251865,
    "eval_metrics/den_pval_r2_dsf1": -0.264943495573848,
    "eval_metrics/imp_pval_spearman_gw": 0.08621254904518234,
    "eval_metrics/imp_pval_spearman_1obs": 0.07591850035261757,
    "eval_metrics/imp_pval_pearson_gw": 0.050292982494399424,
    "eval_losses/total_loss": 9.315837913830029,
    "eval_losses/count_obs_loss": 1.3224799476171796,
    "eval_losses/count_imp_loss": 2.157418727874756,
    "eval_losses/pval_obs_loss": 1.2791582671435255,
    "eval_losses/pval_imp_loss": 4.454909994488671,
    "eval_losses/peak_obs_loss": 0.6766307628468463,
    "eval_losses/peak_imp_loss": 0.6710877721271817
  }
}
{
  "epoch": 71,
  "training_metadata_probes": {
    "training_metadata_probes/depth_count_ratio": 1.0398041009902954,
    "training_metadata_probes/runtype_mse": 3.8654958188999444e-05,
    "training_metadata_probes/readlen_mse": 3.942155217373511e-06
  }
}
{
  "epoch": 72,
  "eval_prefixed": {
    "eval_metrics/imp_count_r2_gw": -0.09662317003600175,
    "eval_metrics/imp_peak_auroc_gw": 0.48517363011835696,
    "eval_metrics/imp_pval_pearson_1obs": 0.10806703758573839,
    "eval_metrics/den_peak_auroc_gw": 0.5030713085543013,
    "eval_metrics/den_count_pearson_gw": 0.09844043735096134,
    "eval_metrics/den_count_spearman_gw": 0.08010416385208638,
    "eval_metrics/den_pval_pearson_1obs": 0.017343486614041274,
    "eval_metrics/imp_pval_r2_dsf1": -0.5584278946826002,
    "eval_metrics/den_pval_spearman_gw": 0.104753738081217,
    "eval_metrics/den_pval_spearman_dsf1": 0.104753738081217,
    "eval_metrics/den_pval_pearson_gw": 0.08123582348497094,
    "eval_metrics/imp_pval_r2_gw": -0.5584278946826002,
    "eval_metrics/imp_pval_r2_1obs": -20.317127312418148,
    "eval_metrics/den_pval_r2_1obs": -29.100796748162157,
    "eval_metrics/imp_pval_pearson_dsf1": 0.05096225634620096,
    "eval_metrics/den_pval_spearman_1obs": 0.012212120266313197,
    "eval_metrics/den_count_r2_gw": -0.19628739771586973,
    "eval_metrics/imp_pval_spearman_dsf1": 0.09052343586516164,
    "eval_metrics/den_pval_r2_gw": -0.264046545345059,
    "eval_metrics/den_pval_pearson_dsf1": 0.08123582348497094,
    "eval_metrics/imp_count_spearman_gw": -0.030370151860387006,
    "eval_metrics/imp_count_pearson_gw": 0.0007598095156329995,
    "eval_metrics/den_pval_r2_dsf1": -0.264046545345059,
    "eval_metrics/imp_pval_spearman_gw": 0.09052343586516164,
    "eval_metrics/imp_pval_spearman_1obs": 0.08636515241856607,
    "eval_metrics/imp_pval_pearson_gw": 0.05096225634620096,
    "eval_losses/total_loss": 6.936512370446795,
    "eval_losses/count_obs_loss": 1.3247665441349934,
    "eval_losses/count_imp_loss": 2.1108208194611566,
    "eval_losses/pval_obs_loss": 1.2578805975223843,
    "eval_losses/pval_imp_loss": 1.654879980380573,
    "eval_losses/peak_obs_loss": 0.6762937221087908,
    "eval_losses/peak_imp_loss": 0.6707346685348995
  }
}
{
  "epoch": 72,
  "training_metadata_probes": {
    "training_metadata_probes/depth_count_ratio": 1.0404112339019775,
    "training_metadata_probes/runtype_mse": 3.598394323489629e-05,
    "training_metadata_probes/readlen_mse": 4.035791789647192e-06
  }
}
{
  "epoch": 73,
  "eval_prefixed": {
    "eval_metrics/imp_count_r2_gw": -0.09600929984200439,
    "eval_metrics/imp_peak_auroc_gw": 0.480344942129494,
    "eval_metrics/imp_pval_pearson_1obs": 0.08608621681323422,
    "eval_metrics/den_peak_auroc_gw": 0.5152449844450601,
    "eval_metrics/den_count_pearson_gw": 0.08966691227090594,
    "eval_metrics/den_count_spearman_gw": 0.08167758293628347,
    "eval_metrics/den_pval_pearson_1obs": 0.01935240233816378,
    "eval_metrics/imp_pval_r2_dsf1": -0.4741034334376276,
    "eval_metrics/den_pval_spearman_gw": 0.1071695036599894,
    "eval_metrics/den_pval_spearman_dsf1": 0.1071695036599894,
    "eval_metrics/den_pval_pearson_gw": 0.0820655648804907,
    "eval_metrics/imp_pval_r2_gw": -0.4741034334376276,
    "eval_metrics/imp_pval_r2_1obs": -36.86201169143569,
    "eval_metrics/den_pval_r2_1obs": -26.3044143138927,
    "eval_metrics/imp_pval_pearson_dsf1": 0.05120718628094192,
    "eval_metrics/den_pval_spearman_1obs": 0.012083269288122887,
    "eval_metrics/den_count_r2_gw": -0.22952631170871113,
    "eval_metrics/imp_pval_spearman_dsf1": 0.09402110455441309,
    "eval_metrics/den_pval_r2_gw": -0.23928520987367613,
    "eval_metrics/den_pval_pearson_dsf1": 0.0820655648804907,
    "eval_metrics/imp_count_spearman_gw": -0.029778544722576707,
    "eval_metrics/imp_count_pearson_gw": 0.0017980773832061373,
    "eval_metrics/den_pval_r2_dsf1": -0.23928520987367613,
    "eval_metrics/imp_pval_spearman_gw": 0.09402110455441309,
    "eval_metrics/imp_pval_spearman_1obs": 0.06817493806624646,
    "eval_metrics/imp_pval_pearson_gw": 0.05120718628094192,
    "eval_losses/total_loss": 8.655294319124598,
    "eval_losses/count_obs_loss": 1.332993721491412,
    "eval_losses/count_imp_loss": 2.147943456967672,
    "eval_losses/pval_obs_loss": 1.5805446897682391,
    "eval_losses/pval_imp_loss": 3.290903434393898,
    "eval_losses/peak_obs_loss": 0.6764130286480251,
    "eval_losses/peak_imp_loss": 0.671725470868368
  }
}
{
  "epoch": 73,
  "training_metadata_probes": {
    "training_metadata_probes/depth_count_ratio": 1.040992021560669,
    "training_metadata_probes/runtype_mse": 5.4303625802276656e-05,
    "training_metadata_probes/readlen_mse": 3.870850832754513e-06
  }
}
{
  "epoch": 74,
  "eval_prefixed": {
    "eval_metrics/imp_count_r2_gw": -0.0743030979517408,
    "eval_metrics/imp_peak_auroc_gw": 0.4704247610949201,
    "eval_metrics/imp_pval_pearson_1obs": 0.10339942931138452,
    "eval_metrics/den_peak_auroc_gw": 0.5132164697491787,
    "eval_metrics/den_count_pearson_gw": 0.09378417759786603,
    "eval_metrics/den_count_spearman_gw": 0.08376292332837136,
    "eval_metrics/den_pval_pearson_1obs": 0.01920713103907857,
    "eval_metrics/imp_pval_r2_dsf1": -0.4528034218289472,
    "eval_metrics/den_pval_spearman_gw": 0.1094003987064805,
    "eval_metrics/den_pval_spearman_dsf1": 0.1094003987064805,
    "eval_metrics/den_pval_pearson_gw": 0.08504139842453266,
    "eval_metrics/imp_pval_r2_gw": -0.4528034218289472,
    "eval_metrics/imp_pval_r2_1obs": -27.137036129840105,
    "eval_metrics/den_pval_r2_1obs": -33.22371869781173,
    "eval_metrics/imp_pval_pearson_dsf1": 0.05182360558556245,
    "eval_metrics/den_pval_spearman_1obs": 0.01346562530024229,
    "eval_metrics/den_count_r2_gw": -0.24412648023167935,
    "eval_metrics/imp_pval_spearman_dsf1": 0.08664919653828343,
    "eval_metrics/den_pval_r2_gw": -0.22983848437479434,
    "eval_metrics/den_pval_pearson_dsf1": 0.08504139842453266,
    "eval_metrics/imp_count_spearman_gw": -0.028427384289622534,
    "eval_metrics/imp_count_pearson_gw": 0.005318033584949767,
    "eval_metrics/den_pval_r2_dsf1": -0.22983848437479434,
    "eval_metrics/imp_pval_spearman_gw": 0.08664919653828343,
    "eval_metrics/imp_pval_spearman_1obs": 0.07807084946378291,
    "eval_metrics/imp_pval_pearson_gw": 0.05182360558556245,
    "eval_losses/total_loss": 7.761018242490919,
    "eval_losses/count_obs_loss": 1.4082193256993043,
    "eval_losses/count_imp_loss": 2.1279037329885693,
    "eval_losses/pval_obs_loss": 1.6055403100816827,
    "eval_losses/pval_imp_loss": 2.1114978251003085,
    "eval_losses/peak_obs_loss": 0.6760050136792032,
    "eval_losses/peak_imp_loss": 0.6719519827100966
  }
}
{
  "epoch": 74,
  "training_metadata_probes": {
    "training_metadata_probes/depth_count_ratio": 1.0411574840545654,
    "training_metadata_probes/runtype_mse": 4.9617603508522734e-05,
    "training_metadata_probes/readlen_mse": 3.887951152137248e-06
  }
}
{
  "epoch": 75,
  "eval_prefixed": {
    "eval_metrics/imp_count_r2_gw": -0.07320110849442704,
    "eval_metrics/imp_peak_auroc_gw": 0.4803730435804124,
    "eval_metrics/imp_pval_pearson_1obs": 0.08735256451034239,
    "eval_metrics/den_peak_auroc_gw": 0.5154709711189195,
    "eval_metrics/den_count_pearson_gw": 0.09333508087346624,
    "eval_metrics/den_count_spearman_gw": 0.08210446371474815,
    "eval_metrics/den_pval_pearson_1obs": 0.04068234160628268,
    "eval_metrics/imp_pval_r2_dsf1": -0.49829344098801015,
    "eval_metrics/den_pval_spearman_gw": 0.10910869784119583,
    "eval_metrics/den_pval_spearman_dsf1": 0.10910869784119583,
    "eval_metrics/den_pval_pearson_gw": 0.08542750523989334,
    "eval_metrics/imp_pval_r2_gw": -0.49829344098801015,
    "eval_metrics/imp_pval_r2_1obs": -28.233580683698086,
    "eval_metrics/den_pval_r2_1obs": -35.610556388826815,
    "eval_metrics/imp_pval_pearson_dsf1": 0.0521460667489067,
    "eval_metrics/den_pval_spearman_1obs": 0.030688093912053696,
    "eval_metrics/den_count_r2_gw": -0.2334434081141164,
    "eval_metrics/imp_pval_spearman_dsf1": 0.0879031585028566,
    "eval_metrics/den_pval_r2_gw": -0.23834623417663442,
    "eval_metrics/den_pval_pearson_dsf1": 0.08542750523989334,
    "eval_metrics/imp_count_spearman_gw": -0.027622614380504985,
    "eval_metrics/imp_count_pearson_gw": 0.0034485344264780114,
    "eval_metrics/den_pval_r2_dsf1": -0.23834623417663442,
    "eval_metrics/imp_pval_spearman_gw": 0.0879031585028566,
    "eval_metrics/imp_pval_spearman_1obs": 0.06823377448750921,
    "eval_metrics/imp_pval_pearson_gw": 0.0521460667489067,
    "eval_losses/total_loss": 7.715796265162919,
    "eval_losses/count_obs_loss": 1.4206934179130353,
    "eval_losses/count_imp_loss": 2.133889891798534,
    "eval_losses/pval_obs_loss": 1.6789903495656817,
    "eval_losses/pval_imp_loss": 1.946223091984552,
    "eval_losses/peak_obs_loss": 0.676739658180036,
    "eval_losses/peak_imp_loss": 0.6721463146663847
  }
}
{
  "epoch": 75,
  "training_metadata_probes": {
    "training_metadata_probes/depth_count_ratio": 1.041240930557251,
    "training_metadata_probes/runtype_mse": 4.3564818042796105e-05,
    "training_metadata_probes/readlen_mse": 4.147597792325541e-06
  }
}
{
  "epoch": 76,
  "eval_prefixed": {
    "eval_metrics/imp_count_r2_gw": -0.09600226094365906,
    "eval_metrics/imp_peak_auroc_gw": 0.4801321712179524,
    "eval_metrics/imp_pval_pearson_1obs": 0.0974396342496639,
    "eval_metrics/den_peak_auroc_gw": 0.5109274198218737,
    "eval_metrics/den_count_pearson_gw": 0.09142834908868137,
    "eval_metrics/den_count_spearman_gw": 0.08201422237685595,
    "eval_metrics/den_pval_pearson_1obs": 0.022333953003429708,
    "eval_metrics/imp_pval_r2_dsf1": -0.4899254587743791,
    "eval_metrics/den_pval_spearman_gw": 0.1105589218122069,
    "eval_metrics/den_pval_spearman_dsf1": 0.1105589218122069,
    "eval_metrics/den_pval_pearson_gw": 0.08395182165182441,
    "eval_metrics/imp_pval_r2_gw": -0.4899254587743791,
    "eval_metrics/imp_pval_r2_1obs": -32.67034863798668,
    "eval_metrics/den_pval_r2_1obs": -27.896033405304753,
    "eval_metrics/imp_pval_pearson_dsf1": 0.04723465274132434,
    "eval_metrics/den_pval_spearman_1obs": 0.015401046691017375,
    "eval_metrics/den_count_r2_gw": -0.26133844297480197,
    "eval_metrics/imp_pval_spearman_dsf1": 0.0869855113752229,
    "eval_metrics/den_pval_r2_gw": -0.23256474295727306,
    "eval_metrics/den_pval_pearson_dsf1": 0.08395182165182441,
    "eval_metrics/imp_count_spearman_gw": -0.024915855519780622,
    "eval_metrics/imp_count_pearson_gw": 0.003635155815688435,
    "eval_metrics/den_pval_r2_dsf1": -0.23256474295727306,
    "eval_metrics/imp_pval_spearman_gw": 0.0869855113752229,
    "eval_metrics/imp_pval_spearman_1obs": 0.0674867617162074,
    "eval_metrics/imp_pval_pearson_gw": 0.04723465274132434,
    "eval_losses/total_loss": 8.117480013323458,
    "eval_losses/count_obs_loss": 1.3478730603268272,
    "eval_losses/count_imp_loss": 2.129518771928454,
    "eval_losses/pval_obs_loss": 1.8096960567330058,
    "eval_losses/pval_imp_loss": 2.364800204360296,
    "eval_losses/peak_obs_loss": 0.6770156582719401,
    "eval_losses/peak_imp_loss": 0.6723482949393136
  }
}
{
  "epoch": 76,
  "training_metadata_probes": {
    "training_metadata_probes/depth_count_ratio": 1.0399348735809326,
    "training_metadata_probes/runtype_mse": 3.8221282011363655e-05,
    "training_metadata_probes/readlen_mse": 4.010382781416411e-06
  }
}
{
  "epoch": 77,
  "eval_prefixed": {
    "eval_metrics/imp_count_r2_gw": -0.0911290640955909,
    "eval_metrics/imp_peak_auroc_gw": 0.48676730792300626,
    "eval_metrics/imp_pval_pearson_1obs": 0.1033271039403709,
    "eval_metrics/den_peak_auroc_gw": 0.516595549510761,
    "eval_metrics/den_count_pearson_gw": 0.0923538906292953,
    "eval_metrics/den_count_spearman_gw": 0.0845099009602461,
    "eval_metrics/den_pval_pearson_1obs": 0.024432468724339025,
    "eval_metrics/imp_pval_r2_dsf1": -0.49321292846735815,
    "eval_metrics/den_pval_spearman_gw": 0.11288243125604262,
    "eval_metrics/den_pval_spearman_dsf1": 0.11288243125604262,
    "eval_metrics/den_pval_pearson_gw": 0.08573265730918042,
    "eval_metrics/imp_pval_r2_gw": -0.49321292846735815,
    "eval_metrics/imp_pval_r2_1obs": -26.604187432595026,
    "eval_metrics/den_pval_r2_1obs": -25.61772615797551,
    "eval_metrics/imp_pval_pearson_dsf1": 0.05115281934628174,
    "eval_metrics/den_pval_spearman_1obs": 0.018149036096659906,
    "eval_metrics/den_count_r2_gw": -0.22647981920855295,
    "eval_metrics/imp_pval_spearman_dsf1": 0.09258632311302803,
    "eval_metrics/den_pval_r2_gw": -0.2177956325566993,
    "eval_metrics/den_pval_pearson_dsf1": 0.08573265730918042,
    "eval_metrics/imp_count_spearman_gw": -0.02579600109078285,
    "eval_metrics/imp_count_pearson_gw": 0.0023503813570728413,
    "eval_metrics/den_pval_r2_dsf1": -0.2177956325566993,
    "eval_metrics/imp_pval_spearman_gw": 0.09258632311302803,
    "eval_metrics/imp_pval_spearman_1obs": 0.07506157433698593,
    "eval_metrics/imp_pval_pearson_gw": 0.05115281934628174,
    "eval_losses/total_loss": 8.706117092974877,
    "eval_losses/count_obs_loss": 1.3363341900863146,
    "eval_losses/count_imp_loss": 2.09243325013963,
    "eval_losses/pval_obs_loss": 1.8670624225939576,
    "eval_losses/pval_imp_loss": 3.057888553729133,
    "eval_losses/peak_obs_loss": 0.6768618014297987,
    "eval_losses/peak_imp_loss": 0.6713489833332243
  }
}
{
  "epoch": 77,
  "training_metadata_probes": {
    "training_metadata_probes/depth_count_ratio": 1.0410312414169312,
    "training_metadata_probes/runtype_mse": 3.484257831587456e-05,
    "training_metadata_probes/readlen_mse": 3.9465426198148634e-06
  }
}
{
  "epoch": 78,
  "eval_prefixed": {
    "eval_metrics/imp_count_r2_gw": -0.0931602481948248,
    "eval_metrics/imp_peak_auroc_gw": 0.46568525125472293,
    "eval_metrics/imp_pval_pearson_1obs": 0.09048386020604374,
    "eval_metrics/den_peak_auroc_gw": 0.5088706831961777,
    "eval_metrics/den_count_pearson_gw": 0.09446797633733552,
    "eval_metrics/den_count_spearman_gw": 0.08270308353384465,
    "eval_metrics/den_pval_pearson_1obs": 0.038633568133886194,
    "eval_metrics/imp_pval_r2_dsf1": -0.47605992939771136,
    "eval_metrics/den_pval_spearman_gw": 0.11078726129884131,
    "eval_metrics/den_pval_spearman_dsf1": 0.11078726129884131,
    "eval_metrics/den_pval_pearson_gw": 0.08567529627563138,
    "eval_metrics/imp_pval_r2_gw": -0.47605992939771136,
    "eval_metrics/imp_pval_r2_1obs": -29.687146293231816,
    "eval_metrics/den_pval_r2_1obs": -33.067961346582955,
    "eval_metrics/imp_pval_pearson_dsf1": 0.05199432319089297,
    "eval_metrics/den_pval_spearman_1obs": 0.030171410450007697,
    "eval_metrics/den_count_r2_gw": -0.2275552694209971,
    "eval_metrics/imp_pval_spearman_dsf1": 0.09009323980666392,
    "eval_metrics/den_pval_r2_gw": -0.23144622381316216,
    "eval_metrics/den_pval_pearson_dsf1": 0.08567529627563138,
    "eval_metrics/imp_count_spearman_gw": -0.023776826452675086,
    "eval_metrics/imp_count_pearson_gw": 0.0031530808449292277,
    "eval_metrics/den_pval_r2_dsf1": -0.23144622381316216,
    "eval_metrics/imp_pval_spearman_gw": 0.09009323980666392,
    "eval_metrics/imp_pval_spearman_1obs": 0.06164962042211242,
    "eval_metrics/imp_pval_pearson_gw": 0.05199432319089297,
    "eval_losses/total_loss": 7.981242939045555,
    "eval_losses/count_obs_loss": 1.3116433745936344,
    "eval_losses/count_imp_loss": 2.083926895308116,
    "eval_losses/pval_obs_loss": 1.913667058866275,
    "eval_losses/pval_imp_loss": 2.1637365292935145,
    "eval_losses/peak_obs_loss": 0.6773742711857745,
    "eval_losses/peak_imp_loss": 0.672502064515674
  }
}
{
  "epoch": 78,
  "training_metadata_probes": {
    "training_metadata_probes/depth_count_ratio": 1.0407174825668335,
    "training_metadata_probes/runtype_mse": 3.7474506825674325e-05,
    "training_metadata_probes/readlen_mse": 4.32592787547037e-06
  }
}
{
  "epoch": 79,
  "eval_prefixed": {
    "eval_metrics/imp_count_r2_gw": -0.09481583746099326,
    "eval_metrics/imp_peak_auroc_gw": 0.48464742903603863,
    "eval_metrics/imp_pval_pearson_1obs": 0.11452360377306976,
    "eval_metrics/den_peak_auroc_gw": 0.52138303881344,
    "eval_metrics/den_count_pearson_gw": 0.09502540389611998,
    "eval_metrics/den_count_spearman_gw": 0.08565561647355464,
    "eval_metrics/den_pval_pearson_1obs": 0.029215754944169402,
    "eval_metrics/imp_pval_r2_dsf1": -0.4092662785968198,
    "eval_metrics/den_pval_spearman_gw": 0.11433896330128557,
    "eval_metrics/den_pval_spearman_dsf1": 0.11433896330128557,
    "eval_metrics/den_pval_pearson_gw": 0.08573044937465486,
    "eval_metrics/imp_pval_r2_gw": -0.4092662785968198,
    "eval_metrics/imp_pval_r2_1obs": -32.56208539182085,
    "eval_metrics/den_pval_r2_1obs": -32.057301722810266,
    "eval_metrics/imp_pval_pearson_dsf1": 0.05119450921414509,
    "eval_metrics/den_pval_spearman_1obs": 0.02028297264826126,
    "eval_metrics/den_count_r2_gw": -0.23315448811074566,
    "eval_metrics/imp_pval_spearman_dsf1": 0.0968003976713972,
    "eval_metrics/den_pval_r2_gw": -0.21508098098485776,
    "eval_metrics/den_pval_pearson_dsf1": 0.08573044937465486,
    "eval_metrics/imp_count_spearman_gw": -0.02918338228897781,
    "eval_metrics/imp_count_pearson_gw": -0.000502628541797758,
    "eval_metrics/den_pval_r2_dsf1": -0.21508098098485776,
    "eval_metrics/imp_pval_spearman_gw": 0.0968003976713972,
    "eval_metrics/imp_pval_spearman_1obs": 0.082247808783717,
    "eval_metrics/imp_pval_pearson_gw": 0.05119450921414509,
    "eval_losses/total_loss": 12.70343909451836,
    "eval_losses/count_obs_loss": 1.3322986583960683,
    "eval_losses/count_imp_loss": 2.1699679720969427,
    "eval_losses/pval_obs_loss": 2.152767316291207,
    "eval_losses/pval_imp_loss": 7.462743730772109,
    "eval_losses/peak_obs_loss": 0.6764993597018091,
    "eval_losses/peak_imp_loss": 0.6717709283980112
  }
}
{
  "epoch": 79,
  "training_metadata_probes": {
    "training_metadata_probes/depth_count_ratio": 1.0419819355010986,
    "training_metadata_probes/runtype_mse": 3.822504004347138e-05,
    "training_metadata_probes/readlen_mse": 3.7636273191310465e-06
  }
}
{
  "epoch": 80,
  "eval_prefixed": {
    "eval_metrics/imp_count_r2_gw": -0.08238994291577692,
    "eval_metrics/imp_peak_auroc_gw": 0.5078010451784343,
    "eval_metrics/imp_pval_pearson_1obs": 0.09413725161363208,
    "eval_metrics/den_peak_auroc_gw": 0.5278013742353134,
    "eval_metrics/den_count_pearson_gw": 0.0922239612340682,
    "eval_metrics/den_count_spearman_gw": 0.08453628753431412,
    "eval_metrics/den_pval_pearson_1obs": 0.03410335762754058,
    "eval_metrics/imp_pval_r2_dsf1": -0.46568950293970374,
    "eval_metrics/den_pval_spearman_gw": 0.11804806633342473,
    "eval_metrics/den_pval_spearman_dsf1": 0.11804806633342473,
    "eval_metrics/den_pval_pearson_gw": 0.08927430338410072,
    "eval_metrics/imp_pval_r2_gw": -0.46568950293970374,
    "eval_metrics/imp_pval_r2_1obs": -36.542423225934066,
    "eval_metrics/den_pval_r2_1obs": -26.32403675635744,
    "eval_metrics/imp_pval_pearson_dsf1": 0.05393409255858777,
    "eval_metrics/den_pval_spearman_1obs": 0.019180205809842157,
    "eval_metrics/den_count_r2_gw": -0.229722535060192,
    "eval_metrics/imp_pval_spearman_dsf1": 0.08795037261655611,
    "eval_metrics/den_pval_r2_gw": -0.23187879261424238,
    "eval_metrics/den_pval_pearson_dsf1": 0.08927430338410072,
    "eval_metrics/imp_count_spearman_gw": -0.023023162145938223,
    "eval_metrics/imp_count_pearson_gw": 0.00529376579525267,
    "eval_metrics/den_pval_r2_dsf1": -0.23187879261424238,
    "eval_metrics/imp_pval_spearman_gw": 0.08795037261655611,
    "eval_metrics/imp_pval_spearman_1obs": 0.06486336225242258,
    "eval_metrics/imp_pval_pearson_gw": 0.05393409255858777,
    "eval_losses/total_loss": 8.08574616360037,
    "eval_losses/count_obs_loss": 1.3238400103230226,
    "eval_losses/count_imp_loss": 2.13981707985439,
    "eval_losses/pval_obs_loss": 1.8846031548945528,
    "eval_losses/pval_imp_loss": 2.256828097597001,
    "eval_losses/peak_obs_loss": 0.6765153133555463,
    "eval_losses/peak_imp_loss": 0.6709717124227493
  }
}
{
  "epoch": 80,
  "training_metadata_probes": {
    "training_metadata_probes/depth_count_ratio": 1.0411155223846436,
    "training_metadata_probes/runtype_mse": 3.313717388664372e-05,
    "training_metadata_probes/readlen_mse": 4.3953382373729255e-06
  }
}
{
  "epoch": 81,
  "eval_prefixed": {
    "eval_metrics/imp_count_r2_gw": -0.09363265691185481,
    "eval_metrics/imp_peak_auroc_gw": 0.49328223658453924,
    "eval_metrics/imp_pval_pearson_1obs": 0.1056372535827067,
    "eval_metrics/den_peak_auroc_gw": 0.5208070264847037,
    "eval_metrics/den_count_pearson_gw": 0.09130915896476884,
    "eval_metrics/den_count_spearman_gw": 0.0854423618848252,
    "eval_metrics/den_pval_pearson_1obs": 0.01729160792303063,
    "eval_metrics/imp_pval_r2_dsf1": -0.4456772512721153,
    "eval_metrics/den_pval_spearman_gw": 0.12117012860055938,
    "eval_metrics/den_pval_spearman_dsf1": 0.12117012860055938,
    "eval_metrics/den_pval_pearson_gw": 0.09103502213991688,
    "eval_metrics/imp_pval_r2_gw": -0.4456772512721153,
    "eval_metrics/imp_pval_r2_1obs": -26.883001986684352,
    "eval_metrics/den_pval_r2_1obs": -36.20355118439502,
    "eval_metrics/imp_pval_pearson_dsf1": 0.05209838696533725,
    "eval_metrics/den_pval_spearman_1obs": 0.009622942874468481,
    "eval_metrics/den_count_r2_gw": -0.24302290603671312,
    "eval_metrics/imp_pval_spearman_dsf1": 0.09164864150270015,
    "eval_metrics/den_pval_r2_gw": -0.20188683529239143,
    "eval_metrics/den_pval_pearson_dsf1": 0.09103502213991688,
    "eval_metrics/imp_count_spearman_gw": -0.027295275716946597,
    "eval_metrics/imp_count_pearson_gw": 0.004087565637746593,
    "eval_metrics/den_pval_r2_dsf1": -0.20188683529239143,
    "eval_metrics/imp_pval_spearman_gw": 0.09164864150270015,
    "eval_metrics/imp_pval_spearman_1obs": 0.07922402777407032,
    "eval_metrics/imp_pval_pearson_gw": 0.05209838696533725,
    "eval_losses/total_loss": 8.866585959141192,
    "eval_losses/count_obs_loss": 1.3338850117043446,
    "eval_losses/count_imp_loss": 2.099993257295518,
    "eval_losses/pval_obs_loss": 2.503348626980656,
    "eval_losses/pval_imp_loss": 2.480668965549696,
    "eval_losses/peak_obs_loss": 0.6758942478581479,
    "eval_losses/peak_imp_loss": 0.6711284679079813
  }
}
{
  "epoch": 81,
  "training_metadata_probes": {
    "training_metadata_probes/depth_count_ratio": 1.042150855064392,
    "training_metadata_probes/runtype_mse": 3.1376141123473644e-05,
    "training_metadata_probes/readlen_mse": 3.737799488590099e-06
  }
}
{
  "epoch": 82,
  "eval_prefixed": {
    "eval_metrics/imp_count_r2_gw": -0.08136604279497452,
    "eval_metrics/imp_peak_auroc_gw": 0.47360562787057797,
    "eval_metrics/imp_pval_pearson_1obs": 0.09670338316244029,
    "eval_metrics/den_peak_auroc_gw": 0.5138049113481862,
    "eval_metrics/den_count_pearson_gw": 0.09326817093154348,
    "eval_metrics/den_count_spearman_gw": 0.08379238547411408,
    "eval_metrics/den_pval_pearson_1obs": 0.026912369629012813,
    "eval_metrics/imp_pval_r2_dsf1": -0.4483606616064502,
    "eval_metrics/den_pval_spearman_gw": 0.11668721865754486,
    "eval_metrics/den_pval_spearman_dsf1": 0.11668721865754486,
    "eval_metrics/den_pval_pearson_gw": 0.08717152113585096,
    "eval_metrics/imp_pval_r2_gw": -0.4483606616064502,
    "eval_metrics/imp_pval_r2_1obs": -25.459249172558984,
    "eval_metrics/den_pval_r2_1obs": -19.899661136693663,
    "eval_metrics/imp_pval_pearson_dsf1": 0.05284894865360998,
    "eval_metrics/den_pval_spearman_1obs": 0.01691230558209841,
    "eval_metrics/den_count_r2_gw": -0.24517418086206874,
    "eval_metrics/imp_pval_spearman_dsf1": 0.09168056670624933,
    "eval_metrics/den_pval_r2_gw": -0.22360030198494985,
    "eval_metrics/den_pval_pearson_dsf1": 0.08717152113585096,
    "eval_metrics/imp_count_spearman_gw": -0.024020317430462592,
    "eval_metrics/imp_count_pearson_gw": 0.003839523637777477,
    "eval_metrics/den_pval_r2_dsf1": -0.22360030198494985,
    "eval_metrics/imp_pval_spearman_gw": 0.09168056670624933,
    "eval_metrics/imp_pval_spearman_1obs": 0.06776370981904768,
    "eval_metrics/imp_pval_pearson_gw": 0.05284894865360998,
    "eval_losses/total_loss": 10.003849918512921,
    "eval_losses/count_obs_loss": 1.2640352539326016,
    "eval_losses/count_imp_loss": 2.1358884270229037,
    "eval_losses/pval_obs_loss": 2.8484118996482146,
    "eval_losses/pval_imp_loss": 3.482921162294963,
    "eval_losses/peak_obs_loss": 0.6768377250746677,
    "eval_losses/peak_imp_loss": 0.6717768079704709
  }
}
{
  "epoch": 82,
  "training_metadata_probes": {
    "training_metadata_probes/depth_count_ratio": 1.0413181781768799,
    "training_metadata_probes/runtype_mse": 3.4519704058766365e-05,
    "training_metadata_probes/readlen_mse": 3.898588147421833e-06
  }
}
{
  "epoch": 83,
  "eval_prefixed": {
    "eval_metrics/imp_count_r2_gw": -0.08706052321463591,
    "eval_metrics/imp_peak_auroc_gw": 0.49390146999128404,
    "eval_metrics/imp_pval_pearson_1obs": 0.11727376625316942,
    "eval_metrics/den_peak_auroc_gw": 0.5191452205512815,
    "eval_metrics/den_count_pearson_gw": 0.0949872348665897,
    "eval_metrics/den_count_spearman_gw": 0.08523141034945686,
    "eval_metrics/den_pval_pearson_1obs": 0.03519113065187029,
    "eval_metrics/imp_pval_r2_dsf1": -0.43438646346339777,
    "eval_metrics/den_pval_spearman_gw": 0.12100494090911319,
    "eval_metrics/den_pval_spearman_dsf1": 0.12100494090911319,
    "eval_metrics/den_pval_pearson_gw": 0.08923119579833981,
    "eval_metrics/imp_pval_r2_gw": -0.43438646346339777,
    "eval_metrics/imp_pval_r2_1obs": -30.62182383073869,
    "eval_metrics/den_pval_r2_1obs": -25.56852689055011,
    "eval_metrics/imp_pval_pearson_dsf1": 0.052635673437237976,
    "eval_metrics/den_pval_spearman_1obs": 0.02146349047709616,
    "eval_metrics/den_count_r2_gw": -0.16979198681550942,
    "eval_metrics/imp_pval_spearman_dsf1": 0.09822418582812974,
    "eval_metrics/den_pval_r2_gw": -0.20178911116872225,
    "eval_metrics/den_pval_pearson_dsf1": 0.08923119579833981,
    "eval_metrics/imp_count_spearman_gw": -0.027038544796272077,
    "eval_metrics/imp_count_pearson_gw": 0.0028154335464240007,
    "eval_metrics/den_pval_r2_dsf1": -0.20178911116872225,
    "eval_metrics/imp_pval_spearman_gw": 0.09822418582812974,
    "eval_metrics/imp_pval_spearman_1obs": 0.08052631692974282,
    "eval_metrics/imp_pval_pearson_gw": 0.052635673437237976,
    "eval_losses/total_loss": 9.444836473778674,
    "eval_losses/count_obs_loss": 1.2929138392210007,
    "eval_losses/count_imp_loss": 2.145405734342242,
    "eval_losses/pval_obs_loss": 2.894586925051714,
    "eval_losses/pval_imp_loss": 2.710549138368122,
    "eval_losses/peak_obs_loss": 0.6764279776497891,
    "eval_losses/peak_imp_loss": 0.6702195339732699
  }
}
{
  "epoch": 83,
  "training_metadata_probes": {
    "training_metadata_probes/depth_count_ratio": 1.041071891784668,
    "training_metadata_probes/runtype_mse": 2.9681423256988637e-05,
    "training_metadata_probes/readlen_mse": 3.6631490729632787e-06
  }
}
{
  "epoch": 84,
  "eval_prefixed": {
    "eval_metrics/imp_count_r2_gw": -0.09083270859142518,
    "eval_metrics/imp_peak_auroc_gw": 0.4898714794669075,
    "eval_metrics/imp_pval_pearson_1obs": 0.09431248206399484,
    "eval_metrics/den_peak_auroc_gw": 0.5184828325379703,
    "eval_metrics/den_count_pearson_gw": 0.09522937186748574,
    "eval_metrics/den_count_spearman_gw": 0.08644233959348034,
    "eval_metrics/den_pval_pearson_1obs": 0.019185549268609305,
    "eval_metrics/imp_pval_r2_dsf1": -0.438110058292441,
    "eval_metrics/den_pval_spearman_gw": 0.12257408515174857,
    "eval_metrics/den_pval_spearman_dsf1": 0.12257408515174857,
    "eval_metrics/den_pval_pearson_gw": 0.08975761130109038,
    "eval_metrics/imp_pval_r2_gw": -0.438110058292441,
    "eval_metrics/imp_pval_r2_1obs": -32.90857306665026,
    "eval_metrics/den_pval_r2_1obs": -26.299154413298535,
    "eval_metrics/imp_pval_pearson_dsf1": 0.052281608760711695,
    "eval_metrics/den_pval_spearman_1obs": 0.006623680699471979,
    "eval_metrics/den_count_r2_gw": -0.21830169088604762,
    "eval_metrics/imp_pval_spearman_dsf1": 0.09245163460369238,
    "eval_metrics/den_pval_r2_gw": -0.19975157513895192,
    "eval_metrics/den_pval_pearson_dsf1": 0.08975761130109038,
    "eval_metrics/imp_count_spearman_gw": -0.022914477301292868,
    "eval_metrics/imp_count_pearson_gw": 0.004631384310270068,
    "eval_metrics/den_pval_r2_dsf1": -0.19975157513895192,
    "eval_metrics/imp_pval_spearman_gw": 0.09245163460369238,
    "eval_metrics/imp_pval_spearman_1obs": 0.05929837863009777,
    "eval_metrics/imp_pval_pearson_gw": 0.052281608760711695,
    "eval_losses/total_loss": 10.750435074301143,
    "eval_losses/count_obs_loss": 1.2947684698983242,
    "eval_losses/count_imp_loss": 2.142596259003594,
    "eval_losses/pval_obs_loss": 2.5546824288995644,
    "eval_losses/pval_imp_loss": 4.6962013518999495,
    "eval_losses/peak_obs_loss": 0.6761166508260527,
    "eval_losses/peak_imp_loss": 0.6705663871197474
  }
}
{
  "epoch": 84,
  "training_metadata_probes": {
    "training_metadata_probes/depth_count_ratio": 1.0417813062667847,
    "training_metadata_probes/runtype_mse": 2.8110087441746145e-05,
    "training_metadata_probes/readlen_mse": 3.7104528018971905e-06
  }
}
{
  "epoch": 85,
  "eval_prefixed": {
    "eval_metrics/imp_count_r2_gw": -0.09016012436216543,
    "eval_metrics/imp_peak_auroc_gw": 0.4760092845025816,
    "eval_metrics/imp_pval_pearson_1obs": 0.11570905313812314,
    "eval_metrics/den_peak_auroc_gw": 0.5155168448181688,
    "eval_metrics/den_count_pearson_gw": 0.09204458908827387,
    "eval_metrics/den_count_spearman_gw": 0.08516144912266745,
    "eval_metrics/den_pval_pearson_1obs": 0.024748693232571606,
    "eval_metrics/imp_pval_r2_dsf1": -0.4887375511981559,
    "eval_metrics/den_pval_spearman_gw": 0.12637446327554103,
    "eval_metrics/den_pval_spearman_dsf1": 0.12637446327554103,
    "eval_metrics/den_pval_pearson_gw": 0.09189107320822873,
    "eval_metrics/imp_pval_r2_gw": -0.4887375511981559,
    "eval_metrics/imp_pval_r2_1obs": -18.190389404632352,
    "eval_metrics/den_pval_r2_1obs": -24.813319023928187,
    "eval_metrics/imp_pval_pearson_dsf1": 0.05308725466463892,
    "eval_metrics/den_pval_spearman_1obs": 0.016091445546072447,
    "eval_metrics/den_count_r2_gw": -0.2342276989034849,
    "eval_metrics/imp_pval_spearman_dsf1": 0.09563599462094843,
    "eval_metrics/den_pval_r2_gw": -0.19956216637910637,
    "eval_metrics/den_pval_pearson_dsf1": 0.09189107320822873,
    "eval_metrics/imp_count_spearman_gw": -0.024270737165882707,
    "eval_metrics/imp_count_pearson_gw": 0.004587244663742327,
    "eval_metrics/den_pval_r2_dsf1": -0.19956216637910637,
    "eval_metrics/imp_pval_spearman_gw": 0.09563599462094843,
    "eval_metrics/imp_pval_spearman_1obs": 0.07358075721400056,
    "eval_metrics/imp_pval_pearson_gw": 0.05308725466463892,
    "eval_losses/total_loss": 9.61180370144154,
    "eval_losses/count_obs_loss": 1.283096986381631,
    "eval_losses/count_imp_loss": 2.071851164575607,
    "eval_losses/pval_obs_loss": 2.984591320941323,
    "eval_losses/pval_imp_loss": 2.888292671669097,
    "eval_losses/peak_obs_loss": 0.6763979674954164,
    "eval_losses/peak_imp_loss": 0.6707533768245152
  }
}
{
  "epoch": 85,
  "training_metadata_probes": {
    "training_metadata_probes/depth_count_ratio": 1.0405817031860352,
    "training_metadata_probes/runtype_mse": 3.6009638279210776e-05,
    "training_metadata_probes/readlen_mse": 4.079498467035592e-06
  }
}
{
  "epoch": 86,
  "eval_prefixed": {
    "eval_metrics/imp_count_r2_gw": -0.100294815027614,
    "eval_metrics/imp_peak_auroc_gw": 0.4983715361117279,
    "eval_metrics/imp_pval_pearson_1obs": 0.1144239886530808,
    "eval_metrics/den_peak_auroc_gw": 0.5110017383483436,
    "eval_metrics/den_count_pearson_gw": 0.09372103660777946,
    "eval_metrics/den_count_spearman_gw": 0.08345219167638947,
    "eval_metrics/den_pval_pearson_1obs": 0.03193414040709429,
    "eval_metrics/imp_pval_r2_dsf1": -0.4844116683455859,
    "eval_metrics/den_pval_spearman_gw": 0.12425971764318082,
    "eval_metrics/den_pval_spearman_dsf1": 0.12425971764318082,
    "eval_metrics/den_pval_pearson_gw": 0.09082490883424486,
    "eval_metrics/imp_pval_r2_gw": -0.4844116683455859,
    "eval_metrics/imp_pval_r2_1obs": -37.340659366529835,
    "eval_metrics/den_pval_r2_1obs": -25.29439169286183,
    "eval_metrics/imp_pval_pearson_dsf1": 0.05353205609652731,
    "eval_metrics/den_pval_spearman_1obs": 0.02034834379583536,
    "eval_metrics/den_count_r2_gw": -0.19154515872363231,
    "eval_metrics/imp_pval_spearman_dsf1": 0.09036191267109871,
    "eval_metrics/den_pval_r2_gw": -0.20080245958953738,
    "eval_metrics/den_pval_pearson_dsf1": 0.09082490883424486,
    "eval_metrics/imp_count_spearman_gw": -0.021974362421750857,
    "eval_metrics/imp_count_pearson_gw": 0.004619334851812464,
    "eval_metrics/den_pval_r2_dsf1": -0.20080245958953738,
    "eval_metrics/imp_pval_spearman_gw": 0.09036191267109871,
    "eval_metrics/imp_pval_spearman_1obs": 0.07860406996461189,
    "eval_metrics/imp_pval_pearson_gw": 0.05353205609652731,
    "eval_losses/total_loss": 11.896792237303758,
    "eval_losses/count_obs_loss": 1.2889092415571213,
    "eval_losses/count_imp_loss": 2.143740031454298,
    "eval_losses/pval_obs_loss": 3.353529135255437,
    "eval_losses/pval_imp_loss": 5.12217337129608,
    "eval_losses/peak_obs_loss": 0.6763389792881513,
    "eval_losses/peak_imp_loss": 0.6694696285421886
  }
}
{
  "epoch": 86,
  "training_metadata_probes": {
    "training_metadata_probes/depth_count_ratio": 1.040122389793396,
    "training_metadata_probes/runtype_mse": 4.260006971890107e-05,
    "training_metadata_probes/readlen_mse": 4.23151186623727e-06
  }
}
{
  "epoch": 87,
  "eval_prefixed": {
    "eval_metrics/imp_count_r2_gw": -0.07981556289723714,
    "eval_metrics/imp_peak_auroc_gw": 0.4962276130463903,
    "eval_metrics/imp_pval_pearson_1obs": 0.09711535008312831,
    "eval_metrics/den_peak_auroc_gw": 0.5234172650510491,
    "eval_metrics/den_count_pearson_gw": 0.0931514194357748,
    "eval_metrics/den_count_spearman_gw": 0.08661421843680427,
    "eval_metrics/den_pval_pearson_1obs": 0.021712836287885073,
    "eval_metrics/imp_pval_r2_dsf1": -0.43935213709617943,
    "eval_metrics/den_pval_spearman_gw": 0.12594056794998928,
    "eval_metrics/den_pval_spearman_dsf1": 0.12594056794998928,
    "eval_metrics/den_pval_pearson_gw": 0.09182803058004203,
    "eval_metrics/imp_pval_r2_gw": -0.43935213709617943,
    "eval_metrics/imp_pval_r2_1obs": -25.24588554140995,
    "eval_metrics/den_pval_r2_1obs": -25.500145386914834,
    "eval_metrics/imp_pval_pearson_dsf1": 0.05601821158317819,
    "eval_metrics/den_pval_spearman_1obs": 0.015236735893323984,
    "eval_metrics/den_count_r2_gw": -0.25536818905174424,
    "eval_metrics/imp_pval_spearman_dsf1": 0.09536944139457522,
    "eval_metrics/den_pval_r2_gw": -0.19067692852006327,
    "eval_metrics/den_pval_pearson_dsf1": 0.09182803058004203,
    "eval_metrics/imp_count_spearman_gw": -0.024799522302346538,
    "eval_metrics/imp_count_pearson_gw": 0.003897398699770011,
    "eval_metrics/den_pval_r2_dsf1": -0.19067692852006327,
    "eval_metrics/imp_pval_spearman_gw": 0.09536944139457522,
    "eval_metrics/imp_pval_spearman_1obs": 0.06351540306559432,
    "eval_metrics/imp_pval_pearson_gw": 0.05601821158317819,
    "eval_losses/total_loss": 10.534313385031725,
    "eval_losses/count_obs_loss": 1.3587190093178498,
    "eval_losses/count_imp_loss": 2.110743391135382,
    "eval_losses/pval_obs_loss": 3.710399937864981,
    "eval_losses/pval_imp_loss": 2.9987158898323303,
    "eval_losses/peak_obs_loss": 0.6749485566427833,
    "eval_losses/peak_imp_loss": 0.6692500360428341
  }
}
{
  "epoch": 87,
  "training_metadata_probes": {
    "training_metadata_probes/depth_count_ratio": 1.0410585403442383,
    "training_metadata_probes/runtype_mse": 3.813514922512695e-05,
    "training_metadata_probes/readlen_mse": 4.471398824534845e-06
  }
}
{
  "epoch": 88,
  "eval_prefixed": {
    "eval_metrics/imp_count_r2_gw": -0.0747230548115716,
    "eval_metrics/imp_peak_auroc_gw": 0.5013018829593947,
    "eval_metrics/imp_pval_pearson_1obs": 0.1128247185270228,
    "eval_metrics/den_peak_auroc_gw": 0.5136354826536582,
    "eval_metrics/den_count_pearson_gw": 0.09227314934603208,
    "eval_metrics/den_count_spearman_gw": 0.08549368094429502,
    "eval_metrics/den_pval_pearson_1obs": 0.04071175111446217,
    "eval_metrics/imp_pval_r2_dsf1": -0.43609391530488606,
    "eval_metrics/den_pval_spearman_gw": 0.12541767826742553,
    "eval_metrics/den_pval_spearman_dsf1": 0.12541767826742553,
    "eval_metrics/den_pval_pearson_gw": 0.08971316613085371,
    "eval_metrics/imp_pval_r2_gw": -0.43609391530488606,
    "eval_metrics/imp_pval_r2_1obs": -37.76361194147192,
    "eval_metrics/den_pval_r2_1obs": -22.866360711810685,
    "eval_metrics/imp_pval_pearson_dsf1": 0.05647298395781526,
    "eval_metrics/den_pval_spearman_1obs": 0.02631251991813376,
    "eval_metrics/den_count_r2_gw": -0.21920828174404014,
    "eval_metrics/imp_pval_spearman_dsf1": 0.09089437283617004,
    "eval_metrics/den_pval_r2_gw": -0.19607877228202855,
    "eval_metrics/den_pval_pearson_dsf1": 0.08971316613085371,
    "eval_metrics/imp_count_spearman_gw": -0.020757726475454763,
    "eval_metrics/imp_count_pearson_gw": 0.005787847579677686,
    "eval_metrics/den_pval_r2_dsf1": -0.19607877228202855,
    "eval_metrics/imp_pval_spearman_gw": 0.09089437283617004,
    "eval_metrics/imp_pval_spearman_1obs": 0.07275131135438892,
    "eval_metrics/imp_pval_pearson_gw": 0.05647298395781526,
    "eval_losses/total_loss": 14.299942667939161,
    "eval_losses/count_obs_loss": 1.2727339675551967,
    "eval_losses/count_imp_loss": 2.140742674706474,
    "eval_losses/pval_obs_loss": 3.7787622895679975,
    "eval_losses/pval_imp_loss": 7.532478889775654,
    "eval_losses/peak_obs_loss": 0.6754736186642396,
    "eval_losses/peak_imp_loss": 0.6687773593834468
  }
}
{
  "epoch": 88,
  "training_metadata_probes": {
    "training_metadata_probes/depth_count_ratio": 1.0410070419311523,
    "training_metadata_probes/runtype_mse": 4.342277316027321e-05,
    "training_metadata_probes/readlen_mse": 4.532567345449934e-06
  }
}
{
  "epoch": 89,
  "eval_prefixed": {
    "eval_metrics/imp_count_r2_gw": -0.08486981890486439,
    "eval_metrics/imp_peak_auroc_gw": 0.5053437583123129,
    "eval_metrics/imp_pval_pearson_1obs": 0.10728789969450897,
    "eval_metrics/den_peak_auroc_gw": 0.5181100844726135,
    "eval_metrics/den_count_pearson_gw": 0.09398815594613552,
    "eval_metrics/den_count_spearman_gw": 0.08736114960073937,
    "eval_metrics/den_pval_pearson_1obs": 0.023949668851855677,
    "eval_metrics/imp_pval_r2_dsf1": -0.4420997029915295,
    "eval_metrics/den_pval_spearman_gw": 0.13371085651769343,
    "eval_metrics/den_pval_spearman_dsf1": 0.13371085651769343,
    "eval_metrics/den_pval_pearson_gw": 0.09466405786377818,
    "eval_metrics/imp_pval_r2_gw": -0.4420997029915295,
    "eval_metrics/imp_pval_r2_1obs": -30.30239038640005,
    "eval_metrics/den_pval_r2_1obs": -36.90826827863978,
    "eval_metrics/imp_pval_pearson_dsf1": 0.05723824847992214,
    "eval_metrics/den_pval_spearman_1obs": 0.008353777831305175,
    "eval_metrics/den_count_r2_gw": -0.23358267446038106,
    "eval_metrics/imp_pval_spearman_dsf1": 0.09495619261352223,
    "eval_metrics/den_pval_r2_gw": -0.19105465411429756,
    "eval_metrics/den_pval_pearson_dsf1": 0.09466405786377818,
    "eval_metrics/imp_count_spearman_gw": -0.020134739724735857,
    "eval_metrics/imp_count_pearson_gw": 0.0066218990980396195,
    "eval_metrics/den_pval_r2_dsf1": -0.19105465411429756,
    "eval_metrics/imp_pval_spearman_gw": 0.09495619261352223,
    "eval_metrics/imp_pval_spearman_1obs": 0.07836105445667711,
    "eval_metrics/imp_pval_pearson_gw": 0.05723824847992214,
    "eval_losses/total_loss": 10.314674480573126,
    "eval_losses/count_obs_loss": 1.3397772618030246,
    "eval_losses/count_imp_loss": 2.1128601545379277,
    "eval_losses/pval_obs_loss": 3.441373914872345,
    "eval_losses/pval_imp_loss": 3.081147637159105,
    "eval_losses/peak_obs_loss": 0.6742245860789952,
    "eval_losses/peak_imp_loss": 0.6680033599573468
  }
}
{
  "epoch": 89,
  "training_metadata_probes": {
    "training_metadata_probes/depth_count_ratio": 1.0414096117019653,
    "training_metadata_probes/runtype_mse": 5.968977347947657e-05,
    "training_metadata_probes/readlen_mse": 4.339838142186636e-06
  }
}
{
  "epoch": 90,
  "eval_prefixed": {
    "eval_metrics/imp_count_r2_gw": -0.06952971277979246,
    "eval_metrics/imp_peak_auroc_gw": 0.5027415590725017,
    "eval_metrics/imp_pval_pearson_1obs": 0.11470044638577198,
    "eval_metrics/den_peak_auroc_gw": 0.5169818684191657,
    "eval_metrics/den_count_pearson_gw": 0.0965645723228686,
    "eval_metrics/den_count_spearman_gw": 0.08800103610885335,
    "eval_metrics/den_pval_pearson_1obs": 0.02852083623369445,
    "eval_metrics/imp_pval_r2_dsf1": -0.4379713303296492,
    "eval_metrics/den_pval_spearman_gw": 0.13069358294645045,
    "eval_metrics/den_pval_spearman_dsf1": 0.13069358294645045,
    "eval_metrics/den_pval_pearson_gw": 0.09592103255961679,
    "eval_metrics/imp_pval_r2_gw": -0.4379713303296492,
    "eval_metrics/imp_pval_r2_1obs": -31.124056306175817,
    "eval_metrics/den_pval_r2_1obs": -33.69441963391966,
    "eval_metrics/imp_pval_pearson_dsf1": 0.05961137003864029,
    "eval_metrics/den_pval_spearman_1obs": 0.013343440169282815,
    "eval_metrics/den_count_r2_gw": -0.1976340183742502,
    "eval_metrics/imp_pval_spearman_dsf1": 0.09161698910963806,
    "eval_metrics/den_pval_r2_gw": -0.22131216654072122,
    "eval_metrics/den_pval_pearson_dsf1": 0.09592103255961679,
    "eval_metrics/imp_count_spearman_gw": -0.022507067757163025,
    "eval_metrics/imp_count_pearson_gw": 0.0049700372226306215,
    "eval_metrics/den_pval_r2_dsf1": -0.22131216654072122,
    "eval_metrics/imp_pval_spearman_gw": 0.09161698910963806,
    "eval_metrics/imp_pval_spearman_1obs": 0.08611647823764006,
    "eval_metrics/imp_pval_pearson_gw": 0.05961137003864029,
    "eval_losses/total_loss": 11.738114933238217,
    "eval_losses/count_obs_loss": 1.353806390574104,
    "eval_losses/count_imp_loss": 2.139076358742184,
    "eval_losses/pval_obs_loss": 4.1382745655351565,
    "eval_losses/pval_imp_loss": 3.9142719436259497,
    "eval_losses/peak_obs_loss": 0.6740966078482176,
    "eval_losses/peak_imp_loss": 0.6683539208911714
  }
}
{
  "epoch": 90,
  "training_metadata_probes": {
    "training_metadata_probes/depth_count_ratio": 1.041096568107605,
    "training_metadata_probes/runtype_mse": 5.51796292711515e-05,
    "training_metadata_probes/readlen_mse": 4.5912943278381135e-06
  }
}
{
  "epoch": 91,
  "eval_prefixed": {
    "eval_metrics/imp_count_r2_gw": -0.08575358752228161,
    "eval_metrics/imp_peak_auroc_gw": 0.4991021584473402,
    "eval_metrics/imp_pval_pearson_1obs": 0.09441062536955412,
    "eval_metrics/den_peak_auroc_gw": 0.5178346069746927,
    "eval_metrics/den_count_pearson_gw": 0.09181751533239883,
    "eval_metrics/den_count_spearman_gw": 0.08690258842575035,
    "eval_metrics/den_pval_pearson_1obs": 0.030626503585249577,
    "eval_metrics/imp_pval_r2_dsf1": -0.4922265740553486,
    "eval_metrics/den_pval_spearman_gw": 0.13323504141686052,
    "eval_metrics/den_pval_spearman_dsf1": 0.13323504141686052,
    "eval_metrics/den_pval_pearson_gw": 0.09359852995380367,
    "eval_metrics/imp_pval_r2_gw": -0.4922265740553486,
    "eval_metrics/imp_pval_r2_1obs": -24.840185500817267,
    "eval_metrics/den_pval_r2_1obs": -32.25458791151345,
    "eval_metrics/imp_pval_pearson_dsf1": 0.05875565571385243,
    "eval_metrics/den_pval_spearman_1obs": 0.015134382522884174,
    "eval_metrics/den_count_r2_gw": -0.2582760568526798,
    "eval_metrics/imp_pval_spearman_dsf1": 0.10177100106165969,
    "eval_metrics/den_pval_r2_gw": -0.1941748082801119,
    "eval_metrics/den_pval_pearson_dsf1": 0.09359852995380367,
    "eval_metrics/imp_count_spearman_gw": -0.022025818660072565,
    "eval_metrics/imp_count_pearson_gw": 0.006146571126356278,
    "eval_metrics/den_pval_r2_dsf1": -0.1941748082801119,
    "eval_metrics/imp_pval_spearman_gw": 0.10177100106165969,
    "eval_metrics/imp_pval_spearman_1obs": 0.061622652282666085,
    "eval_metrics/imp_pval_pearson_gw": 0.05875565571385243,
    "eval_losses/total_loss": 11.090357199311256,
    "eval_losses/count_obs_loss": 1.2850069756570615,
    "eval_losses/count_imp_loss": 2.072909224601019,
    "eval_losses/pval_obs_loss": 4.226523436998066,
    "eval_losses/pval_imp_loss": 3.1753317917150166,
    "eval_losses/peak_obs_loss": 0.6744079668270914,
    "eval_losses/peak_imp_loss": 0.668200734588835
  }
}
{
  "epoch": 91,
  "training_metadata_probes": {
    "training_metadata_probes/depth_count_ratio": 1.0415840148925781,
    "training_metadata_probes/runtype_mse": 5.7705539802554995e-05,
    "training_metadata_probes/readlen_mse": 3.92710899177473e-06
  }
}
{
  "epoch": 92,
  "eval_prefixed": {
    "eval_metrics/imp_count_r2_gw": -0.08784587589244673,
    "eval_metrics/imp_peak_auroc_gw": 0.49042405913725096,
    "eval_metrics/imp_pval_pearson_1obs": 0.09806525068254107,
    "eval_metrics/den_peak_auroc_gw": 0.5287576568798706,
    "eval_metrics/den_count_pearson_gw": 0.09116430892486517,
    "eval_metrics/den_count_spearman_gw": 0.08904241063344231,
    "eval_metrics/den_pval_pearson_1obs": 0.03164478811576325,
    "eval_metrics/imp_pval_r2_dsf1": -0.4828094741524098,
    "eval_metrics/den_pval_spearman_gw": 0.13532130777768217,
    "eval_metrics/den_pval_spearman_dsf1": 0.13532130777768217,
    "eval_metrics/den_pval_pearson_gw": 0.09599656359856262,
    "eval_metrics/imp_pval_r2_gw": -0.4828094741524098,
    "eval_metrics/imp_pval_r2_1obs": -25.29925052896829,
    "eval_metrics/den_pval_r2_1obs": -35.4436734327704,
    "eval_metrics/imp_pval_pearson_dsf1": 0.057003293909864236,
    "eval_metrics/den_pval_spearman_1obs": 0.013744819354581106,
    "eval_metrics/den_count_r2_gw": -0.26700007307887746,
    "eval_metrics/imp_pval_spearman_dsf1": 0.09871098104193579,
    "eval_metrics/den_pval_r2_gw": -0.20133068554498787,
    "eval_metrics/den_pval_pearson_dsf1": 0.09599656359856262,
    "eval_metrics/imp_count_spearman_gw": -0.022030637911056444,
    "eval_metrics/imp_count_pearson_gw": 0.006589230844087618,
    "eval_metrics/den_pval_r2_dsf1": -0.20133068554498787,
    "eval_metrics/imp_pval_spearman_gw": 0.09871098104193579,
    "eval_metrics/imp_pval_spearman_1obs": 0.07572058448087253,
    "eval_metrics/imp_pval_pearson_gw": 0.057003293909864236,
    "eval_losses/total_loss": 17.210572394101245,
    "eval_losses/count_obs_loss": 1.3864945800680863,
    "eval_losses/count_imp_loss": 2.1304705729560247,
    "eval_losses/pval_obs_loss": 4.663927435090668,
    "eval_losses/pval_imp_loss": 9.849837530226935,
    "eval_losses/peak_obs_loss": 0.6742682613824543,
    "eval_losses/peak_imp_loss": 0.6693274672069247
  }
}
{
  "epoch": 92,
  "training_metadata_probes": {
    "training_metadata_probes/depth_count_ratio": 1.0402922630310059,
    "training_metadata_probes/runtype_mse": 5.7202090829377994e-05,
    "training_metadata_probes/readlen_mse": 4.228402758599259e-06
  }
}
{
  "epoch": 93,
  "eval_prefixed": {
    "eval_metrics/imp_count_r2_gw": -0.08970176792537947,
    "eval_metrics/imp_peak_auroc_gw": 0.4802604126998183,
    "eval_metrics/imp_pval_pearson_1obs": 0.1070406032238333,
    "eval_metrics/den_peak_auroc_gw": 0.523298098467524,
    "eval_metrics/den_count_pearson_gw": 0.09633055206167658,
    "eval_metrics/den_count_spearman_gw": 0.0887006966917788,
    "eval_metrics/den_pval_pearson_1obs": 0.027760871914276657,
    "eval_metrics/imp_pval_r2_dsf1": -0.4148527503457971,
    "eval_metrics/den_pval_spearman_gw": 0.1347609792196665,
    "eval_metrics/den_pval_spearman_dsf1": 0.1347609792196665,
    "eval_metrics/den_pval_pearson_gw": 0.09390863193517648,
    "eval_metrics/imp_pval_r2_gw": -0.4148527503457971,
    "eval_metrics/imp_pval_r2_1obs": -27.392491348616854,
    "eval_metrics/den_pval_r2_1obs": -26.46403396020025,
    "eval_metrics/imp_pval_pearson_dsf1": 0.05978380452974567,
    "eval_metrics/den_pval_spearman_1obs": 0.013084276233938716,
    "eval_metrics/den_count_r2_gw": -0.25025462950032545,
    "eval_metrics/imp_pval_spearman_dsf1": 0.09594496468815773,
    "eval_metrics/den_pval_r2_gw": -0.19642583267681782,
    "eval_metrics/den_pval_pearson_dsf1": 0.09390863193517648,
    "eval_metrics/imp_count_spearman_gw": -0.019875810896366704,
    "eval_metrics/imp_count_pearson_gw": 0.008017710334296145,
    "eval_metrics/den_pval_r2_dsf1": -0.19642583267681782,
    "eval_metrics/imp_pval_spearman_gw": 0.09594496468815773,
    "eval_metrics/imp_pval_spearman_1obs": 0.0728481742532022,
    "eval_metrics/imp_pval_pearson_gw": 0.05978380452974567,
    "eval_losses/total_loss": 14.908888985451899,
    "eval_losses/count_obs_loss": 1.3106478193872853,
    "eval_losses/count_imp_loss": 2.1752299373112027,
    "eval_losses/pval_obs_loss": 5.2135105031101325,
    "eval_losses/pval_imp_loss": 6.456116840006813,
    "eval_losses/peak_obs_loss": 0.6747743346189198,
    "eval_losses/peak_imp_loss": 0.6695529203566294
  }
}
{
  "epoch": 93,
  "training_metadata_probes": {
    "training_metadata_probes/depth_count_ratio": 1.0402878522872925,
    "training_metadata_probes/runtype_mse": 6.51141963317059e-05,
    "training_metadata_probes/readlen_mse": 4.141165845794603e-06
  }
}
{
  "epoch": 94,
  "eval_prefixed": {
    "eval_metrics/imp_count_r2_gw": -0.09450831314609182,
    "eval_metrics/imp_peak_auroc_gw": 0.4798122196261322,
    "eval_metrics/imp_pval_pearson_1obs": 0.12256552819680008,
    "eval_metrics/den_peak_auroc_gw": 0.5229544183403282,
    "eval_metrics/den_count_pearson_gw": 0.09310832876393474,
    "eval_metrics/den_count_spearman_gw": 0.09136413242380707,
    "eval_metrics/den_pval_pearson_1obs": 0.02963924971960583,
    "eval_metrics/imp_pval_r2_dsf1": -0.46981014233141705,
    "eval_metrics/den_pval_spearman_gw": 0.13845603182547742,
    "eval_metrics/den_pval_spearman_dsf1": 0.13845603182547742,
    "eval_metrics/den_pval_pearson_gw": 0.09777602476165875,
    "eval_metrics/imp_pval_r2_gw": -0.46981014233141705,
    "eval_metrics/imp_pval_r2_1obs": -24.309783844714076,
    "eval_metrics/den_pval_r2_1obs": -30.804526226970847,
    "eval_metrics/imp_pval_pearson_dsf1": 0.058498322934148805,
    "eval_metrics/den_pval_spearman_1obs": 0.015023232994850401,
    "eval_metrics/den_count_r2_gw": -0.19401361713978757,
    "eval_metrics/imp_pval_spearman_dsf1": 0.0912397007461418,
    "eval_metrics/den_pval_r2_gw": -0.17856270169583585,
    "eval_metrics/den_pval_pearson_dsf1": 0.09777602476165875,
    "eval_metrics/imp_count_spearman_gw": -0.020435897820093668,
    "eval_metrics/imp_count_pearson_gw": 0.004826448543185723,
    "eval_metrics/den_pval_r2_dsf1": -0.17856270169583585,
    "eval_metrics/imp_pval_spearman_gw": 0.0912397007461418,
    "eval_metrics/imp_pval_spearman_1obs": 0.08140558357479233,
    "eval_metrics/imp_pval_pearson_gw": 0.058498322934148805,
    "eval_losses/total_loss": 15.398355159124261,
    "eval_losses/count_obs_loss": 1.3348525848827864,
    "eval_losses/count_imp_loss": 2.1173245868985613,
    "eval_losses/pval_obs_loss": 5.828296198852752,
    "eval_losses/pval_imp_loss": 6.334890746881092,
    "eval_losses/peak_obs_loss": 0.6742560926236605,
    "eval_losses/peak_imp_loss": 0.6689310390797872
  }
}
{
  "epoch": 94,
  "training_metadata_probes": {
    "training_metadata_probes/depth_count_ratio": 1.0395667552947998,
    "training_metadata_probes/runtype_mse": 8.128525223582983e-05,
    "training_metadata_probes/readlen_mse": 4.177843493380351e-06
  }
}
{
  "epoch": 95,
  "eval_prefixed": {
    "eval_metrics/imp_count_r2_gw": -0.11774368204207483,
    "eval_metrics/imp_peak_auroc_gw": 0.4679576868737049,
    "eval_metrics/imp_pval_pearson_1obs": 0.10413488057545489,
    "eval_metrics/den_peak_auroc_gw": 0.5117886136387805,
    "eval_metrics/den_count_pearson_gw": 0.09365824763785656,
    "eval_metrics/den_count_spearman_gw": 0.08747837207283049,
    "eval_metrics/den_pval_pearson_1obs": 0.030028914935907158,
    "eval_metrics/imp_pval_r2_dsf1": -0.49549603493474703,
    "eval_metrics/den_pval_spearman_gw": 0.1396524400075413,
    "eval_metrics/den_pval_spearman_dsf1": 0.1396524400075413,
    "eval_metrics/den_pval_pearson_gw": 0.093537378890783,
    "eval_metrics/imp_pval_r2_gw": -0.49549603493474703,
    "eval_metrics/imp_pval_r2_1obs": -19.172069393019953,
    "eval_metrics/den_pval_r2_1obs": -22.08062703366308,
    "eval_metrics/imp_pval_pearson_dsf1": 0.057115897565843565,
    "eval_metrics/den_pval_spearman_1obs": 0.018817137145989732,
    "eval_metrics/den_count_r2_gw": -0.322376724926705,
    "eval_metrics/imp_pval_spearman_dsf1": 0.0968693753438087,
    "eval_metrics/den_pval_r2_gw": -0.19121442149279752,
    "eval_metrics/den_pval_pearson_dsf1": 0.093537378890783,
    "eval_metrics/imp_count_spearman_gw": -0.023700785831321933,
    "eval_metrics/imp_count_pearson_gw": 0.003484089243953811,
    "eval_metrics/den_pval_r2_dsf1": -0.19121442149279752,
    "eval_metrics/imp_pval_spearman_gw": 0.0968693753438087,
    "eval_metrics/imp_pval_spearman_1obs": 0.06887698190387935,
    "eval_metrics/imp_pval_pearson_gw": 0.057115897565843565,
    "eval_losses/total_loss": 12.561478983414801,
    "eval_losses/count_obs_loss": 1.2890227593873675,
    "eval_losses/count_imp_loss": 2.0977012761055476,
    "eval_losses/pval_obs_loss": 5.200792196157732,
    "eval_losses/pval_imp_loss": 3.7452972630659738,
    "eval_losses/peak_obs_loss": 0.6737618344394785,
    "eval_losses/peak_imp_loss": 0.668756487823668
  }
}
{
  "epoch": 95,
  "training_metadata_probes": {
    "training_metadata_probes/depth_count_ratio": 1.040208101272583,
    "training_metadata_probes/runtype_mse": 9.803957073017955e-05,
    "training_metadata_probes/readlen_mse": 4.104987510800129e-06
  }
}
{
  "epoch": 96,
  "eval_prefixed": {
    "eval_metrics/imp_count_r2_gw": -0.09584375964137866,
    "eval_metrics/imp_peak_auroc_gw": 0.49274287744631434,
    "eval_metrics/imp_pval_pearson_1obs": 0.11302114569485956,
    "eval_metrics/den_peak_auroc_gw": 0.5208228395449441,
    "eval_metrics/den_count_pearson_gw": 0.10129120322802153,
    "eval_metrics/den_count_spearman_gw": 0.09146574835473294,
    "eval_metrics/den_pval_pearson_1obs": 0.013689773071459249,
    "eval_metrics/imp_pval_r2_dsf1": -0.5397633248142055,
    "eval_metrics/den_pval_spearman_gw": 0.1431201099464467,
    "eval_metrics/den_pval_spearman_dsf1": 0.1431201099464467,
    "eval_metrics/den_pval_pearson_gw": 0.09945383348569617,
    "eval_metrics/imp_pval_r2_gw": -0.5397633248142055,
    "eval_metrics/imp_pval_r2_1obs": -24.8524034746491,
    "eval_metrics/den_pval_r2_1obs": -25.461701424735768,
    "eval_metrics/imp_pval_pearson_dsf1": 0.05777046687269051,
    "eval_metrics/den_pval_spearman_1obs": 0.0032247329350554204,
    "eval_metrics/den_count_r2_gw": -0.24480149331965512,
    "eval_metrics/imp_pval_spearman_dsf1": 0.09763261624149236,
    "eval_metrics/den_pval_r2_gw": -0.19733053225248776,
    "eval_metrics/den_pval_pearson_dsf1": 0.09945383348569617,
    "eval_metrics/imp_count_spearman_gw": -0.023952544407960515,
    "eval_metrics/imp_count_pearson_gw": 0.006672787159914151,
    "eval_metrics/den_pval_r2_dsf1": -0.19733053225248776,
    "eval_metrics/imp_pval_spearman_gw": 0.09763261624149236,
    "eval_metrics/imp_pval_spearman_1obs": 0.0797530539701524,
    "eval_metrics/imp_pval_pearson_gw": 0.05777046687269051,
    "eval_losses/total_loss": 13.513052859196538,
    "eval_losses/count_obs_loss": 1.2888315398442118,
    "eval_losses/count_imp_loss": 2.1037518126623973,
    "eval_losses/pval_obs_loss": 5.555949157790134,
    "eval_losses/pval_imp_loss": 4.460466138427219,
    "eval_losses/peak_obs_loss": 0.6735528378110183,
    "eval_losses/peak_imp_loss": 0.6675069474038624
  }
}
{
  "epoch": 96,
  "training_metadata_probes": {
    "training_metadata_probes/depth_count_ratio": 1.0403107404708862,
    "training_metadata_probes/runtype_mse": 0.00013784442853648216,
    "training_metadata_probes/readlen_mse": 4.629229806596413e-06
  }
}
{
  "epoch": 97,
  "eval_prefixed": {
    "eval_metrics/imp_count_r2_gw": -0.09823128481518785,
    "eval_metrics/imp_peak_auroc_gw": 0.5028545632715403,
    "eval_metrics/imp_pval_pearson_1obs": 0.09984144399687278,
    "eval_metrics/den_peak_auroc_gw": 0.5283218913030249,
    "eval_metrics/den_count_pearson_gw": 0.09525044468893229,
    "eval_metrics/den_count_spearman_gw": 0.09337380688027219,
    "eval_metrics/den_pval_pearson_1obs": 0.03443566066179253,
    "eval_metrics/imp_pval_r2_dsf1": -0.47218876712298774,
    "eval_metrics/den_pval_spearman_gw": 0.14031093444446907,
    "eval_metrics/den_pval_spearman_dsf1": 0.14031093444446907,
    "eval_metrics/den_pval_pearson_gw": 0.10041946877333287,
    "eval_metrics/imp_pval_r2_gw": -0.47218876712298774,
    "eval_metrics/imp_pval_r2_1obs": -31.153245500302898,
    "eval_metrics/den_pval_r2_1obs": -33.3889202863391,
    "eval_metrics/imp_pval_pearson_dsf1": 0.056524558480651604,
    "eval_metrics/den_pval_spearman_1obs": 0.017149958538455662,
    "eval_metrics/den_count_r2_gw": -0.24619148352456452,
    "eval_metrics/imp_pval_spearman_dsf1": 0.09918387845070487,
    "eval_metrics/den_pval_r2_gw": -0.19070002689760324,
    "eval_metrics/den_pval_pearson_dsf1": 0.10041946877333287,
    "eval_metrics/imp_count_spearman_gw": -0.022705114599885834,
    "eval_metrics/imp_count_pearson_gw": 0.0054881691014290685,
    "eval_metrics/den_pval_r2_dsf1": -0.19070002689760324,
    "eval_metrics/imp_pval_spearman_gw": 0.09918387845070487,
    "eval_metrics/imp_pval_spearman_1obs": 0.07217264275309995,
    "eval_metrics/imp_pval_pearson_gw": 0.056524558480651604,
    "eval_losses/total_loss": 14.163599177018591,
    "eval_losses/count_obs_loss": 1.4084092629583258,
    "eval_losses/count_imp_loss": 2.1728851255916415,
    "eval_losses/pval_obs_loss": 6.588427800881235,
    "eval_losses/pval_imp_loss": 3.786314331822925,
    "eval_losses/peak_obs_loss": 0.672986847789664,
    "eval_losses/peak_imp_loss": 0.668211973848797
  }
}
{
  "epoch": 97,
  "training_metadata_probes": {
    "training_metadata_probes/depth_count_ratio": 1.0407474040985107,
    "training_metadata_probes/runtype_mse": 0.00010680523701012135,
    "training_metadata_probes/readlen_mse": 4.2587371353874914e-06
  }
}
{
  "epoch": 98,
  "eval_prefixed": {
    "eval_metrics/imp_count_r2_gw": -0.10489526247489146,
    "eval_metrics/imp_peak_auroc_gw": 0.5136772408925934,
    "eval_metrics/imp_pval_pearson_1obs": 0.0807408554449914,
    "eval_metrics/den_peak_auroc_gw": 0.5169334185365718,
    "eval_metrics/den_count_pearson_gw": 0.0950783683342467,
    "eval_metrics/den_count_spearman_gw": 0.09330628289539755,
    "eval_metrics/den_pval_pearson_1obs": 0.02711254294722733,
    "eval_metrics/imp_pval_r2_dsf1": -0.5757878048229597,
    "eval_metrics/den_pval_spearman_gw": 0.13746685000871253,
    "eval_metrics/den_pval_spearman_dsf1": 0.13746685000871253,
    "eval_metrics/den_pval_pearson_gw": 0.09116680137690548,
    "eval_metrics/imp_pval_r2_gw": -0.5757878048229597,
    "eval_metrics/imp_pval_r2_1obs": -37.47399812118427,
    "eval_metrics/den_pval_r2_1obs": -26.423021850466842,
    "eval_metrics/imp_pval_pearson_dsf1": 0.06137104178704913,
    "eval_metrics/den_pval_spearman_1obs": 0.011323681838861545,
    "eval_metrics/den_count_r2_gw": -0.27895308754425757,
    "eval_metrics/imp_pval_spearman_dsf1": 0.1009809742712833,
    "eval_metrics/den_pval_r2_gw": -0.23028762351727666,
    "eval_metrics/den_pval_pearson_dsf1": 0.09116680137690548,
    "eval_metrics/imp_count_spearman_gw": -0.020128870469153813,
    "eval_metrics/imp_count_pearson_gw": 0.007666126041421814,
    "eval_metrics/den_pval_r2_dsf1": -0.23028762351727666,
    "eval_metrics/imp_pval_spearman_gw": 0.1009809742712833,
    "eval_metrics/imp_pval_spearman_1obs": 0.05527290433783995,
    "eval_metrics/imp_pval_pearson_gw": 0.06137104178704913,
    "eval_losses/total_loss": 16.754564877795545,
    "eval_losses/count_obs_loss": 1.2667352596395893,
    "eval_losses/count_imp_loss": 2.0771417324505155,
    "eval_losses/pval_obs_loss": 8.154912566079906,
    "eval_losses/pval_imp_loss": 5.288032207933683,
    "eval_losses/peak_obs_loss": 0.6744038941044557,
    "eval_losses/peak_imp_loss": 0.667318123200583
  }
}
{
  "epoch": 98,
  "training_metadata_probes": {
    "training_metadata_probes/depth_count_ratio": 1.0406612157821655,
    "training_metadata_probes/runtype_mse": 0.00012181775673525408,
    "training_metadata_probes/readlen_mse": 4.2874708015006036e-06
  }
}
{
  "epoch": 99,
  "eval_prefixed": {
    "eval_metrics/imp_count_r2_gw": -0.09371652798104887,
    "eval_metrics/imp_peak_auroc_gw": 0.5182665979530385,
    "eval_metrics/imp_pval_pearson_1obs": 0.11095493374621525,
    "eval_metrics/den_peak_auroc_gw": 0.5148686192997591,
    "eval_metrics/den_count_pearson_gw": 0.09632500631146525,
    "eval_metrics/den_count_spearman_gw": 0.0938676248793426,
    "eval_metrics/den_pval_pearson_1obs": 0.04070240463471763,
    "eval_metrics/imp_pval_r2_dsf1": -0.541130373761546,
    "eval_metrics/den_pval_spearman_gw": 0.13990309157264244,
    "eval_metrics/den_pval_spearman_dsf1": 0.13990309157264244,
    "eval_metrics/den_pval_pearson_gw": 0.09674545424059033,
    "eval_metrics/imp_pval_r2_gw": -0.541130373761546,
    "eval_metrics/imp_pval_r2_1obs": -27.819670298898075,
    "eval_metrics/den_pval_r2_1obs": -24.358678360019802,
    "eval_metrics/imp_pval_pearson_dsf1": 0.0584958623540366,
    "eval_metrics/den_pval_spearman_1obs": 0.018520228892955275,
    "eval_metrics/den_count_r2_gw": -0.23466305386000585,
    "eval_metrics/imp_pval_spearman_dsf1": 0.10433131273911134,
    "eval_metrics/den_pval_r2_gw": -0.19476984739156697,
    "eval_metrics/den_pval_pearson_dsf1": 0.09674545424059033,
    "eval_metrics/imp_count_spearman_gw": -0.018699262332087626,
    "eval_metrics/imp_count_pearson_gw": 0.005707987718143692,
    "eval_metrics/den_pval_r2_dsf1": -0.19476984739156697,
    "eval_metrics/imp_pval_spearman_gw": 0.10433131273911134,
    "eval_metrics/imp_pval_spearman_1obs": 0.07961082838634159,
    "eval_metrics/imp_pval_pearson_gw": 0.0584958623540366,
    "eval_losses/total_loss": 15.821012186572739,
    "eval_losses/count_obs_loss": 1.2972139747519242,
    "eval_losses/count_imp_loss": 2.090013916530306,
    "eval_losses/pval_obs_loss": 6.861823659782347,
    "eval_losses/pval_imp_loss": 5.672922944738751,
    "eval_losses/peak_obs_loss": 0.6739531080973776,
    "eval_losses/peak_imp_loss": 0.6670572615805126
  }
}
{
  "epoch": 99,
  "training_metadata_probes": {
    "training_metadata_probes/depth_count_ratio": 1.039999008178711,
    "training_metadata_probes/runtype_mse": 0.0001569241430843249,
    "training_metadata_probes/readlen_mse": 4.594051461026538e-06
  }
}
{
  "epoch": 100,
  "eval_prefixed": {
    "eval_metrics/imp_count_r2_gw": -0.07383471011980562,
    "eval_metrics/imp_peak_auroc_gw": 0.5146149222179901,
    "eval_metrics/imp_pval_pearson_1obs": 0.1188499748647686,
    "eval_metrics/den_peak_auroc_gw": 0.522723591587965,
    "eval_metrics/den_count_pearson_gw": 0.09558893158560079,
    "eval_metrics/den_count_spearman_gw": 0.09247837233930524,
    "eval_metrics/den_pval_pearson_1obs": 0.02977352655465151,
    "eval_metrics/imp_pval_r2_dsf1": -0.4657383099785829,
    "eval_metrics/den_pval_spearman_gw": 0.14223074657761064,
    "eval_metrics/den_pval_spearman_dsf1": 0.14223074657761064,
    "eval_metrics/den_pval_pearson_gw": 0.09680065725268305,
    "eval_metrics/imp_pval_r2_gw": -0.4657383099785829,
    "eval_metrics/imp_pval_r2_1obs": -33.153927691598035,
    "eval_metrics/den_pval_r2_1obs": -29.391523511900697,
    "eval_metrics/imp_pval_pearson_dsf1": 0.0637519047669475,
    "eval_metrics/den_pval_spearman_1obs": 0.013431923010826831,
    "eval_metrics/den_count_r2_gw": -0.23020503993409566,
    "eval_metrics/imp_pval_spearman_dsf1": 0.0982624941819363,
    "eval_metrics/den_pval_r2_gw": -0.20384691048666148,
    "eval_metrics/den_pval_pearson_dsf1": 0.09680065725268305,
    "eval_metrics/imp_count_spearman_gw": -0.02009743349002654,
    "eval_metrics/imp_count_pearson_gw": 0.007071585672314367,
    "eval_metrics/den_pval_r2_dsf1": -0.20384691048666148,
    "eval_metrics/imp_pval_spearman_gw": 0.0982624941819363,
    "eval_metrics/imp_pval_spearman_1obs": 0.08888225681323599,
    "eval_metrics/imp_pval_pearson_gw": 0.0637519047669475,
    "eval_losses/total_loss": 16.235694964465342,
    "eval_losses/count_obs_loss": 1.3579003426589464,
    "eval_losses/count_imp_loss": 2.1101187609490895,
    "eval_losses/pval_obs_loss": 7.557392807383287,
    "eval_losses/pval_imp_loss": 5.242249954787511,
    "eval_losses/peak_obs_loss": 0.6730507518115797,
    "eval_losses/peak_imp_loss": 0.6666579629693713
  }
}
{
  "epoch": 100,
  "training_metadata_probes": {
    "training_metadata_probes/depth_count_ratio": 1.040539026260376,
    "training_metadata_probes/runtype_mse": 0.00018289983563590795,
    "training_metadata_probes/readlen_mse": 4.887466275249608e-06
  }
}
{
  "epoch": 101,
  "eval_prefixed": {
    "eval_metrics/imp_count_r2_gw": -0.10237685148957165,
    "eval_metrics/imp_peak_auroc_gw": 0.49297555206279575,
    "eval_metrics/imp_pval_pearson_1obs": 0.10514332023670986,
    "eval_metrics/den_peak_auroc_gw": 0.5285526927963622,
    "eval_metrics/den_count_pearson_gw": 0.09826292261775386,
    "eval_metrics/den_count_spearman_gw": 0.09701485215643209,
    "eval_metrics/den_pval_pearson_1obs": 0.03319150006504251,
    "eval_metrics/imp_pval_r2_dsf1": -0.4736899610748639,
    "eval_metrics/den_pval_spearman_gw": 0.14485559269876055,
    "eval_metrics/den_pval_spearman_dsf1": 0.14485559269876055,
    "eval_metrics/den_pval_pearson_gw": 0.09964316715731432,
    "eval_metrics/imp_pval_r2_gw": -0.4736899610748639,
    "eval_metrics/imp_pval_r2_1obs": -27.323674511385683,
    "eval_metrics/den_pval_r2_1obs": -31.943459668998152,
    "eval_metrics/imp_pval_pearson_dsf1": 0.06044466494183455,
    "eval_metrics/den_pval_spearman_1obs": 0.016241035487734805,
    "eval_metrics/den_count_r2_gw": -0.2625546448281817,
    "eval_metrics/imp_pval_spearman_dsf1": 0.09744287799719709,
    "eval_metrics/den_pval_r2_gw": -0.21068662718482853,
    "eval_metrics/den_pval_pearson_dsf1": 0.09964316715731432,
    "eval_metrics/imp_count_spearman_gw": -0.019461649296245203,
    "eval_metrics/imp_count_pearson_gw": 0.00796543359054282,
    "eval_metrics/den_pval_r2_dsf1": -0.21068662718482853,
    "eval_metrics/imp_pval_spearman_gw": 0.09744287799719709,
    "eval_metrics/imp_pval_spearman_1obs": 0.07807244145856808,
    "eval_metrics/imp_pval_pearson_gw": 0.06044466494183455,
    "eval_losses/total_loss": 17.069150730575387,
    "eval_losses/count_obs_loss": 1.3024080003562726,
    "eval_losses/count_imp_loss": 2.0931616170065745,
    "eval_losses/pval_obs_loss": 8.146824963390827,
    "eval_losses/pval_imp_loss": 5.6205965058198055,
    "eval_losses/peak_obs_loss": 0.6725455099030545,
    "eval_losses/peak_imp_loss": 0.6671988855278681
  }
}
{
  "epoch": 101,
  "training_metadata_probes": {
    "training_metadata_probes/depth_count_ratio": 1.0407359600067139,
    "training_metadata_probes/runtype_mse": 0.00020999539992772043,
    "training_metadata_probes/readlen_mse": 4.337930931797018e-06
  }
}
{
  "epoch": 102,
  "eval_prefixed": {
    "eval_metrics/imp_count_r2_gw": -0.07832452044831556,
    "eval_metrics/imp_peak_auroc_gw": 0.5012765342415649,
    "eval_metrics/imp_pval_pearson_1obs": 0.10898340231044189,
    "eval_metrics/den_peak_auroc_gw": 0.516196882225482,
    "eval_metrics/den_count_pearson_gw": 0.1030770574549311,
    "eval_metrics/den_count_spearman_gw": 0.09264046383955098,
    "eval_metrics/den_pval_pearson_1obs": 0.019498270663844824,
    "eval_metrics/imp_pval_r2_dsf1": -0.44860154802561675,
    "eval_metrics/den_pval_spearman_gw": 0.14413061799145602,
    "eval_metrics/den_pval_spearman_dsf1": 0.14413061799145602,
    "eval_metrics/den_pval_pearson_gw": 0.0999112730649741,
    "eval_metrics/imp_pval_r2_gw": -0.44860154802561675,
    "eval_metrics/imp_pval_r2_1obs": -26.093910780381925,
    "eval_metrics/den_pval_r2_1obs": -25.581684756318783,
    "eval_metrics/imp_pval_pearson_dsf1": 0.061414259293722726,
    "eval_metrics/den_pval_spearman_1obs": 0.010122611708312516,
    "eval_metrics/den_count_r2_gw": -0.2210836482910454,
    "eval_metrics/imp_pval_spearman_dsf1": 0.09704840208754412,
    "eval_metrics/den_pval_r2_gw": -0.20624751889810797,
    "eval_metrics/den_pval_pearson_dsf1": 0.0999112730649741,
    "eval_metrics/imp_count_spearman_gw": -0.018303939183468863,
    "eval_metrics/imp_count_pearson_gw": 0.006171478230657707,
    "eval_metrics/den_pval_r2_dsf1": -0.20624751889810797,
    "eval_metrics/imp_pval_spearman_gw": 0.09704840208754412,
    "eval_metrics/imp_pval_spearman_1obs": 0.07655179244989868,
    "eval_metrics/imp_pval_pearson_gw": 0.061414259293722726,
    "eval_losses/total_loss": 18.297607436384027,
    "eval_losses/count_obs_loss": 1.3437668971325223,
    "eval_losses/count_imp_loss": 2.1588595547373335,
    "eval_losses/pval_obs_loss": 9.28191386790652,
    "eval_losses/pval_imp_loss": 5.6175919742811296,
    "eval_losses/peak_obs_loss": 0.6727040810020346,
    "eval_losses/peak_imp_loss": 0.6670550879031892
  }
}
{
  "epoch": 102,
  "training_metadata_probes": {
    "training_metadata_probes/depth_count_ratio": 1.0401417016983032,
    "training_metadata_probes/runtype_mse": 0.0002486232842784375,
    "training_metadata_probes/readlen_mse": 5.107669949211413e-06
  }
}
{
  "epoch": 103,
  "eval_prefixed": {
    "eval_metrics/imp_count_r2_gw": -0.08773256700032828,
    "eval_metrics/imp_peak_auroc_gw": 0.518178810635385,
    "eval_metrics/imp_pval_pearson_1obs": 0.09237879026673794,
    "eval_metrics/den_peak_auroc_gw": 0.5232692089711677,
    "eval_metrics/den_count_pearson_gw": 0.10052558376551851,
    "eval_metrics/den_count_spearman_gw": 0.0982075474411619,
    "eval_metrics/den_pval_pearson_1obs": 0.03102899363234189,
    "eval_metrics/imp_pval_r2_dsf1": -0.5290356632764636,
    "eval_metrics/den_pval_spearman_gw": 0.14745021908207262,
    "eval_metrics/den_pval_spearman_dsf1": 0.14745021908207262,
    "eval_metrics/den_pval_pearson_gw": 0.10033676134863574,
    "eval_metrics/imp_pval_r2_gw": -0.5290356632764636,
    "eval_metrics/imp_pval_r2_1obs": -30.670184299954588,
    "eval_metrics/den_pval_r2_1obs": -37.01604036951448,
    "eval_metrics/imp_pval_pearson_dsf1": 0.06025589020213201,
    "eval_metrics/den_pval_spearman_1obs": 0.015277103030096542,
    "eval_metrics/den_count_r2_gw": -0.22069615773023346,
    "eval_metrics/imp_pval_spearman_dsf1": 0.10271901391770095,
    "eval_metrics/den_pval_r2_gw": -0.1903449992093754,
    "eval_metrics/den_pval_pearson_dsf1": 0.10033676134863574,
    "eval_metrics/imp_count_spearman_gw": -0.014616067411211178,
    "eval_metrics/imp_count_pearson_gw": 0.00951433826666621,
    "eval_metrics/den_pval_r2_dsf1": -0.1903449992093754,
    "eval_metrics/imp_pval_spearman_gw": 0.10271901391770095,
    "eval_metrics/imp_pval_spearman_1obs": 0.0638548351622793,
    "eval_metrics/imp_pval_pearson_gw": 0.06025589020213201,
    "eval_losses/total_loss": 18.030808166061576,
    "eval_losses/count_obs_loss": 1.3352626483691366,
    "eval_losses/count_imp_loss": 2.0922943136048695,
    "eval_losses/pval_obs_loss": 8.746982350945473,
    "eval_losses/pval_imp_loss": 6.018291939345617,
    "eval_losses/peak_obs_loss": 0.6729508520741212,
    "eval_losses/peak_imp_loss": 0.6663428885596139
  }
}
{
  "epoch": 103,
  "training_metadata_probes": {
    "training_metadata_probes/depth_count_ratio": 1.0409713983535767,
    "training_metadata_probes/runtype_mse": 0.00023533549392595887,
    "training_metadata_probes/readlen_mse": 4.903352419205476e-06
  }
}
{
  "epoch": 104,
  "eval_prefixed": {
    "eval_metrics/imp_count_r2_gw": -0.09661372223960014,
    "eval_metrics/imp_peak_auroc_gw": 0.5067348379728233,
    "eval_metrics/imp_pval_pearson_1obs": 0.10636141522055757,
    "eval_metrics/den_peak_auroc_gw": 0.5211383246728114,
    "eval_metrics/den_count_pearson_gw": 0.10111718593275566,
    "eval_metrics/den_count_spearman_gw": 0.0981851259123148,
    "eval_metrics/den_pval_pearson_1obs": 0.03236688417803778,
    "eval_metrics/imp_pval_r2_dsf1": -0.42011899424346305,
    "eval_metrics/den_pval_spearman_gw": 0.14425186140803273,
    "eval_metrics/den_pval_spearman_dsf1": 0.14425186140803273,
    "eval_metrics/den_pval_pearson_gw": 0.09772005705407967,
    "eval_metrics/imp_pval_r2_gw": -0.42011899424346305,
    "eval_metrics/imp_pval_r2_1obs": -40.254149730382686,
    "eval_metrics/den_pval_r2_1obs": -34.724523874529275,
    "eval_metrics/imp_pval_pearson_dsf1": 0.06507573827005377,
    "eval_metrics/den_pval_spearman_1obs": 0.01919550082341306,
    "eval_metrics/den_count_r2_gw": -0.24940669264704055,
    "eval_metrics/imp_pval_spearman_dsf1": 0.10402250958410299,
    "eval_metrics/den_pval_r2_gw": -0.19675127726620703,
    "eval_metrics/den_pval_pearson_dsf1": 0.09772005705407967,
    "eval_metrics/imp_count_spearman_gw": -0.021585850248018658,
    "eval_metrics/imp_count_pearson_gw": 0.004828075414046734,
    "eval_metrics/den_pval_r2_dsf1": -0.19675127726620703,
    "eval_metrics/imp_pval_spearman_gw": 0.10402250958410299,
    "eval_metrics/imp_pval_spearman_1obs": 0.07207252037818389,
    "eval_metrics/imp_pval_pearson_gw": 0.06507573827005377,
    "eval_losses/total_loss": 20.30270935536215,
    "eval_losses/count_obs_loss": 1.3900878068647886,
    "eval_losses/count_imp_loss": 2.1405439982338557,
    "eval_losses/pval_obs_loss": 10.418999350972866,
    "eval_losses/pval_imp_loss": 6.626515841200238,
    "eval_losses/peak_obs_loss": 0.6732065732541838,
    "eval_losses/peak_imp_loss": 0.6670923422253321
  }
}
{
  "epoch": 104,
  "training_metadata_probes": {
    "training_metadata_probes/depth_count_ratio": 1.0412365198135376,
    "training_metadata_probes/runtype_mse": 0.0002629812515806407,
    "training_metadata_probes/readlen_mse": 5.2203658924554475e-06
  }
}
{
  "epoch": 105,
  "eval_prefixed": {
    "eval_metrics/imp_count_r2_gw": -0.09092832335563746,
    "eval_metrics/imp_peak_auroc_gw": 0.49755702799872187,
    "eval_metrics/imp_pval_pearson_1obs": 0.0995872133385597,
    "eval_metrics/den_peak_auroc_gw": 0.5309926059859736,
    "eval_metrics/den_count_pearson_gw": 0.09834149673904329,
    "eval_metrics/den_count_spearman_gw": 0.09627175228519817,
    "eval_metrics/den_pval_pearson_1obs": 0.025054295032221393,
    "eval_metrics/imp_pval_r2_dsf1": -0.40574691727156864,
    "eval_metrics/den_pval_spearman_gw": 0.14622695518829862,
    "eval_metrics/den_pval_spearman_dsf1": 0.14622695518829862,
    "eval_metrics/den_pval_pearson_gw": 0.0992922914753619,
    "eval_metrics/imp_pval_r2_gw": -0.40574691727156864,
    "eval_metrics/imp_pval_r2_1obs": -30.500164286705996,
    "eval_metrics/den_pval_r2_1obs": -28.860635458235976,
    "eval_metrics/imp_pval_pearson_dsf1": 0.06118395332328325,
    "eval_metrics/den_pval_spearman_1obs": 0.016175468278520545,
    "eval_metrics/den_count_r2_gw": -0.24496569257446374,
    "eval_metrics/imp_pval_spearman_dsf1": 0.10503306269589881,
    "eval_metrics/den_pval_r2_gw": -0.18741449616031716,
    "eval_metrics/den_pval_pearson_dsf1": 0.0992922914753619,
    "eval_metrics/imp_count_spearman_gw": -0.022282099226445418,
    "eval_metrics/imp_count_pearson_gw": 0.005783766226303424,
    "eval_metrics/den_pval_r2_dsf1": -0.18741449616031716,
    "eval_metrics/imp_pval_spearman_gw": 0.10503306269589881,
    "eval_metrics/imp_pval_spearman_1obs": 0.06789280904501376,
    "eval_metrics/imp_pval_pearson_gw": 0.06118395332328325,
    "eval_losses/total_loss": 20.35079330911762,
    "eval_losses/count_obs_loss": 1.3209131336525868,
    "eval_losses/count_imp_loss": 2.1235083076688976,
    "eval_losses/pval_obs_loss": 10.405641549904095,
    "eval_losses/pval_imp_loss": 6.801767240914088,
    "eval_losses/peak_obs_loss": 0.6726317052778444,
    "eval_losses/peak_imp_loss": 0.6671391489013793
  }
}
{
  "epoch": 105,
  "training_metadata_probes": {
    "training_metadata_probes/depth_count_ratio": 1.040758728981018,
    "training_metadata_probes/runtype_mse": 0.00028887350345030427,
    "training_metadata_probes/readlen_mse": 4.788391834154027e-06
  }
}
{
  "epoch": 106,
  "eval_prefixed": {
    "eval_metrics/imp_count_r2_gw": -0.10270669163859662,
    "eval_metrics/imp_peak_auroc_gw": 0.49454663505997964,
    "eval_metrics/imp_pval_pearson_1obs": 0.10959672580273556,
    "eval_metrics/den_peak_auroc_gw": 0.5207166697245232,
    "eval_metrics/den_count_pearson_gw": 0.10183227055638686,
    "eval_metrics/den_count_spearman_gw": 0.09556667202448085,
    "eval_metrics/den_pval_pearson_1obs": 0.02919776153928404,
    "eval_metrics/imp_pval_r2_dsf1": -0.4691092763610765,
    "eval_metrics/den_pval_spearman_gw": 0.14518578153409442,
    "eval_metrics/den_pval_spearman_dsf1": 0.14518578153409442,
    "eval_metrics/den_pval_pearson_gw": 0.09763486264886237,
    "eval_metrics/imp_pval_r2_gw": -0.4691092763610765,
    "eval_metrics/imp_pval_r2_1obs": -31.806938289639263,
    "eval_metrics/den_pval_r2_1obs": -27.708704872756716,
    "eval_metrics/imp_pval_pearson_dsf1": 0.05748154016743813,
    "eval_metrics/den_pval_spearman_1obs": 0.01568242507453199,
    "eval_metrics/den_count_r2_gw": -0.27626402019457963,
    "eval_metrics/imp_pval_spearman_dsf1": 0.09694492657761572,
    "eval_metrics/den_pval_r2_gw": -0.20324401865906244,
    "eval_metrics/den_pval_pearson_dsf1": 0.09763486264886237,
    "eval_metrics/imp_count_spearman_gw": -0.017834551495379443,
    "eval_metrics/imp_count_pearson_gw": 0.006996289500781882,
    "eval_metrics/den_pval_r2_dsf1": -0.20324401865906244,
    "eval_metrics/imp_pval_spearman_gw": 0.09694492657761572,
    "eval_metrics/imp_pval_spearman_1obs": 0.07724373241619727,
    "eval_metrics/imp_pval_pearson_gw": 0.05748154016743813,
    "eval_losses/total_loss": 26.27236597710534,
    "eval_losses/count_obs_loss": 1.280255793740875,
    "eval_losses/count_imp_loss": 2.183178496739221,
    "eval_losses/pval_obs_loss": 12.210110634565353,
    "eval_losses/pval_imp_loss": 11.757202637574029,
    "eval_losses/peak_obs_loss": 0.6729133803593484,
    "eval_losses/peak_imp_loss": 0.6674053545982118
  }
}
{
  "epoch": 106,
  "training_metadata_probes": {
    "training_metadata_probes/depth_count_ratio": 1.0395015478134155,
    "training_metadata_probes/runtype_mse": 0.00028269554604776204,
    "training_metadata_probes/readlen_mse": 5.081481958768563e-06
  }
}
{
  "epoch": 107,
  "eval_prefixed": {
    "eval_metrics/imp_count_r2_gw": -0.068433361905693,
    "eval_metrics/imp_peak_auroc_gw": 0.5154584308285483,
    "eval_metrics/imp_pval_pearson_1obs": 0.09918401748429806,
    "eval_metrics/den_peak_auroc_gw": 0.5261808627759591,
    "eval_metrics/den_count_pearson_gw": 0.10187368627904154,
    "eval_metrics/den_count_spearman_gw": 0.09670068236884725,
    "eval_metrics/den_pval_pearson_1obs": 0.02302502913516946,
    "eval_metrics/imp_pval_r2_dsf1": -0.4554787935817452,
    "eval_metrics/den_pval_spearman_gw": 0.14819418674650867,
    "eval_metrics/den_pval_spearman_dsf1": 0.14819418674650867,
    "eval_metrics/den_pval_pearson_gw": 0.09872968993639868,
    "eval_metrics/imp_pval_r2_gw": -0.4554787935817452,
    "eval_metrics/imp_pval_r2_1obs": -31.933744937061064,
    "eval_metrics/den_pval_r2_1obs": -30.099450873730078,
    "eval_metrics/imp_pval_pearson_dsf1": 0.06385710386426321,
    "eval_metrics/den_pval_spearman_1obs": 0.011944850733831757,
    "eval_metrics/den_count_r2_gw": -0.24966816253219098,
    "eval_metrics/imp_pval_spearman_dsf1": 0.11019584672424912,
    "eval_metrics/den_pval_r2_gw": -0.18447249970730786,
    "eval_metrics/den_pval_pearson_dsf1": 0.09872968993639868,
    "eval_metrics/imp_count_spearman_gw": -0.01855212653315276,
    "eval_metrics/imp_count_pearson_gw": 0.005715132354193234,
    "eval_metrics/den_pval_r2_dsf1": -0.18447249970730786,
    "eval_metrics/imp_pval_spearman_gw": 0.11019584672424912,
    "eval_metrics/imp_pval_spearman_1obs": 0.06587174965417734,
    "eval_metrics/imp_pval_pearson_gw": 0.06385710386426321,
    "eval_losses/total_loss": 19.395093877848826,
    "eval_losses/count_obs_loss": 1.3150699781744104,
    "eval_losses/count_imp_loss": 2.1158038065547036,
    "eval_losses/pval_obs_loss": 10.592964308826547,
    "eval_losses/pval_imp_loss": 5.439853304435337,
    "eval_losses/peak_obs_loss": 0.6719259643240979,
    "eval_losses/peak_imp_loss": 0.6657739305306994
  }
}
{
  "epoch": 107,
  "training_metadata_probes": {
    "training_metadata_probes/depth_count_ratio": 1.0394927263259888,
    "training_metadata_probes/runtype_mse": 0.0003191910218447447,
    "training_metadata_probes/readlen_mse": 4.882804660155671e-06
  }
}
{
  "epoch": 108,
  "eval_prefixed": {
    "eval_metrics/imp_count_r2_gw": -0.10334788671159265,
    "eval_metrics/imp_peak_auroc_gw": 0.5079310148173842,
    "eval_metrics/imp_pval_pearson_1obs": 0.09468714492247692,
    "eval_metrics/den_peak_auroc_gw": 0.5305461146039493,
    "eval_metrics/den_count_pearson_gw": 0.09784657427256829,
    "eval_metrics/den_count_spearman_gw": 0.09602749299962281,
    "eval_metrics/den_pval_pearson_1obs": 0.03063175566172791,
    "eval_metrics/imp_pval_r2_dsf1": -0.44984004025231433,
    "eval_metrics/den_pval_spearman_gw": 0.14783480874924282,
    "eval_metrics/den_pval_spearman_dsf1": 0.14783480874924282,
    "eval_metrics/den_pval_pearson_gw": 0.10018119484945935,
    "eval_metrics/imp_pval_r2_gw": -0.44984004025231433,
    "eval_metrics/imp_pval_r2_1obs": -31.21222701840238,
    "eval_metrics/den_pval_r2_1obs": -36.7426958437713,
    "eval_metrics/imp_pval_pearson_dsf1": 0.06464402148840091,
    "eval_metrics/den_pval_spearman_1obs": 0.019156736308101347,
    "eval_metrics/den_count_r2_gw": -0.2511089229743565,
    "eval_metrics/imp_pval_spearman_dsf1": 0.10291149003658888,
    "eval_metrics/den_pval_r2_gw": -0.17741439879486595,
    "eval_metrics/den_pval_pearson_dsf1": 0.10018119484945935,
    "eval_metrics/imp_count_spearman_gw": -0.019287402604158826,
    "eval_metrics/imp_count_pearson_gw": 0.005172736039163456,
    "eval_metrics/den_pval_r2_dsf1": -0.17741439879486595,
    "eval_metrics/imp_pval_spearman_gw": 0.10291149003658888,
    "eval_metrics/imp_pval_spearman_1obs": 0.062088159341380594,
    "eval_metrics/imp_pval_pearson_gw": 0.06464402148840091,
    "eval_losses/total_loss": 25.72297306652916,
    "eval_losses/count_obs_loss": 1.3005100504348153,
    "eval_losses/count_imp_loss": 2.1518417492745416,
    "eval_losses/pval_obs_loss": 12.767624218016863,
    "eval_losses/pval_imp_loss": 10.43151440554195,
    "eval_losses/peak_obs_loss": 0.6718943848421699,
    "eval_losses/peak_imp_loss": 0.6659101214673784
  }
}
{
  "epoch": 108,
  "training_metadata_probes": {
    "training_metadata_probes/depth_count_ratio": 1.0404380559921265,
    "training_metadata_probes/runtype_mse": 0.00031291923369280994,
    "training_metadata_probes/readlen_mse": 5.162635716260411e-06
  }
}
{
  "epoch": 109,
  "eval_prefixed": {
    "eval_metrics/imp_count_r2_gw": -0.09156104381193844,
    "eval_metrics/imp_peak_auroc_gw": 0.5115382586525592,
    "eval_metrics/imp_pval_pearson_1obs": 0.09278526776266979,
    "eval_metrics/den_peak_auroc_gw": 0.5264711061416417,
    "eval_metrics/den_count_pearson_gw": 0.09656848026267988,
    "eval_metrics/den_count_spearman_gw": 0.09608382289272119,
    "eval_metrics/den_pval_pearson_1obs": 0.030723161707436174,
    "eval_metrics/imp_pval_r2_dsf1": -0.4239121321445091,
    "eval_metrics/den_pval_spearman_gw": 0.1480303749315809,
    "eval_metrics/den_pval_spearman_dsf1": 0.1480303749315809,
    "eval_metrics/den_pval_pearson_gw": 0.097974292137415,
    "eval_metrics/imp_pval_r2_gw": -0.4239121321445091,
    "eval_metrics/imp_pval_r2_1obs": -37.59781550767081,
    "eval_metrics/den_pval_r2_1obs": -30.555929155781033,
    "eval_metrics/imp_pval_pearson_dsf1": 0.06144493996417002,
    "eval_metrics/den_pval_spearman_1obs": 0.01696562206746138,
    "eval_metrics/den_count_r2_gw": -0.24951000898323253,
    "eval_metrics/imp_pval_spearman_dsf1": 0.10153232464083642,
    "eval_metrics/den_pval_r2_gw": -0.1873538448234644,
    "eval_metrics/den_pval_pearson_dsf1": 0.097974292137415,
    "eval_metrics/imp_count_spearman_gw": -0.02079777980859108,
    "eval_metrics/imp_count_pearson_gw": 0.004361463658925559,
    "eval_metrics/den_pval_r2_dsf1": -0.1873538448234644,
    "eval_metrics/imp_pval_spearman_gw": 0.10153232464083642,
    "eval_metrics/imp_pval_spearman_1obs": 0.06352302372881163,
    "eval_metrics/imp_pval_pearson_gw": 0.06144493996417002,
    "eval_losses/total_loss": 25.084070277057197,
    "eval_losses/count_obs_loss": 1.328330345059696,
    "eval_losses/count_imp_loss": 2.1600571974875433,
    "eval_losses/pval_obs_loss": 13.599428910173868,
    "eval_losses/pval_imp_loss": 8.616100844882784,
    "eval_losses/peak_obs_loss": 0.671660987170119,
    "eval_losses/peak_imp_loss": 0.665641999433911
  }
}
{
  "epoch": 109,
  "training_metadata_probes": {
    "training_metadata_probes/depth_count_ratio": 1.0401427745819092,
    "training_metadata_probes/runtype_mse": 0.0003127123636659235,
    "training_metadata_probes/readlen_mse": 4.931624971504789e-06
  }
}
{
  "epoch": 110,
  "eval_prefixed": {
    "eval_metrics/imp_count_r2_gw": -0.1066636907971134,
    "eval_metrics/imp_peak_auroc_gw": 0.49306223052480846,
    "eval_metrics/imp_pval_pearson_1obs": 0.09519759614282983,
    "eval_metrics/den_peak_auroc_gw": 0.5202632825536828,
    "eval_metrics/den_count_pearson_gw": 0.09640420105087717,
    "eval_metrics/den_count_spearman_gw": 0.0940465669267616,
    "eval_metrics/den_pval_pearson_1obs": 0.03389040171628279,
    "eval_metrics/imp_pval_r2_dsf1": -0.5226776445728041,
    "eval_metrics/den_pval_spearman_gw": 0.14763935630928426,
    "eval_metrics/den_pval_spearman_dsf1": 0.14763935630928426,
    "eval_metrics/den_pval_pearson_gw": 0.09543931016722988,
    "eval_metrics/imp_pval_r2_gw": -0.5226776445728041,
    "eval_metrics/imp_pval_r2_1obs": -20.919647202673136,
    "eval_metrics/den_pval_r2_1obs": -28.177153541057663,
    "eval_metrics/imp_pval_pearson_dsf1": 0.06264644519736369,
    "eval_metrics/den_pval_spearman_1obs": 0.015340869697949356,
    "eval_metrics/den_count_r2_gw": -0.3113097839266337,
    "eval_metrics/imp_pval_spearman_dsf1": 0.10471383155155443,
    "eval_metrics/den_pval_r2_gw": -0.21165714943693703,
    "eval_metrics/den_pval_pearson_dsf1": 0.09543931016722988,
    "eval_metrics/imp_count_spearman_gw": -0.019900194474627146,
    "eval_metrics/imp_count_pearson_gw": 0.0047299099341404464,
    "eval_metrics/den_pval_r2_dsf1": -0.21165714943693703,
    "eval_metrics/imp_pval_spearman_gw": 0.10471383155155443,
    "eval_metrics/imp_pval_spearman_1obs": 0.06918776449339001,
    "eval_metrics/imp_pval_pearson_gw": 0.06264644519736369,
    "eval_losses/total_loss": 25.217364330825053,
    "eval_losses/count_obs_loss": 1.2994321992522793,
    "eval_losses/count_imp_loss": 2.1155714354817827,
    "eval_losses/pval_obs_loss": 15.023123821537746,
    "eval_losses/pval_imp_loss": 7.13979636724033,
    "eval_losses/peak_obs_loss": 0.6710300084791685,
    "eval_losses/peak_imp_loss": 0.6653806245516217
  }
}
{
  "epoch": 110,
  "training_metadata_probes": {
    "training_metadata_probes/depth_count_ratio": 1.0409308671951294,
    "training_metadata_probes/runtype_mse": 0.0003179502673447132,
    "training_metadata_probes/readlen_mse": 5.108695859235013e-06
  }
}
slurmstepd: error: *** JOB 37341543 ON fc10902 CANCELLED AT 2026-04-26T05:41:31 DUE TO TIME LIMIT ***
