/project/6014832/mforooz/EpiDenoise/candi_venv/lib/python3.10/site-packages/pydantic/_internal/_generate_schema.py:2249: UnsupportedFieldAttributeWarning: The 'repr' attribute with value False was provided to the `Field()` function, which has no effect in the context it was used. 'repr' is field-specific metadata, and can only be attached to a model field using `Annotated` metadata or by assignment. This may have happened because an `Annotated` type alias using the `type` statement was used, or if the `Field()` function was attached to a single member of a union type.
  warnings.warn(
/project/6014832/mforooz/EpiDenoise/candi_venv/lib/python3.10/site-packages/pydantic/_internal/_generate_schema.py:2249: UnsupportedFieldAttributeWarning: The 'frozen' attribute with value True was provided to the `Field()` function, which has no effect in the context it was used. 'frozen' is field-specific metadata, and can only be attached to a model field using `Annotated` metadata or by assignment. This may have happened because an `Annotated` type alias using the `type` statement was used, or if the `Field()` function was attached to a single member of a union type.
  warnings.warn(
wandb: Currently logged in as: mforooz (mforoozz) to https://api.wandb.ai. Use `wandb login --relogin` to force relogin
wandb: WARNING Changes to your `wandb` environment variables will be ignored because your `wandb` session has already started. For more information on how to modify your settings with `wandb.init()` arguments, please refer to https://wandb.me/wandb-init.
wandb: Tracking run with wandb version 0.21.2
wandb: Run data is saved locally in /project/6014832/mforooz/EpiDenoise/wandb/run-20260426_024812-sd3dc4ys
wandb: Run `wandb offline` to turn off syncing.
wandb: Syncing run baseline_log1p_type1
wandb: ⭐️ View project at https://wandb.ai/mforoozz/candi_sandbox
wandb: 🚀 View run at https://wandb.ai/mforoozz/candi_sandbox/runs/sd3dc4ys
[sandbox] Loaded canonical metadata for 8 assay types from data/eic_metadata.csv
{
  "epoch": 0,
  "eval_prefixed": {
    "eval_metrics/den_pval_spearman_gw": 0.007521722122457453,
    "eval_metrics/imp_pval_r2_1obs": -25.78103365688521,
    "eval_metrics/den_pval_spearman_1obs": 0.0014524891657318759,
    "eval_metrics/den_count_spearman_gw": 0.022176498043764536,
    "eval_metrics/imp_pval_pearson_dsf1": 0.007988040898150453,
    "eval_metrics/imp_pval_r2_gw": -1.6586268266603537,
    "eval_metrics/imp_pval_r2_dsf1": -1.6586268266603537,
    "eval_metrics/den_pval_spearman_dsf1": 0.007521722122457453,
    "eval_metrics/den_pval_r2_1obs": -30.25941161829427,
    "eval_metrics/imp_peak_auroc_gw": 0.4509269297278239,
    "eval_metrics/den_pval_r2_gw": -1.4107534651116331,
    "eval_metrics/imp_count_pearson_gw": -0.01618551427253849,
    "eval_metrics/den_pval_pearson_dsf1": 0.011314547098568016,
    "eval_metrics/imp_pval_pearson_gw": 0.007988040898150453,
    "eval_metrics/imp_pval_pearson_1obs": 0.007493521741938792,
    "eval_metrics/den_pval_pearson_1obs": -0.02896171285522685,
    "eval_metrics/den_pval_pearson_gw": 0.011314547098568016,
    "eval_metrics/imp_count_r2_gw": -0.1621984620845349,
    "eval_metrics/den_count_r2_gw": -0.052664583030922085,
    "eval_metrics/imp_pval_spearman_gw": -0.0028991538375114493,
    "eval_metrics/den_count_pearson_gw": -0.0011484515546870075,
    "eval_metrics/imp_count_spearman_gw": -0.03349484908342094,
    "eval_metrics/imp_pval_spearman_dsf1": -0.0028991538375114493,
    "eval_metrics/den_pval_r2_dsf1": -1.4107534651116331,
    "eval_metrics/imp_pval_spearman_1obs": 0.0025624754577840626,
    "eval_metrics/den_peak_auroc_gw": 0.447081657177797,
    "eval_losses/total_loss": 6.780176987381358,
    "eval_losses/count_obs_loss": 1.4349243844810284,
    "eval_losses/count_imp_loss": 2.3203506838707697,
    "eval_losses/pval_obs_loss": 1.1730209322352159,
    "eval_losses/pval_imp_loss": 1.1655991001734658,
    "eval_losses/peak_obs_loss": 0.6997916471017035,
    "eval_losses/peak_imp_loss": 0.7030254824767037
  }
}
{
  "epoch": 0,
  "training_metadata_probes": {
    "training_metadata_probes/depth_count_ratio": 0.991534411907196,
    "training_metadata_probes/runtype_mse": 1.608020028243118e-08,
    "training_metadata_probes/readlen_mse": 3.203521714567614e-08
  }
}
{
  "epoch": 1,
  "eval_prefixed": {
    "eval_metrics/den_pval_spearman_gw": 0.007767918071066328,
    "eval_metrics/imp_pval_r2_1obs": -28.03166103141857,
    "eval_metrics/den_pval_spearman_1obs": -0.0033112443041548173,
    "eval_metrics/den_count_spearman_gw": 0.03234419912984604,
    "eval_metrics/imp_pval_pearson_dsf1": 0.00982703053806391,
    "eval_metrics/imp_pval_r2_gw": -1.5882068583048294,
    "eval_metrics/imp_pval_r2_dsf1": -1.5882068583048294,
    "eval_metrics/den_pval_spearman_dsf1": 0.007767918071066328,
    "eval_metrics/den_pval_r2_1obs": -24.943761722674243,
    "eval_metrics/imp_peak_auroc_gw": 0.4438143990498662,
    "eval_metrics/den_pval_r2_gw": -1.4717873638787604,
    "eval_metrics/imp_count_pearson_gw": -0.019668702685896912,
    "eval_metrics/den_pval_pearson_dsf1": 0.01196518271956991,
    "eval_metrics/imp_pval_pearson_gw": 0.00982703053806391,
    "eval_metrics/imp_pval_pearson_1obs": 0.014495769456501991,
    "eval_metrics/den_pval_pearson_1obs": -0.024063181598888293,
    "eval_metrics/den_pval_pearson_gw": 0.01196518271956991,
    "eval_metrics/imp_count_r2_gw": -0.12776331920785997,
    "eval_metrics/den_count_r2_gw": -0.04991513246453641,
    "eval_metrics/imp_pval_spearman_gw": 0.0034858896863433236,
    "eval_metrics/den_count_pearson_gw": 0.016711965950028235,
    "eval_metrics/imp_count_spearman_gw": -0.04045518441180297,
    "eval_metrics/imp_pval_spearman_dsf1": 0.0034858896863433236,
    "eval_metrics/den_pval_r2_dsf1": -1.4717873638787604,
    "eval_metrics/imp_pval_spearman_1obs": 0.0058318290757493245,
    "eval_metrics/den_peak_auroc_gw": 0.45559537294446134,
    "eval_losses/total_loss": 6.483133552105803,
    "eval_losses/count_obs_loss": 1.3585522849308818,
    "eval_losses/count_imp_loss": 2.08653896384769,
    "eval_losses/pval_obs_loss": 1.1613788071431612,
    "eval_losses/pval_imp_loss": 1.163065270772056,
    "eval_losses/peak_obs_loss": 0.6936953412859064,
    "eval_losses/peak_imp_loss": 0.6945630832323952
  }
}
{
  "epoch": 1,
  "training_metadata_probes": {
    "training_metadata_probes/depth_count_ratio": 0.9934632778167725,
    "training_metadata_probes/runtype_mse": 4.490271621193642e-08,
    "training_metadata_probes/readlen_mse": 1.7441072941437596e-07
  }
}
{
  "epoch": 2,
  "eval_prefixed": {
    "eval_metrics/den_pval_spearman_gw": 0.017925179257947017,
    "eval_metrics/imp_pval_r2_1obs": -25.10049880630496,
    "eval_metrics/den_pval_spearman_1obs": -0.009958727052460162,
    "eval_metrics/den_count_spearman_gw": 0.03917130653878821,
    "eval_metrics/imp_pval_pearson_dsf1": 0.007663802880357715,
    "eval_metrics/imp_pval_r2_gw": -1.7317167310242674,
    "eval_metrics/imp_pval_r2_dsf1": -1.7317167310242674,
    "eval_metrics/den_pval_spearman_dsf1": 0.017925179257947017,
    "eval_metrics/den_pval_r2_1obs": -20.32205148498602,
    "eval_metrics/imp_peak_auroc_gw": 0.424308825970192,
    "eval_metrics/den_pval_r2_gw": -1.3891652125645078,
    "eval_metrics/imp_count_pearson_gw": -0.012557353302586957,
    "eval_metrics/den_pval_pearson_dsf1": 0.010149463329741449,
    "eval_metrics/imp_pval_pearson_gw": 0.007663802880357715,
    "eval_metrics/imp_pval_pearson_1obs": 0.020203753547985034,
    "eval_metrics/den_pval_pearson_1obs": -0.019387067996400508,
    "eval_metrics/den_pval_pearson_gw": 0.010149463329741449,
    "eval_metrics/imp_count_r2_gw": -0.09962920002050854,
    "eval_metrics/den_count_r2_gw": -0.06437744574210869,
    "eval_metrics/imp_pval_spearman_gw": 0.0043576988936414535,
    "eval_metrics/den_count_pearson_gw": 0.028674866476254272,
    "eval_metrics/imp_count_spearman_gw": -0.03207290723644381,
    "eval_metrics/imp_pval_spearman_dsf1": 0.0043576988936414535,
    "eval_metrics/den_pval_r2_dsf1": -1.3891652125645078,
    "eval_metrics/imp_pval_spearman_1obs": 0.007304412949548848,
    "eval_metrics/den_peak_auroc_gw": 0.47276286856502187,
    "eval_losses/total_loss": 6.481296964381871,
    "eval_losses/count_obs_loss": 1.3005677642006623,
    "eval_losses/count_imp_loss": 2.1757070715465243,
    "eval_losses/pval_obs_loss": 1.154802049461164,
    "eval_losses/pval_imp_loss": 1.1578135679638575,
    "eval_losses/peak_obs_loss": 0.6914970200312766,
    "eval_losses/peak_imp_loss": 0.6889665022728935
  }
}
{
  "epoch": 2,
  "training_metadata_probes": {
    "training_metadata_probes/depth_count_ratio": 0.9952338933944702,
    "training_metadata_probes/runtype_mse": 2.2144799061152298e-07,
    "training_metadata_probes/readlen_mse": 4.411342047205835e-07
  }
}
{
  "epoch": 3,
  "eval_prefixed": {
    "eval_metrics/den_pval_spearman_gw": 0.025625084333158205,
    "eval_metrics/imp_pval_r2_1obs": -19.579828156125377,
    "eval_metrics/den_pval_spearman_1obs": -0.00871721343072016,
    "eval_metrics/den_count_spearman_gw": 0.043921446885329674,
    "eval_metrics/imp_pval_pearson_dsf1": 0.0028747222663479902,
    "eval_metrics/imp_pval_r2_gw": -1.6108490566404106,
    "eval_metrics/imp_pval_r2_dsf1": -1.6108490566404106,
    "eval_metrics/den_pval_spearman_dsf1": 0.025625084333158205,
    "eval_metrics/den_pval_r2_1obs": -25.556711730827697,
    "eval_metrics/imp_peak_auroc_gw": 0.4300051232243607,
    "eval_metrics/den_pval_r2_gw": -1.4276541322711396,
    "eval_metrics/imp_count_pearson_gw": -0.0012876982689790783,
    "eval_metrics/den_pval_pearson_dsf1": 0.006779988139322468,
    "eval_metrics/imp_pval_pearson_gw": 0.0028747222663479902,
    "eval_metrics/imp_pval_pearson_1obs": 0.02028113957272754,
    "eval_metrics/den_pval_pearson_1obs": -0.015157459545758013,
    "eval_metrics/den_pval_pearson_gw": 0.006779988139322468,
    "eval_metrics/imp_count_r2_gw": -0.06806467771831048,
    "eval_metrics/den_count_r2_gw": -0.10445737011032213,
    "eval_metrics/imp_pval_spearman_gw": 0.0059860891839268095,
    "eval_metrics/den_count_pearson_gw": 0.03545275262321842,
    "eval_metrics/imp_count_spearman_gw": -0.01600205111052102,
    "eval_metrics/imp_pval_spearman_dsf1": 0.0059860891839268095,
    "eval_metrics/den_pval_r2_dsf1": -1.4276541322711396,
    "eval_metrics/imp_pval_spearman_1obs": 0.015309696234702784,
    "eval_metrics/den_peak_auroc_gw": 0.46692861920745016,
    "eval_losses/total_loss": 6.277505170357855,
    "eval_losses/count_obs_loss": 1.2687321689568067,
    "eval_losses/count_imp_loss": 1.9889753650105189,
    "eval_losses/pval_obs_loss": 1.1483905707534992,
    "eval_losses/pval_imp_loss": 1.1487583300424,
    "eval_losses/peak_obs_loss": 0.6904143353826121,
    "eval_losses/peak_imp_loss": 0.6863548008222429
  }
}
{
  "epoch": 3,
  "training_metadata_probes": {
    "training_metadata_probes/depth_count_ratio": 0.9969971776008606,
    "training_metadata_probes/runtype_mse": 5.77676757984591e-07,
    "training_metadata_probes/readlen_mse": 7.919954896351555e-07
  }
}
{
  "epoch": 4,
  "eval_prefixed": {
    "eval_metrics/den_pval_spearman_gw": 0.030884192516320866,
    "eval_metrics/imp_pval_r2_1obs": -23.535592131614248,
    "eval_metrics/den_pval_spearman_1obs": -0.011190348834091302,
    "eval_metrics/den_count_spearman_gw": 0.04592960497673584,
    "eval_metrics/imp_pval_pearson_dsf1": 0.003790198176238124,
    "eval_metrics/imp_pval_r2_gw": -1.56473575582644,
    "eval_metrics/imp_pval_r2_dsf1": -1.56473575582644,
    "eval_metrics/den_pval_spearman_dsf1": 0.030884192516320866,
    "eval_metrics/den_pval_r2_1obs": -24.55746169383034,
    "eval_metrics/imp_peak_auroc_gw": 0.43588099747986786,
    "eval_metrics/den_pval_r2_gw": -1.3579449199641471,
    "eval_metrics/imp_count_pearson_gw": 0.00534307037661266,
    "eval_metrics/den_pval_pearson_dsf1": 0.008759304115301347,
    "eval_metrics/imp_pval_pearson_gw": 0.003790198176238124,
    "eval_metrics/imp_pval_pearson_1obs": 0.02536446688001946,
    "eval_metrics/den_pval_pearson_1obs": -0.008559088709214274,
    "eval_metrics/den_pval_pearson_gw": 0.008759304115301347,
    "eval_metrics/imp_count_r2_gw": -0.06337241443899838,
    "eval_metrics/den_count_r2_gw": -0.1525773898319835,
    "eval_metrics/imp_pval_spearman_gw": 0.0129435428722332,
    "eval_metrics/den_count_pearson_gw": 0.039322067059976304,
    "eval_metrics/imp_count_spearman_gw": -0.012337026814235857,
    "eval_metrics/imp_pval_spearman_dsf1": 0.0129435428722332,
    "eval_metrics/den_pval_r2_dsf1": -1.3579449199641471,
    "eval_metrics/imp_pval_spearman_1obs": 0.023211511718815667,
    "eval_metrics/den_peak_auroc_gw": 0.47970087183890114,
    "eval_losses/total_loss": 6.1941082493255015,
    "eval_losses/count_obs_loss": 1.290120524795432,
    "eval_losses/count_imp_loss": 1.8629631579868378,
    "eval_losses/pval_obs_loss": 1.1521788553187722,
    "eval_losses/pval_imp_loss": 1.1457818311358254,
    "eval_losses/peak_obs_loss": 0.6894639714768058,
    "eval_losses/peak_imp_loss": 0.685512347826882
  }
}
{
  "epoch": 4,
  "training_metadata_probes": {
    "training_metadata_probes/depth_count_ratio": 0.9984071254730225,
    "training_metadata_probes/runtype_mse": 1.0150955631615943e-06,
    "training_metadata_probes/readlen_mse": 1.3336680240172427e-06
  }
}
{
  "epoch": 5,
  "eval_prefixed": {
    "eval_metrics/den_pval_spearman_gw": 0.02691432291040159,
    "eval_metrics/imp_pval_r2_1obs": -17.477258947256132,
    "eval_metrics/den_pval_spearman_1obs": -0.019956838617021844,
    "eval_metrics/den_count_spearman_gw": 0.049753010886675025,
    "eval_metrics/imp_pval_pearson_dsf1": 0.0035476123457700605,
    "eval_metrics/imp_pval_r2_gw": -1.622563653830428,
    "eval_metrics/imp_pval_r2_dsf1": -1.622563653830428,
    "eval_metrics/den_pval_spearman_dsf1": 0.02691432291040159,
    "eval_metrics/den_pval_r2_1obs": -24.280456477458472,
    "eval_metrics/imp_peak_auroc_gw": 0.42865940948656617,
    "eval_metrics/den_pval_r2_gw": -1.2577835077326611,
    "eval_metrics/imp_count_pearson_gw": 0.009497865729841463,
    "eval_metrics/den_pval_pearson_dsf1": 0.010720106669683255,
    "eval_metrics/imp_pval_pearson_gw": 0.0035476123457700605,
    "eval_metrics/imp_pval_pearson_1obs": 0.033847041526487806,
    "eval_metrics/den_pval_pearson_1obs": -0.01018835063472292,
    "eval_metrics/den_pval_pearson_gw": 0.010720106669683255,
    "eval_metrics/imp_count_r2_gw": -0.07897046269255817,
    "eval_metrics/den_count_r2_gw": -0.15360245137144482,
    "eval_metrics/imp_pval_spearman_gw": 0.0009516377116061429,
    "eval_metrics/den_count_pearson_gw": 0.04760741025606158,
    "eval_metrics/imp_count_spearman_gw": -0.009900823116713,
    "eval_metrics/imp_pval_spearman_dsf1": 0.0009516377116061429,
    "eval_metrics/den_pval_r2_dsf1": -1.2577835077326611,
    "eval_metrics/imp_pval_spearman_1obs": 0.035883563650912526,
    "eval_metrics/den_peak_auroc_gw": 0.4987419208753788,
    "eval_losses/total_loss": 6.1324265661992525,
    "eval_losses/count_obs_loss": 1.2559534970082735,
    "eval_losses/count_imp_loss": 1.8613233556823126,
    "eval_losses/pval_obs_loss": 1.1357055212322034,
    "eval_losses/pval_imp_loss": 1.1341046530102927,
    "eval_losses/peak_obs_loss": 0.6890263220197276,
    "eval_losses/peak_imp_loss": 0.6860375972021193
  }
}
{
  "epoch": 5,
  "training_metadata_probes": {
    "training_metadata_probes/depth_count_ratio": 0.9995121359825134,
    "training_metadata_probes/runtype_mse": 2.129557515218039e-06,
    "training_metadata_probes/readlen_mse": 2.09025279218622e-06
  }
}
{
  "epoch": 6,
  "eval_prefixed": {
    "eval_metrics/den_pval_spearman_gw": 0.027076992208058873,
    "eval_metrics/imp_pval_r2_1obs": -13.70712934962768,
    "eval_metrics/den_pval_spearman_1obs": -0.02912998179852538,
    "eval_metrics/den_count_spearman_gw": 0.04798962968644439,
    "eval_metrics/imp_pval_pearson_dsf1": 0.0028852346096380006,
    "eval_metrics/imp_pval_r2_gw": -1.8117597908954113,
    "eval_metrics/imp_pval_r2_dsf1": -1.8117597908954113,
    "eval_metrics/den_pval_spearman_dsf1": 0.027076992208058873,
    "eval_metrics/den_pval_r2_1obs": -23.471532913541946,
    "eval_metrics/imp_peak_auroc_gw": 0.4355781214865789,
    "eval_metrics/den_pval_r2_gw": -1.1951608734090404,
    "eval_metrics/imp_count_pearson_gw": 0.010267362989012211,
    "eval_metrics/den_pval_pearson_dsf1": 0.012823613589453567,
    "eval_metrics/imp_pval_pearson_gw": 0.0028852346096380006,
    "eval_metrics/imp_pval_pearson_1obs": 0.02756784896741414,
    "eval_metrics/den_pval_pearson_1obs": -0.013447081882699613,
    "eval_metrics/den_pval_pearson_gw": 0.012823613589453567,
    "eval_metrics/imp_count_r2_gw": -0.07061286607424848,
    "eval_metrics/den_count_r2_gw": -0.18864859605064274,
    "eval_metrics/imp_pval_spearman_gw": -0.0033052072168705355,
    "eval_metrics/den_count_pearson_gw": 0.05123803578929877,
    "eval_metrics/imp_count_spearman_gw": -0.007274903523290037,
    "eval_metrics/imp_pval_spearman_dsf1": -0.0033052072168705355,
    "eval_metrics/den_pval_r2_dsf1": -1.1951608734090404,
    "eval_metrics/imp_pval_spearman_1obs": 0.03129239246071798,
    "eval_metrics/den_peak_auroc_gw": 0.5011816045203454,
    "eval_losses/total_loss": 6.061017181528242,
    "eval_losses/count_obs_loss": 1.2626323715636605,
    "eval_losses/count_imp_loss": 1.7967804774405465,
    "eval_losses/pval_obs_loss": 1.127289210495196,
    "eval_losses/pval_imp_loss": 1.1143536000024705,
    "eval_losses/peak_obs_loss": 0.688947753686654,
    "eval_losses/peak_imp_loss": 0.6863776095329769
  }
}
{
  "epoch": 6,
  "training_metadata_probes": {
    "training_metadata_probes/depth_count_ratio": 1.0004253387451172,
    "training_metadata_probes/runtype_mse": 5.3477706387639046e-06,
    "training_metadata_probes/readlen_mse": 2.996565171997645e-06
  }
}
{
  "epoch": 7,
  "eval_prefixed": {
    "eval_metrics/den_pval_spearman_gw": 0.02991587348279272,
    "eval_metrics/imp_pval_r2_1obs": -23.861658593465094,
    "eval_metrics/den_pval_spearman_1obs": -0.029414043261873808,
    "eval_metrics/den_count_spearman_gw": 0.04612469909764803,
    "eval_metrics/imp_pval_pearson_dsf1": 0.00600283757248437,
    "eval_metrics/imp_pval_r2_gw": -1.4078547428687627,
    "eval_metrics/imp_pval_r2_dsf1": -1.4078547428687627,
    "eval_metrics/den_pval_spearman_dsf1": 0.02991587348279272,
    "eval_metrics/den_pval_r2_1obs": -27.378012352176818,
    "eval_metrics/imp_peak_auroc_gw": 0.4400927825539942,
    "eval_metrics/den_pval_r2_gw": -1.1042026156260476,
    "eval_metrics/imp_count_pearson_gw": 0.012361894464808598,
    "eval_metrics/den_pval_pearson_dsf1": 0.013442724891080471,
    "eval_metrics/imp_pval_pearson_gw": 0.00600283757248437,
    "eval_metrics/imp_pval_pearson_1obs": 0.029115176560553086,
    "eval_metrics/den_pval_pearson_1obs": -0.011510917088966571,
    "eval_metrics/den_pval_pearson_gw": 0.013442724891080471,
    "eval_metrics/imp_count_r2_gw": -0.060594681715121314,
    "eval_metrics/den_count_r2_gw": -0.19962175721509443,
    "eval_metrics/imp_pval_spearman_gw": 0.0017541791127824002,
    "eval_metrics/den_count_pearson_gw": 0.05574616767042148,
    "eval_metrics/imp_count_spearman_gw": -0.008889852509082866,
    "eval_metrics/imp_pval_spearman_dsf1": 0.0017541791127824002,
    "eval_metrics/den_pval_r2_dsf1": -1.1042026156260476,
    "eval_metrics/imp_pval_spearman_1obs": 0.03722823054312263,
    "eval_metrics/den_peak_auroc_gw": 0.5033887592358605,
    "eval_losses/total_loss": 6.057274031011682,
    "eval_losses/count_obs_loss": 1.2831187436455174,
    "eval_losses/count_imp_loss": 1.8062085168702262,
    "eval_losses/pval_obs_loss": 1.1016822041649568,
    "eval_losses/pval_imp_loss": 1.1054097622159929,
    "eval_losses/peak_obs_loss": 0.6892168553251969,
    "eval_losses/peak_imp_loss": 0.6872305037483336
  }
}
{
  "epoch": 7,
  "training_metadata_probes": {
    "training_metadata_probes/depth_count_ratio": 1.0011731386184692,
    "training_metadata_probes/runtype_mse": 8.340363820025232e-06,
    "training_metadata_probes/readlen_mse": 3.193203610862838e-06
  }
}
{
  "epoch": 8,
  "eval_prefixed": {
    "eval_metrics/den_pval_spearman_gw": 0.03287205626173704,
    "eval_metrics/imp_pval_r2_1obs": -30.78911637696787,
    "eval_metrics/den_pval_spearman_1obs": -0.0347919432340458,
    "eval_metrics/den_count_spearman_gw": 0.04404261710567653,
    "eval_metrics/imp_pval_pearson_dsf1": 0.004814377305650389,
    "eval_metrics/imp_pval_r2_gw": -1.1341424812635563,
    "eval_metrics/imp_pval_r2_dsf1": -1.1341424812635563,
    "eval_metrics/den_pval_spearman_dsf1": 0.03287205626173704,
    "eval_metrics/den_pval_r2_1obs": -29.326975031670987,
    "eval_metrics/imp_peak_auroc_gw": 0.4574320129446531,
    "eval_metrics/den_pval_r2_gw": -1.0060540796564137,
    "eval_metrics/imp_count_pearson_gw": 0.012522024787603952,
    "eval_metrics/den_pval_pearson_dsf1": 0.0148863795124941,
    "eval_metrics/imp_pval_pearson_gw": 0.004814377305650389,
    "eval_metrics/imp_pval_pearson_1obs": 0.016885029019451596,
    "eval_metrics/den_pval_pearson_1obs": -0.01796167718777341,
    "eval_metrics/den_pval_pearson_gw": 0.0148863795124941,
    "eval_metrics/imp_count_r2_gw": -0.0718297090815986,
    "eval_metrics/den_count_r2_gw": -0.1923820379399311,
    "eval_metrics/imp_pval_spearman_gw": -0.003096371610958828,
    "eval_metrics/den_count_pearson_gw": 0.05958415037955427,
    "eval_metrics/imp_count_spearman_gw": -0.0113031775642037,
    "eval_metrics/imp_pval_spearman_dsf1": -0.003096371610958828,
    "eval_metrics/den_pval_r2_dsf1": -1.0060540796564137,
    "eval_metrics/imp_pval_spearman_1obs": 0.025787475197933566,
    "eval_metrics/den_peak_auroc_gw": 0.5132084889321354,
    "eval_losses/total_loss": 6.10440398595835,
    "eval_losses/count_obs_loss": 1.3214836669595618,
    "eval_losses/count_imp_loss": 1.8680083912516396,
    "eval_losses/pval_obs_loss": 1.0796045182566893,
    "eval_losses/pval_imp_loss": 1.0793726784842355,
    "eval_losses/peak_obs_loss": 0.6894917441041846,
    "eval_losses/peak_imp_loss": 0.6883431890654186
  }
}
{
  "epoch": 8,
  "training_metadata_probes": {
    "training_metadata_probes/depth_count_ratio": 1.0017955303192139,
    "training_metadata_probes/runtype_mse": 1.289186820940813e-05,
    "training_metadata_probes/readlen_mse": 2.415024709989666e-06
  }
}
{
  "epoch": 9,
  "eval_prefixed": {
    "eval_metrics/den_pval_spearman_gw": 0.04321381283600459,
    "eval_metrics/imp_pval_r2_1obs": -22.703713828086176,
    "eval_metrics/den_pval_spearman_1obs": -0.043803066803954835,
    "eval_metrics/den_count_spearman_gw": 0.05006414437024972,
    "eval_metrics/imp_pval_pearson_dsf1": 0.005242922831611294,
    "eval_metrics/imp_pval_r2_gw": -1.1158361098191047,
    "eval_metrics/imp_pval_r2_dsf1": -1.1158361098191047,
    "eval_metrics/den_pval_spearman_dsf1": 0.04321381283600459,
    "eval_metrics/den_pval_r2_1obs": -26.048423928901048,
    "eval_metrics/imp_peak_auroc_gw": 0.4551938232146678,
    "eval_metrics/den_pval_r2_gw": -0.9730011763823866,
    "eval_metrics/imp_count_pearson_gw": 0.013772700691275994,
    "eval_metrics/den_pval_pearson_dsf1": 0.01842540416921685,
    "eval_metrics/imp_pval_pearson_gw": 0.005242922831611294,
    "eval_metrics/imp_pval_pearson_1obs": 0.014428489389718465,
    "eval_metrics/den_pval_pearson_1obs": -0.023906473468646015,
    "eval_metrics/den_pval_pearson_gw": 0.01842540416921685,
    "eval_metrics/imp_count_r2_gw": -0.06494769954855814,
    "eval_metrics/den_count_r2_gw": -0.19028095010562457,
    "eval_metrics/imp_pval_spearman_gw": -0.007583943102904052,
    "eval_metrics/den_count_pearson_gw": 0.06258615652232517,
    "eval_metrics/imp_count_spearman_gw": -0.007413529558377199,
    "eval_metrics/imp_pval_spearman_dsf1": -0.007583943102904052,
    "eval_metrics/den_pval_r2_dsf1": -0.9730011763823866,
    "eval_metrics/imp_pval_spearman_1obs": 0.021918201152071815,
    "eval_metrics/den_peak_auroc_gw": 0.5155976764685287,
    "eval_losses/total_loss": 5.917464407651048,
    "eval_losses/count_obs_loss": 1.2492798206053282,
    "eval_losses/count_imp_loss": 1.8056914248163738,
    "eval_losses/pval_obs_loss": 1.0474682316968316,
    "eval_losses/pval_imp_loss": 1.0405884356725783,
    "eval_losses/peak_obs_loss": 0.6899723292965638,
    "eval_losses/peak_imp_loss": 0.6892208693519472
  }
}
{
  "epoch": 9,
  "training_metadata_probes": {
    "training_metadata_probes/depth_count_ratio": 1.0023927688598633,
    "training_metadata_probes/runtype_mse": 1.3457283785101026e-05,
    "training_metadata_probes/readlen_mse": 1.9138617517455714e-06
  }
}
{
  "epoch": 10,
  "eval_prefixed": {
    "eval_metrics/den_pval_spearman_gw": 0.04832596152050006,
    "eval_metrics/imp_pval_r2_1obs": -24.006689413609106,
    "eval_metrics/den_pval_spearman_1obs": -0.03201616818248903,
    "eval_metrics/den_count_spearman_gw": 0.05140731841739918,
    "eval_metrics/imp_pval_pearson_dsf1": 0.006854672417079749,
    "eval_metrics/imp_pval_r2_gw": -1.2011650941813548,
    "eval_metrics/imp_pval_r2_dsf1": -1.2011650941813548,
    "eval_metrics/den_pval_spearman_dsf1": 0.04832596152050006,
    "eval_metrics/den_pval_r2_1obs": -25.03673154599254,
    "eval_metrics/imp_peak_auroc_gw": 0.4328986743644401,
    "eval_metrics/den_pval_r2_gw": -1.107747520857249,
    "eval_metrics/imp_count_pearson_gw": 0.014320721271418271,
    "eval_metrics/den_pval_pearson_dsf1": 0.023241202049815144,
    "eval_metrics/imp_pval_pearson_gw": 0.006854672417079749,
    "eval_metrics/imp_pval_pearson_1obs": 0.012285965277456738,
    "eval_metrics/den_pval_pearson_1obs": -0.02564984717939392,
    "eval_metrics/den_pval_pearson_gw": 0.023241202049815144,
    "eval_metrics/imp_count_r2_gw": -0.07757766680926113,
    "eval_metrics/den_count_r2_gw": -0.27553686187231985,
    "eval_metrics/imp_pval_spearman_gw": -0.014306077568677427,
    "eval_metrics/den_count_pearson_gw": 0.06084912994992919,
    "eval_metrics/imp_count_spearman_gw": -0.010804017410659525,
    "eval_metrics/imp_pval_spearman_dsf1": -0.014306077568677427,
    "eval_metrics/den_pval_r2_dsf1": -1.107747520857249,
    "eval_metrics/imp_pval_spearman_1obs": 0.022527772127367205,
    "eval_metrics/den_peak_auroc_gw": 0.5236726582397728,
    "eval_losses/total_loss": 5.968550889115584,
    "eval_losses/count_obs_loss": 1.2865641901367588,
    "eval_losses/count_imp_loss": 1.8476593901240637,
    "eval_losses/pval_obs_loss": 1.0442980096528405,
    "eval_losses/pval_imp_loss": 1.0200318769803123,
    "eval_losses/peak_obs_loss": 0.6888716244383862,
    "eval_losses/peak_imp_loss": 0.6896118587917752
  }
}
{
  "epoch": 10,
  "training_metadata_probes": {
    "training_metadata_probes/depth_count_ratio": 1.0029772520065308,
    "training_metadata_probes/runtype_mse": 1.23210993479006e-05,
    "training_metadata_probes/readlen_mse": 2.187116024288116e-06
  }
}
{
  "epoch": 11,
  "eval_prefixed": {
    "eval_metrics/den_pval_spearman_gw": 0.05171833549018137,
    "eval_metrics/imp_pval_r2_1obs": -27.0523308301012,
    "eval_metrics/den_pval_spearman_1obs": -0.026943167112807573,
    "eval_metrics/den_count_spearman_gw": 0.053772393693528084,
    "eval_metrics/imp_pval_pearson_dsf1": 0.008218292394303717,
    "eval_metrics/imp_pval_r2_gw": -0.9446827384558301,
    "eval_metrics/imp_pval_r2_dsf1": -0.9446827384558301,
    "eval_metrics/den_pval_spearman_dsf1": 0.05171833549018137,
    "eval_metrics/den_pval_r2_1obs": -31.579519122241102,
    "eval_metrics/imp_peak_auroc_gw": 0.4377572164578615,
    "eval_metrics/den_pval_r2_gw": -1.1529132957288106,
    "eval_metrics/imp_count_pearson_gw": 0.017270547173139344,
    "eval_metrics/den_pval_pearson_dsf1": 0.028337166551960093,
    "eval_metrics/imp_pval_pearson_gw": 0.008218292394303717,
    "eval_metrics/imp_pval_pearson_1obs": 0.008948472055000446,
    "eval_metrics/den_pval_pearson_1obs": -0.025264543134988725,
    "eval_metrics/den_pval_pearson_gw": 0.028337166551960093,
    "eval_metrics/imp_count_r2_gw": -0.0743396114138189,
    "eval_metrics/den_count_r2_gw": -0.24480146039823472,
    "eval_metrics/imp_pval_spearman_gw": -0.019806185596852405,
    "eval_metrics/den_count_pearson_gw": 0.0655584745630844,
    "eval_metrics/imp_count_spearman_gw": -0.010372566162979947,
    "eval_metrics/imp_pval_spearman_dsf1": -0.019806185596852405,
    "eval_metrics/den_pval_r2_dsf1": -1.1529132957288106,
    "eval_metrics/imp_pval_spearman_1obs": 0.015431869213035474,
    "eval_metrics/den_peak_auroc_gw": 0.5155400478228114,
    "eval_losses/total_loss": 5.92153293208072,
    "eval_losses/count_obs_loss": 1.2468346545570774,
    "eval_losses/count_imp_loss": 1.8579984922257682,
    "eval_losses/pval_obs_loss": 1.0221657996114932,
    "eval_losses/pval_imp_loss": 1.0295187045657446,
    "eval_losses/peak_obs_loss": 0.688243423637591,
    "eval_losses/peak_imp_loss": 0.6884505512222411
  }
}
{
  "epoch": 11,
  "training_metadata_probes": {
    "training_metadata_probes/depth_count_ratio": 1.0032150745391846,
    "training_metadata_probes/runtype_mse": 2.049292015726678e-05,
    "training_metadata_probes/readlen_mse": 2.253068487334531e-06
  }
}
{
  "epoch": 12,
  "eval_prefixed": {
    "eval_metrics/den_pval_spearman_gw": 0.05388405724017428,
    "eval_metrics/imp_pval_r2_1obs": -27.021412392047598,
    "eval_metrics/den_pval_spearman_1obs": -0.026546103947174153,
    "eval_metrics/den_count_spearman_gw": 0.05452117649199327,
    "eval_metrics/imp_pval_pearson_dsf1": 0.01063623287833281,
    "eval_metrics/imp_pval_r2_gw": -1.0052935582895817,
    "eval_metrics/imp_pval_r2_dsf1": -1.0052935582895817,
    "eval_metrics/den_pval_spearman_dsf1": 0.05388405724017428,
    "eval_metrics/den_pval_r2_1obs": -24.610165731701002,
    "eval_metrics/imp_peak_auroc_gw": 0.44953150538683234,
    "eval_metrics/den_pval_r2_gw": -0.8046624956415167,
    "eval_metrics/imp_count_pearson_gw": 0.015656653105878153,
    "eval_metrics/den_pval_pearson_dsf1": 0.03533111449790962,
    "eval_metrics/imp_pval_pearson_gw": 0.01063623287833281,
    "eval_metrics/imp_pval_pearson_1obs": 0.022964975150812063,
    "eval_metrics/den_pval_pearson_1obs": -0.03008855756151637,
    "eval_metrics/den_pval_pearson_gw": 0.03533111449790962,
    "eval_metrics/imp_count_r2_gw": -0.07356467686578302,
    "eval_metrics/den_count_r2_gw": -0.23487602132222352,
    "eval_metrics/imp_pval_spearman_gw": 0.001073983070834101,
    "eval_metrics/den_count_pearson_gw": 0.06535137299347059,
    "eval_metrics/imp_count_spearman_gw": -0.007558828512575771,
    "eval_metrics/imp_pval_spearman_dsf1": 0.001073983070834101,
    "eval_metrics/den_pval_r2_dsf1": -0.8046624956415167,
    "eval_metrics/imp_pval_spearman_1obs": 0.029100092650557862,
    "eval_metrics/den_peak_auroc_gw": 0.5292946052160463,
    "eval_losses/total_loss": 5.903425917813652,
    "eval_losses/count_obs_loss": 1.284364452487544,
    "eval_losses/count_imp_loss": 1.8388434932345437,
    "eval_losses/pval_obs_loss": 1.0106362449495416,
    "eval_losses/pval_imp_loss": 0.9971220077030243,
    "eval_losses/peak_obs_loss": 0.6875026704449403,
    "eval_losses/peak_imp_loss": 0.68768709897995
  }
}
{
  "epoch": 12,
  "training_metadata_probes": {
    "training_metadata_probes/depth_count_ratio": 1.0032159090042114,
    "training_metadata_probes/runtype_mse": 0.00014347227988764644,
    "training_metadata_probes/readlen_mse": 2.5541849026922137e-06
  }
}
{
  "epoch": 13,
  "eval_prefixed": {
    "eval_metrics/den_pval_spearman_gw": 0.05796190750490728,
    "eval_metrics/imp_pval_r2_1obs": -25.635177159917216,
    "eval_metrics/den_pval_spearman_1obs": -0.017600687051143312,
    "eval_metrics/den_count_spearman_gw": 0.05039481445350831,
    "eval_metrics/imp_pval_pearson_dsf1": 0.013960910486824263,
    "eval_metrics/imp_pval_r2_gw": -0.66852157277835,
    "eval_metrics/imp_pval_r2_dsf1": -0.66852157277835,
    "eval_metrics/den_pval_spearman_dsf1": 0.05796190750490728,
    "eval_metrics/den_pval_r2_1obs": -29.584518385020594,
    "eval_metrics/imp_peak_auroc_gw": 0.44478832290003234,
    "eval_metrics/den_pval_r2_gw": -0.7131109663958758,
    "eval_metrics/imp_count_pearson_gw": 0.01795886063781735,
    "eval_metrics/den_pval_pearson_dsf1": 0.03962232204541674,
    "eval_metrics/imp_pval_pearson_gw": 0.013960910486824263,
    "eval_metrics/imp_pval_pearson_1obs": 0.016730261193717726,
    "eval_metrics/den_pval_pearson_1obs": -0.025428291255497913,
    "eval_metrics/den_pval_pearson_gw": 0.03962232204541674,
    "eval_metrics/imp_count_r2_gw": -0.060484805962338295,
    "eval_metrics/den_count_r2_gw": -0.26645379350613085,
    "eval_metrics/imp_pval_spearman_gw": 0.008906413884201535,
    "eval_metrics/den_count_pearson_gw": 0.061075826522076236,
    "eval_metrics/imp_count_spearman_gw": -0.005993959794601879,
    "eval_metrics/imp_pval_spearman_dsf1": 0.008906413884201535,
    "eval_metrics/den_pval_r2_dsf1": -0.7131109663958758,
    "eval_metrics/imp_pval_spearman_1obs": 0.024237024763069957,
    "eval_metrics/den_peak_auroc_gw": 0.526183935833084,
    "eval_losses/total_loss": 5.871791854500771,
    "eval_losses/count_obs_loss": 1.2925331365121038,
    "eval_losses/count_imp_loss": 1.865315416502574,
    "eval_losses/pval_obs_loss": 0.9723986395095524,
    "eval_losses/pval_imp_loss": 0.9696873123683627,
    "eval_losses/peak_obs_loss": 0.6868753315586793,
    "eval_losses/peak_imp_loss": 0.6875185531283182
  }
}
{
  "epoch": 13,
  "training_metadata_probes": {
    "training_metadata_probes/depth_count_ratio": 1.002995491027832,
    "training_metadata_probes/runtype_mse": 0.0011922784615308046,
    "training_metadata_probes/readlen_mse": 4.47280217485968e-06
  }
}
{
  "epoch": 14,
  "eval_prefixed": {
    "eval_metrics/den_pval_spearman_gw": 0.0623397885931685,
    "eval_metrics/imp_pval_r2_1obs": -23.594612499467985,
    "eval_metrics/den_pval_spearman_1obs": -0.010266092039071008,
    "eval_metrics/den_count_spearman_gw": 0.05408823865789864,
    "eval_metrics/imp_pval_pearson_dsf1": 0.015700644089462465,
    "eval_metrics/imp_pval_r2_gw": -0.7077977877156321,
    "eval_metrics/imp_pval_r2_dsf1": -0.7077977877156321,
    "eval_metrics/den_pval_spearman_dsf1": 0.0623397885931685,
    "eval_metrics/den_pval_r2_1obs": -30.02207374343241,
    "eval_metrics/imp_peak_auroc_gw": 0.4348789144941377,
    "eval_metrics/den_pval_r2_gw": -0.7342770179257595,
    "eval_metrics/imp_count_pearson_gw": 0.018664729946052946,
    "eval_metrics/den_pval_pearson_dsf1": 0.04451872848623775,
    "eval_metrics/imp_pval_pearson_gw": 0.015700644089462465,
    "eval_metrics/imp_pval_pearson_1obs": 0.017900415625061013,
    "eval_metrics/den_pval_pearson_1obs": -0.025295020650925214,
    "eval_metrics/den_pval_pearson_gw": 0.04451872848623775,
    "eval_metrics/imp_count_r2_gw": -0.07341409892897452,
    "eval_metrics/den_count_r2_gw": -0.32151591212246267,
    "eval_metrics/imp_pval_spearman_gw": 0.008117456653306052,
    "eval_metrics/den_count_pearson_gw": 0.06408501751033518,
    "eval_metrics/imp_count_spearman_gw": -0.00541402012124908,
    "eval_metrics/imp_pval_spearman_dsf1": 0.008117456653306052,
    "eval_metrics/den_pval_r2_dsf1": -0.7342770179257595,
    "eval_metrics/imp_pval_spearman_1obs": 0.031955361957042516,
    "eval_metrics/den_peak_auroc_gw": 0.5212877544872473,
    "eval_losses/total_loss": 5.713694656365796,
    "eval_losses/count_obs_loss": 1.3040812368455685,
    "eval_losses/count_imp_loss": 1.7971584891516066,
    "eval_losses/pval_obs_loss": 0.9221770332047814,
    "eval_losses/pval_imp_loss": 0.8957817289564345,
    "eval_losses/peak_obs_loss": 0.6861279104885302,
    "eval_losses/peak_imp_loss": 0.686416038445064
  }
}
{
  "epoch": 14,
  "training_metadata_probes": {
    "training_metadata_probes/depth_count_ratio": 1.002811074256897,
    "training_metadata_probes/runtype_mse": 0.001665753428824246,
    "training_metadata_probes/readlen_mse": 5.924016932112863e-06
  }
}
{
  "epoch": 15,
  "eval_prefixed": {
    "eval_metrics/den_pval_spearman_gw": 0.0680397713489845,
    "eval_metrics/imp_pval_r2_1obs": -26.690666080382275,
    "eval_metrics/den_pval_spearman_1obs": -0.009150724842430307,
    "eval_metrics/den_count_spearman_gw": 0.057081386922409175,
    "eval_metrics/imp_pval_pearson_dsf1": 0.019186486564447276,
    "eval_metrics/imp_pval_r2_gw": -0.6671211519060325,
    "eval_metrics/imp_pval_r2_dsf1": -0.6671211519060325,
    "eval_metrics/den_pval_spearman_dsf1": 0.0680397713489845,
    "eval_metrics/den_pval_r2_1obs": -22.80182486292037,
    "eval_metrics/imp_peak_auroc_gw": 0.4479900896462683,
    "eval_metrics/den_pval_r2_gw": -0.5401605069712764,
    "eval_metrics/imp_count_pearson_gw": 0.018083233290362554,
    "eval_metrics/den_pval_pearson_dsf1": 0.04823062171559095,
    "eval_metrics/imp_pval_pearson_gw": 0.019186486564447276,
    "eval_metrics/imp_pval_pearson_1obs": 0.020078526875641683,
    "eval_metrics/den_pval_pearson_1obs": -0.023407661395140167,
    "eval_metrics/den_pval_pearson_gw": 0.04823062171559095,
    "eval_metrics/imp_count_r2_gw": -0.0694554018014984,
    "eval_metrics/den_count_r2_gw": -0.2733715875226996,
    "eval_metrics/imp_pval_spearman_gw": 0.014455434908793077,
    "eval_metrics/den_count_pearson_gw": 0.06491252022648328,
    "eval_metrics/imp_count_spearman_gw": -0.007440783561980772,
    "eval_metrics/imp_pval_spearman_dsf1": 0.014455434908793077,
    "eval_metrics/den_pval_r2_dsf1": -0.5401605069712764,
    "eval_metrics/imp_pval_spearman_1obs": 0.03862802071928648,
    "eval_metrics/den_peak_auroc_gw": 0.5243914148072275,
    "eval_losses/total_loss": 5.72742250012724,
    "eval_losses/count_obs_loss": 1.2608368177162974,
    "eval_losses/count_imp_loss": 1.8423086281806704,
    "eval_losses/pval_obs_loss": 0.9232520366969862,
    "eval_losses/pval_imp_loss": 0.9201253311974662,
    "eval_losses/peak_obs_loss": 0.6853508031681964,
    "eval_losses/peak_imp_loss": 0.6852913744865902
  }
}
{
  "epoch": 15,
  "training_metadata_probes": {
    "training_metadata_probes/depth_count_ratio": 1.0027433633804321,
    "training_metadata_probes/runtype_mse": 0.0016792434034869075,
    "training_metadata_probes/readlen_mse": 5.180581410968443e-06
  }
}
{
  "epoch": 16,
  "eval_prefixed": {
    "eval_metrics/den_pval_spearman_gw": 0.07035522878483035,
    "eval_metrics/imp_pval_r2_1obs": -23.35846690833074,
    "eval_metrics/den_pval_spearman_1obs": -0.005439316555575142,
    "eval_metrics/den_count_spearman_gw": 0.05873971154657639,
    "eval_metrics/imp_pval_pearson_dsf1": 0.021960195638163735,
    "eval_metrics/imp_pval_r2_gw": -0.7733391874894819,
    "eval_metrics/imp_pval_r2_dsf1": -0.7733391874894819,
    "eval_metrics/den_pval_spearman_dsf1": 0.07035522878483035,
    "eval_metrics/den_pval_r2_1obs": -26.510129563597076,
    "eval_metrics/imp_peak_auroc_gw": 0.44769410178341734,
    "eval_metrics/den_pval_r2_gw": -0.5745796259055499,
    "eval_metrics/imp_count_pearson_gw": 0.0194472640006487,
    "eval_metrics/den_pval_pearson_dsf1": 0.052335571251062085,
    "eval_metrics/imp_pval_pearson_gw": 0.021960195638163735,
    "eval_metrics/imp_pval_pearson_1obs": 0.013079417428733515,
    "eval_metrics/den_pval_pearson_1obs": -0.020024022946017794,
    "eval_metrics/den_pval_pearson_gw": 0.052335571251062085,
    "eval_metrics/imp_count_r2_gw": -0.07457357756104958,
    "eval_metrics/den_count_r2_gw": -0.2837380194542458,
    "eval_metrics/imp_pval_spearman_gw": 0.022290622379836356,
    "eval_metrics/den_count_pearson_gw": 0.06581613363957665,
    "eval_metrics/imp_count_spearman_gw": -0.010054240030639788,
    "eval_metrics/imp_pval_spearman_dsf1": 0.022290622379836356,
    "eval_metrics/den_pval_r2_dsf1": -0.5745796259055499,
    "eval_metrics/imp_pval_spearman_1obs": 0.025444568862788775,
    "eval_metrics/den_peak_auroc_gw": 0.5268291783660762,
    "eval_losses/total_loss": 5.687065951918301,
    "eval_losses/count_obs_loss": 1.2657132697732825,
    "eval_losses/count_imp_loss": 1.8290222996757144,
    "eval_losses/pval_obs_loss": 0.9073051018150229,
    "eval_losses/pval_imp_loss": 0.8987310216540382,
    "eval_losses/peak_obs_loss": 0.6851331881786648,
    "eval_losses/peak_imp_loss": 0.6849053104718527
  }
}
{
  "epoch": 16,
  "training_metadata_probes": {
    "training_metadata_probes/depth_count_ratio": 1.0026729106903076,
    "training_metadata_probes/runtype_mse": 0.001627829042263329,
    "training_metadata_probes/readlen_mse": 5.163283731235424e-06
  }
}
{
  "epoch": 17,
  "eval_prefixed": {
    "eval_metrics/den_pval_spearman_gw": 0.07762580468935369,
    "eval_metrics/imp_pval_r2_1obs": -25.379922859229875,
    "eval_metrics/den_pval_spearman_1obs": -0.017672782320969783,
    "eval_metrics/den_count_spearman_gw": 0.06190833053230499,
    "eval_metrics/imp_pval_pearson_dsf1": 0.02384845575227426,
    "eval_metrics/imp_pval_r2_gw": -0.6385647772431383,
    "eval_metrics/imp_pval_r2_dsf1": -0.6385647772431383,
    "eval_metrics/den_pval_spearman_dsf1": 0.07762580468935369,
    "eval_metrics/den_pval_r2_1obs": -22.450294702556658,
    "eval_metrics/imp_peak_auroc_gw": 0.4557549302840165,
    "eval_metrics/den_pval_r2_gw": -0.5359721991271329,
    "eval_metrics/imp_count_pearson_gw": 0.016806695431099913,
    "eval_metrics/den_pval_pearson_dsf1": 0.056559295739708956,
    "eval_metrics/imp_pval_pearson_gw": 0.02384845575227426,
    "eval_metrics/imp_pval_pearson_1obs": 0.014373668384140482,
    "eval_metrics/den_pval_pearson_1obs": -0.03127471111819384,
    "eval_metrics/den_pval_pearson_gw": 0.056559295739708956,
    "eval_metrics/imp_count_r2_gw": -0.07546504788702751,
    "eval_metrics/den_count_r2_gw": -0.24444743554650575,
    "eval_metrics/imp_pval_spearman_gw": 0.0306997304638162,
    "eval_metrics/den_count_pearson_gw": 0.06662208117421342,
    "eval_metrics/imp_count_spearman_gw": -0.009540672599318487,
    "eval_metrics/imp_pval_spearman_dsf1": 0.0306997304638162,
    "eval_metrics/den_pval_r2_dsf1": -0.5359721991271329,
    "eval_metrics/imp_pval_spearman_1obs": 0.031860652980503675,
    "eval_metrics/den_peak_auroc_gw": 0.5245162363358024,
    "eval_losses/total_loss": 5.640505072317626,
    "eval_losses/count_obs_loss": 1.238485920586084,
    "eval_losses/count_imp_loss": 1.8426104613712855,
    "eval_losses/pval_obs_loss": 0.8841139462433363,
    "eval_losses/pval_imp_loss": 0.8908590144581265,
    "eval_losses/peak_obs_loss": 0.6848006671980807,
    "eval_losses/peak_imp_loss": 0.684243935441214
  }
}
{
  "epoch": 17,
  "training_metadata_probes": {
    "training_metadata_probes/depth_count_ratio": 1.002509593963623,
    "training_metadata_probes/runtype_mse": 0.0015953126130625606,
    "training_metadata_probes/readlen_mse": 4.378538051241776e-06
  }
}
{
  "epoch": 18,
  "eval_prefixed": {
    "eval_metrics/den_pval_spearman_gw": 0.07778844811511461,
    "eval_metrics/imp_pval_r2_1obs": -27.765839248148414,
    "eval_metrics/den_pval_spearman_1obs": -0.004770846179849736,
    "eval_metrics/den_count_spearman_gw": 0.06349218686330013,
    "eval_metrics/imp_pval_pearson_dsf1": 0.02900122713560002,
    "eval_metrics/imp_pval_r2_gw": -0.49917971482807666,
    "eval_metrics/imp_pval_r2_dsf1": -0.49917971482807666,
    "eval_metrics/den_pval_spearman_dsf1": 0.07778844811511461,
    "eval_metrics/den_pval_r2_1obs": -29.792599089791654,
    "eval_metrics/imp_peak_auroc_gw": 0.4414934408921581,
    "eval_metrics/den_pval_r2_gw": -0.534618227769514,
    "eval_metrics/imp_count_pearson_gw": 0.01342039277838445,
    "eval_metrics/den_pval_pearson_dsf1": 0.057995559932590514,
    "eval_metrics/imp_pval_pearson_gw": 0.02900122713560002,
    "eval_metrics/imp_pval_pearson_1obs": 0.016272388051249205,
    "eval_metrics/den_pval_pearson_1obs": -0.01957066294026414,
    "eval_metrics/den_pval_pearson_gw": 0.057995559932590514,
    "eval_metrics/imp_count_r2_gw": -0.07452056030080631,
    "eval_metrics/den_count_r2_gw": -0.26002926215021727,
    "eval_metrics/imp_pval_spearman_gw": 0.03628589708142532,
    "eval_metrics/den_count_pearson_gw": 0.0689918317040888,
    "eval_metrics/imp_count_spearman_gw": -0.010563494339855987,
    "eval_metrics/imp_pval_spearman_dsf1": 0.03628589708142532,
    "eval_metrics/den_pval_r2_dsf1": -0.534618227769514,
    "eval_metrics/imp_pval_spearman_1obs": 0.02756966042150673,
    "eval_metrics/den_peak_auroc_gw": 0.5353538945453336,
    "eval_losses/total_loss": 5.8219083782873655,
    "eval_losses/count_obs_loss": 1.3165136497271688,
    "eval_losses/count_imp_loss": 1.9340124414080666,
    "eval_losses/pval_obs_loss": 0.9133568813926295,
    "eval_losses/pval_imp_loss": 0.8891066284406752,
    "eval_losses/peak_obs_loss": 0.6843511909246445,
    "eval_losses/peak_imp_loss": 0.6845664202220856
  }
}
{
  "epoch": 18,
  "training_metadata_probes": {
    "training_metadata_probes/depth_count_ratio": 1.0021967887878418,
    "training_metadata_probes/runtype_mse": 0.0015363283455371857,
    "training_metadata_probes/readlen_mse": 4.171146429143846e-06
  }
}
{
  "epoch": 19,
  "eval_prefixed": {
    "eval_metrics/den_pval_spearman_gw": 0.07987774335840424,
    "eval_metrics/imp_pval_r2_1obs": -26.00541577443974,
    "eval_metrics/den_pval_spearman_1obs": 0.006845655624967464,
    "eval_metrics/den_count_spearman_gw": 0.06108591588652213,
    "eval_metrics/imp_pval_pearson_dsf1": 0.026918009493018626,
    "eval_metrics/imp_pval_r2_gw": -0.6680211145056136,
    "eval_metrics/imp_pval_r2_dsf1": -0.6680211145056136,
    "eval_metrics/den_pval_spearman_dsf1": 0.07987774335840424,
    "eval_metrics/den_pval_r2_1obs": -23.245802100453677,
    "eval_metrics/imp_peak_auroc_gw": 0.4542263529850735,
    "eval_metrics/den_pval_r2_gw": -0.5141523385522077,
    "eval_metrics/imp_count_pearson_gw": 0.012287941860637464,
    "eval_metrics/den_pval_pearson_dsf1": 0.06360920648809329,
    "eval_metrics/imp_pval_pearson_gw": 0.026918009493018626,
    "eval_metrics/imp_pval_pearson_1obs": 0.026510630986498047,
    "eval_metrics/den_pval_pearson_1obs": -0.004794149493375842,
    "eval_metrics/den_pval_pearson_gw": 0.06360920648809329,
    "eval_metrics/imp_count_r2_gw": -0.09450138672269974,
    "eval_metrics/den_count_r2_gw": -0.2571947153154879,
    "eval_metrics/imp_pval_spearman_gw": 0.037096535020034446,
    "eval_metrics/den_count_pearson_gw": 0.06653852346981264,
    "eval_metrics/imp_count_spearman_gw": -0.011758147788874533,
    "eval_metrics/imp_pval_spearman_dsf1": 0.037096535020034446,
    "eval_metrics/den_pval_r2_dsf1": -0.5141523385522077,
    "eval_metrics/imp_pval_spearman_1obs": 0.03185874233857345,
    "eval_metrics/den_peak_auroc_gw": 0.5240255168804308,
    "eval_losses/total_loss": 5.711300331510995,
    "eval_losses/count_obs_loss": 1.308306183469923,
    "eval_losses/count_imp_loss": 1.8509976939549522,
    "eval_losses/pval_obs_loss": 0.8937365906803232,
    "eval_losses/pval_imp_loss": 0.8737127960674347,
    "eval_losses/peak_obs_loss": 0.684004924014995,
    "eval_losses/peak_imp_loss": 0.6835307819502694
  }
}
{
  "epoch": 19,
  "training_metadata_probes": {
    "training_metadata_probes/depth_count_ratio": 1.0018141269683838,
    "training_metadata_probes/runtype_mse": 0.0014581003924831748,
    "training_metadata_probes/readlen_mse": 4.551739039015956e-06
  }
}
/project/6014832/mforooz/EpiDenoise/candi_venv/lib/python3.10/site-packages/torch/optim/lr_scheduler.py:243: UserWarning: The epoch parameter in `scheduler.step()` was not necessary and is being deprecated where possible. Please use `scheduler.step()` to step the scheduler. During the deprecation, if epoch is different from None, the closed form is used instead of the new chainable form, where available. Please open an issue if you are unable to replicate your use case: https://github.com/pytorch/pytorch/issues/new/choose.
  warnings.warn(EPOCH_DEPRECATION_WARNING, UserWarning)
{
  "epoch": 20,
  "eval_prefixed": {
    "eval_metrics/den_pval_spearman_gw": 0.08191758267695028,
    "eval_metrics/imp_pval_r2_1obs": -33.110841053638396,
    "eval_metrics/den_pval_spearman_1obs": 0.011805389912130353,
    "eval_metrics/den_count_spearman_gw": 0.06152615843214011,
    "eval_metrics/imp_pval_pearson_dsf1": 0.031698131908024875,
    "eval_metrics/imp_pval_r2_gw": -0.5041782630395086,
    "eval_metrics/imp_pval_r2_dsf1": -0.5041782630395086,
    "eval_metrics/den_pval_spearman_dsf1": 0.08191758267695028,
    "eval_metrics/den_pval_r2_1obs": -27.48330926628418,
    "eval_metrics/imp_peak_auroc_gw": 0.45713213981173423,
    "eval_metrics/den_pval_r2_gw": -0.4676980828422863,
    "eval_metrics/imp_count_pearson_gw": 0.0141414501256169,
    "eval_metrics/den_pval_pearson_dsf1": 0.06813243885622605,
    "eval_metrics/imp_pval_pearson_gw": 0.031698131908024875,
    "eval_metrics/imp_pval_pearson_1obs": 0.03710842672328923,
    "eval_metrics/den_pval_pearson_1obs": -0.004455861303014038,
    "eval_metrics/den_pval_pearson_gw": 0.06813243885622605,
    "eval_metrics/imp_count_r2_gw": -0.07455148029366729,
    "eval_metrics/den_count_r2_gw": -0.24934009793581718,
    "eval_metrics/imp_pval_spearman_gw": 0.040922433387282124,
    "eval_metrics/den_count_pearson_gw": 0.06704723531962181,
    "eval_metrics/imp_count_spearman_gw": -0.014814731974571192,
    "eval_metrics/imp_pval_spearman_dsf1": 0.040922433387282124,
    "eval_metrics/den_pval_r2_dsf1": -0.4676980828422863,
    "eval_metrics/imp_pval_spearman_1obs": 0.03988200790102084,
    "eval_metrics/den_peak_auroc_gw": 0.5124340851943976,
    "eval_losses/total_loss": 5.669533453097469,
    "eval_losses/count_obs_loss": 1.255752888949294,
    "eval_losses/count_imp_loss": 1.895617403681316,
    "eval_losses/pval_obs_loss": 0.866532428484214,
    "eval_losses/pval_imp_loss": 0.8767954759181492,
    "eval_losses/peak_obs_loss": 0.6831861804974707,
    "eval_losses/peak_imp_loss": 0.6826459869505868
  }
}
{
  "epoch": 20,
  "training_metadata_probes": {
    "training_metadata_probes/depth_count_ratio": 1.001491665840149,
    "training_metadata_probes/runtype_mse": 0.001478763995692134,
    "training_metadata_probes/readlen_mse": 4.243888270138996e-06
  }
}
{
  "epoch": 21,
  "eval_prefixed": {
    "eval_metrics/den_pval_spearman_gw": 0.08357283616321608,
    "eval_metrics/imp_pval_r2_1obs": -20.6846064887769,
    "eval_metrics/den_pval_spearman_1obs": 0.020131931956523953,
    "eval_metrics/den_count_spearman_gw": 0.061447108718209964,
    "eval_metrics/imp_pval_pearson_dsf1": 0.03392549578041773,
    "eval_metrics/imp_pval_r2_gw": -0.49884981942981793,
    "eval_metrics/imp_pval_r2_dsf1": -0.49884981942981793,
    "eval_metrics/den_pval_spearman_dsf1": 0.08357283616321608,
    "eval_metrics/den_pval_r2_1obs": -29.62453569078805,
    "eval_metrics/imp_peak_auroc_gw": 0.4485739256448266,
    "eval_metrics/den_pval_r2_gw": -0.4059096919437815,
    "eval_metrics/imp_count_pearson_gw": 0.015313035447824015,
    "eval_metrics/den_pval_pearson_dsf1": 0.07269865955918488,
    "eval_metrics/imp_pval_pearson_gw": 0.03392549578041773,
    "eval_metrics/imp_pval_pearson_1obs": 0.03082463485632269,
    "eval_metrics/den_pval_pearson_1obs": 0.0007875153389345781,
    "eval_metrics/den_pval_pearson_gw": 0.07269865955918488,
    "eval_metrics/imp_count_r2_gw": -0.07936269793154745,
    "eval_metrics/den_count_r2_gw": -0.271928475160709,
    "eval_metrics/imp_pval_spearman_gw": 0.04659933225566714,
    "eval_metrics/den_count_pearson_gw": 0.06587336555438876,
    "eval_metrics/imp_count_spearman_gw": -0.013442816952408445,
    "eval_metrics/imp_pval_spearman_dsf1": 0.04659933225566714,
    "eval_metrics/den_pval_r2_dsf1": -0.4059096919437815,
    "eval_metrics/imp_pval_spearman_1obs": 0.036740072736244245,
    "eval_metrics/den_peak_auroc_gw": 0.5355248404938663,
    "eval_losses/total_loss": 5.636214724496791,
    "eval_losses/count_obs_loss": 1.2839161675227315,
    "eval_losses/count_imp_loss": 1.873742231300899,
    "eval_losses/pval_obs_loss": 0.867282216486178,
    "eval_losses/pval_imp_loss": 0.8242644213494801,
    "eval_losses/peak_obs_loss": 0.6826795606236709,
    "eval_losses/peak_imp_loss": 0.6825900976620023
  }
}
{
  "epoch": 21,
  "training_metadata_probes": {
    "training_metadata_probes/depth_count_ratio": 1.00116765499115,
    "training_metadata_probes/runtype_mse": 0.001496896962635219,
    "training_metadata_probes/readlen_mse": 4.434699803823605e-06
  }
}
{
  "epoch": 22,
  "eval_prefixed": {
    "eval_metrics/den_pval_spearman_gw": 0.0905608069119033,
    "eval_metrics/imp_pval_r2_1obs": -30.56605503827138,
    "eval_metrics/den_pval_spearman_1obs": 0.0009930780453729735,
    "eval_metrics/den_count_spearman_gw": 0.06136610517198283,
    "eval_metrics/imp_pval_pearson_dsf1": 0.037103683042611614,
    "eval_metrics/imp_pval_r2_gw": -0.364800176226064,
    "eval_metrics/imp_pval_r2_dsf1": -0.364800176226064,
    "eval_metrics/den_pval_spearman_dsf1": 0.0905608069119033,
    "eval_metrics/den_pval_r2_1obs": -24.545514331962917,
    "eval_metrics/imp_peak_auroc_gw": 0.4676138803109784,
    "eval_metrics/den_pval_r2_gw": -0.36890164227350075,
    "eval_metrics/imp_count_pearson_gw": 0.015946118185797425,
    "eval_metrics/den_pval_pearson_dsf1": 0.08118766190187,
    "eval_metrics/imp_pval_pearson_gw": 0.037103683042611614,
    "eval_metrics/imp_pval_pearson_1obs": 0.035464423667040786,
    "eval_metrics/den_pval_pearson_1obs": -0.0115011397620516,
    "eval_metrics/den_pval_pearson_gw": 0.08118766190187,
    "eval_metrics/imp_count_r2_gw": -0.07223413104024433,
    "eval_metrics/den_count_r2_gw": -0.2294696790915792,
    "eval_metrics/imp_pval_spearman_gw": 0.04774527161979407,
    "eval_metrics/den_count_pearson_gw": 0.0705900856383347,
    "eval_metrics/imp_count_spearman_gw": -0.010231583644597636,
    "eval_metrics/imp_pval_spearman_dsf1": 0.04774527161979407,
    "eval_metrics/den_pval_r2_dsf1": -0.36890164227350075,
    "eval_metrics/imp_pval_spearman_1obs": 0.0435356023176992,
    "eval_metrics/den_peak_auroc_gw": 0.5390314824628739,
    "eval_losses/total_loss": 5.701536481709857,
    "eval_losses/count_obs_loss": 1.2629678547382355,
    "eval_losses/count_imp_loss": 1.9481253311747597,
    "eval_losses/pval_obs_loss": 0.8479006486503702,
    "eval_losses/pval_imp_loss": 0.8780434874315111,
    "eval_losses/peak_obs_loss": 0.6824118471459338,
    "eval_losses/peak_imp_loss": 0.6822036570972867
  }
}
{
  "epoch": 22,
  "training_metadata_probes": {
    "training_metadata_probes/depth_count_ratio": 1.0008323192596436,
    "training_metadata_probes/runtype_mse": 0.0015742359682917595,
    "training_metadata_probes/readlen_mse": 3.6891776744596427e-06
  }
}
{
  "epoch": 23,
  "eval_prefixed": {
    "eval_metrics/den_pval_spearman_gw": 0.08992462507709743,
    "eval_metrics/imp_pval_r2_1obs": -27.514109977121024,
    "eval_metrics/den_pval_spearman_1obs": 0.009708271126918263,
    "eval_metrics/den_count_spearman_gw": 0.06269224755781092,
    "eval_metrics/imp_pval_pearson_dsf1": 0.04379489202267631,
    "eval_metrics/imp_pval_r2_gw": -0.3859152800309355,
    "eval_metrics/imp_pval_r2_dsf1": -0.3859152800309355,
    "eval_metrics/den_pval_spearman_dsf1": 0.08992462507709743,
    "eval_metrics/den_pval_r2_1obs": -41.366707489259746,
    "eval_metrics/imp_peak_auroc_gw": 0.46173958759435807,
    "eval_metrics/den_pval_r2_gw": -0.2917227994402048,
    "eval_metrics/imp_count_pearson_gw": 0.014637242689902435,
    "eval_metrics/den_pval_pearson_dsf1": 0.08396788259836428,
    "eval_metrics/imp_pval_pearson_gw": 0.04379489202267631,
    "eval_metrics/imp_pval_pearson_1obs": 0.034250997236952005,
    "eval_metrics/den_pval_pearson_1obs": -0.007494827971401575,
    "eval_metrics/den_pval_pearson_gw": 0.08396788259836428,
    "eval_metrics/imp_count_r2_gw": -0.08401720631859105,
    "eval_metrics/den_count_r2_gw": -0.24996318589465225,
    "eval_metrics/imp_pval_spearman_gw": 0.057182240161022975,
    "eval_metrics/den_count_pearson_gw": 0.06868862432709552,
    "eval_metrics/imp_count_spearman_gw": -0.007603105181512114,
    "eval_metrics/imp_pval_spearman_dsf1": 0.057182240161022975,
    "eval_metrics/den_pval_r2_dsf1": -0.2917227994402048,
    "eval_metrics/imp_pval_spearman_1obs": 0.034590425434821534,
    "eval_metrics/den_peak_auroc_gw": 0.5239903068380487,
    "eval_losses/total_loss": 5.807006946127665,
    "eval_losses/count_obs_loss": 1.3674017481113736,
    "eval_losses/count_imp_loss": 1.914133403982435,
    "eval_losses/pval_obs_loss": 0.9066597489934218,
    "eval_losses/pval_imp_loss": 0.8442257420411186,
    "eval_losses/peak_obs_loss": 0.6814060697430059,
    "eval_losses/peak_imp_loss": 0.6815931210442195
  }
}
{
  "epoch": 23,
  "training_metadata_probes": {
    "training_metadata_probes/depth_count_ratio": 1.0006037950515747,
    "training_metadata_probes/runtype_mse": 0.0016798604046925902,
    "training_metadata_probes/readlen_mse": 3.507098199406755e-06
  }
}
{
  "epoch": 24,
  "eval_prefixed": {
    "eval_metrics/den_pval_spearman_gw": 0.09844098604531293,
    "eval_metrics/imp_pval_r2_1obs": -25.3041057589693,
    "eval_metrics/den_pval_spearman_1obs": 0.02245005521728508,
    "eval_metrics/den_count_spearman_gw": 0.06170139479318789,
    "eval_metrics/imp_pval_pearson_dsf1": 0.04782056504151865,
    "eval_metrics/imp_pval_r2_gw": -0.37674263764138066,
    "eval_metrics/imp_pval_r2_dsf1": -0.37674263764138066,
    "eval_metrics/den_pval_spearman_dsf1": 0.09844098604531293,
    "eval_metrics/den_pval_r2_1obs": -22.791954514923724,
    "eval_metrics/imp_peak_auroc_gw": 0.45668079067344514,
    "eval_metrics/den_pval_r2_gw": -0.30150527155602236,
    "eval_metrics/imp_count_pearson_gw": 0.015363419206608789,
    "eval_metrics/den_pval_pearson_dsf1": 0.09081101225762579,
    "eval_metrics/imp_pval_pearson_gw": 0.04782056504151865,
    "eval_metrics/imp_pval_pearson_1obs": 0.034116937823238824,
    "eval_metrics/den_pval_pearson_1obs": 0.008501909697722448,
    "eval_metrics/den_pval_pearson_gw": 0.09081101225762579,
    "eval_metrics/imp_count_r2_gw": -0.0883904249583112,
    "eval_metrics/den_count_r2_gw": -0.2712352147287255,
    "eval_metrics/imp_pval_spearman_gw": 0.060212290949994425,
    "eval_metrics/den_count_pearson_gw": 0.07350037787507877,
    "eval_metrics/imp_count_spearman_gw": -0.0007150761743710383,
    "eval_metrics/imp_pval_spearman_dsf1": 0.060212290949994425,
    "eval_metrics/den_pval_r2_dsf1": -0.30150527155602236,
    "eval_metrics/imp_pval_spearman_1obs": 0.03374488311207261,
    "eval_metrics/den_peak_auroc_gw": 0.5258563856430659,
    "eval_losses/total_loss": 5.64323950637328,
    "eval_losses/count_obs_loss": 1.2954664442100023,
    "eval_losses/count_imp_loss": 1.9191954873857044,
    "eval_losses/pval_obs_loss": 0.837666926415343,
    "eval_losses/pval_imp_loss": 0.8122306262689923,
    "eval_losses/peak_obs_loss": 0.6812652373000195,
    "eval_losses/peak_imp_loss": 0.6811438590761215
  }
}
{
  "epoch": 24,
  "training_metadata_probes": {
    "training_metadata_probes/depth_count_ratio": 1.0004888772964478,
    "training_metadata_probes/runtype_mse": 0.00178712687920779,
    "training_metadata_probes/readlen_mse": 3.5965249480796047e-06
  }
}
{
  "epoch": 25,
  "eval_prefixed": {
    "eval_metrics/den_pval_spearman_gw": 0.10895719093496829,
    "eval_metrics/imp_pval_r2_1obs": -23.317778009194775,
    "eval_metrics/den_pval_spearman_1obs": 0.026899617350994314,
    "eval_metrics/den_count_spearman_gw": 0.05999759617709242,
    "eval_metrics/imp_pval_pearson_dsf1": 0.056909475445983904,
    "eval_metrics/imp_pval_r2_gw": -0.33453363994810836,
    "eval_metrics/imp_pval_r2_dsf1": -0.33453363994810836,
    "eval_metrics/den_pval_spearman_dsf1": 0.10895719093496829,
    "eval_metrics/den_pval_r2_1obs": -35.88994336014218,
    "eval_metrics/imp_peak_auroc_gw": 0.4609327950365652,
    "eval_metrics/den_pval_r2_gw": -0.26213538072925474,
    "eval_metrics/imp_count_pearson_gw": 0.016994501510669665,
    "eval_metrics/den_pval_pearson_dsf1": 0.09521649913911365,
    "eval_metrics/imp_pval_pearson_gw": 0.056909475445983904,
    "eval_metrics/imp_pval_pearson_1obs": 0.06027165892171777,
    "eval_metrics/den_pval_pearson_1obs": 0.018912579894899147,
    "eval_metrics/den_pval_pearson_gw": 0.09521649913911365,
    "eval_metrics/imp_count_r2_gw": -0.08626357353325453,
    "eval_metrics/den_count_r2_gw": -0.31355908565656837,
    "eval_metrics/imp_pval_spearman_gw": 0.07132342198990559,
    "eval_metrics/den_count_pearson_gw": 0.06686964328936913,
    "eval_metrics/imp_count_spearman_gw": -0.002183265604474485,
    "eval_metrics/imp_pval_spearman_dsf1": 0.07132342198990559,
    "eval_metrics/den_pval_r2_dsf1": -0.26213538072925474,
    "eval_metrics/imp_pval_spearman_1obs": 0.04911508064950461,
    "eval_metrics/den_peak_auroc_gw": 0.5185014679308727,
    "eval_losses/total_loss": 5.687937482015083,
    "eval_losses/count_obs_loss": 1.3347213589831401,
    "eval_losses/count_imp_loss": 1.920957845354837,
    "eval_losses/pval_obs_loss": 0.8615656153936135,
    "eval_losses/pval_imp_loss": 0.7886590863031054,
    "eval_losses/peak_obs_loss": 0.6810029431393272,
    "eval_losses/peak_imp_loss": 0.681005527102758
  }
}
{
  "epoch": 25,
  "training_metadata_probes": {
    "training_metadata_probes/depth_count_ratio": 1.0003207921981812,
    "training_metadata_probes/runtype_mse": 0.0018577687442302704,
    "training_metadata_probes/readlen_mse": 3.867667146550957e-06
  }
}
{
  "epoch": 26,
  "eval_prefixed": {
    "eval_metrics/den_pval_spearman_gw": 0.1201668714552257,
    "eval_metrics/imp_pval_r2_1obs": -29.05954799776418,
    "eval_metrics/den_pval_spearman_1obs": 0.0068563063324129534,
    "eval_metrics/den_count_spearman_gw": 0.06080211616245904,
    "eval_metrics/imp_pval_pearson_dsf1": 0.0633948759364319,
    "eval_metrics/imp_pval_r2_gw": -0.22330458366300368,
    "eval_metrics/imp_pval_r2_dsf1": -0.22330458366300368,
    "eval_metrics/den_pval_spearman_dsf1": 0.1201668714552257,
    "eval_metrics/den_pval_r2_1obs": -29.480034426498275,
    "eval_metrics/imp_peak_auroc_gw": 0.4651947193798233,
    "eval_metrics/den_pval_r2_gw": -0.22538307189937826,
    "eval_metrics/imp_count_pearson_gw": 0.016950001045303892,
    "eval_metrics/den_pval_pearson_dsf1": 0.10738521177585139,
    "eval_metrics/imp_pval_pearson_gw": 0.0633948759364319,
    "eval_metrics/imp_pval_pearson_1obs": 0.06277219397163698,
    "eval_metrics/den_pval_pearson_1obs": -0.004724698662022619,
    "eval_metrics/den_pval_pearson_gw": 0.10738521177585139,
    "eval_metrics/imp_count_r2_gw": -0.07290619849733487,
    "eval_metrics/den_count_r2_gw": -0.25230560013728104,
    "eval_metrics/imp_pval_spearman_gw": 0.08172929510845385,
    "eval_metrics/den_count_pearson_gw": 0.07289669243925202,
    "eval_metrics/imp_count_spearman_gw": 0.002541844189169496,
    "eval_metrics/imp_pval_spearman_dsf1": 0.08172929510845385,
    "eval_metrics/den_pval_r2_dsf1": -0.22538307189937826,
    "eval_metrics/imp_pval_spearman_1obs": 0.06046287312764868,
    "eval_metrics/den_peak_auroc_gw": 0.5271455105710847,
    "eval_losses/total_loss": 5.608093808552153,
    "eval_losses/count_obs_loss": 1.2576714361968793,
    "eval_losses/count_imp_loss": 1.9790188528242565,
    "eval_losses/pval_obs_loss": 0.7958056550276907,
    "eval_losses/pval_imp_loss": 0.8058338110882138,
    "eval_losses/peak_obs_loss": 0.6814745844979035,
    "eval_losses/peak_imp_loss": 0.6811600677550785
  }
}
{
  "epoch": 26,
  "training_metadata_probes": {
    "training_metadata_probes/depth_count_ratio": 1.0002182722091675,
    "training_metadata_probes/runtype_mse": 0.002050423761829734,
    "training_metadata_probes/readlen_mse": 4.206875473755645e-06
  }
}
{
  "epoch": 27,
  "eval_prefixed": {
    "eval_metrics/den_pval_spearman_gw": 0.13036663897467338,
    "eval_metrics/imp_pval_r2_1obs": -23.415108703196598,
    "eval_metrics/den_pval_spearman_1obs": 0.008873568182976837,
    "eval_metrics/den_count_spearman_gw": 0.06202310725787998,
    "eval_metrics/imp_pval_pearson_dsf1": 0.062147874739908036,
    "eval_metrics/imp_pval_r2_gw": -0.21287058751149368,
    "eval_metrics/imp_pval_r2_dsf1": -0.21287058751149368,
    "eval_metrics/den_pval_spearman_dsf1": 0.13036663897467338,
    "eval_metrics/den_pval_r2_1obs": -28.91667488305007,
    "eval_metrics/imp_peak_auroc_gw": 0.48302443721241334,
    "eval_metrics/den_pval_r2_gw": -0.14888900428142343,
    "eval_metrics/imp_count_pearson_gw": 0.015325141536849846,
    "eval_metrics/den_pval_pearson_dsf1": 0.12228882429419748,
    "eval_metrics/imp_pval_pearson_gw": 0.062147874739908036,
    "eval_metrics/imp_pval_pearson_1obs": 0.08193218947521277,
    "eval_metrics/den_pval_pearson_1obs": -0.0027127560522211226,
    "eval_metrics/den_pval_pearson_gw": 0.12228882429419748,
    "eval_metrics/imp_count_r2_gw": -0.09334371211565719,
    "eval_metrics/den_count_r2_gw": -0.23670325127048003,
    "eval_metrics/imp_pval_spearman_gw": 0.09570002443720454,
    "eval_metrics/den_count_pearson_gw": 0.07613964576663229,
    "eval_metrics/imp_count_spearman_gw": -0.0016698934303441156,
    "eval_metrics/imp_pval_spearman_dsf1": 0.09570002443720454,
    "eval_metrics/den_pval_r2_dsf1": -0.14888900428142343,
    "eval_metrics/imp_pval_spearman_1obs": 0.07262266604972456,
    "eval_metrics/den_peak_auroc_gw": 0.5337735733642743,
    "eval_losses/total_loss": 5.580166941018481,
    "eval_losses/count_obs_loss": 1.2732003684106625,
    "eval_losses/count_imp_loss": 1.9386852620139954,
    "eval_losses/pval_obs_loss": 0.8028199958958124,
    "eval_losses/pval_imp_loss": 0.7866625483073886,
    "eval_losses/peak_obs_loss": 0.6810038230921093,
    "eval_losses/peak_imp_loss": 0.6803482099184914
  }
}
{
  "epoch": 27,
  "training_metadata_probes": {
    "training_metadata_probes/depth_count_ratio": 1.0002237558364868,
    "training_metadata_probes/runtype_mse": 0.0021779139060527086,
    "training_metadata_probes/readlen_mse": 5.115079602546757e-06
  }
}
{
  "epoch": 28,
  "eval_prefixed": {
    "eval_metrics/den_pval_spearman_gw": 0.1409789549615103,
    "eval_metrics/imp_pval_r2_1obs": -32.33818936950624,
    "eval_metrics/den_pval_spearman_1obs": 0.009891165638733216,
    "eval_metrics/den_count_spearman_gw": 0.06613326246663194,
    "eval_metrics/imp_pval_pearson_dsf1": 0.07369649668209373,
    "eval_metrics/imp_pval_r2_gw": -0.1874415766166993,
    "eval_metrics/imp_pval_r2_dsf1": -0.1874415766166993,
    "eval_metrics/den_pval_spearman_dsf1": 0.1409789549615103,
    "eval_metrics/den_pval_r2_1obs": -25.537986446037834,
    "eval_metrics/imp_peak_auroc_gw": 0.4955638681212077,
    "eval_metrics/den_pval_r2_gw": -0.14295865604064062,
    "eval_metrics/imp_count_pearson_gw": 0.019856380168112947,
    "eval_metrics/den_pval_pearson_dsf1": 0.12974604392136252,
    "eval_metrics/imp_pval_pearson_gw": 0.07369649668209373,
    "eval_metrics/imp_pval_pearson_1obs": 0.07239818247035146,
    "eval_metrics/den_pval_pearson_1obs": -0.010442636220862991,
    "eval_metrics/den_pval_pearson_gw": 0.12974604392136252,
    "eval_metrics/imp_count_r2_gw": -0.07987731351398258,
    "eval_metrics/den_count_r2_gw": -0.25555124481472863,
    "eval_metrics/imp_pval_spearman_gw": 0.10907443033423538,
    "eval_metrics/den_count_pearson_gw": 0.0750546125310441,
    "eval_metrics/imp_count_spearman_gw": -0.003926676579595522,
    "eval_metrics/imp_pval_spearman_dsf1": 0.10907443033423538,
    "eval_metrics/den_pval_r2_dsf1": -0.14295865604064062,
    "eval_metrics/imp_pval_spearman_1obs": 0.05333137342296941,
    "eval_metrics/den_peak_auroc_gw": 0.5352535801043445,
    "eval_losses/total_loss": 5.49285958668119,
    "eval_losses/count_obs_loss": 1.2703638523817062,
    "eval_losses/count_imp_loss": 1.9376733198998466,
    "eval_losses/pval_obs_loss": 0.74725875140805,
    "eval_losses/pval_imp_loss": 0.7552049812816438,
    "eval_losses/peak_obs_loss": 0.6801639740404329,
    "eval_losses/peak_imp_loss": 0.678955804734003
  }
}
{
  "epoch": 28,
  "training_metadata_probes": {
    "training_metadata_probes/depth_count_ratio": 1.0001908540725708,
    "training_metadata_probes/runtype_mse": 0.0022313115186989307,
    "training_metadata_probes/readlen_mse": 5.4171509873413015e-06
  }
}
{
  "epoch": 29,
  "eval_prefixed": {
    "eval_metrics/den_pval_spearman_gw": 0.1439699343505837,
    "eval_metrics/imp_pval_r2_1obs": -28.7479809691041,
    "eval_metrics/den_pval_spearman_1obs": 0.0032425704424322867,
    "eval_metrics/den_count_spearman_gw": 0.06389164876824784,
    "eval_metrics/imp_pval_pearson_dsf1": 0.07163801536496196,
    "eval_metrics/imp_pval_r2_gw": -0.20266674949343824,
    "eval_metrics/imp_pval_r2_dsf1": -0.20266674949343824,
    "eval_metrics/den_pval_spearman_dsf1": 0.1439699343505837,
    "eval_metrics/den_pval_r2_1obs": -26.465148031404965,
    "eval_metrics/imp_peak_auroc_gw": 0.4833372469608988,
    "eval_metrics/den_pval_r2_gw": -0.12902639286398168,
    "eval_metrics/imp_count_pearson_gw": 0.018323195025755374,
    "eval_metrics/den_pval_pearson_dsf1": 0.134205727145615,
    "eval_metrics/imp_pval_pearson_gw": 0.07163801536496196,
    "eval_metrics/imp_pval_pearson_1obs": 0.09740094560390664,
    "eval_metrics/den_pval_pearson_1obs": -0.014367608586326241,
    "eval_metrics/den_pval_pearson_gw": 0.134205727145615,
    "eval_metrics/imp_count_r2_gw": -0.0851112698649842,
    "eval_metrics/den_count_r2_gw": -0.2303869806133488,
    "eval_metrics/imp_pval_spearman_gw": 0.09237304970887622,
    "eval_metrics/den_count_pearson_gw": 0.0718513297948735,
    "eval_metrics/imp_count_spearman_gw": 0.0002691080516687149,
    "eval_metrics/imp_pval_spearman_dsf1": 0.09237304970887622,
    "eval_metrics/den_pval_r2_dsf1": -0.12902639286398168,
    "eval_metrics/imp_pval_spearman_1obs": 0.09063802331943553,
    "eval_metrics/den_peak_auroc_gw": 0.5265237455757357,
    "eval_losses/total_loss": 5.5434755063370655,
    "eval_losses/count_obs_loss": 1.2798816906778436,
    "eval_losses/count_imp_loss": 1.9261315654194544,
    "eval_losses/pval_obs_loss": 0.764340914785862,
    "eval_losses/pval_imp_loss": 0.7958937954334986,
    "eval_losses/peak_obs_loss": 0.6800430166093927,
    "eval_losses/peak_imp_loss": 0.6789262455607218
  }
}
{
  "epoch": 29,
  "training_metadata_probes": {
    "training_metadata_probes/depth_count_ratio": 1.0001243352890015,
    "training_metadata_probes/runtype_mse": 0.0024068516213446856,
    "training_metadata_probes/readlen_mse": 3.594933787098853e-06
  }
}
{
  "epoch": 30,
  "eval_prefixed": {
    "eval_metrics/den_pval_spearman_gw": 0.13959906409531508,
    "eval_metrics/imp_pval_r2_1obs": -30.995896829870524,
    "eval_metrics/den_pval_spearman_1obs": 0.022482102601752218,
    "eval_metrics/den_count_spearman_gw": 0.06506808811692752,
    "eval_metrics/imp_pval_pearson_dsf1": 0.07892487150809122,
    "eval_metrics/imp_pval_r2_gw": -0.18175773241137783,
    "eval_metrics/imp_pval_r2_dsf1": -0.18175773241137783,
    "eval_metrics/den_pval_spearman_dsf1": 0.13959906409531508,
    "eval_metrics/den_pval_r2_1obs": -26.781991948715447,
    "eval_metrics/imp_peak_auroc_gw": 0.503518325959967,
    "eval_metrics/den_pval_r2_gw": -0.12884689982754569,
    "eval_metrics/imp_count_pearson_gw": 0.018997720753672877,
    "eval_metrics/den_pval_pearson_dsf1": 0.13014417640576875,
    "eval_metrics/imp_pval_pearson_gw": 0.07892487150809122,
    "eval_metrics/imp_pval_pearson_1obs": 0.066048253235215,
    "eval_metrics/den_pval_pearson_1obs": 0.005376356972479506,
    "eval_metrics/den_pval_pearson_gw": 0.13014417640576875,
    "eval_metrics/imp_count_r2_gw": -0.07005279722033425,
    "eval_metrics/den_count_r2_gw": -0.3137116018104431,
    "eval_metrics/imp_pval_spearman_gw": 0.0970059630108993,
    "eval_metrics/den_count_pearson_gw": 0.07185614559689145,
    "eval_metrics/imp_count_spearman_gw": -0.008643893648831598,
    "eval_metrics/imp_pval_spearman_dsf1": 0.0970059630108993,
    "eval_metrics/den_pval_r2_dsf1": -0.12884689982754569,
    "eval_metrics/imp_pval_spearman_1obs": 0.06509651418197306,
    "eval_metrics/den_peak_auroc_gw": 0.534601676258908,
    "eval_losses/total_loss": 5.5376095524743985,
    "eval_losses/count_obs_loss": 1.2830598471980346,
    "eval_losses/count_imp_loss": 1.9039570310759166,
    "eval_losses/pval_obs_loss": 0.775692313125259,
    "eval_losses/pval_imp_loss": 0.7936611468829806,
    "eval_losses/peak_obs_loss": 0.6798499014816786,
    "eval_losses/peak_imp_loss": 0.6789622869756486
  }
}
{
  "epoch": 30,
  "training_metadata_probes": {
    "training_metadata_probes/depth_count_ratio": 0.9999529719352722,
    "training_metadata_probes/runtype_mse": 0.0023033679462969303,
    "training_metadata_probes/readlen_mse": 3.4357249205640983e-06
  }
}
{
  "epoch": 31,
  "eval_prefixed": {
    "eval_metrics/den_pval_spearman_gw": 0.14583223667471018,
    "eval_metrics/imp_pval_r2_1obs": -19.534924746016504,
    "eval_metrics/den_pval_spearman_1obs": 0.04228383012426143,
    "eval_metrics/den_count_spearman_gw": 0.06421390985154621,
    "eval_metrics/imp_pval_pearson_dsf1": 0.07732473498594666,
    "eval_metrics/imp_pval_r2_gw": -0.15849829178588823,
    "eval_metrics/imp_pval_r2_dsf1": -0.15849829178588823,
    "eval_metrics/den_pval_spearman_dsf1": 0.14583223667471018,
    "eval_metrics/den_pval_r2_1obs": -24.13126663337146,
    "eval_metrics/imp_peak_auroc_gw": 0.49931755987311377,
    "eval_metrics/den_pval_r2_gw": -0.10299917646967423,
    "eval_metrics/imp_count_pearson_gw": 0.017699218032869377,
    "eval_metrics/den_pval_pearson_dsf1": 0.14238301629053526,
    "eval_metrics/imp_pval_pearson_gw": 0.07732473498594666,
    "eval_metrics/imp_pval_pearson_1obs": 0.10775152535089069,
    "eval_metrics/den_pval_pearson_1obs": 0.01862784495613979,
    "eval_metrics/den_pval_pearson_gw": 0.14238301629053526,
    "eval_metrics/imp_count_r2_gw": -0.07354989966258078,
    "eval_metrics/den_count_r2_gw": -0.2633138303546946,
    "eval_metrics/imp_pval_spearman_gw": 0.08981194774873942,
    "eval_metrics/den_count_pearson_gw": 0.08028885080918706,
    "eval_metrics/imp_count_spearman_gw": -0.0051824787505991505,
    "eval_metrics/imp_pval_spearman_dsf1": 0.08981194774873942,
    "eval_metrics/den_pval_r2_dsf1": -0.10299917646967423,
    "eval_metrics/imp_pval_spearman_1obs": 0.09491850309644258,
    "eval_metrics/den_peak_auroc_gw": 0.5250492432263878,
    "eval_losses/total_loss": 5.4569343536307935,
    "eval_losses/count_obs_loss": 1.2591036691477424,
    "eval_losses/count_imp_loss": 1.9508529239230685,
    "eval_losses/pval_obs_loss": 0.72222041730818,
    "eval_losses/pval_imp_loss": 0.7425463166501787,
    "eval_losses/peak_obs_loss": 0.6800715578229803,
    "eval_losses/peak_imp_loss": 0.6789966627718911
  }
}
{
  "epoch": 31,
  "training_metadata_probes": {
    "training_metadata_probes/depth_count_ratio": 0.9997743964195251,
    "training_metadata_probes/runtype_mse": 0.0021086963824927807,
    "training_metadata_probes/readlen_mse": 3.5631610444397666e-06
  }
}
{
  "epoch": 32,
  "eval_prefixed": {
    "eval_metrics/den_pval_spearman_gw": 0.1440783212215453,
    "eval_metrics/imp_pval_r2_1obs": -25.73139084799245,
    "eval_metrics/den_pval_spearman_1obs": 0.006039231018408605,
    "eval_metrics/den_count_spearman_gw": 0.06116233458149363,
    "eval_metrics/imp_pval_pearson_dsf1": 0.07324153439156593,
    "eval_metrics/imp_pval_r2_gw": -0.18009974241920904,
    "eval_metrics/imp_pval_r2_dsf1": -0.18009974241920904,
    "eval_metrics/den_pval_spearman_dsf1": 0.1440783212215453,
    "eval_metrics/den_pval_r2_1obs": -26.59650027956916,
    "eval_metrics/imp_peak_auroc_gw": 0.49951252412431646,
    "eval_metrics/den_pval_r2_gw": -0.09855355834847561,
    "eval_metrics/imp_count_pearson_gw": 0.017673439542358255,
    "eval_metrics/den_pval_pearson_dsf1": 0.13371691486980508,
    "eval_metrics/imp_pval_pearson_gw": 0.07324153439156593,
    "eval_metrics/imp_pval_pearson_1obs": 0.09344451564053695,
    "eval_metrics/den_pval_pearson_1obs": -0.01093801158774448,
    "eval_metrics/den_pval_pearson_gw": 0.13371691486980508,
    "eval_metrics/imp_count_r2_gw": -0.08679207195014996,
    "eval_metrics/den_count_r2_gw": -0.23957092785528372,
    "eval_metrics/imp_pval_spearman_gw": 0.08169426188404434,
    "eval_metrics/den_count_pearson_gw": 0.07252372561503619,
    "eval_metrics/imp_count_spearman_gw": -0.009230742962898606,
    "eval_metrics/imp_pval_spearman_dsf1": 0.08169426188404434,
    "eval_metrics/den_pval_r2_dsf1": -0.09855355834847561,
    "eval_metrics/imp_pval_spearman_1obs": 0.07902748923197243,
    "eval_metrics/den_peak_auroc_gw": 0.5372098339549061,
    "eval_losses/total_loss": 5.507926660344789,
    "eval_losses/count_obs_loss": 1.237099594191501,
    "eval_losses/count_imp_loss": 1.9226251736519828,
    "eval_losses/pval_obs_loss": 0.7447922312115368,
    "eval_losses/pval_imp_loss": 0.8330900600505253,
    "eval_losses/peak_obs_loss": 0.6792822190021214,
    "eval_losses/peak_imp_loss": 0.6784625252087911
  }
}
{
  "epoch": 32,
  "training_metadata_probes": {
    "training_metadata_probes/depth_count_ratio": 0.9996299147605896,
    "training_metadata_probes/runtype_mse": 0.002094971714541316,
    "training_metadata_probes/readlen_mse": 2.767561227301485e-06
  }
}
{
  "epoch": 33,
  "eval_prefixed": {
    "eval_metrics/den_pval_spearman_gw": 0.14308253623775347,
    "eval_metrics/imp_pval_r2_1obs": -30.18885210801758,
    "eval_metrics/den_pval_spearman_1obs": 0.021519025396950168,
    "eval_metrics/den_count_spearman_gw": 0.06077045477188069,
    "eval_metrics/imp_pval_pearson_dsf1": 0.07704749728353429,
    "eval_metrics/imp_pval_r2_gw": -0.14402599524752113,
    "eval_metrics/imp_pval_r2_dsf1": -0.14402599524752113,
    "eval_metrics/den_pval_spearman_dsf1": 0.14308253623775347,
    "eval_metrics/den_pval_r2_1obs": -26.23630218314489,
    "eval_metrics/imp_peak_auroc_gw": 0.5054347491959631,
    "eval_metrics/den_pval_r2_gw": -0.07488560588742964,
    "eval_metrics/imp_count_pearson_gw": 0.017168423963344788,
    "eval_metrics/den_pval_pearson_dsf1": 0.13871209490676656,
    "eval_metrics/imp_pval_pearson_gw": 0.07704749728353429,
    "eval_metrics/imp_pval_pearson_1obs": 0.14379177299801202,
    "eval_metrics/den_pval_pearson_1obs": 0.007085195227869247,
    "eval_metrics/den_pval_pearson_gw": 0.13871209490676656,
    "eval_metrics/imp_count_r2_gw": -0.078908406249368,
    "eval_metrics/den_count_r2_gw": -0.2606741313291943,
    "eval_metrics/imp_pval_spearman_gw": 0.07827742868059973,
    "eval_metrics/den_count_pearson_gw": 0.07369318688985291,
    "eval_metrics/imp_count_spearman_gw": -0.00790252393979644,
    "eval_metrics/imp_pval_spearman_dsf1": 0.07827742868059973,
    "eval_metrics/den_pval_r2_dsf1": -0.07488560588742964,
    "eval_metrics/imp_pval_spearman_1obs": 0.12333540479981675,
    "eval_metrics/den_peak_auroc_gw": 0.5341161593308488,
    "eval_losses/total_loss": 5.484943418910629,
    "eval_losses/count_obs_loss": 1.25752050390369,
    "eval_losses/count_imp_loss": 1.9066619305383592,
    "eval_losses/pval_obs_loss": 0.7589717868127321,
    "eval_losses/pval_imp_loss": 0.7804940290867336,
    "eval_losses/peak_obs_loss": 0.6786094449068371,
    "eval_losses/peak_imp_loss": 0.6783673408485594
  }
}
{
  "epoch": 33,
  "training_metadata_probes": {
    "training_metadata_probes/depth_count_ratio": 0.9994003772735596,
    "training_metadata_probes/runtype_mse": 0.0018979767337441444,
    "training_metadata_probes/readlen_mse": 3.0547473670594627e-06
  }
}
{
  "epoch": 34,
  "eval_prefixed": {
    "eval_metrics/den_pval_spearman_gw": 0.1439258358607533,
    "eval_metrics/imp_pval_r2_1obs": -38.493772569411135,
    "eval_metrics/den_pval_spearman_1obs": 0.0231318944408143,
    "eval_metrics/den_count_spearman_gw": 0.06287947982507144,
    "eval_metrics/imp_pval_pearson_dsf1": 0.08549662621780521,
    "eval_metrics/imp_pval_r2_gw": -0.13219746995616904,
    "eval_metrics/imp_pval_r2_dsf1": -0.13219746995616904,
    "eval_metrics/den_pval_spearman_dsf1": 0.1439258358607533,
    "eval_metrics/den_pval_r2_1obs": -26.389428957367734,
    "eval_metrics/imp_peak_auroc_gw": 0.5246170413260183,
    "eval_metrics/den_pval_r2_gw": -0.0938453321474618,
    "eval_metrics/imp_count_pearson_gw": 0.016541994175361376,
    "eval_metrics/den_pval_pearson_dsf1": 0.141065599004689,
    "eval_metrics/imp_pval_pearson_gw": 0.08549662621780521,
    "eval_metrics/imp_pval_pearson_1obs": 0.11999934590592544,
    "eval_metrics/den_pval_pearson_1obs": 0.010854058623264887,
    "eval_metrics/den_pval_pearson_gw": 0.141065599004689,
    "eval_metrics/imp_count_r2_gw": -0.07228171118388343,
    "eval_metrics/den_count_r2_gw": -0.27565037969028766,
    "eval_metrics/imp_pval_spearman_gw": 0.09216642802129624,
    "eval_metrics/den_count_pearson_gw": 0.07506450280734019,
    "eval_metrics/imp_count_spearman_gw": -0.010405459704419716,
    "eval_metrics/imp_pval_spearman_dsf1": 0.09216642802129624,
    "eval_metrics/den_pval_r2_dsf1": -0.0938453321474618,
    "eval_metrics/imp_pval_spearman_1obs": 0.11404135282904025,
    "eval_metrics/den_peak_auroc_gw": 0.5298533867413596,
    "eval_losses/total_loss": 5.469452038603394,
    "eval_losses/count_obs_loss": 1.2305535281959332,
    "eval_losses/count_imp_loss": 1.9246242680246868,
    "eval_losses/pval_obs_loss": 0.7177630660957411,
    "eval_losses/pval_imp_loss": 0.8287032331739154,
    "eval_losses/peak_obs_loss": 0.6778514236211777,
    "eval_losses/peak_imp_loss": 0.6766659205868131
  }
}
{
  "epoch": 34,
  "training_metadata_probes": {
    "training_metadata_probes/depth_count_ratio": 0.9992077350616455,
    "training_metadata_probes/runtype_mse": 0.001891125924885273,
    "training_metadata_probes/readlen_mse": 2.712239393076743e-06
  }
}
{
  "epoch": 35,
  "eval_prefixed": {
    "eval_metrics/den_pval_spearman_gw": 0.14884368364577383,
    "eval_metrics/imp_pval_r2_1obs": -25.968138345190457,
    "eval_metrics/den_pval_spearman_1obs": 0.010787094883584808,
    "eval_metrics/den_count_spearman_gw": 0.06414490555264811,
    "eval_metrics/imp_pval_pearson_dsf1": 0.08113900417580254,
    "eval_metrics/imp_pval_r2_gw": -0.2017621170647468,
    "eval_metrics/imp_pval_r2_dsf1": -0.2017621170647468,
    "eval_metrics/den_pval_spearman_dsf1": 0.14884368364577383,
    "eval_metrics/den_pval_r2_1obs": -26.628107537777076,
    "eval_metrics/imp_peak_auroc_gw": 0.4961856551685056,
    "eval_metrics/den_pval_r2_gw": -0.08271197769309742,
    "eval_metrics/imp_count_pearson_gw": 0.01616797828059394,
    "eval_metrics/den_pval_pearson_dsf1": 0.15035365609506507,
    "eval_metrics/imp_pval_pearson_gw": 0.08113900417580254,
    "eval_metrics/imp_pval_pearson_1obs": 0.11925652518587572,
    "eval_metrics/den_pval_pearson_1obs": -0.006360338945677013,
    "eval_metrics/den_pval_pearson_gw": 0.15035365609506507,
    "eval_metrics/imp_count_r2_gw": -0.0892539768088333,
    "eval_metrics/den_count_r2_gw": -0.2882481051045815,
    "eval_metrics/imp_pval_spearman_gw": 0.08699800022264148,
    "eval_metrics/den_count_pearson_gw": 0.07459347435609456,
    "eval_metrics/imp_count_spearman_gw": -0.01358563607007767,
    "eval_metrics/imp_pval_spearman_dsf1": 0.08699800022264148,
    "eval_metrics/den_pval_r2_dsf1": -0.08271197769309742,
    "eval_metrics/imp_pval_spearman_1obs": 0.10626317983492115,
    "eval_metrics/den_peak_auroc_gw": 0.5362812001674313,
    "eval_losses/total_loss": 5.449149971141627,
    "eval_losses/count_obs_loss": 1.2501709139660786,
    "eval_losses/count_imp_loss": 1.9054437487844438,
    "eval_losses/pval_obs_loss": 0.7417004490761381,
    "eval_losses/pval_imp_loss": 0.7730916312762669,
    "eval_losses/peak_obs_loss": 0.6760958190027037,
    "eval_losses/peak_imp_loss": 0.6765422702781738
  }
}
{
  "epoch": 35,
  "training_metadata_probes": {
    "training_metadata_probes/depth_count_ratio": 0.9990561604499817,
    "training_metadata_probes/runtype_mse": 0.0017396081238985062,
    "training_metadata_probes/readlen_mse": 2.8739250410581008e-06
  }
}
{
  "epoch": 36,
  "eval_prefixed": {
    "eval_metrics/den_pval_spearman_gw": 0.14373371350037029,
    "eval_metrics/imp_pval_r2_1obs": -29.43593306423022,
    "eval_metrics/den_pval_spearman_1obs": 0.025958355785500473,
    "eval_metrics/den_count_spearman_gw": 0.06676018172620005,
    "eval_metrics/imp_pval_pearson_dsf1": 0.08795876319091471,
    "eval_metrics/imp_pval_r2_gw": -0.1499126637291799,
    "eval_metrics/imp_pval_r2_dsf1": -0.1499126637291799,
    "eval_metrics/den_pval_spearman_dsf1": 0.14373371350037029,
    "eval_metrics/den_pval_r2_1obs": -29.836803736097654,
    "eval_metrics/imp_peak_auroc_gw": 0.4969841351308215,
    "eval_metrics/den_pval_r2_gw": -0.06060169282413939,
    "eval_metrics/imp_count_pearson_gw": 0.016855418947844078,
    "eval_metrics/den_pval_pearson_dsf1": 0.15684671896681385,
    "eval_metrics/imp_pval_pearson_gw": 0.08795876319091471,
    "eval_metrics/imp_pval_pearson_1obs": 0.13963191554186835,
    "eval_metrics/den_pval_pearson_1obs": 0.005860712660298879,
    "eval_metrics/den_pval_pearson_gw": 0.15684671896681385,
    "eval_metrics/imp_count_r2_gw": -0.08169202564956418,
    "eval_metrics/den_count_r2_gw": -0.3295228122229007,
    "eval_metrics/imp_pval_spearman_gw": 0.09010127404291622,
    "eval_metrics/den_count_pearson_gw": 0.07929354627719333,
    "eval_metrics/imp_count_spearman_gw": -0.013968942104372698,
    "eval_metrics/imp_pval_spearman_dsf1": 0.09010127404291622,
    "eval_metrics/den_pval_r2_dsf1": -0.06060169282413939,
    "eval_metrics/imp_pval_spearman_1obs": 0.1200514051657349,
    "eval_metrics/den_peak_auroc_gw": 0.5314124745913471,
    "eval_losses/total_loss": 5.428530179227605,
    "eval_losses/count_obs_loss": 1.26800736784935,
    "eval_losses/count_imp_loss": 1.9108211398124695,
    "eval_losses/pval_obs_loss": 0.7342496388836911,
    "eval_losses/pval_imp_loss": 0.7304805444686541,
    "eval_losses/peak_obs_loss": 0.6756624846081984,
    "eval_losses/peak_imp_loss": 0.6768953360262371
  }
}
{
  "epoch": 36,
  "training_metadata_probes": {
    "training_metadata_probes/depth_count_ratio": 0.9988488554954529,
    "training_metadata_probes/runtype_mse": 0.0016146660782396793,
    "training_metadata_probes/readlen_mse": 3.2755242500570603e-06
  }
}
{
  "epoch": 37,
  "eval_prefixed": {
    "eval_metrics/den_pval_spearman_gw": 0.14745453145955148,
    "eval_metrics/imp_pval_r2_1obs": -30.948549262522192,
    "eval_metrics/den_pval_spearman_1obs": 0.024789124206051692,
    "eval_metrics/den_count_spearman_gw": 0.0643916990832666,
    "eval_metrics/imp_pval_pearson_dsf1": 0.09021288401905507,
    "eval_metrics/imp_pval_r2_gw": -0.15080168428542956,
    "eval_metrics/imp_pval_r2_dsf1": -0.15080168428542956,
    "eval_metrics/den_pval_spearman_dsf1": 0.14745453145955148,
    "eval_metrics/den_pval_r2_1obs": -34.5663825748897,
    "eval_metrics/imp_peak_auroc_gw": 0.4966326109661051,
    "eval_metrics/den_pval_r2_gw": -0.06837870700510451,
    "eval_metrics/imp_count_pearson_gw": 0.018964035754343345,
    "eval_metrics/den_pval_pearson_dsf1": 0.15748783492477073,
    "eval_metrics/imp_pval_pearson_gw": 0.09021288401905507,
    "eval_metrics/imp_pval_pearson_1obs": 0.1356969110608574,
    "eval_metrics/den_pval_pearson_1obs": 0.003923120641909344,
    "eval_metrics/den_pval_pearson_gw": 0.15748783492477073,
    "eval_metrics/imp_count_r2_gw": -0.07599897681725791,
    "eval_metrics/den_count_r2_gw": -0.33028507043451133,
    "eval_metrics/imp_pval_spearman_gw": 0.0822340769829739,
    "eval_metrics/den_count_pearson_gw": 0.07675316568623346,
    "eval_metrics/imp_count_spearman_gw": -0.008398288501821815,
    "eval_metrics/imp_pval_spearman_dsf1": 0.0822340769829739,
    "eval_metrics/den_pval_r2_dsf1": -0.06837870700510451,
    "eval_metrics/imp_pval_spearman_1obs": 0.1136948650913323,
    "eval_metrics/den_peak_auroc_gw": 0.5497576013130309,
    "eval_losses/total_loss": 5.427437565350709,
    "eval_losses/count_obs_loss": 1.2564041936083843,
    "eval_losses/count_imp_loss": 1.8901061822497656,
    "eval_losses/pval_obs_loss": 0.7443594138481116,
    "eval_losses/pval_imp_loss": 0.7541297561976881,
    "eval_losses/peak_obs_loss": 0.6741699262669212,
    "eval_losses/peak_imp_loss": 0.6762451155791207
  }
}
{
  "epoch": 37,
  "training_metadata_probes": {
    "training_metadata_probes/depth_count_ratio": 0.9988093972206116,
    "training_metadata_probes/runtype_mse": 0.0015944017795845866,
    "training_metadata_probes/readlen_mse": 3.905623088940047e-06
  }
}
{
  "epoch": 38,
  "eval_prefixed": {
    "eval_metrics/den_pval_spearman_gw": 0.14530738971345097,
    "eval_metrics/imp_pval_r2_1obs": -23.67963005361056,
    "eval_metrics/den_pval_spearman_1obs": 0.01125432475449311,
    "eval_metrics/den_count_spearman_gw": 0.07042974670319593,
    "eval_metrics/imp_pval_pearson_dsf1": 0.08705546488128012,
    "eval_metrics/imp_pval_r2_gw": -0.16198650964681913,
    "eval_metrics/imp_pval_r2_dsf1": -0.16198650964681913,
    "eval_metrics/den_pval_spearman_dsf1": 0.14530738971345097,
    "eval_metrics/den_pval_r2_1obs": -24.00279428989752,
    "eval_metrics/imp_peak_auroc_gw": 0.5075236921209574,
    "eval_metrics/den_pval_r2_gw": -0.06644412362325994,
    "eval_metrics/imp_count_pearson_gw": 0.010048471918072744,
    "eval_metrics/den_pval_pearson_dsf1": 0.15534156536389337,
    "eval_metrics/imp_pval_pearson_gw": 0.08705546488128012,
    "eval_metrics/imp_pval_pearson_1obs": 0.13383830902684066,
    "eval_metrics/den_pval_pearson_1obs": -0.0024272079738837326,
    "eval_metrics/den_pval_pearson_gw": 0.15534156536389337,
    "eval_metrics/imp_count_r2_gw": -0.08432275116514668,
    "eval_metrics/den_count_r2_gw": -0.2875537188898932,
    "eval_metrics/imp_pval_spearman_gw": 0.08520201783188408,
    "eval_metrics/den_count_pearson_gw": 0.07505658248574994,
    "eval_metrics/imp_count_spearman_gw": -0.016143681530329898,
    "eval_metrics/imp_pval_spearman_dsf1": 0.08520201783188408,
    "eval_metrics/den_pval_r2_dsf1": -0.06644412362325994,
    "eval_metrics/imp_pval_spearman_1obs": 0.1161576736495306,
    "eval_metrics/den_peak_auroc_gw": 0.5333901066081352,
    "eval_losses/total_loss": 5.293638431418099,
    "eval_losses/count_obs_loss": 1.1931826950688111,
    "eval_losses/count_imp_loss": 1.8908361177595834,
    "eval_losses/pval_obs_loss": 0.6689382362130442,
    "eval_losses/pval_imp_loss": 0.7585356740487946,
    "eval_losses/peak_obs_loss": 0.6747876562570271,
    "eval_losses/peak_imp_loss": 0.6762070674744863
  }
}
{
  "epoch": 38,
  "training_metadata_probes": {
    "training_metadata_probes/depth_count_ratio": 0.998555064201355,
    "training_metadata_probes/runtype_mse": 0.0013480889610946178,
    "training_metadata_probes/readlen_mse": 4.451955192052992e-06
  }
}
{
  "epoch": 39,
  "eval_prefixed": {
    "eval_metrics/den_pval_spearman_gw": 0.15397985992517696,
    "eval_metrics/imp_pval_r2_1obs": -34.30976090754427,
    "eval_metrics/den_pval_spearman_1obs": 0.00858983370789015,
    "eval_metrics/den_count_spearman_gw": 0.06655799113272234,
    "eval_metrics/imp_pval_pearson_dsf1": 0.09232917516714051,
    "eval_metrics/imp_pval_r2_gw": -0.14434084920998677,
    "eval_metrics/imp_pval_r2_dsf1": -0.14434084920998677,
    "eval_metrics/den_pval_spearman_dsf1": 0.15397985992517696,
    "eval_metrics/den_pval_r2_1obs": -43.01117431172816,
    "eval_metrics/imp_peak_auroc_gw": 0.5185185620459511,
    "eval_metrics/den_pval_r2_gw": -0.06200271924763611,
    "eval_metrics/imp_count_pearson_gw": 0.011848723243678156,
    "eval_metrics/den_pval_pearson_dsf1": 0.16774455692517987,
    "eval_metrics/imp_pval_pearson_gw": 0.09232917516714051,
    "eval_metrics/imp_pval_pearson_1obs": 0.13937449961205914,
    "eval_metrics/den_pval_pearson_1obs": -0.012712535301321432,
    "eval_metrics/den_pval_pearson_gw": 0.16774455692517987,
    "eval_metrics/imp_count_r2_gw": -0.07675258451335776,
    "eval_metrics/den_count_r2_gw": -0.2775304825699994,
    "eval_metrics/imp_pval_spearman_gw": 0.08923700943173353,
    "eval_metrics/den_count_pearson_gw": 0.07926726893454447,
    "eval_metrics/imp_count_spearman_gw": -0.016547665611612406,
    "eval_metrics/imp_pval_spearman_dsf1": 0.08923700943173353,
    "eval_metrics/den_pval_r2_dsf1": -0.06200271924763611,
    "eval_metrics/imp_pval_spearman_1obs": 0.12193188106018858,
    "eval_metrics/den_peak_auroc_gw": 0.544970552559703,
    "eval_losses/total_loss": 5.558778497831602,
    "eval_losses/count_obs_loss": 1.298132011764928,
    "eval_losses/count_imp_loss": 1.8982952123596555,
    "eval_losses/pval_obs_loss": 0.76910300552845,
    "eval_losses/pval_imp_loss": 0.8276820127216596,
    "eval_losses/peak_obs_loss": 0.6724059032766443,
    "eval_losses/peak_imp_loss": 0.6748871538374159
  }
}
{
  "epoch": 39,
  "training_metadata_probes": {
    "training_metadata_probes/depth_count_ratio": 0.998505711555481,
    "training_metadata_probes/runtype_mse": 0.0012447277549654245,
    "training_metadata_probes/readlen_mse": 5.740527285524877e-06
  }
}
{
  "epoch": 40,
  "eval_prefixed": {
    "eval_metrics/den_pval_spearman_gw": 0.15599348354009743,
    "eval_metrics/imp_pval_r2_1obs": -30.465894475884692,
    "eval_metrics/den_pval_spearman_1obs": 0.03883630512789739,
    "eval_metrics/den_count_spearman_gw": 0.06286375835236015,
    "eval_metrics/imp_pval_pearson_dsf1": 0.09413342068474444,
    "eval_metrics/imp_pval_r2_gw": -0.13893374219147095,
    "eval_metrics/imp_pval_r2_dsf1": -0.13893374219147095,
    "eval_metrics/den_pval_spearman_dsf1": 0.15599348354009743,
    "eval_metrics/den_pval_r2_1obs": -24.687470270420047,
    "eval_metrics/imp_peak_auroc_gw": 0.48983709152204435,
    "eval_metrics/den_pval_r2_gw": -0.060227948781088954,
    "eval_metrics/imp_count_pearson_gw": 0.015744981948378225,
    "eval_metrics/den_pval_pearson_dsf1": 0.16124717805896102,
    "eval_metrics/imp_pval_pearson_gw": 0.09413342068474444,
    "eval_metrics/imp_pval_pearson_1obs": 0.12166480528604653,
    "eval_metrics/den_pval_pearson_1obs": 0.018720252007417577,
    "eval_metrics/den_pval_pearson_gw": 0.16124717805896102,
    "eval_metrics/imp_count_r2_gw": -0.07111198963068147,
    "eval_metrics/den_count_r2_gw": -0.3371501041948749,
    "eval_metrics/imp_pval_spearman_gw": 0.08089494150173307,
    "eval_metrics/den_count_pearson_gw": 0.07458452034226962,
    "eval_metrics/imp_count_spearman_gw": -0.019305506513005107,
    "eval_metrics/imp_pval_spearman_dsf1": 0.08089494150173307,
    "eval_metrics/den_pval_r2_dsf1": -0.060227948781088954,
    "eval_metrics/imp_pval_spearman_1obs": 0.09494023906097405,
    "eval_metrics/den_peak_auroc_gw": 0.5411666159649763,
    "eval_losses/total_loss": 5.2250124743502395,
    "eval_losses/count_obs_loss": 1.2026531735533161,
    "eval_losses/count_imp_loss": 1.8831912865714422,
    "eval_losses/pval_obs_loss": 0.6547872447653821,
    "eval_losses/pval_imp_loss": 0.6954474763737785,
    "eval_losses/peak_obs_loss": 0.6712447616614794,
    "eval_losses/peak_imp_loss": 0.6740735286758059
  }
}
{
  "epoch": 40,
  "training_metadata_probes": {
    "training_metadata_probes/depth_count_ratio": 0.9983733892440796,
    "training_metadata_probes/runtype_mse": 0.001194429467432201,
    "training_metadata_probes/readlen_mse": 6.554568699357333e-06
  }
}
{
  "epoch": 41,
  "eval_prefixed": {
    "eval_metrics/den_pval_spearman_gw": 0.15160777641044962,
    "eval_metrics/imp_pval_r2_1obs": -29.102028322548854,
    "eval_metrics/den_pval_spearman_1obs": 0.04758336692177932,
    "eval_metrics/den_count_spearman_gw": 0.06539182321776205,
    "eval_metrics/imp_pval_pearson_dsf1": 0.10248742731554168,
    "eval_metrics/imp_pval_r2_gw": -0.12287478746323804,
    "eval_metrics/imp_pval_r2_dsf1": -0.12287478746323804,
    "eval_metrics/den_pval_spearman_dsf1": 0.15160777641044962,
    "eval_metrics/den_pval_r2_1obs": -28.806404978044725,
    "eval_metrics/imp_peak_auroc_gw": 0.5064143216013629,
    "eval_metrics/den_pval_r2_gw": -0.054231754601911764,
    "eval_metrics/imp_count_pearson_gw": 0.01622452153138251,
    "eval_metrics/den_pval_pearson_dsf1": 0.16343571485240796,
    "eval_metrics/imp_pval_pearson_gw": 0.10248742731554168,
    "eval_metrics/imp_pval_pearson_1obs": 0.1579575837582409,
    "eval_metrics/den_pval_pearson_1obs": 0.025096377321077806,
    "eval_metrics/den_pval_pearson_gw": 0.16343571485240796,
    "eval_metrics/imp_count_r2_gw": -0.06660163542295827,
    "eval_metrics/den_count_r2_gw": -0.32156338216137104,
    "eval_metrics/imp_pval_spearman_gw": 0.08296994501589895,
    "eval_metrics/den_count_pearson_gw": 0.07678574363633647,
    "eval_metrics/imp_count_spearman_gw": -0.0189998339384945,
    "eval_metrics/imp_pval_spearman_dsf1": 0.08296994501589895,
    "eval_metrics/den_pval_r2_dsf1": -0.054231754601911764,
    "eval_metrics/imp_pval_spearman_1obs": 0.14205446269246216,
    "eval_metrics/den_peak_auroc_gw": 0.5307267057253456,
    "eval_losses/total_loss": 5.2895693681693,
    "eval_losses/count_obs_loss": 1.2188371812042438,
    "eval_losses/count_imp_loss": 1.8778297447022938,
    "eval_losses/pval_obs_loss": 0.6825981836177801,
    "eval_losses/pval_imp_loss": 0.7269790417086037,
    "eval_losses/peak_obs_loss": 0.670527530343909,
    "eval_losses/peak_imp_loss": 0.6735736254661803
  }
}
{
  "epoch": 41,
  "training_metadata_probes": {
    "training_metadata_probes/depth_count_ratio": 0.9981374740600586,
    "training_metadata_probes/runtype_mse": 0.001120882574468851,
    "training_metadata_probes/readlen_mse": 6.561925601999974e-06
  }
}
{
  "epoch": 42,
  "eval_prefixed": {
    "eval_metrics/den_pval_spearman_gw": 0.15109577858569292,
    "eval_metrics/imp_pval_r2_1obs": -24.508945882896512,
    "eval_metrics/den_pval_spearman_1obs": 0.04804522075456964,
    "eval_metrics/den_count_spearman_gw": 0.06618831675080901,
    "eval_metrics/imp_pval_pearson_dsf1": 0.09222327797703209,
    "eval_metrics/imp_pval_r2_gw": -0.16628749452871472,
    "eval_metrics/imp_pval_r2_dsf1": -0.16628749452871472,
    "eval_metrics/den_pval_spearman_dsf1": 0.15109577858569292,
    "eval_metrics/den_pval_r2_1obs": -30.72373748615892,
    "eval_metrics/imp_peak_auroc_gw": 0.5024853623241479,
    "eval_metrics/den_pval_r2_gw": -0.06111169748881781,
    "eval_metrics/imp_count_pearson_gw": 0.013367693884887673,
    "eval_metrics/den_pval_pearson_dsf1": 0.17039159850958785,
    "eval_metrics/imp_pval_pearson_gw": 0.09222327797703209,
    "eval_metrics/imp_pval_pearson_1obs": 0.14073966519205738,
    "eval_metrics/den_pval_pearson_1obs": 0.026696571724881466,
    "eval_metrics/den_pval_pearson_gw": 0.17039159850958785,
    "eval_metrics/imp_count_r2_gw": -0.08230131080355188,
    "eval_metrics/den_count_r2_gw": -0.3594961469805793,
    "eval_metrics/imp_pval_spearman_gw": 0.08386129291204525,
    "eval_metrics/den_count_pearson_gw": 0.07804696011934491,
    "eval_metrics/imp_count_spearman_gw": -0.018876582077390076,
    "eval_metrics/imp_pval_spearman_dsf1": 0.08386129291204525,
    "eval_metrics/den_pval_r2_dsf1": -0.06111169748881781,
    "eval_metrics/imp_pval_spearman_1obs": 0.1251432749894825,
    "eval_metrics/den_peak_auroc_gw": 0.5458470537036892,
    "eval_losses/total_loss": 5.28496426941925,
    "eval_losses/count_obs_loss": 1.2577051802685386,
    "eval_losses/count_imp_loss": 1.857801011630467,
    "eval_losses/pval_obs_loss": 0.6971969699585124,
    "eval_losses/pval_imp_loss": 0.6811606065621452,
    "eval_losses/peak_obs_loss": 0.6680355417101007,
    "eval_losses/peak_imp_loss": 0.6723720308334108
  }
}
{
  "epoch": 42,
  "training_metadata_probes": {
    "training_metadata_probes/depth_count_ratio": 0.9979494214057922,
    "training_metadata_probes/runtype_mse": 0.0009497691644355655,
    "training_metadata_probes/readlen_mse": 6.897009825479472e-06
  }
}
{
  "epoch": 43,
  "eval_prefixed": {
    "eval_metrics/den_pval_spearman_gw": 0.15763305410277847,
    "eval_metrics/imp_pval_r2_1obs": -29.16303287412115,
    "eval_metrics/den_pval_spearman_1obs": 0.015175102662354112,
    "eval_metrics/den_count_spearman_gw": 0.06458655360846369,
    "eval_metrics/imp_pval_pearson_dsf1": 0.09527947020436091,
    "eval_metrics/imp_pval_r2_gw": -0.13693878312396113,
    "eval_metrics/imp_pval_r2_dsf1": -0.13693878312396113,
    "eval_metrics/den_pval_spearman_dsf1": 0.15763305410277847,
    "eval_metrics/den_pval_r2_1obs": -29.319646899418114,
    "eval_metrics/imp_peak_auroc_gw": 0.5160857458126917,
    "eval_metrics/den_pval_r2_gw": -0.055774539422866774,
    "eval_metrics/imp_count_pearson_gw": 0.012425435501860366,
    "eval_metrics/den_pval_pearson_dsf1": 0.16310016192667381,
    "eval_metrics/imp_pval_pearson_gw": 0.09527947020436091,
    "eval_metrics/imp_pval_pearson_1obs": 0.1413195421540415,
    "eval_metrics/den_pval_pearson_1obs": 0.005522778940901749,
    "eval_metrics/den_pval_pearson_gw": 0.16310016192667381,
    "eval_metrics/imp_count_r2_gw": -0.06829981456696631,
    "eval_metrics/den_count_r2_gw": -0.2667545558692936,
    "eval_metrics/imp_pval_spearman_gw": 0.0826509082225957,
    "eval_metrics/den_count_pearson_gw": 0.0794606321310551,
    "eval_metrics/imp_count_spearman_gw": -0.019796481970720408,
    "eval_metrics/imp_pval_spearman_dsf1": 0.0826509082225957,
    "eval_metrics/den_pval_r2_dsf1": -0.055774539422866774,
    "eval_metrics/imp_pval_spearman_1obs": 0.11235718717107425,
    "eval_metrics/den_peak_auroc_gw": 0.5384900229576792,
    "eval_losses/total_loss": 5.3524624261710985,
    "eval_losses/count_obs_loss": 1.20400523041424,
    "eval_losses/count_imp_loss": 1.9213058305165125,
    "eval_losses/pval_obs_loss": 0.6965701981986824,
    "eval_losses/pval_imp_loss": 0.7655865736305714,
    "eval_losses/peak_obs_loss": 0.6677408320339102,
    "eval_losses/peak_imp_loss": 0.671760112993301
  }
}
{
  "epoch": 43,
  "training_metadata_probes": {
    "training_metadata_probes/depth_count_ratio": 0.9977504014968872,
    "training_metadata_probes/runtype_mse": 0.0008997715776786208,
    "training_metadata_probes/readlen_mse": 7.534683390986174e-06
  }
}
{
  "epoch": 44,
  "eval_prefixed": {
    "eval_metrics/den_pval_spearman_gw": 0.16258228927156373,
    "eval_metrics/imp_pval_r2_1obs": -36.2309209840765,
    "eval_metrics/den_pval_spearman_1obs": 0.023586495991650552,
    "eval_metrics/den_count_spearman_gw": 0.06594300590547049,
    "eval_metrics/imp_pval_pearson_dsf1": 0.10116595408273121,
    "eval_metrics/imp_pval_r2_gw": -0.12453176981793108,
    "eval_metrics/imp_pval_r2_dsf1": -0.12453176981793108,
    "eval_metrics/den_pval_spearman_dsf1": 0.16258228927156373,
    "eval_metrics/den_pval_r2_1obs": -25.086823626483167,
    "eval_metrics/imp_peak_auroc_gw": 0.5260618242903177,
    "eval_metrics/den_pval_r2_gw": -0.048493834590452735,
    "eval_metrics/imp_count_pearson_gw": 0.013838288559579977,
    "eval_metrics/den_pval_pearson_dsf1": 0.16566963809677154,
    "eval_metrics/imp_pval_pearson_gw": 0.10116595408273121,
    "eval_metrics/imp_pval_pearson_1obs": 0.142542758346757,
    "eval_metrics/den_pval_pearson_1obs": 0.005345610056170507,
    "eval_metrics/den_pval_pearson_gw": 0.16566963809677154,
    "eval_metrics/imp_count_r2_gw": -0.0667473481239809,
    "eval_metrics/den_count_r2_gw": -0.283801864079325,
    "eval_metrics/imp_pval_spearman_gw": 0.0841711740263767,
    "eval_metrics/den_count_pearson_gw": 0.08435422890407178,
    "eval_metrics/imp_count_spearman_gw": -0.018622905420473693,
    "eval_metrics/imp_pval_spearman_dsf1": 0.0841711740263767,
    "eval_metrics/den_pval_r2_dsf1": -0.048493834590452735,
    "eval_metrics/imp_pval_spearman_1obs": 0.13445581122689715,
    "eval_metrics/den_peak_auroc_gw": 0.5279670045451493,
    "eval_losses/total_loss": 5.297503709664421,
    "eval_losses/count_obs_loss": 1.1635923079754178,
    "eval_losses/count_imp_loss": 1.8984155465686132,
    "eval_losses/pval_obs_loss": 0.6586848547388064,
    "eval_losses/pval_imp_loss": 0.819510088516547,
    "eval_losses/peak_obs_loss": 0.6668854904802222,
    "eval_losses/peak_imp_loss": 0.6699143695452857
  }
}
{
  "epoch": 44,
  "training_metadata_probes": {
    "training_metadata_probes/depth_count_ratio": 0.9975314140319824,
    "training_metadata_probes/runtype_mse": 0.0008023327100090683,
    "training_metadata_probes/readlen_mse": 8.317633728438523e-06
  }
}
{
  "epoch": 45,
  "eval_prefixed": {
    "eval_metrics/den_pval_spearman_gw": 0.16513362410757337,
    "eval_metrics/imp_pval_r2_1obs": -25.770268068239165,
    "eval_metrics/den_pval_spearman_1obs": 0.05430284381011653,
    "eval_metrics/den_count_spearman_gw": 0.06449217668070466,
    "eval_metrics/imp_pval_pearson_dsf1": 0.09744661817297576,
    "eval_metrics/imp_pval_r2_gw": -0.15016050780809176,
    "eval_metrics/imp_pval_r2_dsf1": -0.15016050780809176,
    "eval_metrics/den_pval_spearman_dsf1": 0.16513362410757337,
    "eval_metrics/den_pval_r2_1obs": -30.717281810351935,
    "eval_metrics/imp_peak_auroc_gw": 0.5127575606631322,
    "eval_metrics/den_pval_r2_gw": -0.05568337254610586,
    "eval_metrics/imp_count_pearson_gw": 0.010241049626774695,
    "eval_metrics/den_pval_pearson_dsf1": 0.16972154548727159,
    "eval_metrics/imp_pval_pearson_gw": 0.09744661817297576,
    "eval_metrics/imp_pval_pearson_1obs": 0.15741205323369256,
    "eval_metrics/den_pval_pearson_1obs": 0.036195556902767795,
    "eval_metrics/den_pval_pearson_gw": 0.16972154548727159,
    "eval_metrics/imp_count_r2_gw": -0.09577053094164285,
    "eval_metrics/den_count_r2_gw": -0.3665514179488851,
    "eval_metrics/imp_pval_spearman_gw": 0.08690815091942185,
    "eval_metrics/den_count_pearson_gw": 0.07988273198134266,
    "eval_metrics/imp_count_spearman_gw": -0.020001329078249846,
    "eval_metrics/imp_pval_spearman_dsf1": 0.08690815091942185,
    "eval_metrics/den_pval_r2_dsf1": -0.05568337254610586,
    "eval_metrics/imp_pval_spearman_1obs": 0.13199875227037022,
    "eval_metrics/den_peak_auroc_gw": 0.5254136964881083,
    "eval_losses/total_loss": 5.154730231648213,
    "eval_losses/count_obs_loss": 1.1903764809432782,
    "eval_losses/count_imp_loss": 1.8743709827226305,
    "eval_losses/pval_obs_loss": 0.6240396441793755,
    "eval_losses/pval_imp_loss": 0.6801342053545846,
    "eval_losses/peak_obs_loss": 0.6662512005944001,
    "eval_losses/peak_imp_loss": 0.671348476220691
  }
}
{
  "epoch": 45,
  "training_metadata_probes": {
    "training_metadata_probes/depth_count_ratio": 0.9973828792572021,
    "training_metadata_probes/runtype_mse": 0.0006808964535593987,
    "training_metadata_probes/readlen_mse": 8.771547072683461e-06
  }
}
{
  "epoch": 46,
  "eval_prefixed": {
    "eval_metrics/den_pval_spearman_gw": 0.16679628727978166,
    "eval_metrics/imp_pval_r2_1obs": -28.369568630644146,
    "eval_metrics/den_pval_spearman_1obs": 0.04843218154308232,
    "eval_metrics/den_count_spearman_gw": 0.06660589214474773,
    "eval_metrics/imp_pval_pearson_dsf1": 0.09710307420039224,
    "eval_metrics/imp_pval_r2_gw": -0.1528060850570573,
    "eval_metrics/imp_pval_r2_dsf1": -0.1528060850570573,
    "eval_metrics/den_pval_spearman_dsf1": 0.16679628727978166,
    "eval_metrics/den_pval_r2_1obs": -26.083978043180608,
    "eval_metrics/imp_peak_auroc_gw": 0.5115663566390756,
    "eval_metrics/den_pval_r2_gw": -0.06402472618403944,
    "eval_metrics/imp_count_pearson_gw": 0.011972344997914098,
    "eval_metrics/den_pval_pearson_dsf1": 0.16901505737194766,
    "eval_metrics/imp_pval_pearson_gw": 0.09710307420039224,
    "eval_metrics/imp_pval_pearson_1obs": 0.1458177628792039,
    "eval_metrics/den_pval_pearson_1obs": 0.02862314154442988,
    "eval_metrics/den_pval_pearson_gw": 0.16901505737194766,
    "eval_metrics/imp_count_r2_gw": -0.07714560378086271,
    "eval_metrics/den_count_r2_gw": -0.3411104854869151,
    "eval_metrics/imp_pval_spearman_gw": 0.09003494178379845,
    "eval_metrics/den_count_pearson_gw": 0.07559537967819396,
    "eval_metrics/imp_count_spearman_gw": -0.024491522987611713,
    "eval_metrics/imp_pval_spearman_dsf1": 0.09003494178379845,
    "eval_metrics/den_pval_r2_dsf1": -0.06402472618403944,
    "eval_metrics/imp_pval_spearman_1obs": 0.12736794678009336,
    "eval_metrics/den_peak_auroc_gw": 0.5273790901980624,
    "eval_losses/total_loss": 5.268699610948954,
    "eval_losses/count_obs_loss": 1.195756168741929,
    "eval_losses/count_imp_loss": 1.9012638529141743,
    "eval_losses/pval_obs_loss": 0.6635491916615712,
    "eval_losses/pval_imp_loss": 0.7410095708356017,
    "eval_losses/peak_obs_loss": 0.6642798663754212,
    "eval_losses/peak_imp_loss": 0.6692931349315341
  }
}
{
  "epoch": 46,
  "training_metadata_probes": {
    "training_metadata_probes/depth_count_ratio": 0.9971514344215393,
    "training_metadata_probes/runtype_mse": 0.0006012950325384736,
    "training_metadata_probes/readlen_mse": 1.0239065886707976e-05
  }
}
{
  "epoch": 47,
  "eval_prefixed": {
    "eval_metrics/den_pval_spearman_gw": 0.16629656771370205,
    "eval_metrics/imp_pval_r2_1obs": -25.97654776726053,
    "eval_metrics/den_pval_spearman_1obs": 0.016069989764110792,
    "eval_metrics/den_count_spearman_gw": 0.06361910964766226,
    "eval_metrics/imp_pval_pearson_dsf1": 0.09490652403069867,
    "eval_metrics/imp_pval_r2_gw": -0.13007240403496326,
    "eval_metrics/imp_pval_r2_dsf1": -0.13007240403496326,
    "eval_metrics/den_pval_spearman_dsf1": 0.16629656771370205,
    "eval_metrics/den_pval_r2_1obs": -28.068111193203993,
    "eval_metrics/imp_peak_auroc_gw": 0.4936193871739882,
    "eval_metrics/den_pval_r2_gw": -0.06330858091176592,
    "eval_metrics/imp_count_pearson_gw": 0.014033885368484161,
    "eval_metrics/den_pval_pearson_dsf1": 0.16887009054986074,
    "eval_metrics/imp_pval_pearson_gw": 0.09490652403069867,
    "eval_metrics/imp_pval_pearson_1obs": 0.14877545473993653,
    "eval_metrics/den_pval_pearson_1obs": -0.003921692465634183,
    "eval_metrics/den_pval_pearson_gw": 0.16887009054986074,
    "eval_metrics/imp_count_r2_gw": -0.07410061627167022,
    "eval_metrics/den_count_r2_gw": -0.3434511296624851,
    "eval_metrics/imp_pval_spearman_gw": 0.08188335407975036,
    "eval_metrics/den_count_pearson_gw": 0.07967520323635606,
    "eval_metrics/imp_count_spearman_gw": -0.02390809172421945,
    "eval_metrics/imp_pval_spearman_dsf1": 0.08188335407975036,
    "eval_metrics/den_pval_r2_dsf1": -0.06330858091176592,
    "eval_metrics/imp_pval_spearman_1obs": 0.1350628517440365,
    "eval_metrics/den_peak_auroc_gw": 0.5388488129322706,
    "eval_losses/total_loss": 5.222000037197415,
    "eval_losses/count_obs_loss": 1.198516339847916,
    "eval_losses/count_imp_loss": 1.884640057881673,
    "eval_losses/pval_obs_loss": 0.6373542833485102,
    "eval_losses/pval_imp_loss": 0.7305958377759135,
    "eval_losses/peak_obs_loss": 0.6631608636755693,
    "eval_losses/peak_imp_loss": 0.6696150539413331
  }
}
{
  "epoch": 47,
  "training_metadata_probes": {
    "training_metadata_probes/depth_count_ratio": 0.9970082640647888,
    "training_metadata_probes/runtype_mse": 0.0005480701802298427,
    "training_metadata_probes/readlen_mse": 1.0129197107744403e-05
  }
}
{
  "epoch": 48,
  "eval_prefixed": {
    "eval_metrics/den_pval_spearman_gw": 0.1761685701447794,
    "eval_metrics/imp_pval_r2_1obs": -20.754011294835973,
    "eval_metrics/den_pval_spearman_1obs": 0.024481977917315947,
    "eval_metrics/den_count_spearman_gw": 0.06793706933497552,
    "eval_metrics/imp_pval_pearson_dsf1": 0.10531269056012943,
    "eval_metrics/imp_pval_r2_gw": -0.12642904359683965,
    "eval_metrics/imp_pval_r2_dsf1": -0.12642904359683965,
    "eval_metrics/den_pval_spearman_dsf1": 0.1761685701447794,
    "eval_metrics/den_pval_r2_1obs": -41.604033868844546,
    "eval_metrics/imp_peak_auroc_gw": 0.5087447462832458,
    "eval_metrics/den_pval_r2_gw": -0.03724119660175861,
    "eval_metrics/imp_count_pearson_gw": 0.007859890269751231,
    "eval_metrics/den_pval_pearson_dsf1": 0.18189784213839294,
    "eval_metrics/imp_pval_pearson_gw": 0.10531269056012943,
    "eval_metrics/imp_pval_pearson_1obs": 0.14786326010999756,
    "eval_metrics/den_pval_pearson_1obs": 0.015602997721687547,
    "eval_metrics/den_pval_pearson_gw": 0.18189784213839294,
    "eval_metrics/imp_count_r2_gw": -0.0847173404314823,
    "eval_metrics/den_count_r2_gw": -0.3488534203844918,
    "eval_metrics/imp_pval_spearman_gw": 0.09315615833411812,
    "eval_metrics/den_count_pearson_gw": 0.0855803414903532,
    "eval_metrics/imp_count_spearman_gw": -0.026615845087440762,
    "eval_metrics/imp_pval_spearman_dsf1": 0.09315615833411812,
    "eval_metrics/den_pval_r2_dsf1": -0.03724119660175861,
    "eval_metrics/imp_pval_spearman_1obs": 0.13235413187977949,
    "eval_metrics/den_peak_auroc_gw": 0.5441670932421433,
    "eval_losses/total_loss": 5.285442124733604,
    "eval_losses/count_obs_loss": 1.2332867109461834,
    "eval_losses/count_imp_loss": 1.8909377957147264,
    "eval_losses/pval_obs_loss": 0.6867337981484046,
    "eval_losses/pval_imp_loss": 0.7024768346122333,
    "eval_losses/peak_obs_loss": 0.6610071651245418,
    "eval_losses/peak_imp_loss": 0.6690535956905002
  }
}
{
  "epoch": 48,
  "training_metadata_probes": {
    "training_metadata_probes/depth_count_ratio": 0.9968928694725037,
    "training_metadata_probes/runtype_mse": 0.0004411430563777685,
    "training_metadata_probes/readlen_mse": 8.63062268763315e-06
  }
}
{
  "epoch": 49,
  "eval_prefixed": {
    "eval_metrics/den_pval_spearman_gw": 0.17090149906710522,
    "eval_metrics/imp_pval_r2_1obs": -23.13948268931508,
    "eval_metrics/den_pval_spearman_1obs": 0.04810727925684824,
    "eval_metrics/den_count_spearman_gw": 0.06449778003107093,
    "eval_metrics/imp_pval_pearson_dsf1": 0.09830245582593812,
    "eval_metrics/imp_pval_r2_gw": -0.1829629863295503,
    "eval_metrics/imp_pval_r2_dsf1": -0.1829629863295503,
    "eval_metrics/den_pval_spearman_dsf1": 0.17090149906710522,
    "eval_metrics/den_pval_r2_1obs": -20.942842057285212,
    "eval_metrics/imp_peak_auroc_gw": 0.5012355110653676,
    "eval_metrics/den_pval_r2_gw": -0.054826626505328935,
    "eval_metrics/imp_count_pearson_gw": 0.007257784792489561,
    "eval_metrics/den_pval_pearson_dsf1": 0.16658617943329246,
    "eval_metrics/imp_pval_pearson_gw": 0.09830245582593812,
    "eval_metrics/imp_pval_pearson_1obs": 0.1472088174879669,
    "eval_metrics/den_pval_pearson_1obs": 0.03019776082855012,
    "eval_metrics/den_pval_pearson_gw": 0.16658617943329246,
    "eval_metrics/imp_count_r2_gw": -0.09266380124161003,
    "eval_metrics/den_count_r2_gw": -0.33733544745111227,
    "eval_metrics/imp_pval_spearman_gw": 0.08735640338856243,
    "eval_metrics/den_count_pearson_gw": 0.08208309661437709,
    "eval_metrics/imp_count_spearman_gw": -0.02394824783541499,
    "eval_metrics/imp_pval_spearman_dsf1": 0.08735640338856243,
    "eval_metrics/den_pval_r2_dsf1": -0.054826626505328935,
    "eval_metrics/imp_pval_spearman_1obs": 0.1273882317140298,
    "eval_metrics/den_peak_auroc_gw": 0.5418902270660304,
    "eval_losses/total_loss": 5.1128048246579345,
    "eval_losses/count_obs_loss": 1.1698890963667317,
    "eval_losses/count_imp_loss": 1.8905492992628188,
    "eval_losses/pval_obs_loss": 0.6036726772344034,
    "eval_losses/pval_imp_loss": 0.6728221170959019,
    "eval_losses/peak_obs_loss": 0.6603627628401706,
    "eval_losses/peak_imp_loss": 0.6682936932359423
  }
}
{
  "epoch": 49,
  "training_metadata_probes": {
    "training_metadata_probes/depth_count_ratio": 0.9967144131660461,
    "training_metadata_probes/runtype_mse": 0.0003912541433237493,
    "training_metadata_probes/readlen_mse": 8.46293642098317e-06
  }
}
{
  "epoch": 50,
  "eval_prefixed": {
    "eval_metrics/den_pval_spearman_gw": 0.1719092986710005,
    "eval_metrics/imp_pval_r2_1obs": -24.891339407771785,
    "eval_metrics/den_pval_spearman_1obs": 0.05115886633744507,
    "eval_metrics/den_count_spearman_gw": 0.06815396162887304,
    "eval_metrics/imp_pval_pearson_dsf1": 0.11073595433244629,
    "eval_metrics/imp_pval_r2_gw": -0.13948929081546332,
    "eval_metrics/imp_pval_r2_dsf1": -0.13948929081546332,
    "eval_metrics/den_pval_spearman_dsf1": 0.1719092986710005,
    "eval_metrics/den_pval_r2_1obs": -23.7791464868903,
    "eval_metrics/imp_peak_auroc_gw": 0.5058536240115661,
    "eval_metrics/den_pval_r2_gw": -0.06838991481972635,
    "eval_metrics/imp_count_pearson_gw": 0.013488897041136783,
    "eval_metrics/den_pval_pearson_dsf1": 0.1668592289666106,
    "eval_metrics/imp_pval_pearson_gw": 0.11073595433244629,
    "eval_metrics/imp_pval_pearson_1obs": 0.13605026922942626,
    "eval_metrics/den_pval_pearson_1obs": 0.04108555387019327,
    "eval_metrics/den_pval_pearson_gw": 0.1668592289666106,
    "eval_metrics/imp_count_r2_gw": -0.06703635738267255,
    "eval_metrics/den_count_r2_gw": -0.36562340626253503,
    "eval_metrics/imp_pval_spearman_gw": 0.09447532053718935,
    "eval_metrics/den_count_pearson_gw": 0.07634977052083214,
    "eval_metrics/imp_count_spearman_gw": -0.022455028702491678,
    "eval_metrics/imp_pval_spearman_dsf1": 0.09447532053718935,
    "eval_metrics/den_pval_r2_dsf1": -0.06838991481972635,
    "eval_metrics/imp_pval_spearman_1obs": 0.11472580234875272,
    "eval_metrics/den_peak_auroc_gw": 0.5427651660706737,
    "eval_losses/total_loss": 5.111579276131172,
    "eval_losses/count_obs_loss": 1.184924613488348,
    "eval_losses/count_imp_loss": 1.8651775150072007,
    "eval_losses/pval_obs_loss": 0.6309895794838667,
    "eval_losses/pval_imp_loss": 0.649268536577149,
    "eval_losses/peak_obs_loss": 0.6584210772263376,
    "eval_losses/peak_imp_loss": 0.6669911619216676
  }
}
{
  "epoch": 50,
  "training_metadata_probes": {
    "training_metadata_probes/depth_count_ratio": 0.996488094329834,
    "training_metadata_probes/runtype_mse": 0.00040404353057965636,
    "training_metadata_probes/readlen_mse": 8.431021342403255e-06
  }
}
{
  "epoch": 51,
  "eval_prefixed": {
    "eval_metrics/den_pval_spearman_gw": 0.17783239232746675,
    "eval_metrics/imp_pval_r2_1obs": -33.47330115566999,
    "eval_metrics/den_pval_spearman_1obs": 0.0313308722850477,
    "eval_metrics/den_count_spearman_gw": 0.06912161193821899,
    "eval_metrics/imp_pval_pearson_dsf1": 0.10221035669129046,
    "eval_metrics/imp_pval_r2_gw": -0.14941301678338778,
    "eval_metrics/imp_pval_r2_dsf1": -0.14941301678338778,
    "eval_metrics/den_pval_spearman_dsf1": 0.17783239232746675,
    "eval_metrics/den_pval_r2_1obs": -36.540161226868484,
    "eval_metrics/imp_peak_auroc_gw": 0.5257015687232927,
    "eval_metrics/den_pval_r2_gw": -0.036643328055752156,
    "eval_metrics/imp_count_pearson_gw": 0.011475943216022902,
    "eval_metrics/den_pval_pearson_dsf1": 0.17338254409352025,
    "eval_metrics/imp_pval_pearson_gw": 0.10221035669129046,
    "eval_metrics/imp_pval_pearson_1obs": 0.12803509921604206,
    "eval_metrics/den_pval_pearson_1obs": 0.01822717587684134,
    "eval_metrics/den_pval_pearson_gw": 0.17338254409352025,
    "eval_metrics/imp_count_r2_gw": -0.0851100239231701,
    "eval_metrics/den_count_r2_gw": -0.28479569792478204,
    "eval_metrics/imp_pval_spearman_gw": 0.1015495293972571,
    "eval_metrics/den_count_pearson_gw": 0.07773228841267012,
    "eval_metrics/imp_count_spearman_gw": -0.025750949417464343,
    "eval_metrics/imp_pval_spearman_dsf1": 0.1015495293972571,
    "eval_metrics/den_pval_r2_dsf1": -0.036643328055752156,
    "eval_metrics/imp_pval_spearman_1obs": 0.10882568372411708,
    "eval_metrics/den_peak_auroc_gw": 0.5360955917337303,
    "eval_losses/total_loss": 5.3532403184983295,
    "eval_losses/count_obs_loss": 1.2113880546469438,
    "eval_losses/count_imp_loss": 1.8933413832906694,
    "eval_losses/pval_obs_loss": 0.6918206051188079,
    "eval_losses/pval_imp_loss": 0.812301179955876,
    "eval_losses/peak_obs_loss": 0.6567449993208835,
    "eval_losses/peak_imp_loss": 0.6640365814405774
  }
}
{
  "epoch": 51,
  "training_metadata_probes": {
    "training_metadata_probes/depth_count_ratio": 0.9964439868927002,
    "training_metadata_probes/runtype_mse": 0.00034273776691406965,
    "training_metadata_probes/readlen_mse": 7.606438884977251e-06
  }
}
{
  "epoch": 52,
  "eval_prefixed": {
    "eval_metrics/den_pval_spearman_gw": 0.17501914753297657,
    "eval_metrics/imp_pval_r2_1obs": -32.00168823268856,
    "eval_metrics/den_pval_spearman_1obs": 0.044586327411735883,
    "eval_metrics/den_count_spearman_gw": 0.07327616500281889,
    "eval_metrics/imp_pval_pearson_dsf1": 0.11206258221396379,
    "eval_metrics/imp_pval_r2_gw": -0.14607824512025494,
    "eval_metrics/imp_pval_r2_dsf1": -0.14607824512025494,
    "eval_metrics/den_pval_spearman_dsf1": 0.17501914753297657,
    "eval_metrics/den_pval_r2_1obs": -31.77138853809767,
    "eval_metrics/imp_peak_auroc_gw": 0.5304323851608664,
    "eval_metrics/den_pval_r2_gw": -0.08630221531155735,
    "eval_metrics/imp_count_pearson_gw": 0.005998199105739505,
    "eval_metrics/den_pval_pearson_dsf1": 0.1689508940172872,
    "eval_metrics/imp_pval_pearson_gw": 0.11206258221396379,
    "eval_metrics/imp_pval_pearson_1obs": 0.15476861182925483,
    "eval_metrics/den_pval_pearson_1obs": 0.03503069073255909,
    "eval_metrics/den_pval_pearson_gw": 0.1689508940172872,
    "eval_metrics/imp_count_r2_gw": -0.08029833363883233,
    "eval_metrics/den_count_r2_gw": -0.2661316423647011,
    "eval_metrics/imp_pval_spearman_gw": 0.10129089072294932,
    "eval_metrics/den_count_pearson_gw": 0.08044288629159717,
    "eval_metrics/imp_count_spearman_gw": -0.02659877394197204,
    "eval_metrics/imp_pval_spearman_dsf1": 0.10129089072294932,
    "eval_metrics/den_pval_r2_dsf1": -0.08630221531155735,
    "eval_metrics/imp_pval_spearman_1obs": 0.1438449764762431,
    "eval_metrics/den_peak_auroc_gw": 0.5240632745846497,
    "eval_losses/total_loss": 5.2484181217273305,
    "eval_losses/count_obs_loss": 1.1770955237903094,
    "eval_losses/count_imp_loss": 1.879228517176613,
    "eval_losses/pval_obs_loss": 0.6542318900066771,
    "eval_losses/pval_imp_loss": 0.7918751228319866,
    "eval_losses/peak_obs_loss": 0.6545798504038861,
    "eval_losses/peak_imp_loss": 0.6614491404995085
  }
}
{
  "epoch": 52,
  "training_metadata_probes": {
    "training_metadata_probes/depth_count_ratio": 0.9962382912635803,
    "training_metadata_probes/runtype_mse": 0.00027345921262167394,
    "training_metadata_probes/readlen_mse": 7.629373158124508e-06
  }
}
{
  "epoch": 53,
  "eval_prefixed": {
    "eval_metrics/den_pval_spearman_gw": 0.17645959113062168,
    "eval_metrics/imp_pval_r2_1obs": -29.13241501678145,
    "eval_metrics/den_pval_spearman_1obs": 0.06202502512973216,
    "eval_metrics/den_count_spearman_gw": 0.07788996324752846,
    "eval_metrics/imp_pval_pearson_dsf1": 0.12593768151210888,
    "eval_metrics/imp_pval_r2_gw": -0.11669543074706958,
    "eval_metrics/imp_pval_r2_dsf1": -0.11669543074706958,
    "eval_metrics/den_pval_spearman_dsf1": 0.17645959113062168,
    "eval_metrics/den_pval_r2_1obs": -24.9742404198708,
    "eval_metrics/imp_peak_auroc_gw": 0.5233082090306473,
    "eval_metrics/den_pval_r2_gw": -0.0598054161329406,
    "eval_metrics/imp_count_pearson_gw": 0.012217663846621733,
    "eval_metrics/den_pval_pearson_dsf1": 0.16945968925000143,
    "eval_metrics/imp_pval_pearson_gw": 0.12593768151210888,
    "eval_metrics/imp_pval_pearson_1obs": 0.17149846725875423,
    "eval_metrics/den_pval_pearson_1obs": 0.05223113800840158,
    "eval_metrics/den_pval_pearson_gw": 0.16945968925000143,
    "eval_metrics/imp_count_r2_gw": -0.07348553842484877,
    "eval_metrics/den_count_r2_gw": -0.37300601585795873,
    "eval_metrics/imp_pval_spearman_gw": 0.1170238418212526,
    "eval_metrics/den_count_pearson_gw": 0.07787384338467075,
    "eval_metrics/imp_count_spearman_gw": -0.02777797631550761,
    "eval_metrics/imp_pval_spearman_dsf1": 0.1170238418212526,
    "eval_metrics/den_pval_r2_dsf1": -0.0598054161329406,
    "eval_metrics/imp_pval_spearman_1obs": 0.1530687556832626,
    "eval_metrics/den_peak_auroc_gw": 0.5316039781284075,
    "eval_losses/total_loss": 5.052833035465722,
    "eval_losses/count_obs_loss": 1.1735047886246128,
    "eval_losses/count_imp_loss": 1.892949656834678,
    "eval_losses/pval_obs_loss": 0.5811460951441213,
    "eval_losses/pval_imp_loss": 0.6382810784178594,
    "eval_losses/peak_obs_loss": 0.6524163837495603,
    "eval_losses/peak_imp_loss": 0.6604866990967403
  }
}
{
  "epoch": 53,
  "training_metadata_probes": {
    "training_metadata_probes/depth_count_ratio": 0.9961028695106506,
    "training_metadata_probes/runtype_mse": 0.0002511320053599775,
    "training_metadata_probes/readlen_mse": 7.365918008872541e-06
  }
}
{
  "epoch": 54,
  "eval_prefixed": {
    "eval_metrics/den_pval_spearman_gw": 0.18681673610327595,
    "eval_metrics/imp_pval_r2_1obs": -29.65535826368866,
    "eval_metrics/den_pval_spearman_1obs": 0.0345999323617802,
    "eval_metrics/den_count_spearman_gw": 0.07835144633172425,
    "eval_metrics/imp_pval_pearson_dsf1": 0.12323820422447863,
    "eval_metrics/imp_pval_r2_gw": -0.15829845888596528,
    "eval_metrics/imp_pval_r2_dsf1": -0.15829845888596528,
    "eval_metrics/den_pval_spearman_dsf1": 0.18681673610327595,
    "eval_metrics/den_pval_r2_1obs": -24.671890829704495,
    "eval_metrics/imp_peak_auroc_gw": 0.5135308491032667,
    "eval_metrics/den_pval_r2_gw": -0.04310135146923852,
    "eval_metrics/imp_count_pearson_gw": 0.010937216095621734,
    "eval_metrics/den_pval_pearson_dsf1": 0.17812218146527334,
    "eval_metrics/imp_pval_pearson_gw": 0.12323820422447863,
    "eval_metrics/imp_pval_pearson_1obs": 0.15795045073092398,
    "eval_metrics/den_pval_pearson_1obs": 0.03206749134704679,
    "eval_metrics/den_pval_pearson_gw": 0.17812218146527334,
    "eval_metrics/imp_count_r2_gw": -0.07949777684269588,
    "eval_metrics/den_count_r2_gw": -0.29826912738656025,
    "eval_metrics/imp_pval_spearman_gw": 0.1124514583302828,
    "eval_metrics/den_count_pearson_gw": 0.0769188377537495,
    "eval_metrics/imp_count_spearman_gw": -0.026988450450247187,
    "eval_metrics/imp_pval_spearman_dsf1": 0.1124514583302828,
    "eval_metrics/den_pval_r2_dsf1": -0.04310135146923852,
    "eval_metrics/imp_pval_spearman_1obs": 0.13549534775472344,
    "eval_metrics/den_peak_auroc_gw": 0.5406267327747426,
    "eval_losses/total_loss": 5.157654405534758,
    "eval_losses/count_obs_loss": 1.1543905256610167,
    "eval_losses/count_imp_loss": 1.9040630980143471,
    "eval_losses/pval_obs_loss": 0.6128417444292849,
    "eval_losses/pval_imp_loss": 0.7429134512822779,
    "eval_losses/peak_obs_loss": 0.6503537979565168,
    "eval_losses/peak_imp_loss": 0.6585027149745396
  }
}
{
  "epoch": 54,
  "training_metadata_probes": {
    "training_metadata_probes/depth_count_ratio": 0.9960076212882996,
    "training_metadata_probes/runtype_mse": 0.0002448504965286702,
    "training_metadata_probes/readlen_mse": 7.506895144615555e-06
  }
}
{
  "epoch": 55,
  "eval_prefixed": {
    "eval_metrics/den_pval_spearman_gw": 0.18692429683560105,
    "eval_metrics/imp_pval_r2_1obs": -37.16622647182024,
    "eval_metrics/den_pval_spearman_1obs": 0.05658658073064284,
    "eval_metrics/den_count_spearman_gw": 0.07372166827037051,
    "eval_metrics/imp_pval_pearson_dsf1": 0.12027114369566479,
    "eval_metrics/imp_pval_r2_gw": -0.14622481908460844,
    "eval_metrics/imp_pval_r2_dsf1": -0.14622481908460844,
    "eval_metrics/den_pval_spearman_dsf1": 0.18692429683560105,
    "eval_metrics/den_pval_r2_1obs": -33.6200626125584,
    "eval_metrics/imp_peak_auroc_gw": 0.5035019884102213,
    "eval_metrics/den_pval_r2_gw": -0.0453708355189578,
    "eval_metrics/imp_count_pearson_gw": 0.015848831818734723,
    "eval_metrics/den_pval_pearson_dsf1": 0.17711783172011278,
    "eval_metrics/imp_pval_pearson_gw": 0.12027114369566479,
    "eval_metrics/imp_pval_pearson_1obs": 0.13587072544864245,
    "eval_metrics/den_pval_pearson_1obs": 0.04175096703693271,
    "eval_metrics/den_pval_pearson_gw": 0.17711783172011278,
    "eval_metrics/imp_count_r2_gw": -0.0872708269039721,
    "eval_metrics/den_count_r2_gw": -0.3380003446490969,
    "eval_metrics/imp_pval_spearman_gw": 0.11555078567751571,
    "eval_metrics/den_count_pearson_gw": 0.07707948019005446,
    "eval_metrics/imp_count_spearman_gw": -0.02832942854846208,
    "eval_metrics/imp_pval_spearman_dsf1": 0.11555078567751571,
    "eval_metrics/den_pval_r2_dsf1": -0.0453708355189578,
    "eval_metrics/imp_pval_spearman_1obs": 0.1258480037676705,
    "eval_metrics/den_peak_auroc_gw": 0.5395470058897278,
    "eval_losses/total_loss": 5.2112950031449525,
    "eval_losses/count_obs_loss": 1.187802353971883,
    "eval_losses/count_imp_loss": 1.9329486687978108,
    "eval_losses/pval_obs_loss": 0.6372102777179527,
    "eval_losses/pval_imp_loss": 0.712069111684012,
    "eval_losses/peak_obs_loss": 0.6481455556656185,
    "eval_losses/peak_imp_loss": 0.658131394121382
  }
}
{
  "epoch": 55,
  "training_metadata_probes": {
    "training_metadata_probes/depth_count_ratio": 0.9959710836410522,
    "training_metadata_probes/runtype_mse": 0.00027271718136034906,
    "training_metadata_probes/readlen_mse": 8.595247891207691e-06
  }
}
{
  "epoch": 56,
  "eval_prefixed": {
    "eval_metrics/den_pval_spearman_gw": 0.18609138431549613,
    "eval_metrics/imp_pval_r2_1obs": -25.732305540367896,
    "eval_metrics/den_pval_spearman_1obs": 0.046146693513902916,
    "eval_metrics/den_count_spearman_gw": 0.07750653309213114,
    "eval_metrics/imp_pval_pearson_dsf1": 0.12624270734672863,
    "eval_metrics/imp_pval_r2_gw": -0.12316079699100263,
    "eval_metrics/imp_pval_r2_dsf1": -0.12316079699100263,
    "eval_metrics/den_pval_spearman_dsf1": 0.18609138431549613,
    "eval_metrics/den_pval_r2_1obs": -38.75307403491117,
    "eval_metrics/imp_peak_auroc_gw": 0.518069355764417,
    "eval_metrics/den_pval_r2_gw": -0.03732795227397777,
    "eval_metrics/imp_count_pearson_gw": 0.010657999934101966,
    "eval_metrics/den_pval_pearson_dsf1": 0.18304504086853213,
    "eval_metrics/imp_pval_pearson_gw": 0.12624270734672863,
    "eval_metrics/imp_pval_pearson_1obs": 0.13259934756668315,
    "eval_metrics/den_pval_pearson_1obs": 0.0362796107058928,
    "eval_metrics/den_pval_pearson_gw": 0.18304504086853213,
    "eval_metrics/imp_count_r2_gw": -0.09077615392061854,
    "eval_metrics/den_count_r2_gw": -0.34814195009182375,
    "eval_metrics/imp_pval_spearman_gw": 0.12290505367463546,
    "eval_metrics/den_count_pearson_gw": 0.08284282896860723,
    "eval_metrics/imp_count_spearman_gw": -0.03273896482972157,
    "eval_metrics/imp_pval_spearman_dsf1": 0.12290505367463546,
    "eval_metrics/den_pval_r2_dsf1": -0.03732795227397777,
    "eval_metrics/imp_pval_spearman_1obs": 0.11590763693656847,
    "eval_metrics/den_peak_auroc_gw": 0.5361596921172749,
    "eval_losses/total_loss": 5.227944792015478,
    "eval_losses/count_obs_loss": 1.2117439367269214,
    "eval_losses/count_imp_loss": 1.9318892875361064,
    "eval_losses/pval_obs_loss": 0.6321523613541534,
    "eval_losses/pval_imp_loss": 0.7150649332130948,
    "eval_losses/peak_obs_loss": 0.6457571991180119,
    "eval_losses/peak_imp_loss": 0.6563813095054929
  }
}
{
  "epoch": 56,
  "training_metadata_probes": {
    "training_metadata_probes/depth_count_ratio": 0.9958198666572571,
    "training_metadata_probes/runtype_mse": 0.00024082115851342678,
    "training_metadata_probes/readlen_mse": 7.844804713386111e-06
  }
}
{
  "epoch": 57,
  "eval_prefixed": {
    "eval_metrics/den_pval_spearman_gw": 0.19043349707743426,
    "eval_metrics/imp_pval_r2_1obs": -26.79582538803032,
    "eval_metrics/den_pval_spearman_1obs": 0.08216553966980622,
    "eval_metrics/den_count_spearman_gw": 0.07025201936575036,
    "eval_metrics/imp_pval_pearson_dsf1": 0.12483735945323364,
    "eval_metrics/imp_pval_r2_gw": -0.12980381305714933,
    "eval_metrics/imp_pval_r2_dsf1": -0.12980381305714933,
    "eval_metrics/den_pval_spearman_dsf1": 0.19043349707743426,
    "eval_metrics/den_pval_r2_1obs": -38.175724556144026,
    "eval_metrics/imp_peak_auroc_gw": 0.5177133409637202,
    "eval_metrics/den_pval_r2_gw": -0.053909729103812865,
    "eval_metrics/imp_count_pearson_gw": 0.017434397831537007,
    "eval_metrics/den_pval_pearson_dsf1": 0.1876330120415476,
    "eval_metrics/imp_pval_pearson_gw": 0.12483735945323364,
    "eval_metrics/imp_pval_pearson_1obs": 0.17459038800896248,
    "eval_metrics/den_pval_pearson_1obs": 0.0757989488897453,
    "eval_metrics/den_pval_pearson_gw": 0.1876330120415476,
    "eval_metrics/imp_count_r2_gw": -0.08055685291603948,
    "eval_metrics/den_count_r2_gw": -0.3823581021468123,
    "eval_metrics/imp_pval_spearman_gw": 0.13172518529773936,
    "eval_metrics/den_count_pearson_gw": 0.07462835406630275,
    "eval_metrics/imp_count_spearman_gw": -0.026592985631996417,
    "eval_metrics/imp_pval_spearman_dsf1": 0.13172518529773936,
    "eval_metrics/den_pval_r2_dsf1": -0.053909729103812865,
    "eval_metrics/imp_pval_spearman_1obs": 0.1558109799682874,
    "eval_metrics/den_peak_auroc_gw": 0.5485257660135305,
    "eval_losses/total_loss": 5.243634107415442,
    "eval_losses/count_obs_loss": 1.2174884967113797,
    "eval_losses/count_imp_loss": 1.9324466983477275,
    "eval_losses/pval_obs_loss": 0.6348752968754668,
    "eval_losses/pval_imp_loss": 0.7280536107423287,
    "eval_losses/peak_obs_loss": 0.6432796018688303,
    "eval_losses/peak_imp_loss": 0.6545361053375971
  }
}
{
  "epoch": 57,
  "training_metadata_probes": {
    "training_metadata_probes/depth_count_ratio": 0.9958432912826538,
    "training_metadata_probes/runtype_mse": 0.00021983124315738678,
    "training_metadata_probes/readlen_mse": 8.053913916228339e-06
  }
}
{
  "epoch": 58,
  "eval_prefixed": {
    "eval_metrics/den_pval_spearman_gw": 0.19431705195339977,
    "eval_metrics/imp_pval_r2_1obs": -22.48101027951455,
    "eval_metrics/den_pval_spearman_1obs": 0.04626095917424818,
    "eval_metrics/den_count_spearman_gw": 0.07031826327899011,
    "eval_metrics/imp_pval_pearson_dsf1": 0.12219735016188925,
    "eval_metrics/imp_pval_r2_gw": -0.1121204155306137,
    "eval_metrics/imp_pval_r2_dsf1": -0.1121204155306137,
    "eval_metrics/den_pval_spearman_dsf1": 0.19431705195339977,
    "eval_metrics/den_pval_r2_1obs": -33.02455372358787,
    "eval_metrics/imp_peak_auroc_gw": 0.49890218444449785,
    "eval_metrics/den_pval_r2_gw": -0.02985965922648173,
    "eval_metrics/imp_count_pearson_gw": 0.014243424568872249,
    "eval_metrics/den_pval_pearson_dsf1": 0.1891469183794566,
    "eval_metrics/imp_pval_pearson_gw": 0.12219735016188925,
    "eval_metrics/imp_pval_pearson_1obs": 0.17418867133794322,
    "eval_metrics/den_pval_pearson_1obs": 0.029988707196408587,
    "eval_metrics/den_pval_pearson_gw": 0.1891469183794566,
    "eval_metrics/imp_count_r2_gw": -0.07750259967550353,
    "eval_metrics/den_count_r2_gw": -0.29959772199848644,
    "eval_metrics/imp_pval_spearman_gw": 0.13200392084334783,
    "eval_metrics/den_count_pearson_gw": 0.07773838769093058,
    "eval_metrics/imp_count_spearman_gw": -0.029180970202241734,
    "eval_metrics/imp_pval_spearman_dsf1": 0.13200392084334783,
    "eval_metrics/den_pval_r2_dsf1": -0.02985965922648173,
    "eval_metrics/imp_pval_spearman_1obs": 0.16267266672010114,
    "eval_metrics/den_peak_auroc_gw": 0.5405236069592659,
    "eval_losses/total_loss": 5.255115397798363,
    "eval_losses/count_obs_loss": 1.2079756934391825,
    "eval_losses/count_imp_loss": 1.9203594147212921,
    "eval_losses/pval_obs_loss": 0.6454102657092,
    "eval_losses/pval_imp_loss": 0.7558258488064721,
    "eval_losses/peak_obs_loss": 0.6415560582750722,
    "eval_losses/peak_imp_loss": 0.6535477032737126
  }
}
{
  "epoch": 58,
  "training_metadata_probes": {
    "training_metadata_probes/depth_count_ratio": 0.995784342288971,
    "training_metadata_probes/runtype_mse": 0.00015658048505429178,
    "training_metadata_probes/readlen_mse": 7.0316427809302695e-06
  }
}
{
  "epoch": 59,
  "eval_prefixed": {
    "eval_metrics/den_pval_spearman_gw": 0.19757278613846724,
    "eval_metrics/imp_pval_r2_1obs": -26.51104570779322,
    "eval_metrics/den_pval_spearman_1obs": 0.08072456234752201,
    "eval_metrics/den_count_spearman_gw": 0.07328605608068291,
    "eval_metrics/imp_pval_pearson_dsf1": 0.12389864402985762,
    "eval_metrics/imp_pval_r2_gw": -0.12087876095168129,
    "eval_metrics/imp_pval_r2_dsf1": -0.12087876095168129,
    "eval_metrics/den_pval_spearman_dsf1": 0.19757278613846724,
    "eval_metrics/den_pval_r2_1obs": -26.283199392057575,
    "eval_metrics/imp_peak_auroc_gw": 0.49689804892269956,
    "eval_metrics/den_pval_r2_gw": -0.03239789984253189,
    "eval_metrics/imp_count_pearson_gw": 0.015327239535667652,
    "eval_metrics/den_pval_pearson_dsf1": 0.19068600819139792,
    "eval_metrics/imp_pval_pearson_gw": 0.12389864402985762,
    "eval_metrics/imp_pval_pearson_1obs": 0.179370911451914,
    "eval_metrics/den_pval_pearson_1obs": 0.06395488500129431,
    "eval_metrics/den_pval_pearson_gw": 0.19068600819139792,
    "eval_metrics/imp_count_r2_gw": -0.08142113796389099,
    "eval_metrics/den_count_r2_gw": -0.3602534499388725,
    "eval_metrics/imp_pval_spearman_gw": 0.1412182125680996,
    "eval_metrics/den_count_pearson_gw": 0.08086294891070697,
    "eval_metrics/imp_count_spearman_gw": -0.025243292375805016,
    "eval_metrics/imp_pval_spearman_dsf1": 0.1412182125680996,
    "eval_metrics/den_pval_r2_dsf1": -0.03239789984253189,
    "eval_metrics/imp_pval_spearman_1obs": 0.15514499844557697,
    "eval_metrics/den_peak_auroc_gw": 0.5388265675318336,
    "eval_losses/total_loss": 5.0184820981720755,
    "eval_losses/count_obs_loss": 1.1602960448516042,
    "eval_losses/count_imp_loss": 1.8580387679357377,
    "eval_losses/pval_obs_loss": 0.5882732928117835,
    "eval_losses/pval_imp_loss": 0.6629566938158066,
    "eval_losses/peak_obs_loss": 0.6401180891614211,
    "eval_losses/peak_imp_loss": 0.6514552528896029
  }
}
{
  "epoch": 59,
  "training_metadata_probes": {
    "training_metadata_probes/depth_count_ratio": 0.9958911538124084,
    "training_metadata_probes/runtype_mse": 0.00015934200200717896,
    "training_metadata_probes/readlen_mse": 6.850110821687849e-06
  }
}
{
  "epoch": 60,
  "eval_prefixed": {
    "eval_metrics/den_pval_spearman_gw": 0.19992007434645148,
    "eval_metrics/imp_pval_r2_1obs": -38.335034843203424,
    "eval_metrics/den_pval_spearman_1obs": 0.06269179850758244,
    "eval_metrics/den_count_spearman_gw": 0.07013164372975228,
    "eval_metrics/imp_pval_pearson_dsf1": 0.14177015539081322,
    "eval_metrics/imp_pval_r2_gw": -0.1139063601306746,
    "eval_metrics/imp_pval_r2_dsf1": -0.1139063601306746,
    "eval_metrics/den_pval_spearman_dsf1": 0.19992007434645148,
    "eval_metrics/den_pval_r2_1obs": -29.908324318554097,
    "eval_metrics/imp_peak_auroc_gw": 0.5361563568282269,
    "eval_metrics/den_pval_r2_gw": -0.03797599705585674,
    "eval_metrics/imp_count_pearson_gw": 0.02024578577506223,
    "eval_metrics/den_pval_pearson_dsf1": 0.19110729350818714,
    "eval_metrics/imp_pval_pearson_gw": 0.14177015539081322,
    "eval_metrics/imp_pval_pearson_1obs": 0.1764148320662715,
    "eval_metrics/den_pval_pearson_1obs": 0.05928046951368359,
    "eval_metrics/den_pval_pearson_gw": 0.19110729350818714,
    "eval_metrics/imp_count_r2_gw": -0.06857783337917563,
    "eval_metrics/den_count_r2_gw": -0.29845916706029296,
    "eval_metrics/imp_pval_spearman_gw": 0.15310580140228897,
    "eval_metrics/den_count_pearson_gw": 0.07455761279331789,
    "eval_metrics/imp_count_spearman_gw": -0.024807314161662316,
    "eval_metrics/imp_pval_spearman_dsf1": 0.15310580140228897,
    "eval_metrics/den_pval_r2_dsf1": -0.03797599705585674,
    "eval_metrics/imp_pval_spearman_1obs": 0.1577798085025558,
    "eval_metrics/den_peak_auroc_gw": 0.5413328414329279,
    "eval_losses/total_loss": 5.179557337159119,
    "eval_losses/count_obs_loss": 1.1630918846318596,
    "eval_losses/count_imp_loss": 1.9087052174976893,
    "eval_losses/pval_obs_loss": 0.6052119952877738,
    "eval_losses/pval_imp_loss": 0.7885765819292929,
    "eval_losses/peak_obs_loss": 0.6378668601575651,
    "eval_losses/peak_imp_loss": 0.648390920862319
  }
}
{
  "epoch": 60,
  "training_metadata_probes": {
    "training_metadata_probes/depth_count_ratio": 0.9958101511001587,
    "training_metadata_probes/runtype_mse": 0.00015644314407836646,
    "training_metadata_probes/readlen_mse": 6.9410625656018965e-06
  }
}
{
  "epoch": 61,
  "eval_prefixed": {
    "eval_metrics/den_pval_spearman_gw": 0.1997738162182966,
    "eval_metrics/imp_pval_r2_1obs": -34.71582647645201,
    "eval_metrics/den_pval_spearman_1obs": 0.07384176259639474,
    "eval_metrics/den_count_spearman_gw": 0.06763017884105016,
    "eval_metrics/imp_pval_pearson_dsf1": 0.139220540751777,
    "eval_metrics/imp_pval_r2_gw": -0.14179158030061523,
    "eval_metrics/imp_pval_r2_dsf1": -0.14179158030061523,
    "eval_metrics/den_pval_spearman_dsf1": 0.1997738162182966,
    "eval_metrics/den_pval_r2_1obs": -21.49274945115526,
    "eval_metrics/imp_peak_auroc_gw": 0.5396502183763059,
    "eval_metrics/den_pval_r2_gw": -0.027070130597576226,
    "eval_metrics/imp_count_pearson_gw": 0.02105910676191487,
    "eval_metrics/den_pval_pearson_dsf1": 0.19347321940739148,
    "eval_metrics/imp_pval_pearson_gw": 0.139220540751777,
    "eval_metrics/imp_pval_pearson_1obs": 0.15097884633689232,
    "eval_metrics/den_pval_pearson_1obs": 0.06628476939237628,
    "eval_metrics/den_pval_pearson_gw": 0.19347321940739148,
    "eval_metrics/imp_count_r2_gw": -0.06958612989662823,
    "eval_metrics/den_count_r2_gw": -0.34098226367720086,
    "eval_metrics/imp_pval_spearman_gw": 0.16350936900420499,
    "eval_metrics/den_count_pearson_gw": 0.07578885789323402,
    "eval_metrics/imp_count_spearman_gw": -0.023103268899610462,
    "eval_metrics/imp_pval_spearman_dsf1": 0.16350936900420499,
    "eval_metrics/den_pval_r2_dsf1": -0.027070130597576226,
    "eval_metrics/imp_pval_spearman_1obs": 0.1408965783186691,
    "eval_metrics/den_peak_auroc_gw": 0.5398792721639858,
    "eval_losses/total_loss": 5.043576678150873,
    "eval_losses/count_obs_loss": 1.1627290382197029,
    "eval_losses/count_imp_loss": 1.870263073179457,
    "eval_losses/pval_obs_loss": 0.5743378919892406,
    "eval_losses/pval_imp_loss": 0.7045670736374127,
    "eval_losses/peak_obs_loss": 0.6358685203288731,
    "eval_losses/peak_imp_loss": 0.6468957785576109
  }
}
{
  "epoch": 61,
  "training_metadata_probes": {
    "training_metadata_probes/depth_count_ratio": 0.9958240389823914,
    "training_metadata_probes/runtype_mse": 0.000228790013352409,
    "training_metadata_probes/readlen_mse": 8.151554538926575e-06
  }
}
{
  "epoch": 62,
  "eval_prefixed": {
    "eval_metrics/den_pval_spearman_gw": 0.20483003009437423,
    "eval_metrics/imp_pval_r2_1obs": -35.31807600056599,
    "eval_metrics/den_pval_spearman_1obs": 0.061012928117895104,
    "eval_metrics/den_count_spearman_gw": 0.06835998551133853,
    "eval_metrics/imp_pval_pearson_dsf1": 0.1473395335118449,
    "eval_metrics/imp_pval_r2_gw": -0.10216878470685722,
    "eval_metrics/imp_pval_r2_dsf1": -0.10216878470685722,
    "eval_metrics/den_pval_spearman_dsf1": 0.20483003009437423,
    "eval_metrics/den_pval_r2_1obs": -27.852490802529545,
    "eval_metrics/imp_peak_auroc_gw": 0.520511257001625,
    "eval_metrics/den_pval_r2_gw": -0.016496781535215804,
    "eval_metrics/imp_count_pearson_gw": 0.029605218789555014,
    "eval_metrics/den_pval_pearson_dsf1": 0.1996693994580327,
    "eval_metrics/imp_pval_pearson_gw": 0.1473395335118449,
    "eval_metrics/imp_pval_pearson_1obs": 0.17980118241486331,
    "eval_metrics/den_pval_pearson_1obs": 0.05720623890795794,
    "eval_metrics/den_pval_pearson_gw": 0.1996693994580327,
    "eval_metrics/imp_count_r2_gw": -0.06859655702708743,
    "eval_metrics/den_count_r2_gw": -0.3497090964492509,
    "eval_metrics/imp_pval_spearman_gw": 0.17084173680261158,
    "eval_metrics/den_count_pearson_gw": 0.07259683264036491,
    "eval_metrics/imp_count_spearman_gw": -0.017115354482113033,
    "eval_metrics/imp_pval_spearman_dsf1": 0.17084173680261158,
    "eval_metrics/den_pval_r2_dsf1": -0.016496781535215804,
    "eval_metrics/imp_pval_spearman_1obs": 0.16509205409662053,
    "eval_metrics/den_peak_auroc_gw": 0.5433937523403376,
    "eval_losses/total_loss": 5.081312048013053,
    "eval_losses/count_obs_loss": 1.1829673859633898,
    "eval_losses/count_imp_loss": 1.8981187466591123,
    "eval_losses/pval_obs_loss": 0.5757669627108906,
    "eval_losses/pval_imp_loss": 0.7000740266345914,
    "eval_losses/peak_obs_loss": 0.6334833047891918,
    "eval_losses/peak_imp_loss": 0.6457941153692821
  }
}
{
  "epoch": 62,
  "training_metadata_probes": {
    "training_metadata_probes/depth_count_ratio": 0.9958847165107727,
    "training_metadata_probes/runtype_mse": 0.0002475312212482095,
    "training_metadata_probes/readlen_mse": 8.877514119376428e-06
  }
}
{
  "epoch": 63,
  "eval_prefixed": {
    "eval_metrics/den_pval_spearman_gw": 0.20002877497074928,
    "eval_metrics/imp_pval_r2_1obs": -22.949870878368976,
    "eval_metrics/den_pval_spearman_1obs": 0.0779612617443077,
    "eval_metrics/den_count_spearman_gw": 0.06850520251347052,
    "eval_metrics/imp_pval_pearson_dsf1": 0.13566066766719495,
    "eval_metrics/imp_pval_r2_gw": -0.11640232900586629,
    "eval_metrics/imp_pval_r2_dsf1": -0.11640232900586629,
    "eval_metrics/den_pval_spearman_dsf1": 0.20002877497074928,
    "eval_metrics/den_pval_r2_1obs": -28.105558803877532,
    "eval_metrics/imp_peak_auroc_gw": 0.5135529947530475,
    "eval_metrics/den_pval_r2_gw": -0.03210191576428347,
    "eval_metrics/imp_count_pearson_gw": 0.02770742806162508,
    "eval_metrics/den_pval_pearson_dsf1": 0.19031005021066735,
    "eval_metrics/imp_pval_pearson_gw": 0.13566066766719495,
    "eval_metrics/imp_pval_pearson_1obs": 0.16052248741182248,
    "eval_metrics/den_pval_pearson_1obs": 0.0770255686702991,
    "eval_metrics/den_pval_pearson_gw": 0.19031005021066735,
    "eval_metrics/imp_count_r2_gw": -0.07391096886258583,
    "eval_metrics/den_count_r2_gw": -0.31289676509811704,
    "eval_metrics/imp_pval_spearman_gw": 0.1685976098457331,
    "eval_metrics/den_count_pearson_gw": 0.07269711037492686,
    "eval_metrics/imp_count_spearman_gw": -0.019718134344365597,
    "eval_metrics/imp_pval_spearman_dsf1": 0.1685976098457331,
    "eval_metrics/den_pval_r2_dsf1": -0.03210191576428347,
    "eval_metrics/imp_pval_spearman_1obs": 0.14703037534223334,
    "eval_metrics/den_peak_auroc_gw": 0.5378758303758256,
    "eval_losses/total_loss": 5.1040160324766095,
    "eval_losses/count_obs_loss": 1.1577023471656598,
    "eval_losses/count_imp_loss": 1.8873496812487405,
    "eval_losses/pval_obs_loss": 0.568277860368988,
    "eval_losses/pval_imp_loss": 0.7811923632546077,
    "eval_losses/peak_obs_loss": 0.6319470287937867,
    "eval_losses/peak_imp_loss": 0.6441999952944498
  }
}
{
  "epoch": 63,
  "training_metadata_probes": {
    "training_metadata_probes/depth_count_ratio": 0.9958376884460449,
    "training_metadata_probes/runtype_mse": 0.000148741906741634,
    "training_metadata_probes/readlen_mse": 7.4659315032477025e-06
  }
}
{
  "epoch": 64,
  "eval_prefixed": {
    "eval_metrics/den_pval_spearman_gw": 0.20595073726691987,
    "eval_metrics/imp_pval_r2_1obs": -27.09473433898633,
    "eval_metrics/den_pval_spearman_1obs": 0.07181193885291484,
    "eval_metrics/den_count_spearman_gw": 0.06709915229943618,
    "eval_metrics/imp_pval_pearson_dsf1": 0.15052612362399934,
    "eval_metrics/imp_pval_r2_gw": -0.09051558472421957,
    "eval_metrics/imp_pval_r2_dsf1": -0.09051558472421957,
    "eval_metrics/den_pval_spearman_dsf1": 0.20595073726691987,
    "eval_metrics/den_pval_r2_1obs": -25.40585627331015,
    "eval_metrics/imp_peak_auroc_gw": 0.5283927467422816,
    "eval_metrics/den_pval_r2_gw": -0.017813806939001534,
    "eval_metrics/imp_count_pearson_gw": 0.03670572213152246,
    "eval_metrics/den_pval_pearson_dsf1": 0.19996637273824922,
    "eval_metrics/imp_pval_pearson_gw": 0.15052612362399934,
    "eval_metrics/imp_pval_pearson_1obs": 0.1837913782912351,
    "eval_metrics/den_pval_pearson_1obs": 0.07307765083877664,
    "eval_metrics/den_pval_pearson_gw": 0.19996637273824922,
    "eval_metrics/imp_count_r2_gw": -0.06033357180161617,
    "eval_metrics/den_count_r2_gw": -0.35115724801244314,
    "eval_metrics/imp_pval_spearman_gw": 0.18136312071103888,
    "eval_metrics/den_count_pearson_gw": 0.07682636160815921,
    "eval_metrics/imp_count_spearman_gw": -0.008561103064874833,
    "eval_metrics/imp_pval_spearman_dsf1": 0.18136312071103888,
    "eval_metrics/den_pval_r2_dsf1": -0.017813806939001534,
    "eval_metrics/imp_pval_spearman_1obs": 0.17238528246861168,
    "eval_metrics/den_peak_auroc_gw": 0.5499342668980338,
    "eval_losses/total_loss": 5.0102335646546345,
    "eval_losses/count_obs_loss": 1.181485744683366,
    "eval_losses/count_imp_loss": 1.9106566905975342,
    "eval_losses/pval_obs_loss": 0.5463082586556036,
    "eval_losses/pval_imp_loss": 0.6472958028907814,
    "eval_losses/peak_obs_loss": 0.6289556669561487,
    "eval_losses/peak_imp_loss": 0.6430756965326885
  }
}
{
  "epoch": 64,
  "training_metadata_probes": {
    "training_metadata_probes/depth_count_ratio": 0.9958406686782837,
    "training_metadata_probes/runtype_mse": 0.00017642747843638062,
    "training_metadata_probes/readlen_mse": 8.33009289635811e-06
  }
}
{
  "epoch": 65,
  "eval_prefixed": {
    "eval_metrics/den_pval_spearman_gw": 0.20886222717284741,
    "eval_metrics/imp_pval_r2_1obs": -24.34094693568628,
    "eval_metrics/den_pval_spearman_1obs": 0.08895396794862749,
    "eval_metrics/den_count_spearman_gw": 0.06583960940112692,
    "eval_metrics/imp_pval_pearson_dsf1": 0.1473481186151889,
    "eval_metrics/imp_pval_r2_gw": -0.11969602829359269,
    "eval_metrics/imp_pval_r2_dsf1": -0.11969602829359269,
    "eval_metrics/den_pval_spearman_dsf1": 0.20886222717284741,
    "eval_metrics/den_pval_r2_1obs": -29.994881821068745,
    "eval_metrics/imp_peak_auroc_gw": 0.4952712460454587,
    "eval_metrics/den_pval_r2_gw": -0.019179673830712986,
    "eval_metrics/imp_count_pearson_gw": 0.032671150425841684,
    "eval_metrics/den_pval_pearson_dsf1": 0.2023263751516903,
    "eval_metrics/imp_pval_pearson_gw": 0.1473481186151889,
    "eval_metrics/imp_pval_pearson_1obs": 0.18607963211275452,
    "eval_metrics/den_pval_pearson_1obs": 0.08391735354732525,
    "eval_metrics/den_pval_pearson_gw": 0.2023263751516903,
    "eval_metrics/imp_count_r2_gw": -0.08494218116143043,
    "eval_metrics/den_count_r2_gw": -0.34056806459733013,
    "eval_metrics/imp_pval_spearman_gw": 0.1820083160097621,
    "eval_metrics/den_count_pearson_gw": 0.0787227775098903,
    "eval_metrics/imp_count_spearman_gw": -0.013039322912530543,
    "eval_metrics/imp_pval_spearman_dsf1": 0.1820083160097621,
    "eval_metrics/den_pval_r2_dsf1": -0.019179673830712986,
    "eval_metrics/imp_pval_spearman_1obs": 0.1722069919445765,
    "eval_metrics/den_peak_auroc_gw": 0.5508649374835141,
    "eval_losses/total_loss": 4.978906881192846,
    "eval_losses/count_obs_loss": 1.1975700816041546,
    "eval_losses/count_imp_loss": 1.8710565387256561,
    "eval_losses/pval_obs_loss": 0.560021067166848,
    "eval_losses/pval_imp_loss": 0.6171029336632244,
    "eval_losses/peak_obs_loss": 0.6264300001294989,
    "eval_losses/peak_imp_loss": 0.6421788713288685
  }
}
{
  "epoch": 65,
  "training_metadata_probes": {
    "training_metadata_probes/depth_count_ratio": 0.9958319067955017,
    "training_metadata_probes/runtype_mse": 0.00012900264118798077,
    "training_metadata_probes/readlen_mse": 7.224722594401101e-06
  }
}
{
  "epoch": 66,
  "eval_prefixed": {
    "eval_metrics/den_pval_spearman_gw": 0.21905820264024997,
    "eval_metrics/imp_pval_r2_1obs": -46.48851464462667,
    "eval_metrics/den_pval_spearman_1obs": 0.0691224158100363,
    "eval_metrics/den_count_spearman_gw": 0.06649470283223169,
    "eval_metrics/imp_pval_pearson_dsf1": 0.16931451329340538,
    "eval_metrics/imp_pval_r2_gw": -0.10005714021910557,
    "eval_metrics/imp_pval_r2_dsf1": -0.10005714021910557,
    "eval_metrics/den_pval_spearman_dsf1": 0.21905820264024997,
    "eval_metrics/den_pval_r2_1obs": -28.309020460798042,
    "eval_metrics/imp_peak_auroc_gw": 0.5220996768980105,
    "eval_metrics/den_pval_r2_gw": -0.01188031330900541,
    "eval_metrics/imp_count_pearson_gw": 0.0368019707079622,
    "eval_metrics/den_pval_pearson_dsf1": 0.21358878883582197,
    "eval_metrics/imp_pval_pearson_gw": 0.16931451329340538,
    "eval_metrics/imp_pval_pearson_1obs": 0.177570507765585,
    "eval_metrics/den_pval_pearson_1obs": 0.05665718007979816,
    "eval_metrics/den_pval_pearson_gw": 0.21358878883582197,
    "eval_metrics/imp_count_r2_gw": -0.06979495572896054,
    "eval_metrics/den_count_r2_gw": -0.27131853897688274,
    "eval_metrics/imp_pval_spearman_gw": 0.1934069258644702,
    "eval_metrics/den_count_pearson_gw": 0.0787422948526096,
    "eval_metrics/imp_count_spearman_gw": -0.012320832999912214,
    "eval_metrics/imp_pval_spearman_dsf1": 0.1934069258644702,
    "eval_metrics/den_pval_r2_dsf1": -0.01188031330900541,
    "eval_metrics/imp_pval_spearman_1obs": 0.1809677025916444,
    "eval_metrics/den_peak_auroc_gw": 0.5452246946259819,
    "eval_losses/total_loss": 5.075922113948189,
    "eval_losses/count_obs_loss": 1.1949474395889985,
    "eval_losses/count_imp_loss": 1.9035895703330872,
    "eval_losses/pval_obs_loss": 0.5641385435293685,
    "eval_losses/pval_imp_loss": 0.704626133724574,
    "eval_losses/peak_obs_loss": 0.6249541804978722,
    "eval_losses/peak_imp_loss": 0.6391339503110401
  }
}
{
  "epoch": 66,
  "training_metadata_probes": {
    "training_metadata_probes/depth_count_ratio": 0.9959714412689209,
    "training_metadata_probes/runtype_mse": 0.00019284158770460635,
    "training_metadata_probes/readlen_mse": 8.530059858458117e-06
  }
}
{
  "epoch": 67,
  "eval_prefixed": {
    "eval_metrics/den_pval_spearman_gw": 0.20962120423503985,
    "eval_metrics/imp_pval_r2_1obs": -26.261211979238517,
    "eval_metrics/den_pval_spearman_1obs": 0.0620692445063622,
    "eval_metrics/den_count_spearman_gw": 0.06383694517874904,
    "eval_metrics/imp_pval_pearson_dsf1": 0.14296188211393734,
    "eval_metrics/imp_pval_r2_gw": -0.09332016989100513,
    "eval_metrics/imp_pval_r2_dsf1": -0.09332016989100513,
    "eval_metrics/den_pval_spearman_dsf1": 0.20962120423503985,
    "eval_metrics/den_pval_r2_1obs": -27.081266874359287,
    "eval_metrics/imp_peak_auroc_gw": 0.5065681366992277,
    "eval_metrics/den_pval_r2_gw": -0.02143274744092056,
    "eval_metrics/imp_count_pearson_gw": 0.036869964127184914,
    "eval_metrics/den_pval_pearson_dsf1": 0.19986579994867115,
    "eval_metrics/imp_pval_pearson_gw": 0.14296188211393734,
    "eval_metrics/imp_pval_pearson_1obs": 0.1638218834122531,
    "eval_metrics/den_pval_pearson_1obs": 0.059665960455803496,
    "eval_metrics/den_pval_pearson_gw": 0.19986579994867115,
    "eval_metrics/imp_count_r2_gw": -0.07148611903003574,
    "eval_metrics/den_count_r2_gw": -0.2796150802240856,
    "eval_metrics/imp_pval_spearman_gw": 0.1777414053872581,
    "eval_metrics/den_count_pearson_gw": 0.07938471696903243,
    "eval_metrics/imp_count_spearman_gw": -0.004667686183014023,
    "eval_metrics/imp_pval_spearman_dsf1": 0.1777414053872581,
    "eval_metrics/den_pval_r2_dsf1": -0.02143274744092056,
    "eval_metrics/imp_pval_spearman_1obs": 0.16374882421478415,
    "eval_metrics/den_peak_auroc_gw": 0.5384562203974015,
    "eval_losses/total_loss": 5.15657799574087,
    "eval_losses/count_obs_loss": 1.1658766536336196,
    "eval_losses/count_imp_loss": 1.9279196498885987,
    "eval_losses/pval_obs_loss": 0.560476692499115,
    "eval_losses/pval_imp_loss": 0.820421210357121,
    "eval_losses/peak_obs_loss": 0.623372819078596,
    "eval_losses/peak_imp_loss": 0.6377026178534069
  }
}
{
  "epoch": 67,
  "training_metadata_probes": {
    "training_metadata_probes/depth_count_ratio": 0.9959192872047424,
    "training_metadata_probes/runtype_mse": 0.0001494567550253123,
    "training_metadata_probes/readlen_mse": 8.175248694897164e-06
  }
}
{
  "epoch": 68,
  "eval_prefixed": {
    "eval_metrics/den_pval_spearman_gw": 0.21488544296538256,
    "eval_metrics/imp_pval_r2_1obs": -28.517982908516853,
    "eval_metrics/den_pval_spearman_1obs": 0.060278818083777684,
    "eval_metrics/den_count_spearman_gw": 0.06427139225278307,
    "eval_metrics/imp_pval_pearson_dsf1": 0.15712988184439758,
    "eval_metrics/imp_pval_r2_gw": -0.09842550543826371,
    "eval_metrics/imp_pval_r2_dsf1": -0.09842550543826371,
    "eval_metrics/den_pval_spearman_dsf1": 0.21488544296538256,
    "eval_metrics/den_pval_r2_1obs": -28.779603504270355,
    "eval_metrics/imp_peak_auroc_gw": 0.5338704502089092,
    "eval_metrics/den_pval_r2_gw": -0.023204815985127945,
    "eval_metrics/imp_count_pearson_gw": 0.03723724542411103,
    "eval_metrics/den_pval_pearson_dsf1": 0.20258591843364565,
    "eval_metrics/imp_pval_pearson_gw": 0.15712988184439758,
    "eval_metrics/imp_pval_pearson_1obs": 0.1735226426066624,
    "eval_metrics/den_pval_pearson_1obs": 0.05933241002065571,
    "eval_metrics/den_pval_pearson_gw": 0.20258591843364565,
    "eval_metrics/imp_count_r2_gw": -0.07716510352637003,
    "eval_metrics/den_count_r2_gw": -0.2387445175492294,
    "eval_metrics/imp_pval_spearman_gw": 0.19101345765279043,
    "eval_metrics/den_count_pearson_gw": 0.07540665700186142,
    "eval_metrics/imp_count_spearman_gw": -0.00740584724492617,
    "eval_metrics/imp_pval_spearman_dsf1": 0.19101345765279043,
    "eval_metrics/den_pval_r2_dsf1": -0.023204815985127945,
    "eval_metrics/imp_pval_spearman_1obs": 0.16484922528808782,
    "eval_metrics/den_peak_auroc_gw": 0.5343914766581427,
    "eval_losses/total_loss": 5.168252684617121,
    "eval_losses/count_obs_loss": 1.1751959480737384,
    "eval_losses/count_imp_loss": 1.9234954137650748,
    "eval_losses/pval_obs_loss": 0.5907003246737939,
    "eval_losses/pval_imp_loss": 0.796258671652703,
    "eval_losses/peak_obs_loss": 0.6210311761027888,
    "eval_losses/peak_imp_loss": 0.6354954053485204
  }
}
{
  "epoch": 68,
  "training_metadata_probes": {
    "training_metadata_probes/depth_count_ratio": 0.995920717716217,
    "training_metadata_probes/runtype_mse": 0.00013198527449276298,
    "training_metadata_probes/readlen_mse": 8.529404112778138e-06
  }
}
{
  "epoch": 69,
  "eval_prefixed": {
    "eval_metrics/den_pval_spearman_gw": 0.21133126165711105,
    "eval_metrics/imp_pval_r2_1obs": -23.08011648856585,
    "eval_metrics/den_pval_spearman_1obs": 0.07161644455962406,
    "eval_metrics/den_count_spearman_gw": 0.06134742163997473,
    "eval_metrics/imp_pval_pearson_dsf1": 0.14951266611497555,
    "eval_metrics/imp_pval_r2_gw": -0.13581286858539154,
    "eval_metrics/imp_pval_r2_dsf1": -0.13581286858539154,
    "eval_metrics/den_pval_spearman_dsf1": 0.21133126165711105,
    "eval_metrics/den_pval_r2_1obs": -25.623855982285797,
    "eval_metrics/imp_peak_auroc_gw": 0.5089736074886522,
    "eval_metrics/den_pval_r2_gw": -0.017784593613320278,
    "eval_metrics/imp_count_pearson_gw": 0.03516037457822157,
    "eval_metrics/den_pval_pearson_dsf1": 0.20609389709945963,
    "eval_metrics/imp_pval_pearson_gw": 0.14951266611497555,
    "eval_metrics/imp_pval_pearson_1obs": 0.19477577923449674,
    "eval_metrics/den_pval_pearson_1obs": 0.06693113298081842,
    "eval_metrics/den_pval_pearson_gw": 0.20609389709945963,
    "eval_metrics/imp_count_r2_gw": -0.08749062733720787,
    "eval_metrics/den_count_r2_gw": -0.3079242303760605,
    "eval_metrics/imp_pval_spearman_gw": 0.1853434664980508,
    "eval_metrics/den_count_pearson_gw": 0.07949389359553032,
    "eval_metrics/imp_count_spearman_gw": 0.0008223032134643493,
    "eval_metrics/imp_pval_spearman_dsf1": 0.1853434664980508,
    "eval_metrics/den_pval_r2_dsf1": -0.017784593613320278,
    "eval_metrics/imp_pval_spearman_1obs": 0.1861800850881698,
    "eval_metrics/den_peak_auroc_gw": 0.5461784209660749,
    "eval_losses/total_loss": 5.186457850909057,
    "eval_losses/count_obs_loss": 1.1600485985216342,
    "eval_losses/count_imp_loss": 1.8475020054786924,
    "eval_losses/pval_obs_loss": 0.5590886665924796,
    "eval_losses/pval_imp_loss": 0.9549894506436964,
    "eval_losses/peak_obs_loss": 0.6180192028221331,
    "eval_losses/peak_imp_loss": 0.6347610058765563
  }
}
{
  "epoch": 69,
  "training_metadata_probes": {
    "training_metadata_probes/depth_count_ratio": 0.995983362197876,
    "training_metadata_probes/runtype_mse": 0.00010180026583839208,
    "training_metadata_probes/readlen_mse": 7.443283720931504e-06
  }
}
{
  "epoch": 70,
  "eval_prefixed": {
    "eval_metrics/den_pval_spearman_gw": 0.21940682372710416,
    "eval_metrics/imp_pval_r2_1obs": -29.080170793136542,
    "eval_metrics/den_pval_spearman_1obs": 0.08039247081252954,
    "eval_metrics/den_count_spearman_gw": 0.06283150901413097,
    "eval_metrics/imp_pval_pearson_dsf1": 0.16509476490318775,
    "eval_metrics/imp_pval_r2_gw": -0.09842510296815918,
    "eval_metrics/imp_pval_r2_dsf1": -0.09842510296815918,
    "eval_metrics/den_pval_spearman_dsf1": 0.21940682372710416,
    "eval_metrics/den_pval_r2_1obs": -31.084582057853613,
    "eval_metrics/imp_peak_auroc_gw": 0.5011923415193962,
    "eval_metrics/den_pval_r2_gw": -0.0035928063643579935,
    "eval_metrics/imp_count_pearson_gw": 0.04033749989263477,
    "eval_metrics/den_pval_pearson_dsf1": 0.2170821448395911,
    "eval_metrics/imp_pval_pearson_gw": 0.16509476490318775,
    "eval_metrics/imp_pval_pearson_1obs": 0.1710842408476368,
    "eval_metrics/den_pval_pearson_1obs": 0.07751410462476901,
    "eval_metrics/den_pval_pearson_gw": 0.2170821448395911,
    "eval_metrics/imp_count_r2_gw": -0.06945053740309164,
    "eval_metrics/den_count_r2_gw": -0.3362424036182259,
    "eval_metrics/imp_pval_spearman_gw": 0.20510798258912383,
    "eval_metrics/den_count_pearson_gw": 0.079923482391199,
    "eval_metrics/imp_count_spearman_gw": -0.00024701907177230415,
    "eval_metrics/imp_pval_spearman_dsf1": 0.20510798258912383,
    "eval_metrics/den_pval_r2_dsf1": -0.0035928063643579935,
    "eval_metrics/imp_pval_spearman_1obs": 0.16466585573004375,
    "eval_metrics/den_peak_auroc_gw": 0.5515522763517442,
    "eval_losses/total_loss": 5.084412480333795,
    "eval_losses/count_obs_loss": 1.1956959147202342,
    "eval_losses/count_imp_loss": 1.8757824235492282,
    "eval_losses/pval_obs_loss": 0.5300910581228029,
    "eval_losses/pval_imp_loss": 0.8021051323351761,
    "eval_losses/peak_obs_loss": 0.6144938841462135,
    "eval_losses/peak_imp_loss": 0.6324934500550466
  }
}
{
  "epoch": 70,
  "training_metadata_probes": {
    "training_metadata_probes/depth_count_ratio": 0.9960794448852539,
    "training_metadata_probes/runtype_mse": 0.0001615305955056101,
    "training_metadata_probes/readlen_mse": 8.614833859610371e-06
  }
}
{
  "epoch": 71,
  "eval_prefixed": {
    "eval_metrics/den_pval_spearman_gw": 0.2243257632759845,
    "eval_metrics/imp_pval_r2_1obs": -27.106120191314055,
    "eval_metrics/den_pval_spearman_1obs": 0.08560335185983795,
    "eval_metrics/den_count_spearman_gw": 0.062412888340537764,
    "eval_metrics/imp_pval_pearson_dsf1": 0.15678055732259674,
    "eval_metrics/imp_pval_r2_gw": -0.10081373862521134,
    "eval_metrics/imp_pval_r2_dsf1": -0.10081373862521134,
    "eval_metrics/den_pval_spearman_dsf1": 0.2243257632759845,
    "eval_metrics/den_pval_r2_1obs": -24.274813220275337,
    "eval_metrics/imp_peak_auroc_gw": 0.5141456668201407,
    "eval_metrics/den_pval_r2_gw": -0.012854581935827896,
    "eval_metrics/imp_count_pearson_gw": 0.04045074164501524,
    "eval_metrics/den_pval_pearson_dsf1": 0.2143556263886,
    "eval_metrics/imp_pval_pearson_gw": 0.15678055732259674,
    "eval_metrics/imp_pval_pearson_1obs": 0.1714890611705385,
    "eval_metrics/den_pval_pearson_1obs": 0.0860382527921741,
    "eval_metrics/den_pval_pearson_gw": 0.2143556263886,
    "eval_metrics/imp_count_r2_gw": -0.08414155570739329,
    "eval_metrics/den_count_r2_gw": -0.27962046798108164,
    "eval_metrics/imp_pval_spearman_gw": 0.1969753006827616,
    "eval_metrics/den_count_pearson_gw": 0.0794689564270237,
    "eval_metrics/imp_count_spearman_gw": -0.002490974342027276,
    "eval_metrics/imp_pval_spearman_dsf1": 0.1969753006827616,
    "eval_metrics/den_pval_r2_dsf1": -0.012854581935827896,
    "eval_metrics/imp_pval_spearman_1obs": 0.15700988316519784,
    "eval_metrics/den_peak_auroc_gw": 0.5424038621366352,
    "eval_losses/total_loss": 4.996140775970784,
    "eval_losses/count_obs_loss": 1.1504810123067153,
    "eval_losses/count_imp_loss": 1.8811619054703486,
    "eval_losses/pval_obs_loss": 0.4868196786372114,
    "eval_losses/pval_imp_loss": 0.8021000456360597,
    "eval_losses/peak_obs_loss": 0.6133366203621814,
    "eval_losses/peak_imp_loss": 0.6287739745208195
  }
}
{
  "epoch": 71,
  "training_metadata_probes": {
    "training_metadata_probes/depth_count_ratio": 0.9960535168647766,
    "training_metadata_probes/runtype_mse": 0.00023853944730944932,
    "training_metadata_probes/readlen_mse": 1.1862858627864625e-05
  }
}
{
  "epoch": 72,
  "eval_prefixed": {
    "eval_metrics/den_pval_spearman_gw": 0.2232126690522488,
    "eval_metrics/imp_pval_r2_1obs": -20.342786611006723,
    "eval_metrics/den_pval_spearman_1obs": 0.06896463330176722,
    "eval_metrics/den_count_spearman_gw": 0.0617533662008516,
    "eval_metrics/imp_pval_pearson_dsf1": 0.15566814894832315,
    "eval_metrics/imp_pval_r2_gw": -0.1321828896515838,
    "eval_metrics/imp_pval_r2_dsf1": -0.1321828896515838,
    "eval_metrics/den_pval_spearman_dsf1": 0.2232126690522488,
    "eval_metrics/den_pval_r2_1obs": -26.93095987848468,
    "eval_metrics/imp_peak_auroc_gw": 0.5132813501591665,
    "eval_metrics/den_pval_r2_gw": -0.037188916913895906,
    "eval_metrics/imp_count_pearson_gw": 0.03781738018441833,
    "eval_metrics/den_pval_pearson_dsf1": 0.21229162339985028,
    "eval_metrics/imp_pval_pearson_gw": 0.15566814894832315,
    "eval_metrics/imp_pval_pearson_1obs": 0.18360894974893965,
    "eval_metrics/den_pval_pearson_1obs": 0.07339451774513643,
    "eval_metrics/den_pval_pearson_gw": 0.21229162339985028,
    "eval_metrics/imp_count_r2_gw": -0.09442439779292558,
    "eval_metrics/den_count_r2_gw": -0.2750958552143678,
    "eval_metrics/imp_pval_spearman_gw": 0.20688388691103973,
    "eval_metrics/den_count_pearson_gw": 0.08748253467485101,
    "eval_metrics/imp_count_spearman_gw": -0.0010818321725689652,
    "eval_metrics/imp_pval_spearman_dsf1": 0.20688388691103973,
    "eval_metrics/den_pval_r2_dsf1": -0.037188916913895906,
    "eval_metrics/imp_pval_spearman_1obs": 0.175639054138711,
    "eval_metrics/den_peak_auroc_gw": 0.5447511272127357,
    "eval_losses/total_loss": 4.843999842635209,
    "eval_losses/count_obs_loss": 1.1572475198068117,
    "eval_losses/count_imp_loss": 1.8617967811841813,
    "eval_losses/pval_obs_loss": 0.49311947950014945,
    "eval_losses/pval_imp_loss": 0.6269132812610931,
    "eval_losses/peak_obs_loss": 0.6108640001008385,
    "eval_losses/peak_imp_loss": 0.6270110817655684
  }
}
{
  "epoch": 72,
  "training_metadata_probes": {
    "training_metadata_probes/depth_count_ratio": 0.9959959983825684,
    "training_metadata_probes/runtype_mse": 0.00024004830629564822,
    "training_metadata_probes/readlen_mse": 1.21263174150954e-05
  }
}
{
  "epoch": 73,
  "eval_prefixed": {
    "eval_metrics/den_pval_spearman_gw": 0.2219653278221188,
    "eval_metrics/imp_pval_r2_1obs": -36.86589424019857,
    "eval_metrics/den_pval_spearman_1obs": 0.0908911152414148,
    "eval_metrics/den_count_spearman_gw": 0.06250793555960887,
    "eval_metrics/imp_pval_pearson_dsf1": 0.15692498055951937,
    "eval_metrics/imp_pval_r2_gw": -0.0999246583554404,
    "eval_metrics/imp_pval_r2_dsf1": -0.0999246583554404,
    "eval_metrics/den_pval_spearman_dsf1": 0.2219653278221188,
    "eval_metrics/den_pval_r2_1obs": -24.313650277083575,
    "eval_metrics/imp_peak_auroc_gw": 0.511662697938746,
    "eval_metrics/den_pval_r2_gw": -0.0008755128136653712,
    "eval_metrics/imp_count_pearson_gw": 0.04318469196478541,
    "eval_metrics/den_pval_pearson_dsf1": 0.217021078140916,
    "eval_metrics/imp_pval_pearson_gw": 0.15692498055951937,
    "eval_metrics/imp_pval_pearson_1obs": 0.15658394586930555,
    "eval_metrics/den_pval_pearson_1obs": 0.08934581672043637,
    "eval_metrics/den_pval_pearson_gw": 0.217021078140916,
    "eval_metrics/imp_count_r2_gw": -0.08725784429735245,
    "eval_metrics/den_count_r2_gw": -0.30208296235024484,
    "eval_metrics/imp_pval_spearman_gw": 0.19809368657316312,
    "eval_metrics/den_count_pearson_gw": 0.07740581399565072,
    "eval_metrics/imp_count_spearman_gw": 0.006307893932488,
    "eval_metrics/imp_pval_spearman_dsf1": 0.19809368657316312,
    "eval_metrics/den_pval_r2_dsf1": -0.0008755128136653712,
    "eval_metrics/imp_pval_spearman_1obs": 0.14854076977655686,
    "eval_metrics/den_peak_auroc_gw": 0.5514158019663229,
    "eval_losses/total_loss": 4.892636855068543,
    "eval_losses/count_obs_loss": 1.1557284781807347,
    "eval_losses/count_imp_loss": 1.8792205405613733,
    "eval_losses/pval_obs_loss": 0.48800594093412847,
    "eval_losses/pval_imp_loss": 0.6810061158168883,
    "eval_losses/peak_obs_loss": 0.6081309087182346,
    "eval_losses/peak_imp_loss": 0.6254659796517993
  }
}
{
  "epoch": 73,
  "training_metadata_probes": {
    "training_metadata_probes/depth_count_ratio": 0.9961742162704468,
    "training_metadata_probes/runtype_mse": 0.00017523369751870632,
    "training_metadata_probes/readlen_mse": 1.1397390153433662e-05
  }
}
{
  "epoch": 74,
  "eval_prefixed": {
    "eval_metrics/den_pval_spearman_gw": 0.21999711839546413,
    "eval_metrics/imp_pval_r2_1obs": -26.697271295396344,
    "eval_metrics/den_pval_spearman_1obs": 0.08486242308281282,
    "eval_metrics/den_count_spearman_gw": 0.0615286700898641,
    "eval_metrics/imp_pval_pearson_dsf1": 0.17303048551733058,
    "eval_metrics/imp_pval_r2_gw": -0.06972341603731613,
    "eval_metrics/imp_pval_r2_dsf1": -0.06972341603731613,
    "eval_metrics/den_pval_spearman_dsf1": 0.21999711839546413,
    "eval_metrics/den_pval_r2_1obs": -30.41859275017868,
    "eval_metrics/imp_peak_auroc_gw": 0.5218212453671159,
    "eval_metrics/den_pval_r2_gw": -0.003567800120620186,
    "eval_metrics/imp_count_pearson_gw": 0.05336697852974808,
    "eval_metrics/den_pval_pearson_dsf1": 0.21705010646071873,
    "eval_metrics/imp_pval_pearson_gw": 0.17303048551733058,
    "eval_metrics/imp_pval_pearson_1obs": 0.1756155317989252,
    "eval_metrics/den_pval_pearson_1obs": 0.08408375055219758,
    "eval_metrics/den_pval_pearson_gw": 0.21705010646071873,
    "eval_metrics/imp_count_r2_gw": -0.05876801534267194,
    "eval_metrics/den_count_r2_gw": -0.3296272464306468,
    "eval_metrics/imp_pval_spearman_gw": 0.20086803527292257,
    "eval_metrics/den_count_pearson_gw": 0.07855166040845736,
    "eval_metrics/imp_count_spearman_gw": 0.010546485162128045,
    "eval_metrics/imp_pval_spearman_dsf1": 0.20086803527292257,
    "eval_metrics/den_pval_r2_dsf1": -0.003567800120620186,
    "eval_metrics/imp_pval_spearman_1obs": 0.16858196131623993,
    "eval_metrics/den_peak_auroc_gw": 0.5416547348221856,
    "eval_losses/total_loss": 4.860268770513358,
    "eval_losses/count_obs_loss": 1.1898784198259051,
    "eval_losses/count_imp_loss": 1.8677936669379946,
    "eval_losses/pval_obs_loss": 0.48728042707845914,
    "eval_losses/pval_imp_loss": 0.617410718212052,
    "eval_losses/peak_obs_loss": 0.6056607428349947,
    "eval_losses/peak_imp_loss": 0.6240993884820787
  }
}
{
  "epoch": 74,
  "training_metadata_probes": {
    "training_metadata_probes/depth_count_ratio": 0.9962453842163086,
    "training_metadata_probes/runtype_mse": 0.00021536607528105378,
    "training_metadata_probes/readlen_mse": 1.4948944226489402e-05
  }
}
{
  "epoch": 75,
  "eval_prefixed": {
    "eval_metrics/den_pval_spearman_gw": 0.2251382593381265,
    "eval_metrics/imp_pval_r2_1obs": -27.937724579931096,
    "eval_metrics/den_pval_spearman_1obs": 0.0785689917752078,
    "eval_metrics/den_count_spearman_gw": 0.05961785766846268,
    "eval_metrics/imp_pval_pearson_dsf1": 0.17024227211137288,
    "eval_metrics/imp_pval_r2_gw": -0.08214952837997903,
    "eval_metrics/imp_pval_r2_dsf1": -0.08214952837997903,
    "eval_metrics/den_pval_spearman_dsf1": 0.2251382593381265,
    "eval_metrics/den_pval_r2_1obs": -32.613840099947474,
    "eval_metrics/imp_peak_auroc_gw": 0.5172926599470722,
    "eval_metrics/den_pval_r2_gw": -0.019199791540017264,
    "eval_metrics/imp_count_pearson_gw": 0.05037127668869549,
    "eval_metrics/den_pval_pearson_dsf1": 0.22111393863815465,
    "eval_metrics/imp_pval_pearson_gw": 0.17024227211137288,
    "eval_metrics/imp_pval_pearson_1obs": 0.1758720221530114,
    "eval_metrics/den_pval_pearson_1obs": 0.07943626032532561,
    "eval_metrics/den_pval_pearson_gw": 0.22111393863815465,
    "eval_metrics/imp_count_r2_gw": -0.06061095761105371,
    "eval_metrics/den_count_r2_gw": -0.3093005039309815,
    "eval_metrics/imp_pval_spearman_gw": 0.20600510596064506,
    "eval_metrics/den_count_pearson_gw": 0.082217183046324,
    "eval_metrics/imp_count_spearman_gw": 0.008576857396047957,
    "eval_metrics/imp_pval_spearman_dsf1": 0.20600510596064506,
    "eval_metrics/den_pval_r2_dsf1": -0.019199791540017264,
    "eval_metrics/imp_pval_spearman_1obs": 0.15966599424894137,
    "eval_metrics/den_peak_auroc_gw": 0.5443385020495313,
    "eval_losses/total_loss": 4.875637167672577,
    "eval_losses/count_obs_loss": 1.1908070609757775,
    "eval_losses/count_imp_loss": 1.8652950354984827,
    "eval_losses/pval_obs_loss": 0.4887622147798538,
    "eval_losses/pval_imp_loss": 0.6401840960459103,
    "eval_losses/peak_obs_loss": 0.6036269041268449,
    "eval_losses/peak_imp_loss": 0.6219099965833482
  }
}
{
  "epoch": 75,
  "training_metadata_probes": {
    "training_metadata_probes/depth_count_ratio": 0.9963181614875793,
    "training_metadata_probes/runtype_mse": 0.0003075951535720378,
    "training_metadata_probes/readlen_mse": 1.7315986042376608e-05
  }
}
{
  "epoch": 76,
  "eval_prefixed": {
    "eval_metrics/den_pval_spearman_gw": 0.21990452297472446,
    "eval_metrics/imp_pval_r2_1obs": -32.207360062103916,
    "eval_metrics/den_pval_spearman_1obs": 0.08505780004215628,
    "eval_metrics/den_count_spearman_gw": 0.060857824462419795,
    "eval_metrics/imp_pval_pearson_dsf1": 0.16160841230007392,
    "eval_metrics/imp_pval_r2_gw": -0.11063848058115687,
    "eval_metrics/imp_pval_r2_dsf1": -0.11063848058115687,
    "eval_metrics/den_pval_spearman_dsf1": 0.21990452297472446,
    "eval_metrics/den_pval_r2_1obs": -25.557885851093655,
    "eval_metrics/imp_peak_auroc_gw": 0.5206258762630683,
    "eval_metrics/den_pval_r2_gw": -0.009097271037130492,
    "eval_metrics/imp_count_pearson_gw": 0.04307305921443797,
    "eval_metrics/den_pval_pearson_dsf1": 0.21400949088121324,
    "eval_metrics/imp_pval_pearson_gw": 0.16160841230007392,
    "eval_metrics/imp_pval_pearson_1obs": 0.193441820087,
    "eval_metrics/den_pval_pearson_1obs": 0.08618432189043808,
    "eval_metrics/den_pval_pearson_gw": 0.21400949088121324,
    "eval_metrics/imp_count_r2_gw": -0.08465777173516727,
    "eval_metrics/den_count_r2_gw": -0.3429779036501901,
    "eval_metrics/imp_pval_spearman_gw": 0.2068836273327486,
    "eval_metrics/den_count_pearson_gw": 0.07825940523004024,
    "eval_metrics/imp_count_spearman_gw": 0.009415915647759152,
    "eval_metrics/imp_pval_spearman_dsf1": 0.2068836273327486,
    "eval_metrics/den_pval_r2_dsf1": -0.009097271037130492,
    "eval_metrics/imp_pval_spearman_1obs": 0.19348120245562084,
    "eval_metrics/den_peak_auroc_gw": 0.5405983302127852,
    "eval_losses/total_loss": 4.783541364638184,
    "eval_losses/count_obs_loss": 1.1533394346111698,
    "eval_losses/count_imp_loss": 1.8586847337465437,
    "eval_losses/pval_obs_loss": 0.47676429335689663,
    "eval_losses/pval_imp_loss": 0.5991002222789186,
    "eval_losses/peak_obs_loss": 0.6013756170868874,
    "eval_losses/peak_imp_loss": 0.6208930358527198
  }
}
{
  "epoch": 76,
  "training_metadata_probes": {
    "training_metadata_probes/depth_count_ratio": 0.9963438510894775,
    "training_metadata_probes/runtype_mse": 0.00038456881884485483,
    "training_metadata_probes/readlen_mse": 2.0733667042804882e-05
  }
}
{
  "epoch": 77,
  "eval_prefixed": {
    "eval_metrics/den_pval_spearman_gw": 0.22524975182693616,
    "eval_metrics/imp_pval_r2_1obs": -26.12186502176638,
    "eval_metrics/den_pval_spearman_1obs": 0.08680685569274478,
    "eval_metrics/den_count_spearman_gw": 0.06131249047891375,
    "eval_metrics/imp_pval_pearson_dsf1": 0.16726635733530634,
    "eval_metrics/imp_pval_r2_gw": -0.11219191000780526,
    "eval_metrics/imp_pval_r2_dsf1": -0.11219191000780526,
    "eval_metrics/den_pval_spearman_dsf1": 0.22524975182693616,
    "eval_metrics/den_pval_r2_1obs": -23.625360767475417,
    "eval_metrics/imp_peak_auroc_gw": 0.5213337909995871,
    "eval_metrics/den_pval_r2_gw": -0.0056233921240038095,
    "eval_metrics/imp_count_pearson_gw": 0.04579761307705046,
    "eval_metrics/den_pval_pearson_dsf1": 0.22142769843585006,
    "eval_metrics/imp_pval_pearson_gw": 0.16726635733530634,
    "eval_metrics/imp_pval_pearson_1obs": 0.18308771157356363,
    "eval_metrics/den_pval_pearson_1obs": 0.09744194199907054,
    "eval_metrics/den_pval_pearson_gw": 0.22142769843585006,
    "eval_metrics/imp_count_r2_gw": -0.08189992309695261,
    "eval_metrics/den_count_r2_gw": -0.29380508452578785,
    "eval_metrics/imp_pval_spearman_gw": 0.1999433324463473,
    "eval_metrics/den_count_pearson_gw": 0.07971199161118803,
    "eval_metrics/imp_count_spearman_gw": 0.011874808428811837,
    "eval_metrics/imp_pval_spearman_dsf1": 0.1999433324463473,
    "eval_metrics/den_pval_r2_dsf1": -0.0056233921240038095,
    "eval_metrics/imp_pval_spearman_1obs": 0.18181944769536715,
    "eval_metrics/den_peak_auroc_gw": 0.5351353329310795,
    "eval_losses/total_loss": 4.76539305069539,
    "eval_losses/count_obs_loss": 1.158750490922677,
    "eval_losses/count_imp_loss": 1.8482703292180622,
    "eval_losses/pval_obs_loss": 0.4624237580313715,
    "eval_losses/pval_imp_loss": 0.6040099275904516,
    "eval_losses/peak_obs_loss": 0.5995998629613927,
    "eval_losses/peak_imp_loss": 0.617418780449837
  }
}
{
  "epoch": 77,
  "training_metadata_probes": {
    "training_metadata_probes/depth_count_ratio": 0.9964941740036011,
    "training_metadata_probes/runtype_mse": 0.000375068950233981,
    "training_metadata_probes/readlen_mse": 2.1792382540297695e-05
  }
}
{
  "epoch": 78,
  "eval_prefixed": {
    "eval_metrics/den_pval_spearman_gw": 0.22252853904169348,
    "eval_metrics/imp_pval_r2_1obs": -29.644532338351713,
    "eval_metrics/den_pval_spearman_1obs": 0.10745287940693884,
    "eval_metrics/den_count_spearman_gw": 0.061555857364179505,
    "eval_metrics/imp_pval_pearson_dsf1": 0.16211958158583867,
    "eval_metrics/imp_pval_r2_gw": -0.10816052041717834,
    "eval_metrics/imp_pval_r2_dsf1": -0.10816052041717834,
    "eval_metrics/den_pval_spearman_dsf1": 0.22252853904169348,
    "eval_metrics/den_pval_r2_1obs": -30.072484210620825,
    "eval_metrics/imp_peak_auroc_gw": 0.5026678454695002,
    "eval_metrics/den_pval_r2_gw": -0.026351232343000606,
    "eval_metrics/imp_count_pearson_gw": 0.04881554821022003,
    "eval_metrics/den_pval_pearson_dsf1": 0.21734410156740955,
    "eval_metrics/imp_pval_pearson_gw": 0.16211958158583867,
    "eval_metrics/imp_pval_pearson_1obs": 0.18632840651959653,
    "eval_metrics/den_pval_pearson_1obs": 0.1191585099471635,
    "eval_metrics/den_pval_pearson_gw": 0.21734410156740955,
    "eval_metrics/imp_count_r2_gw": -0.07783010186996406,
    "eval_metrics/den_count_r2_gw": -0.28578098973277816,
    "eval_metrics/imp_pval_spearman_gw": 0.1921733365710555,
    "eval_metrics/den_count_pearson_gw": 0.08261798152326312,
    "eval_metrics/imp_count_spearman_gw": 0.01775182279590083,
    "eval_metrics/imp_pval_spearman_dsf1": 0.1921733365710555,
    "eval_metrics/den_pval_r2_dsf1": -0.026351232343000606,
    "eval_metrics/imp_pval_spearman_1obs": 0.17947677693569078,
    "eval_metrics/den_peak_auroc_gw": 0.5340190727677256,
    "eval_losses/total_loss": 4.793779179989973,
    "eval_losses/count_obs_loss": 1.1429198792106228,
    "eval_losses/count_imp_loss": 1.8258612534356495,
    "eval_losses/pval_obs_loss": 0.47410968195732783,
    "eval_losses/pval_imp_loss": 0.6684787952237659,
    "eval_losses/peak_obs_loss": 0.5976545634238344,
    "eval_losses/peak_imp_loss": 0.6169492245193512
  }
}
{
  "epoch": 78,
  "training_metadata_probes": {
    "training_metadata_probes/depth_count_ratio": 0.996442973613739,
    "training_metadata_probes/runtype_mse": 0.00027409347239881754,
    "training_metadata_probes/readlen_mse": 1.859882650023792e-05
  }
}
{
  "epoch": 79,
  "eval_prefixed": {
    "eval_metrics/den_pval_spearman_gw": 0.21920036380874372,
    "eval_metrics/imp_pval_r2_1obs": -32.5315418678608,
    "eval_metrics/den_pval_spearman_1obs": 0.09007440052659395,
    "eval_metrics/den_count_spearman_gw": 0.06253477273238954,
    "eval_metrics/imp_pval_pearson_dsf1": 0.15904926137244774,
    "eval_metrics/imp_pval_r2_gw": -0.08763396435069719,
    "eval_metrics/imp_pval_r2_dsf1": -0.08763396435069719,
    "eval_metrics/den_pval_spearman_dsf1": 0.21920036380874372,
    "eval_metrics/den_pval_r2_1obs": -29.205713923298127,
    "eval_metrics/imp_peak_auroc_gw": 0.529723642822461,
    "eval_metrics/den_pval_r2_gw": -0.016046904783965612,
    "eval_metrics/imp_count_pearson_gw": 0.04480439375072906,
    "eval_metrics/den_pval_pearson_dsf1": 0.21636363290752725,
    "eval_metrics/imp_pval_pearson_gw": 0.15904926137244774,
    "eval_metrics/imp_pval_pearson_1obs": 0.17979335632463472,
    "eval_metrics/den_pval_pearson_1obs": 0.09836883372228936,
    "eval_metrics/den_pval_pearson_gw": 0.21636363290752725,
    "eval_metrics/imp_count_r2_gw": -0.07789584963902536,
    "eval_metrics/den_count_r2_gw": -0.28790723826388936,
    "eval_metrics/imp_pval_spearman_gw": 0.1917106364471757,
    "eval_metrics/den_count_pearson_gw": 0.07882330492200133,
    "eval_metrics/imp_count_spearman_gw": 0.014481651965742501,
    "eval_metrics/imp_pval_spearman_dsf1": 0.1917106364471757,
    "eval_metrics/den_pval_r2_dsf1": -0.016046904783965612,
    "eval_metrics/imp_pval_spearman_1obs": 0.16970891280783099,
    "eval_metrics/den_peak_auroc_gw": 0.5472603216918426,
    "eval_losses/total_loss": 5.072324787680134,
    "eval_losses/count_obs_loss": 1.156796428718065,
    "eval_losses/count_imp_loss": 1.9035676131172785,
    "eval_losses/pval_obs_loss": 0.48539639457655875,
    "eval_losses/pval_imp_loss": 0.9028851910242959,
    "eval_losses/peak_obs_loss": 0.5943051549164873,
    "eval_losses/peak_imp_loss": 0.6145446168051826
  }
}
{
  "epoch": 79,
  "training_metadata_probes": {
    "training_metadata_probes/depth_count_ratio": 0.9965238571166992,
    "training_metadata_probes/runtype_mse": 0.0005161376902833581,
    "training_metadata_probes/readlen_mse": 3.2282419851981103e-05
  }
}
{
  "epoch": 80,
  "eval_prefixed": {
    "eval_metrics/den_pval_spearman_gw": 0.22791761915430298,
    "eval_metrics/imp_pval_r2_1obs": -36.19414288165622,
    "eval_metrics/den_pval_spearman_1obs": 0.06491576662188146,
    "eval_metrics/den_count_spearman_gw": 0.05944772940609594,
    "eval_metrics/imp_pval_pearson_dsf1": 0.17478074568382923,
    "eval_metrics/imp_pval_r2_gw": -0.13026302998844028,
    "eval_metrics/imp_pval_r2_dsf1": -0.13026302998844028,
    "eval_metrics/den_pval_spearman_dsf1": 0.22791761915430298,
    "eval_metrics/den_pval_r2_1obs": -24.02608578204833,
    "eval_metrics/imp_peak_auroc_gw": 0.5407608846824887,
    "eval_metrics/den_pval_r2_gw": -0.03135082743591785,
    "eval_metrics/imp_count_pearson_gw": 0.04839652346812987,
    "eval_metrics/den_pval_pearson_dsf1": 0.22157657526948146,
    "eval_metrics/imp_pval_pearson_gw": 0.17478074568382923,
    "eval_metrics/imp_pval_pearson_1obs": 0.13142313826681365,
    "eval_metrics/den_pval_pearson_1obs": 0.0836668543542098,
    "eval_metrics/den_pval_pearson_gw": 0.22157657526948146,
    "eval_metrics/imp_count_r2_gw": -0.07705130828514367,
    "eval_metrics/den_count_r2_gw": -0.2783964094033293,
    "eval_metrics/imp_pval_spearman_gw": 0.20260005615182386,
    "eval_metrics/den_count_pearson_gw": 0.07590520586496782,
    "eval_metrics/imp_count_spearman_gw": 0.01696536779966139,
    "eval_metrics/imp_pval_spearman_dsf1": 0.20260005615182386,
    "eval_metrics/den_pval_r2_dsf1": -0.03135082743591785,
    "eval_metrics/imp_pval_spearman_1obs": 0.12977293934843312,
    "eval_metrics/den_peak_auroc_gw": 0.5464266485532825,
    "eval_losses/total_loss": 4.870658656698652,
    "eval_losses/count_obs_loss": 1.1503067887143086,
    "eval_losses/count_imp_loss": 1.8688047320123702,
    "eval_losses/pval_obs_loss": 0.47907549844393016,
    "eval_losses/pval_imp_loss": 0.7148474211996746,
    "eval_losses/peak_obs_loss": 0.5921375857372033,
    "eval_losses/peak_imp_loss": 0.6121343161378588
  }
}
{
  "epoch": 80,
  "training_metadata_probes": {
    "training_metadata_probes/depth_count_ratio": 0.996554434299469,
    "training_metadata_probes/runtype_mse": 0.0008574618841521442,
    "training_metadata_probes/readlen_mse": 4.672781506087631e-05
  }
}
{
  "epoch": 81,
  "eval_prefixed": {
    "eval_metrics/den_pval_spearman_gw": 0.22363739180229905,
    "eval_metrics/imp_pval_r2_1obs": -26.925195845334642,
    "eval_metrics/den_pval_spearman_1obs": 0.08059572090121735,
    "eval_metrics/den_count_spearman_gw": 0.05921452061361266,
    "eval_metrics/imp_pval_pearson_dsf1": 0.16469907821599572,
    "eval_metrics/imp_pval_r2_gw": -0.08333486784440952,
    "eval_metrics/imp_pval_r2_dsf1": -0.08333486784440952,
    "eval_metrics/den_pval_spearman_dsf1": 0.22363739180229905,
    "eval_metrics/den_pval_r2_1obs": -32.9049771575032,
    "eval_metrics/imp_peak_auroc_gw": 0.5317750096687645,
    "eval_metrics/den_pval_r2_gw": 0.006826831483267651,
    "eval_metrics/imp_count_pearson_gw": 0.04889143956224582,
    "eval_metrics/den_pval_pearson_dsf1": 0.2275606446017168,
    "eval_metrics/imp_pval_pearson_gw": 0.16469907821599572,
    "eval_metrics/imp_pval_pearson_1obs": 0.18568025054484014,
    "eval_metrics/den_pval_pearson_1obs": 0.10042891947944697,
    "eval_metrics/den_pval_pearson_gw": 0.2275606446017168,
    "eval_metrics/imp_count_r2_gw": -0.07629655519391461,
    "eval_metrics/den_count_r2_gw": -0.2866412795534706,
    "eval_metrics/imp_pval_spearman_gw": 0.1837331199825178,
    "eval_metrics/den_count_pearson_gw": 0.07923782094899491,
    "eval_metrics/imp_count_spearman_gw": 0.01921344291509916,
    "eval_metrics/imp_pval_spearman_dsf1": 0.1837331199825178,
    "eval_metrics/den_pval_r2_dsf1": 0.006826831483267651,
    "eval_metrics/imp_pval_spearman_1obs": 0.17626570549266,
    "eval_metrics/den_peak_auroc_gw": 0.5494186366172139,
    "eval_losses/total_loss": 4.858973568602539,
    "eval_losses/count_obs_loss": 1.164107861487489,
    "eval_losses/count_imp_loss": 1.858436984675271,
    "eval_losses/pval_obs_loss": 0.486549971079895,
    "eval_losses/pval_imp_loss": 0.6908265360047124,
    "eval_losses/peak_obs_loss": 0.5896168006093878,
    "eval_losses/peak_imp_loss": 0.6098018617384018
  }
}
{
  "epoch": 81,
  "training_metadata_probes": {
    "training_metadata_probes/depth_count_ratio": 0.9965989589691162,
    "training_metadata_probes/runtype_mse": 0.0005148184718564153,
    "training_metadata_probes/readlen_mse": 4.1433657315792516e-05
  }
}
{
  "epoch": 82,
  "eval_prefixed": {
    "eval_metrics/den_pval_spearman_gw": 0.22133957939310744,
    "eval_metrics/imp_pval_r2_1obs": -25.494543956499157,
    "eval_metrics/den_pval_spearman_1obs": 0.10306980685388215,
    "eval_metrics/den_count_spearman_gw": 0.06325929495199274,
    "eval_metrics/imp_pval_pearson_dsf1": 0.17670407069344368,
    "eval_metrics/imp_pval_r2_gw": -0.09595050011330541,
    "eval_metrics/imp_pval_r2_dsf1": -0.09595050011330541,
    "eval_metrics/den_pval_spearman_dsf1": 0.22133957939310744,
    "eval_metrics/den_pval_r2_1obs": -18.332553328759523,
    "eval_metrics/imp_peak_auroc_gw": 0.5083604620135651,
    "eval_metrics/den_pval_r2_gw": -0.008102923935904118,
    "eval_metrics/imp_count_pearson_gw": 0.04694444155872574,
    "eval_metrics/den_pval_pearson_dsf1": 0.2224257944494878,
    "eval_metrics/imp_pval_pearson_gw": 0.17670407069344368,
    "eval_metrics/imp_pval_pearson_1obs": 0.20815549274566508,
    "eval_metrics/den_pval_pearson_1obs": 0.11226974912968121,
    "eval_metrics/den_pval_pearson_gw": 0.2224257944494878,
    "eval_metrics/imp_count_r2_gw": -0.06498511055913593,
    "eval_metrics/den_count_r2_gw": -0.27109624090729156,
    "eval_metrics/imp_pval_spearman_gw": 0.18502848173589528,
    "eval_metrics/den_count_pearson_gw": 0.08250926633359325,
    "eval_metrics/imp_count_spearman_gw": 0.02206105699758783,
    "eval_metrics/imp_pval_spearman_dsf1": 0.18502848173589528,
    "eval_metrics/den_pval_r2_dsf1": -0.008102923935904118,
    "eval_metrics/imp_pval_spearman_1obs": 0.19594275923528867,
    "eval_metrics/den_peak_auroc_gw": 0.5450534265930775,
    "eval_losses/total_loss": 4.707231664855499,
    "eval_losses/count_obs_loss": 1.1277173224248385,
    "eval_losses/count_imp_loss": 1.8685642178096469,
    "eval_losses/pval_obs_loss": 0.4253308108094835,
    "eval_losses/pval_imp_loss": 0.6187733628801884,
    "eval_losses/peak_obs_loss": 0.587772935628891,
    "eval_losses/peak_imp_loss": 0.6086498049516527
  }
}
{
  "epoch": 82,
  "training_metadata_probes": {
    "training_metadata_probes/depth_count_ratio": 0.9965552091598511,
    "training_metadata_probes/runtype_mse": 0.0008417965727858245,
    "training_metadata_probes/readlen_mse": 5.930594852543436e-05
  }
}
{
  "epoch": 83,
  "eval_prefixed": {
    "eval_metrics/den_pval_spearman_gw": 0.2221983210665029,
    "eval_metrics/imp_pval_r2_1obs": -30.549111819208346,
    "eval_metrics/den_pval_spearman_1obs": 0.06358326981173971,
    "eval_metrics/den_count_spearman_gw": 0.060446987261010686,
    "eval_metrics/imp_pval_pearson_dsf1": 0.16395539145857568,
    "eval_metrics/imp_pval_r2_gw": -0.12194782543248493,
    "eval_metrics/imp_pval_r2_dsf1": -0.12194782543248493,
    "eval_metrics/den_pval_spearman_dsf1": 0.2221983210665029,
    "eval_metrics/den_pval_r2_1obs": -23.432274772633757,
    "eval_metrics/imp_peak_auroc_gw": 0.5164561948510297,
    "eval_metrics/den_pval_r2_gw": 0.001024014443654534,
    "eval_metrics/imp_count_pearson_gw": 0.04675650055795568,
    "eval_metrics/den_pval_pearson_dsf1": 0.22344703161721363,
    "eval_metrics/imp_pval_pearson_gw": 0.16395539145857568,
    "eval_metrics/imp_pval_pearson_1obs": 0.1708016862837775,
    "eval_metrics/den_pval_pearson_1obs": 0.06905826281045417,
    "eval_metrics/den_pval_pearson_gw": 0.22344703161721363,
    "eval_metrics/imp_count_r2_gw": -0.08273174730728672,
    "eval_metrics/den_count_r2_gw": -0.1977928479975359,
    "eval_metrics/imp_pval_spearman_gw": 0.18632734720566665,
    "eval_metrics/den_count_pearson_gw": 0.08087729240364033,
    "eval_metrics/imp_count_spearman_gw": 0.0207028139029915,
    "eval_metrics/imp_pval_spearman_dsf1": 0.18632734720566665,
    "eval_metrics/den_pval_r2_dsf1": 0.001024014443654534,
    "eval_metrics/imp_pval_spearman_1obs": 0.16295730622998236,
    "eval_metrics/den_peak_auroc_gw": 0.538260637251121,
    "eval_losses/total_loss": 4.981042709874026,
    "eval_losses/count_obs_loss": 1.1468628237121983,
    "eval_losses/count_imp_loss": 1.8735328524831742,
    "eval_losses/pval_obs_loss": 0.4906577556991435,
    "eval_losses/pval_imp_loss": 0.847476090230639,
    "eval_losses/peak_obs_loss": 0.5859008925525766,
    "eval_losses/peak_imp_loss": 0.605645249050761
  }
}
{
  "epoch": 83,
  "training_metadata_probes": {
    "training_metadata_probes/depth_count_ratio": 0.9965388178825378,
    "training_metadata_probes/runtype_mse": 0.0007942984811961651,
    "training_metadata_probes/readlen_mse": 6.978622695896775e-05
  }
}
{
  "epoch": 84,
  "eval_prefixed": {
    "eval_metrics/den_pval_spearman_gw": 0.22059623965476438,
    "eval_metrics/imp_pval_r2_1obs": -32.60086610098058,
    "eval_metrics/den_pval_spearman_1obs": 0.06380747577932146,
    "eval_metrics/den_count_spearman_gw": 0.062385519251167566,
    "eval_metrics/imp_pval_pearson_dsf1": 0.16306198352350973,
    "eval_metrics/imp_pval_r2_gw": -0.10355161207154365,
    "eval_metrics/imp_pval_r2_dsf1": -0.10355161207154365,
    "eval_metrics/den_pval_spearman_dsf1": 0.22059623965476438,
    "eval_metrics/den_pval_r2_1obs": -24.124614853748454,
    "eval_metrics/imp_peak_auroc_gw": 0.5075065466734816,
    "eval_metrics/den_pval_r2_gw": 0.006852905202059129,
    "eval_metrics/imp_count_pearson_gw": 0.05334725040463834,
    "eval_metrics/den_pval_pearson_dsf1": 0.22567502949019208,
    "eval_metrics/imp_pval_pearson_gw": 0.16306198352350973,
    "eval_metrics/imp_pval_pearson_1obs": 0.16996706181597557,
    "eval_metrics/den_pval_pearson_1obs": 0.07956169507049612,
    "eval_metrics/den_pval_pearson_gw": 0.22567502949019208,
    "eval_metrics/imp_count_r2_gw": -0.07467372040593825,
    "eval_metrics/den_count_r2_gw": -0.24081841279572147,
    "eval_metrics/imp_pval_spearman_gw": 0.17072640757970683,
    "eval_metrics/den_count_pearson_gw": 0.08323878394194732,
    "eval_metrics/imp_count_spearman_gw": 0.030757626909710102,
    "eval_metrics/imp_pval_spearman_dsf1": 0.17072640757970683,
    "eval_metrics/den_pval_r2_dsf1": 0.006852905202059129,
    "eval_metrics/imp_pval_spearman_1obs": 0.16799244699243948,
    "eval_metrics/den_peak_auroc_gw": 0.5398017820708892,
    "eval_losses/total_loss": 4.925038557787622,
    "eval_losses/count_obs_loss": 1.1448264647471278,
    "eval_losses/count_imp_loss": 1.8656251931947374,
    "eval_losses/pval_obs_loss": 0.5074053118801921,
    "eval_losses/pval_imp_loss": 0.7738639467085401,
    "eval_losses/peak_obs_loss": 0.5835382299203622,
    "eval_losses/peak_imp_loss": 0.6047078425449038
  }
}
{
  "epoch": 84,
  "training_metadata_probes": {
    "training_metadata_probes/depth_count_ratio": 0.9965887665748596,
    "training_metadata_probes/runtype_mse": 0.0009175650193355978,
    "training_metadata_probes/readlen_mse": 7.410140096908435e-05
  }
}
{
  "epoch": 85,
  "eval_prefixed": {
    "eval_metrics/den_pval_spearman_gw": 0.22117942093349385,
    "eval_metrics/imp_pval_r2_1obs": -18.0845733879103,
    "eval_metrics/den_pval_spearman_1obs": 0.10138109163218272,
    "eval_metrics/den_count_spearman_gw": 0.062238292335094064,
    "eval_metrics/imp_pval_pearson_dsf1": 0.16688440950764788,
    "eval_metrics/imp_pval_r2_gw": -0.12996218927577488,
    "eval_metrics/imp_pval_r2_dsf1": -0.12996218927577488,
    "eval_metrics/den_pval_spearman_dsf1": 0.22117942093349385,
    "eval_metrics/den_pval_r2_1obs": -22.64912614561986,
    "eval_metrics/imp_peak_auroc_gw": 0.49907353171533436,
    "eval_metrics/den_pval_r2_gw": -0.012103642246708835,
    "eval_metrics/imp_count_pearson_gw": 0.052003309205969024,
    "eval_metrics/den_pval_pearson_dsf1": 0.2230713140360374,
    "eval_metrics/imp_pval_pearson_gw": 0.16688440950764788,
    "eval_metrics/imp_pval_pearson_1obs": 0.19611525378884778,
    "eval_metrics/den_pval_pearson_1obs": 0.11972518226493296,
    "eval_metrics/den_pval_pearson_gw": 0.2230713140360374,
    "eval_metrics/imp_count_r2_gw": -0.07436454935777233,
    "eval_metrics/den_count_r2_gw": -0.25719671184837933,
    "eval_metrics/imp_pval_spearman_gw": 0.17701133726567578,
    "eval_metrics/den_count_pearson_gw": 0.0813991572082925,
    "eval_metrics/imp_count_spearman_gw": 0.026369659887948614,
    "eval_metrics/imp_pval_spearman_dsf1": 0.17701133726567578,
    "eval_metrics/den_pval_r2_dsf1": -0.012103642246708835,
    "eval_metrics/imp_pval_spearman_1obs": 0.19163508117514816,
    "eval_metrics/den_peak_auroc_gw": 0.5346055214884798,
    "eval_losses/total_loss": 4.626723400644933,
    "eval_losses/count_obs_loss": 1.140374127187227,
    "eval_losses/count_imp_loss": 1.8290972236603025,
    "eval_losses/pval_obs_loss": 0.4392216888495329,
    "eval_losses/pval_imp_loss": 0.5426974189245984,
    "eval_losses/peak_obs_loss": 0.5813296950961414,
    "eval_losses/peak_imp_loss": 0.6028186844454871
  }
}
{
  "epoch": 85,
  "training_metadata_probes": {
    "training_metadata_probes/depth_count_ratio": 0.9966636896133423,
    "training_metadata_probes/runtype_mse": 0.0013805415946990252,
    "training_metadata_probes/readlen_mse": 0.00010113191092386842
  }
}
{
  "epoch": 86,
  "eval_prefixed": {
    "eval_metrics/den_pval_spearman_gw": 0.2143714793260035,
    "eval_metrics/imp_pval_r2_1obs": -37.00731729138332,
    "eval_metrics/den_pval_spearman_1obs": 0.08897518840653061,
    "eval_metrics/den_count_spearman_gw": 0.06336204084366265,
    "eval_metrics/imp_pval_pearson_dsf1": 0.1601276421209886,
    "eval_metrics/imp_pval_r2_gw": -0.13932668633254372,
    "eval_metrics/imp_pval_r2_dsf1": -0.13932668633254372,
    "eval_metrics/den_pval_spearman_dsf1": 0.2143714793260035,
    "eval_metrics/den_pval_r2_1obs": -23.33806981355673,
    "eval_metrics/imp_peak_auroc_gw": 0.5152048495386725,
    "eval_metrics/den_pval_r2_gw": -0.015406608506422989,
    "eval_metrics/imp_count_pearson_gw": 0.04866226721002484,
    "eval_metrics/den_pval_pearson_dsf1": 0.21822203992326794,
    "eval_metrics/imp_pval_pearson_gw": 0.1601276421209886,
    "eval_metrics/imp_pval_pearson_1obs": 0.18500082061389492,
    "eval_metrics/den_pval_pearson_1obs": 0.10082846397907767,
    "eval_metrics/den_pval_pearson_gw": 0.21822203992326794,
    "eval_metrics/imp_count_r2_gw": -0.09532308559086894,
    "eval_metrics/den_count_r2_gw": -0.2107834808633831,
    "eval_metrics/imp_pval_spearman_gw": 0.1506434468521037,
    "eval_metrics/den_count_pearson_gw": 0.07974611647659913,
    "eval_metrics/imp_count_spearman_gw": 0.03053087963278902,
    "eval_metrics/imp_pval_spearman_dsf1": 0.1506434468521037,
    "eval_metrics/den_pval_r2_dsf1": -0.015406608506422989,
    "eval_metrics/imp_pval_spearman_1obs": 0.1835801484666426,
    "eval_metrics/den_peak_auroc_gw": 0.5307215558898908,
    "eval_losses/total_loss": 5.074391177846241,
    "eval_losses/count_obs_loss": 1.1345560731072175,
    "eval_losses/count_imp_loss": 1.8646535371977186,
    "eval_losses/pval_obs_loss": 0.5113039264167463,
    "eval_losses/pval_imp_loss": 0.9730776330781361,
    "eval_losses/peak_obs_loss": 0.5793498131005388,
    "eval_losses/peak_imp_loss": 0.5993765084043382
  }
}
{
  "epoch": 86,
  "training_metadata_probes": {
    "training_metadata_probes/depth_count_ratio": 0.996701180934906,
    "training_metadata_probes/runtype_mse": 0.001029015751555562,
    "training_metadata_probes/readlen_mse": 9.308833250543103e-05
  }
}
{
  "epoch": 87,
  "eval_prefixed": {
    "eval_metrics/den_pval_spearman_gw": 0.21790699462253213,
    "eval_metrics/imp_pval_r2_1obs": -25.17848368761212,
    "eval_metrics/den_pval_spearman_1obs": 0.07880798218328687,
    "eval_metrics/den_count_spearman_gw": 0.06332713409378597,
    "eval_metrics/imp_pval_pearson_dsf1": 0.1666450513903761,
    "eval_metrics/imp_pval_r2_gw": -0.09007630772052823,
    "eval_metrics/imp_pval_r2_dsf1": -0.09007630772052823,
    "eval_metrics/den_pval_spearman_dsf1": 0.21790699462253213,
    "eval_metrics/den_pval_r2_1obs": -23.30226806851675,
    "eval_metrics/imp_peak_auroc_gw": 0.5148540798747212,
    "eval_metrics/den_pval_r2_gw": 0.008721714948081306,
    "eval_metrics/imp_count_pearson_gw": 0.05515302192962115,
    "eval_metrics/den_pval_pearson_dsf1": 0.2303255217909617,
    "eval_metrics/imp_pval_pearson_gw": 0.1666450513903761,
    "eval_metrics/imp_pval_pearson_1obs": 0.17154355073118552,
    "eval_metrics/den_pval_pearson_1obs": 0.0832319508802979,
    "eval_metrics/den_pval_pearson_gw": 0.2303255217909617,
    "eval_metrics/imp_count_r2_gw": -0.06497926233621268,
    "eval_metrics/den_count_r2_gw": -0.2737855648223433,
    "eval_metrics/imp_pval_spearman_gw": 0.1625522972217027,
    "eval_metrics/den_count_pearson_gw": 0.083344101880321,
    "eval_metrics/imp_count_spearman_gw": 0.03152274163236552,
    "eval_metrics/imp_pval_spearman_dsf1": 0.1625522972217027,
    "eval_metrics/den_pval_r2_dsf1": 0.008721714948081306,
    "eval_metrics/imp_pval_spearman_1obs": 0.15934312337083864,
    "eval_metrics/den_peak_auroc_gw": 0.5501447607224945,
    "eval_losses/total_loss": 4.771273004797925,
    "eval_losses/count_obs_loss": 1.1655596031954414,
    "eval_losses/count_imp_loss": 1.8591073713605366,
    "eval_losses/pval_obs_loss": 0.4691385816733696,
    "eval_losses/pval_imp_loss": 0.6325786807352588,
    "eval_losses/peak_obs_loss": 0.5752763407010781,
    "eval_losses/peak_imp_loss": 0.5981343355443742
  }
}
{
  "epoch": 87,
  "training_metadata_probes": {
    "training_metadata_probes/depth_count_ratio": 0.9968205094337463,
    "training_metadata_probes/runtype_mse": 0.001366742537356913,
    "training_metadata_probes/readlen_mse": 0.00011050675675505772
  }
}
{
  "epoch": 88,
  "eval_prefixed": {
    "eval_metrics/den_pval_spearman_gw": 0.2135746426062944,
    "eval_metrics/imp_pval_r2_1obs": -36.96694667773541,
    "eval_metrics/den_pval_spearman_1obs": 0.07454401587129007,
    "eval_metrics/den_count_spearman_gw": 0.06446902509912973,
    "eval_metrics/imp_pval_pearson_dsf1": 0.17056741877015502,
    "eval_metrics/imp_pval_r2_gw": -0.09605161503064424,
    "eval_metrics/imp_pval_r2_dsf1": -0.09605161503064424,
    "eval_metrics/den_pval_spearman_dsf1": 0.2135746426062944,
    "eval_metrics/den_pval_r2_1obs": -21.068123822582344,
    "eval_metrics/imp_peak_auroc_gw": 0.5285392247569463,
    "eval_metrics/den_pval_r2_gw": -0.028739754003510545,
    "eval_metrics/imp_count_pearson_gw": 0.0588108123668621,
    "eval_metrics/den_pval_pearson_dsf1": 0.21980219735384085,
    "eval_metrics/imp_pval_pearson_gw": 0.17056741877015502,
    "eval_metrics/imp_pval_pearson_1obs": 0.17006043357671136,
    "eval_metrics/den_pval_pearson_1obs": 0.09541604507371391,
    "eval_metrics/den_pval_pearson_gw": 0.21980219735384085,
    "eval_metrics/imp_count_r2_gw": -0.06158078690592926,
    "eval_metrics/den_count_r2_gw": -0.22850208204936032,
    "eval_metrics/imp_pval_spearman_gw": 0.1521144059875499,
    "eval_metrics/den_count_pearson_gw": 0.08020539348434029,
    "eval_metrics/imp_count_spearman_gw": 0.03774545380237679,
    "eval_metrics/imp_pval_spearman_dsf1": 0.1521144059875499,
    "eval_metrics/den_pval_r2_dsf1": -0.028739754003510545,
    "eval_metrics/imp_pval_spearman_1obs": 0.1675080111910349,
    "eval_metrics/den_peak_auroc_gw": 0.5358796387479617,
    "eval_losses/total_loss": 4.8858564278067975,
    "eval_losses/count_obs_loss": 1.1387794315814972,
    "eval_losses/count_imp_loss": 1.8627333234226893,
    "eval_losses/pval_obs_loss": 0.471400131290705,
    "eval_losses/pval_imp_loss": 0.8009891278213925,
    "eval_losses/peak_obs_loss": 0.5743852751819711,
    "eval_losses/peak_imp_loss": 0.594978514171782
  }
}
{
  "epoch": 88,
  "training_metadata_probes": {
    "training_metadata_probes/depth_count_ratio": 0.9967803359031677,
    "training_metadata_probes/runtype_mse": 0.0015197827015072107,
    "training_metadata_probes/readlen_mse": 0.00012682379747275263
  }
}
{
  "epoch": 89,
  "eval_prefixed": {
    "eval_metrics/den_pval_spearman_gw": 0.21525712672561487,
    "eval_metrics/imp_pval_r2_1obs": -29.970231285001596,
    "eval_metrics/den_pval_spearman_1obs": 0.0928799863689697,
    "eval_metrics/den_count_spearman_gw": 0.06560141083995331,
    "eval_metrics/imp_pval_pearson_dsf1": 0.16517585434670012,
    "eval_metrics/imp_pval_r2_gw": -0.11435241828107956,
    "eval_metrics/imp_pval_r2_dsf1": -0.11435241828107956,
    "eval_metrics/den_pval_spearman_dsf1": 0.21525712672561487,
    "eval_metrics/den_pval_r2_1obs": -33.165061727712136,
    "eval_metrics/imp_peak_auroc_gw": 0.5165123037031345,
    "eval_metrics/den_pval_r2_gw": 0.0062080460754544405,
    "eval_metrics/imp_count_pearson_gw": 0.050499670567833596,
    "eval_metrics/den_pval_pearson_dsf1": 0.23158767144808448,
    "eval_metrics/imp_pval_pearson_gw": 0.16517585434670012,
    "eval_metrics/imp_pval_pearson_1obs": 0.20794781640454726,
    "eval_metrics/den_pval_pearson_1obs": 0.1173629512226111,
    "eval_metrics/den_pval_pearson_gw": 0.23158767144808448,
    "eval_metrics/imp_count_r2_gw": -0.07785184608195253,
    "eval_metrics/den_count_r2_gw": -0.2400184466235016,
    "eval_metrics/imp_pval_spearman_gw": 0.1549913841789873,
    "eval_metrics/den_count_pearson_gw": 0.08249691938047028,
    "eval_metrics/imp_count_spearman_gw": 0.03795248629482738,
    "eval_metrics/imp_pval_spearman_dsf1": 0.1549913841789873,
    "eval_metrics/den_pval_r2_dsf1": 0.0062080460754544405,
    "eval_metrics/imp_pval_spearman_1obs": 0.2034894050173558,
    "eval_metrics/den_peak_auroc_gw": 0.540727605383568,
    "eval_losses/total_loss": 4.892568757285756,
    "eval_losses/count_obs_loss": 1.1508045823950517,
    "eval_losses/count_imp_loss": 1.8532184277262007,
    "eval_losses/pval_obs_loss": 0.49084577549518527,
    "eval_losses/pval_imp_loss": 0.7874251680359954,
    "eval_losses/peak_obs_loss": 0.570462084130237,
    "eval_losses/peak_imp_loss": 0.5929227528117952
  }
}
{
  "epoch": 89,
  "training_metadata_probes": {
    "training_metadata_probes/depth_count_ratio": 0.9968022108078003,
    "training_metadata_probes/runtype_mse": 0.0016135025070980191,
    "training_metadata_probes/readlen_mse": 0.00013165533891879022
  }
}
{
  "epoch": 90,
  "eval_prefixed": {
    "eval_metrics/den_pval_spearman_gw": 0.21235376630713004,
    "eval_metrics/imp_pval_r2_1obs": -30.56832890164701,
    "eval_metrics/den_pval_spearman_1obs": 0.06151293438940526,
    "eval_metrics/den_count_spearman_gw": 0.06450480230357786,
    "eval_metrics/imp_pval_pearson_dsf1": 0.17658350384601998,
    "eval_metrics/imp_pval_r2_gw": -0.10721190716273893,
    "eval_metrics/imp_pval_r2_dsf1": -0.10721190716273893,
    "eval_metrics/den_pval_spearman_dsf1": 0.21235376630713004,
    "eval_metrics/den_pval_r2_1obs": -30.282290811110336,
    "eval_metrics/imp_peak_auroc_gw": 0.523897636128187,
    "eval_metrics/den_pval_r2_gw": 0.0056898483938033675,
    "eval_metrics/imp_count_pearson_gw": 0.051848609642807526,
    "eval_metrics/den_pval_pearson_dsf1": 0.23274495000231055,
    "eval_metrics/imp_pval_pearson_gw": 0.17658350384601998,
    "eval_metrics/imp_pval_pearson_1obs": 0.2087737866178421,
    "eval_metrics/den_pval_pearson_1obs": 0.07883182123891617,
    "eval_metrics/den_pval_pearson_gw": 0.23274495000231055,
    "eval_metrics/imp_count_r2_gw": -0.0597267261966907,
    "eval_metrics/den_count_r2_gw": -0.20473904395235212,
    "eval_metrics/imp_pval_spearman_gw": 0.1607291162212972,
    "eval_metrics/den_count_pearson_gw": 0.08345922364854855,
    "eval_metrics/imp_count_spearman_gw": 0.03523802340592209,
    "eval_metrics/imp_pval_spearman_dsf1": 0.1607291162212972,
    "eval_metrics/den_pval_r2_dsf1": 0.0056898483938033675,
    "eval_metrics/imp_pval_spearman_1obs": 0.20195270742920357,
    "eval_metrics/den_peak_auroc_gw": 0.5380203500297545,
    "eval_losses/total_loss": 4.833901669388931,
    "eval_losses/count_obs_loss": 1.1625605492215407,
    "eval_losses/count_imp_loss": 1.8678333248410905,
    "eval_losses/pval_obs_loss": 0.48117216857836437,
    "eval_losses/pval_imp_loss": 0.7045437623820607,
    "eval_losses/peak_obs_loss": 0.5676686485346994,
    "eval_losses/peak_imp_loss": 0.5912740720169885
  }
}
{
  "epoch": 90,
  "training_metadata_probes": {
    "training_metadata_probes/depth_count_ratio": 0.9967400431632996,
    "training_metadata_probes/runtype_mse": 0.0018953048856928945,
    "training_metadata_probes/readlen_mse": 0.00015343967243097723
  }
}
{
  "epoch": 91,
  "eval_prefixed": {
    "eval_metrics/den_pval_spearman_gw": 0.21374404197709518,
    "eval_metrics/imp_pval_r2_1obs": -24.620296255628503,
    "eval_metrics/den_pval_spearman_1obs": 0.08049720027515155,
    "eval_metrics/den_count_spearman_gw": 0.06437801067990793,
    "eval_metrics/imp_pval_pearson_dsf1": 0.1637323218035615,
    "eval_metrics/imp_pval_r2_gw": -0.12181254563966096,
    "eval_metrics/imp_pval_r2_dsf1": -0.12181254563966096,
    "eval_metrics/den_pval_spearman_dsf1": 0.21374404197709518,
    "eval_metrics/den_pval_r2_1obs": -29.139374858217977,
    "eval_metrics/imp_peak_auroc_gw": 0.5262615435339053,
    "eval_metrics/den_pval_r2_gw": -0.0033322953011732555,
    "eval_metrics/imp_count_pearson_gw": 0.05299230769543058,
    "eval_metrics/den_pval_pearson_dsf1": 0.2262265067915187,
    "eval_metrics/imp_pval_pearson_gw": 0.1637323218035615,
    "eval_metrics/imp_pval_pearson_1obs": 0.19954512524788107,
    "eval_metrics/den_pval_pearson_1obs": 0.09599904607564799,
    "eval_metrics/den_pval_pearson_gw": 0.2262265067915187,
    "eval_metrics/imp_count_r2_gw": -0.07574819084039458,
    "eval_metrics/den_count_r2_gw": -0.24774712809554467,
    "eval_metrics/imp_pval_spearman_gw": 0.15579720054602597,
    "eval_metrics/den_count_pearson_gw": 0.0813369950582886,
    "eval_metrics/imp_count_spearman_gw": 0.037183239140486525,
    "eval_metrics/imp_pval_spearman_dsf1": 0.15579720054602597,
    "eval_metrics/den_pval_r2_dsf1": -0.0033322953011732555,
    "eval_metrics/imp_pval_spearman_1obs": 0.18984044378242146,
    "eval_metrics/den_peak_auroc_gw": 0.5400401618962665,
    "eval_losses/total_loss": 4.699584230771793,
    "eval_losses/count_obs_loss": 1.1383636233053709,
    "eval_losses/count_imp_loss": 1.8323155726705278,
    "eval_losses/pval_obs_loss": 0.4548551462698685,
    "eval_losses/pval_imp_loss": 0.6432365565782502,
    "eval_losses/peak_obs_loss": 0.5660650169378832,
    "eval_losses/peak_imp_loss": 0.5889372955712061
  }
}
{
  "epoch": 91,
  "training_metadata_probes": {
    "training_metadata_probes/depth_count_ratio": 0.9967122673988342,
    "training_metadata_probes/runtype_mse": 0.0017347970278933644,
    "training_metadata_probes/readlen_mse": 0.0001552674948470667
  }
}
{
  "epoch": 92,
  "eval_prefixed": {
    "eval_metrics/den_pval_spearman_gw": 0.20977626509242925,
    "eval_metrics/imp_pval_r2_1obs": -25.049325464467174,
    "eval_metrics/den_pval_spearman_1obs": 0.08923952784614748,
    "eval_metrics/den_count_spearman_gw": 0.0653587200081051,
    "eval_metrics/imp_pval_pearson_dsf1": 0.1562891894626239,
    "eval_metrics/imp_pval_r2_gw": -0.12016696558983485,
    "eval_metrics/imp_pval_r2_dsf1": -0.12016696558983485,
    "eval_metrics/den_pval_spearman_dsf1": 0.20977626509242925,
    "eval_metrics/den_pval_r2_1obs": -31.84048449883125,
    "eval_metrics/imp_peak_auroc_gw": 0.5166625152861233,
    "eval_metrics/den_pval_r2_gw": 0.0001730714987623105,
    "eval_metrics/imp_count_pearson_gw": 0.05496091175986554,
    "eval_metrics/den_pval_pearson_dsf1": 0.2266560395579099,
    "eval_metrics/imp_pval_pearson_gw": 0.1562891894626239,
    "eval_metrics/imp_pval_pearson_1obs": 0.16646116295097663,
    "eval_metrics/den_pval_pearson_1obs": 0.09902236000696,
    "eval_metrics/den_pval_pearson_gw": 0.2266560395579099,
    "eval_metrics/imp_count_r2_gw": -0.0687204075802473,
    "eval_metrics/den_count_r2_gw": -0.2533664752779535,
    "eval_metrics/imp_pval_spearman_gw": 0.14728477273430307,
    "eval_metrics/den_count_pearson_gw": 0.07915403584545282,
    "eval_metrics/imp_count_spearman_gw": 0.034581431041688045,
    "eval_metrics/imp_pval_spearman_dsf1": 0.14728477273430307,
    "eval_metrics/den_pval_r2_dsf1": 0.0001730714987623105,
    "eval_metrics/imp_pval_spearman_1obs": 0.1608326763422369,
    "eval_metrics/den_peak_auroc_gw": 0.549782243762457,
    "eval_losses/total_loss": 4.992168774022598,
    "eval_losses/count_obs_loss": 1.1640256525654542,
    "eval_losses/count_imp_loss": 1.8383084440988207,
    "eval_losses/pval_obs_loss": 0.5043595288726991,
    "eval_losses/pval_imp_loss": 0.9051171198472499,
    "eval_losses/peak_obs_loss": 0.5621115859401854,
    "eval_losses/peak_imp_loss": 0.588115269466052
  }
}
{
  "epoch": 92,
  "training_metadata_probes": {
    "training_metadata_probes/depth_count_ratio": 0.9968089461326599,
    "training_metadata_probes/runtype_mse": 0.0016593794571235776,
    "training_metadata_probes/readlen_mse": 0.00015170553524512798
  }
}
{
  "epoch": 93,
  "eval_prefixed": {
    "eval_metrics/den_pval_spearman_gw": 0.20653783257610817,
    "eval_metrics/imp_pval_r2_1obs": -27.529736175794095,
    "eval_metrics/den_pval_spearman_1obs": 0.09782564935896877,
    "eval_metrics/den_count_spearman_gw": 0.06578460094049234,
    "eval_metrics/imp_pval_pearson_dsf1": 0.16854045441002763,
    "eval_metrics/imp_pval_r2_gw": -0.10387406733211113,
    "eval_metrics/imp_pval_r2_dsf1": -0.10387406733211113,
    "eval_metrics/den_pval_spearman_dsf1": 0.20653783257610817,
    "eval_metrics/den_pval_r2_1obs": -24.151605997331913,
    "eval_metrics/imp_peak_auroc_gw": 0.5094779995728199,
    "eval_metrics/den_pval_r2_gw": 0.007403066984374192,
    "eval_metrics/imp_count_pearson_gw": 0.053012698843968024,
    "eval_metrics/den_pval_pearson_dsf1": 0.226209009262292,
    "eval_metrics/imp_pval_pearson_gw": 0.16854045441002763,
    "eval_metrics/imp_pval_pearson_1obs": 0.19574141644665766,
    "eval_metrics/den_pval_pearson_1obs": 0.11174096051170061,
    "eval_metrics/den_pval_pearson_gw": 0.226209009262292,
    "eval_metrics/imp_count_r2_gw": -0.07675091969998518,
    "eval_metrics/den_count_r2_gw": -0.24685788096316333,
    "eval_metrics/imp_pval_spearman_gw": 0.14111526825789633,
    "eval_metrics/den_count_pearson_gw": 0.08287588603017962,
    "eval_metrics/imp_count_spearman_gw": 0.03898672161974404,
    "eval_metrics/imp_pval_spearman_dsf1": 0.14111526825789633,
    "eval_metrics/den_pval_r2_dsf1": 0.007403066984374192,
    "eval_metrics/imp_pval_spearman_1obs": 0.18005594866684976,
    "eval_metrics/den_peak_auroc_gw": 0.5415948197410771,
    "eval_losses/total_loss": 5.2138681392463075,
    "eval_losses/count_obs_loss": 1.1456684532918429,
    "eval_losses/count_imp_loss": 1.8972984429389712,
    "eval_losses/pval_obs_loss": 0.5263561491053799,
    "eval_losses/pval_imp_loss": 1.1122445556379499,
    "eval_losses/peak_obs_loss": 0.5609280714078954,
    "eval_losses/peak_imp_loss": 0.5864820073521326
  }
}
{
  "epoch": 93,
  "training_metadata_probes": {
    "training_metadata_probes/depth_count_ratio": 0.9969732761383057,
    "training_metadata_probes/runtype_mse": 0.0015099827433004975,
    "training_metadata_probes/readlen_mse": 0.00015884648018982261
  }
}
slurmstepd: error: *** JOB 37341545 ON fc10909 CANCELLED AT 2026-04-26T05:48:32 DUE TO TIME LIMIT ***
