/project/6014832/mforooz/EpiDenoise/candi_venv/lib/python3.10/site-packages/pydantic/_internal/_generate_schema.py:2249: UnsupportedFieldAttributeWarning: The 'repr' attribute with value False was provided to the `Field()` function, which has no effect in the context it was used. 'repr' is field-specific metadata, and can only be attached to a model field using `Annotated` metadata or by assignment. This may have happened because an `Annotated` type alias using the `type` statement was used, or if the `Field()` function was attached to a single member of a union type.
  warnings.warn(
/project/6014832/mforooz/EpiDenoise/candi_venv/lib/python3.10/site-packages/pydantic/_internal/_generate_schema.py:2249: UnsupportedFieldAttributeWarning: The 'frozen' attribute with value True was provided to the `Field()` function, which has no effect in the context it was used. 'frozen' is field-specific metadata, and can only be attached to a model field using `Annotated` metadata or by assignment. This may have happened because an `Annotated` type alias using the `type` statement was used, or if the `Field()` function was attached to a single member of a union type.
  warnings.warn(
wandb: Currently logged in as: mforooz (mforoozz) to https://api.wandb.ai. Use `wandb login --relogin` to force relogin
wandb: WARNING Changes to your `wandb` environment variables will be ignored because your `wandb` session has already started. For more information on how to modify your settings with `wandb.init()` arguments, please refer to https://wandb.me/wandb-init.
wandb: creating run
wandb: Tracking run with wandb version 0.21.2
wandb: Run data is saved locally in /project/6014832/mforooz/EpiDenoise/wandb/run-20260426_024511-r9zqd0es
wandb: Run `wandb offline` to turn off syncing.
wandb: Syncing run baseline_clip_value_type1
wandb: ⭐️ View project at https://wandb.ai/mforoozz/candi_sandbox
wandb: 🚀 View run at https://wandb.ai/mforoozz/candi_sandbox/runs/r9zqd0es
[sandbox] Loaded canonical metadata for 8 assay types from data/eic_metadata.csv
{
  "epoch": 0,
  "eval_prefixed": {
    "eval_metrics/den_pval_pearson_1obs": -0.03334246519539432,
    "eval_metrics/den_count_r2_gw": -0.05469857153595849,
    "eval_metrics/imp_pval_spearman_gw": -0.010239059343819433,
    "eval_metrics/den_count_spearman_gw": 0.017346766610589922,
    "eval_metrics/imp_pval_spearman_1obs": -0.0023155003164572964,
    "eval_metrics/imp_peak_auroc_gw": 0.44802203899568693,
    "eval_metrics/den_pval_spearman_gw": -0.015784822793880337,
    "eval_metrics/imp_count_spearman_gw": -0.03754869895049843,
    "eval_metrics/imp_count_r2_gw": -0.17360851045676695,
    "eval_metrics/imp_pval_spearman_dsf1": -0.010239059343819433,
    "eval_metrics/den_pval_pearson_gw": -0.012505279763564957,
    "eval_metrics/imp_pval_r2_1obs": -25.79637648092811,
    "eval_metrics/den_pval_pearson_dsf1": -0.012505279763564957,
    "eval_metrics/imp_pval_pearson_gw": 9.684943483628717e-05,
    "eval_metrics/den_pval_spearman_dsf1": -0.015784822793880337,
    "eval_metrics/den_count_pearson_gw": -0.004728419122617005,
    "eval_metrics/den_peak_auroc_gw": 0.45489261447034873,
    "eval_metrics/imp_pval_pearson_dsf1": 9.684943483628717e-05,
    "eval_metrics/imp_pval_r2_dsf1": -1.654508700745454,
    "eval_metrics/den_pval_spearman_1obs": 0.0025809699374970546,
    "eval_metrics/imp_pval_r2_gw": -1.654508700745454,
    "eval_metrics/den_pval_r2_dsf1": -1.4046393917324433,
    "eval_metrics/den_pval_r2_gw": -1.4046393917324433,
    "eval_metrics/imp_count_pearson_gw": -0.016969688169959387,
    "eval_metrics/den_pval_r2_1obs": -30.301642589498975,
    "eval_metrics/imp_pval_pearson_1obs": 0.004255613427140195,
    "eval_losses/total_loss": 6.799798185495954,
    "eval_losses/count_obs_loss": 1.4427570708488162,
    "eval_losses/count_imp_loss": 2.3389793833096824,
    "eval_losses/pval_obs_loss": 1.1724134448327517,
    "eval_losses/pval_imp_loss": 1.1650747893348572,
    "eval_losses/peak_obs_loss": 0.6980407371332771,
    "eval_losses/peak_imp_loss": 0.7019872064628299
  }
}
{
  "epoch": 0,
  "training_metadata_probes": {
    "training_metadata_probes/depth_count_ratio": 0.9908456206321716,
    "training_metadata_probes/runtype_mse": 1.6008623759944385e-08,
    "training_metadata_probes/readlen_mse": 6.235668337239986e-08
  }
}
{
  "epoch": 1,
  "eval_prefixed": {
    "eval_metrics/den_pval_pearson_1obs": -0.02712098889644135,
    "eval_metrics/den_count_r2_gw": -0.05053142822006945,
    "eval_metrics/imp_pval_spearman_gw": -0.0022180949344167856,
    "eval_metrics/den_count_spearman_gw": 0.02260267144467647,
    "eval_metrics/imp_pval_spearman_1obs": -0.0004834178981855809,
    "eval_metrics/imp_peak_auroc_gw": 0.4448976604171549,
    "eval_metrics/den_pval_spearman_gw": -0.004040383006138767,
    "eval_metrics/imp_count_spearman_gw": -0.04668321722049089,
    "eval_metrics/imp_count_r2_gw": -0.15349224690301894,
    "eval_metrics/imp_pval_spearman_dsf1": -0.0022180949344167856,
    "eval_metrics/den_pval_pearson_gw": -0.0015257235787239072,
    "eval_metrics/imp_pval_r2_1obs": -28.081255855878826,
    "eval_metrics/den_pval_pearson_dsf1": -0.0015257235787239072,
    "eval_metrics/imp_pval_pearson_gw": 0.005312036623183848,
    "eval_metrics/den_pval_spearman_dsf1": -0.004040383006138767,
    "eval_metrics/den_count_pearson_gw": 0.011170805279107299,
    "eval_metrics/den_peak_auroc_gw": 0.4697861163253131,
    "eval_metrics/imp_pval_pearson_dsf1": 0.005312036623183848,
    "eval_metrics/imp_pval_r2_dsf1": -1.5731634142397173,
    "eval_metrics/den_pval_spearman_1obs": -0.004118085540034472,
    "eval_metrics/imp_pval_r2_gw": -1.5731634142397173,
    "eval_metrics/den_pval_r2_dsf1": -1.4500414208299148,
    "eval_metrics/den_pval_r2_gw": -1.4500414208299148,
    "eval_metrics/imp_count_pearson_gw": -0.021392113050549395,
    "eval_metrics/den_pval_r2_1obs": -25.017884817417478,
    "eval_metrics/imp_pval_pearson_1obs": 0.01679010000837494,
    "eval_losses/total_loss": 6.521289287036971,
    "eval_losses/count_obs_loss": 1.3695890079987676,
    "eval_losses/count_imp_loss": 2.125070169804588,
    "eval_losses/pval_obs_loss": 1.1587490031593723,
    "eval_losses/pval_imp_loss": 1.1609516124876718,
    "eval_losses/peak_obs_loss": 0.6935068706148549,
    "eval_losses/peak_imp_loss": 0.6942603573912666
  }
}
{
  "epoch": 1,
  "training_metadata_probes": {
    "training_metadata_probes/depth_count_ratio": 0.9912453889846802,
    "training_metadata_probes/runtype_mse": 6.253051765270357e-08,
    "training_metadata_probes/readlen_mse": 4.915025897389569e-07
  }
}
{
  "epoch": 2,
  "eval_prefixed": {
    "eval_metrics/den_pval_pearson_1obs": -0.0246421912689632,
    "eval_metrics/den_count_r2_gw": -0.057276479689996634,
    "eval_metrics/imp_pval_spearman_gw": 0.015231427371956804,
    "eval_metrics/den_count_spearman_gw": 0.038947930358822866,
    "eval_metrics/imp_pval_spearman_1obs": 0.004380389716234301,
    "eval_metrics/imp_peak_auroc_gw": 0.42512226081917165,
    "eval_metrics/den_pval_spearman_gw": 0.01230719316313179,
    "eval_metrics/imp_count_spearman_gw": -0.04245625908942427,
    "eval_metrics/imp_count_r2_gw": -0.12966512234672853,
    "eval_metrics/imp_pval_spearman_dsf1": 0.015231427371956804,
    "eval_metrics/den_pval_pearson_gw": 0.005961628105739548,
    "eval_metrics/imp_pval_r2_1obs": -25.20383343839296,
    "eval_metrics/den_pval_pearson_dsf1": 0.005961628105739548,
    "eval_metrics/imp_pval_pearson_gw": 0.007356989374192568,
    "eval_metrics/den_pval_spearman_dsf1": 0.01230719316313179,
    "eval_metrics/den_count_pearson_gw": 0.02777131447491181,
    "eval_metrics/den_peak_auroc_gw": 0.49150521165108724,
    "eval_metrics/imp_pval_pearson_dsf1": 0.007356989374192568,
    "eval_metrics/imp_pval_r2_dsf1": -1.6868786667146527,
    "eval_metrics/den_pval_spearman_1obs": -0.010502759655630554,
    "eval_metrics/imp_pval_r2_gw": -1.6868786667146527,
    "eval_metrics/den_pval_r2_dsf1": -1.3410767249572364,
    "eval_metrics/den_pval_r2_gw": -1.3410767249572364,
    "eval_metrics/imp_count_pearson_gw": -0.016796266832869382,
    "eval_metrics/den_pval_r2_1obs": -20.44285555557584,
    "eval_metrics/imp_pval_pearson_1obs": 0.01871323557191765,
    "eval_losses/total_loss": 6.536444038152695,
    "eval_losses/count_obs_loss": 1.3077413510335119,
    "eval_losses/count_imp_loss": 2.246836386975788,
    "eval_losses/pval_obs_loss": 1.1480598873213719,
    "eval_losses/pval_imp_loss": 1.1522091816342066,
    "eval_losses/peak_obs_loss": 0.6921180251397585,
    "eval_losses/peak_imp_loss": 0.6886986039933705
  }
}
{
  "epoch": 2,
  "training_metadata_probes": {
    "training_metadata_probes/depth_count_ratio": 0.9914945363998413,
    "training_metadata_probes/runtype_mse": 5.070047564004199e-07,
    "training_metadata_probes/readlen_mse": 1.0042982694358216e-06
  }
}
{
  "epoch": 3,
  "eval_prefixed": {
    "eval_metrics/den_pval_pearson_1obs": -0.027604037794701167,
    "eval_metrics/den_count_r2_gw": -0.08063180698958816,
    "eval_metrics/imp_pval_spearman_gw": 0.03328813585404468,
    "eval_metrics/den_count_spearman_gw": 0.04051575678269398,
    "eval_metrics/imp_pval_spearman_1obs": -0.005634245029271089,
    "eval_metrics/imp_peak_auroc_gw": 0.4359312430135956,
    "eval_metrics/den_pval_spearman_gw": 0.02932883603643062,
    "eval_metrics/imp_count_spearman_gw": -0.022932011986085254,
    "eval_metrics/imp_count_r2_gw": -0.09404900427921072,
    "eval_metrics/imp_pval_spearman_dsf1": 0.03328813585404468,
    "eval_metrics/den_pval_pearson_gw": 0.008005637551449533,
    "eval_metrics/imp_pval_r2_1obs": -19.74379908835128,
    "eval_metrics/den_pval_pearson_dsf1": 0.008005637551449533,
    "eval_metrics/imp_pval_pearson_gw": 0.005902131871571617,
    "eval_metrics/den_pval_spearman_dsf1": 0.02932883603643062,
    "eval_metrics/den_count_pearson_gw": 0.03852703658355351,
    "eval_metrics/den_peak_auroc_gw": 0.48998695129434133,
    "eval_metrics/imp_pval_pearson_dsf1": 0.005902131871571617,
    "eval_metrics/imp_pval_r2_dsf1": -1.5278737264459545,
    "eval_metrics/den_pval_spearman_1obs": -0.01393963420553733,
    "eval_metrics/imp_pval_r2_gw": -1.5278737264459545,
    "eval_metrics/den_pval_r2_dsf1": -1.334306884481134,
    "eval_metrics/den_pval_r2_gw": -1.334306884481134,
    "eval_metrics/imp_count_pearson_gw": -0.005462132883838508,
    "eval_metrics/den_pval_r2_1obs": -25.85125274826961,
    "eval_metrics/imp_pval_pearson_1obs": 0.0129257391785763,
    "eval_losses/total_loss": 6.32507360059964,
    "eval_losses/count_obs_loss": 1.273701277218367,
    "eval_losses/count_imp_loss": 2.066989166396005,
    "eval_losses/pval_obs_loss": 1.1343045297421908,
    "eval_losses/pval_imp_loss": 1.1366869059820024,
    "eval_losses/peak_obs_loss": 0.6921946963197306,
    "eval_losses/peak_imp_loss": 0.6866470291501
  }
}
{
  "epoch": 3,
  "training_metadata_probes": {
    "training_metadata_probes/depth_count_ratio": 0.9916388392448425,
    "training_metadata_probes/runtype_mse": 2.0344418771856e-06,
    "training_metadata_probes/readlen_mse": 1.6363244412787026e-06
  }
}
{
  "epoch": 4,
  "eval_prefixed": {
    "eval_metrics/den_pval_pearson_1obs": -0.016590196821581277,
    "eval_metrics/den_count_r2_gw": -0.1092937397526283,
    "eval_metrics/imp_pval_spearman_gw": 0.04287637333746654,
    "eval_metrics/den_count_spearman_gw": 0.03663347213290371,
    "eval_metrics/imp_pval_spearman_1obs": -0.0028315713625701234,
    "eval_metrics/imp_peak_auroc_gw": 0.4490419143472612,
    "eval_metrics/den_pval_spearman_gw": 0.0377591631846072,
    "eval_metrics/imp_count_spearman_gw": -0.0162430454877529,
    "eval_metrics/imp_count_r2_gw": -0.08779846033139078,
    "eval_metrics/imp_pval_spearman_dsf1": 0.04287637333746654,
    "eval_metrics/den_pval_pearson_gw": 0.010868198211507038,
    "eval_metrics/imp_pval_r2_1obs": -23.94462165070004,
    "eval_metrics/den_pval_pearson_dsf1": 0.010868198211507038,
    "eval_metrics/imp_pval_pearson_gw": 0.008096715878295187,
    "eval_metrics/den_pval_spearman_dsf1": 0.0377591631846072,
    "eval_metrics/den_count_pearson_gw": 0.04283212270514157,
    "eval_metrics/den_peak_auroc_gw": 0.5047163262121348,
    "eval_metrics/imp_pval_pearson_dsf1": 0.008096715878295187,
    "eval_metrics/imp_pval_r2_dsf1": -1.418550735361515,
    "eval_metrics/den_pval_spearman_1obs": -0.016496762967568853,
    "eval_metrics/imp_pval_r2_gw": -1.418550735361515,
    "eval_metrics/den_pval_r2_dsf1": -1.2021929858817133,
    "eval_metrics/den_pval_r2_gw": -1.2021929858817133,
    "eval_metrics/imp_count_pearson_gw": 0.0005369154306887169,
    "eval_metrics/den_pval_r2_1obs": -25.089960890596593,
    "eval_metrics/imp_pval_pearson_1obs": 0.01205638828336276,
    "eval_losses/total_loss": 6.207296117355949,
    "eval_losses/count_obs_loss": 1.2918229024661214,
    "eval_losses/count_imp_loss": 1.9316577835688515,
    "eval_losses/pval_obs_loss": 1.1243366693195544,
    "eval_losses/pval_imp_loss": 1.120306370750306,
    "eval_losses/peak_obs_loss": 0.6922525245892374,
    "eval_losses/peak_imp_loss": 0.6863721249595521
  }
}
{
  "epoch": 4,
  "training_metadata_probes": {
    "training_metadata_probes/depth_count_ratio": 0.9917983412742615,
    "training_metadata_probes/runtype_mse": 4.777788490173407e-06,
    "training_metadata_probes/readlen_mse": 2.839173248503357e-06
  }
}
{
  "epoch": 5,
  "eval_prefixed": {
    "eval_metrics/den_pval_pearson_1obs": -0.01003456239739439,
    "eval_metrics/den_count_r2_gw": -0.1066566676307481,
    "eval_metrics/imp_pval_spearman_gw": 0.036128433241019206,
    "eval_metrics/den_count_spearman_gw": 0.03871363739616944,
    "eval_metrics/imp_pval_spearman_1obs": 0.02392134724943257,
    "eval_metrics/imp_peak_auroc_gw": 0.44143622670864724,
    "eval_metrics/den_pval_spearman_gw": 0.04576977272827151,
    "eval_metrics/imp_count_spearman_gw": -0.01773424542444767,
    "eval_metrics/imp_count_r2_gw": -0.10604220542006348,
    "eval_metrics/imp_pval_spearman_dsf1": 0.036128433241019206,
    "eval_metrics/den_pval_pearson_gw": 0.017261081804774318,
    "eval_metrics/imp_pval_r2_1obs": -18.190967305523152,
    "eval_metrics/den_pval_pearson_dsf1": 0.017261081804774318,
    "eval_metrics/imp_pval_pearson_gw": 0.010851458829757387,
    "eval_metrics/den_pval_spearman_dsf1": 0.04576977272827151,
    "eval_metrics/den_count_pearson_gw": 0.05059189391690061,
    "eval_metrics/den_peak_auroc_gw": 0.527525552779551,
    "eval_metrics/imp_pval_pearson_dsf1": 0.010851458829757387,
    "eval_metrics/imp_pval_r2_dsf1": -1.3707898109399328,
    "eval_metrics/den_pval_spearman_1obs": -0.018762752479230285,
    "eval_metrics/imp_pval_r2_gw": -1.3707898109399328,
    "eval_metrics/den_pval_r2_dsf1": -1.0377306639476294,
    "eval_metrics/den_pval_r2_gw": -1.0377306639476294,
    "eval_metrics/imp_count_pearson_gw": 0.005047188929951055,
    "eval_metrics/den_pval_r2_1obs": -25.187778589697032,
    "eval_metrics/imp_pval_pearson_1obs": 0.028835683748761696,
    "eval_losses/total_loss": 6.096554866746852,
    "eval_losses/count_obs_loss": 1.25851876327866,
    "eval_losses/count_imp_loss": 1.9389553666114807,
    "eval_losses/pval_obs_loss": 1.0759789959380501,
    "eval_losses/pval_imp_loss": 1.0760374277357072,
    "eval_losses/peak_obs_loss": 0.6928304849486602,
    "eval_losses/peak_imp_loss": 0.687566305909838
  }
}
{
  "epoch": 5,
  "training_metadata_probes": {
    "training_metadata_probes/depth_count_ratio": 0.992554247379303,
    "training_metadata_probes/runtype_mse": 2.153542300220579e-05,
    "training_metadata_probes/readlen_mse": 1.909754018925014e-06
  }
}
{
  "epoch": 6,
  "eval_prefixed": {
    "eval_metrics/den_pval_pearson_1obs": -0.00860244505747687,
    "eval_metrics/den_count_r2_gw": -0.13262538497758916,
    "eval_metrics/imp_pval_spearman_gw": 0.03207670438888214,
    "eval_metrics/den_count_spearman_gw": 0.0396024179322394,
    "eval_metrics/imp_pval_spearman_1obs": 0.025761378261519422,
    "eval_metrics/imp_peak_auroc_gw": 0.4433811429727329,
    "eval_metrics/den_pval_spearman_gw": 0.05484318813199481,
    "eval_metrics/imp_count_spearman_gw": -0.01983189785226276,
    "eval_metrics/imp_count_r2_gw": -0.09528534950597167,
    "eval_metrics/imp_pval_spearman_dsf1": 0.03207670438888214,
    "eval_metrics/den_pval_pearson_gw": 0.021034062061899977,
    "eval_metrics/imp_pval_r2_1obs": -14.336422543695448,
    "eval_metrics/den_pval_pearson_dsf1": 0.021034062061899977,
    "eval_metrics/imp_pval_pearson_gw": 0.009104351964428105,
    "eval_metrics/den_pval_spearman_dsf1": 0.05484318813199481,
    "eval_metrics/den_count_pearson_gw": 0.05197022763987709,
    "eval_metrics/den_peak_auroc_gw": 0.5305514357941773,
    "eval_metrics/imp_pval_pearson_dsf1": 0.009104351964428105,
    "eval_metrics/imp_pval_r2_dsf1": -1.53371273567761,
    "eval_metrics/den_pval_spearman_1obs": -0.02139167726394414,
    "eval_metrics/imp_pval_r2_gw": -1.53371273567761,
    "eval_metrics/den_pval_r2_dsf1": -1.0017463275497431,
    "eval_metrics/den_pval_r2_gw": -1.0017463275497431,
    "eval_metrics/imp_count_pearson_gw": 0.0075361537150572065,
    "eval_metrics/den_pval_r2_1obs": -24.373571161451643,
    "eval_metrics/imp_pval_pearson_1obs": 0.021275633765894565,
    "eval_losses/total_loss": 5.991279789491704,
    "eval_losses/count_obs_loss": 1.2665348162776546,
    "eval_losses/count_imp_loss": 1.8635471671346635,
    "eval_losses/pval_obs_loss": 1.0622853534786325,
    "eval_losses/pval_imp_loss": 1.0298955648664445,
    "eval_losses/peak_obs_loss": 0.6933118301002603,
    "eval_losses/peak_imp_loss": 0.6883863475587633
  }
}
{
  "epoch": 6,
  "training_metadata_probes": {
    "training_metadata_probes/depth_count_ratio": 0.9940599203109741,
    "training_metadata_probes/runtype_mse": 2.5967716283048503e-05,
    "training_metadata_probes/readlen_mse": 8.64539345002413e-07
  }
}
{
  "epoch": 7,
  "eval_prefixed": {
    "eval_metrics/den_pval_pearson_1obs": -0.007625108330103103,
    "eval_metrics/den_count_r2_gw": -0.15025873476262597,
    "eval_metrics/imp_pval_spearman_gw": 0.01492922765194943,
    "eval_metrics/den_count_spearman_gw": 0.03946566217665194,
    "eval_metrics/imp_pval_spearman_1obs": 0.023817325841215185,
    "eval_metrics/imp_peak_auroc_gw": 0.464370859117011,
    "eval_metrics/den_pval_spearman_gw": 0.060389419741878614,
    "eval_metrics/imp_count_spearman_gw": -0.020429339719429798,
    "eval_metrics/imp_count_r2_gw": -0.07214802219709267,
    "eval_metrics/imp_pval_spearman_dsf1": 0.01492922765194943,
    "eval_metrics/den_pval_pearson_gw": 0.026650605791043124,
    "eval_metrics/imp_pval_r2_1obs": -24.346196601402976,
    "eval_metrics/den_pval_pearson_dsf1": 0.026650605791043124,
    "eval_metrics/imp_pval_pearson_gw": 0.012201916220614553,
    "eval_metrics/den_pval_spearman_dsf1": 0.060389419741878614,
    "eval_metrics/den_count_pearson_gw": 0.05456386669538915,
    "eval_metrics/den_peak_auroc_gw": 0.5273835909838726,
    "eval_metrics/imp_pval_pearson_dsf1": 0.012201916220614553,
    "eval_metrics/imp_pval_r2_dsf1": -1.262648688225516,
    "eval_metrics/den_pval_spearman_1obs": -0.023124735044340167,
    "eval_metrics/imp_pval_r2_gw": -1.262648688225516,
    "eval_metrics/den_pval_r2_dsf1": -1.0004442002435419,
    "eval_metrics/den_pval_r2_gw": -1.0004442002435419,
    "eval_metrics/imp_count_pearson_gw": 0.008972195759674327,
    "eval_metrics/den_pval_r2_1obs": -27.908654181308563,
    "eval_metrics/imp_pval_pearson_1obs": 0.019809506240389532,
    "eval_losses/total_loss": 5.996946162299106,
    "eval_losses/count_obs_loss": 1.2836191254226785,
    "eval_losses/count_imp_loss": 1.8497244535930573,
    "eval_losses/pval_obs_loss": 1.0556904736318087,
    "eval_losses/pval_imp_loss": 1.037257800972651,
    "eval_losses/peak_obs_loss": 0.693699933196369,
    "eval_losses/peak_imp_loss": 0.6885603467623392
  }
}
{
  "epoch": 7,
  "training_metadata_probes": {
    "training_metadata_probes/depth_count_ratio": 0.9958006143569946,
    "training_metadata_probes/runtype_mse": 8.583138878748287e-06,
    "training_metadata_probes/readlen_mse": 8.798254498287861e-07
  }
}
{
  "epoch": 8,
  "eval_prefixed": {
    "eval_metrics/den_pval_pearson_1obs": -0.00834201157742523,
    "eval_metrics/den_count_r2_gw": -0.15672131169126846,
    "eval_metrics/imp_pval_spearman_gw": 0.0010116650476463963,
    "eval_metrics/den_count_spearman_gw": 0.0373583324001629,
    "eval_metrics/imp_pval_spearman_1obs": 0.02804789771056136,
    "eval_metrics/imp_peak_auroc_gw": 0.4852375163754728,
    "eval_metrics/den_pval_spearman_gw": 0.05931982522740392,
    "eval_metrics/imp_count_spearman_gw": -0.01859008001118882,
    "eval_metrics/imp_count_r2_gw": -0.07947998558339962,
    "eval_metrics/imp_pval_spearman_dsf1": 0.0010116650476463963,
    "eval_metrics/den_pval_pearson_gw": 0.030150035999739838,
    "eval_metrics/imp_pval_r2_1obs": -30.89980429159488,
    "eval_metrics/den_pval_pearson_dsf1": 0.030150035999739838,
    "eval_metrics/imp_pval_pearson_gw": 0.011786626491812058,
    "eval_metrics/den_pval_spearman_dsf1": 0.05931982522740392,
    "eval_metrics/den_count_pearson_gw": 0.05702854300110821,
    "eval_metrics/den_peak_auroc_gw": 0.5272987438437758,
    "eval_metrics/imp_pval_pearson_dsf1": 0.011786626491812058,
    "eval_metrics/imp_pval_r2_dsf1": -1.0714253742906328,
    "eval_metrics/den_pval_spearman_1obs": -0.025595198630214932,
    "eval_metrics/imp_pval_r2_gw": -1.0714253742906328,
    "eval_metrics/den_pval_r2_dsf1": -0.9755400382719875,
    "eval_metrics/den_pval_r2_gw": -0.9755400382719875,
    "eval_metrics/imp_count_pearson_gw": 0.009924733647956542,
    "eval_metrics/den_pval_r2_1obs": -29.405699544604634,
    "eval_metrics/imp_pval_pearson_1obs": 0.015453450356809688,
    "eval_losses/total_loss": 6.078237713951814,
    "eval_losses/count_obs_loss": 1.3173382925359827,
    "eval_losses/count_imp_loss": 1.8920831585687303,
    "eval_losses/pval_obs_loss": 1.0640793756434792,
    "eval_losses/pval_imp_loss": 1.0419014692306519,
    "eval_losses/peak_obs_loss": 0.6937149151375419,
    "eval_losses/peak_imp_loss": 0.6888088631251502
  }
}
{
  "epoch": 8,
  "training_metadata_probes": {
    "training_metadata_probes/depth_count_ratio": 0.9974960684776306,
    "training_metadata_probes/runtype_mse": 5.961210263194516e-06,
    "training_metadata_probes/readlen_mse": 1.3575163393397816e-06
  }
}
{
  "epoch": 9,
  "eval_prefixed": {
    "eval_metrics/den_pval_pearson_1obs": -0.0009129509449657666,
    "eval_metrics/den_count_r2_gw": -0.16482339152194334,
    "eval_metrics/imp_pval_spearman_gw": -0.002427243785126356,
    "eval_metrics/den_count_spearman_gw": 0.04129351530088766,
    "eval_metrics/imp_pval_spearman_1obs": 0.04006045205282102,
    "eval_metrics/imp_peak_auroc_gw": 0.4785924382114102,
    "eval_metrics/den_pval_spearman_gw": 0.06105006262902302,
    "eval_metrics/imp_count_spearman_gw": -0.011006818717742983,
    "eval_metrics/imp_count_r2_gw": -0.06820470124519397,
    "eval_metrics/imp_pval_spearman_dsf1": -0.002427243785126356,
    "eval_metrics/den_pval_pearson_gw": 0.032766254954989756,
    "eval_metrics/imp_pval_r2_1obs": -22.489441398395158,
    "eval_metrics/den_pval_pearson_dsf1": 0.032766254954989756,
    "eval_metrics/imp_pval_pearson_gw": 0.011055583452125864,
    "eval_metrics/den_pval_spearman_dsf1": 0.06105006262902302,
    "eval_metrics/den_count_pearson_gw": 0.059836030591548864,
    "eval_metrics/den_peak_auroc_gw": 0.526042606502156,
    "eval_metrics/imp_pval_pearson_dsf1": 0.011055583452125864,
    "eval_metrics/imp_pval_r2_dsf1": -1.0854789628777757,
    "eval_metrics/den_pval_spearman_1obs": -0.019988265313653105,
    "eval_metrics/imp_pval_r2_gw": -1.0854789628777757,
    "eval_metrics/den_pval_r2_dsf1": -0.9685621115156013,
    "eval_metrics/den_pval_r2_gw": -0.9685621115156013,
    "eval_metrics/imp_count_pearson_gw": 0.011083481015890673,
    "eval_metrics/den_pval_r2_1obs": -25.88523323684987,
    "eval_metrics/imp_pval_pearson_1obs": 0.020277654777543383,
    "eval_losses/total_loss": 5.89011292473266,
    "eval_losses/count_obs_loss": 1.2420694694707268,
    "eval_losses/count_imp_loss": 1.8122729838840546,
    "eval_losses/pval_obs_loss": 1.036512376446473,
    "eval_losses/pval_imp_loss": 1.0174588702973866,
    "eval_losses/peak_obs_loss": 0.6941700373825274,
    "eval_losses/peak_imp_loss": 0.6896243227852715
  }
}
{
  "epoch": 9,
  "training_metadata_probes": {
    "training_metadata_probes/depth_count_ratio": 0.9987561106681824,
    "training_metadata_probes/runtype_mse": 1.1237982107559219e-05,
    "training_metadata_probes/readlen_mse": 2.9505881684599444e-06
  }
}
{
  "epoch": 10,
  "eval_prefixed": {
    "eval_metrics/den_pval_pearson_1obs": 0.010442678017410034,
    "eval_metrics/den_count_r2_gw": -0.24882783235644654,
    "eval_metrics/imp_pval_spearman_gw": 0.007385966594780972,
    "eval_metrics/den_count_spearman_gw": 0.04369408487136175,
    "eval_metrics/imp_pval_spearman_1obs": 0.055415502016676214,
    "eval_metrics/imp_peak_auroc_gw": 0.4552829669023098,
    "eval_metrics/den_pval_spearman_gw": 0.06232153292701418,
    "eval_metrics/imp_count_spearman_gw": -0.010342694196054759,
    "eval_metrics/imp_count_r2_gw": -0.07865161688661317,
    "eval_metrics/imp_pval_spearman_dsf1": 0.007385966594780972,
    "eval_metrics/den_pval_pearson_gw": 0.04041200239627965,
    "eval_metrics/imp_pval_r2_1obs": -23.766054252602,
    "eval_metrics/den_pval_pearson_dsf1": 0.04041200239627965,
    "eval_metrics/imp_pval_pearson_gw": 0.016260813824215254,
    "eval_metrics/den_pval_spearman_dsf1": 0.06232153292701418,
    "eval_metrics/den_count_pearson_gw": 0.058449369228726844,
    "eval_metrics/den_peak_auroc_gw": 0.5361473686649728,
    "eval_metrics/imp_pval_pearson_dsf1": 0.016260813824215254,
    "eval_metrics/imp_pval_r2_dsf1": -1.1583782369253532,
    "eval_metrics/den_pval_spearman_1obs": -0.0027243379420420497,
    "eval_metrics/imp_pval_r2_gw": -1.1583782369253532,
    "eval_metrics/den_pval_r2_dsf1": -1.0698668782387515,
    "eval_metrics/den_pval_r2_gw": -1.0698668782387515,
    "eval_metrics/imp_count_pearson_gw": 0.011263486923001307,
    "eval_metrics/den_pval_r2_1obs": -24.93210465748955,
    "eval_metrics/imp_pval_pearson_1obs": 0.03096990542124129,
    "eval_losses/total_loss": 5.920532199897264,
    "eval_losses/count_obs_loss": 1.2747375227903064,
    "eval_losses/count_imp_loss": 1.841464322710794,
    "eval_losses/pval_obs_loss": 1.0254839964603122,
    "eval_losses/pval_imp_loss": 0.9978398169789996,
    "eval_losses/peak_obs_loss": 0.69354537050975,
    "eval_losses/peak_imp_loss": 0.6913968693642389
  }
}
{
  "epoch": 10,
  "training_metadata_probes": {
    "training_metadata_probes/depth_count_ratio": 0.9996024370193481,
    "training_metadata_probes/runtype_mse": 3.279393422417343e-05,
    "training_metadata_probes/readlen_mse": 4.849438482779078e-06
  }
}
{
  "epoch": 11,
  "eval_prefixed": {
    "eval_metrics/den_pval_pearson_1obs": 0.024473794105640417,
    "eval_metrics/den_count_r2_gw": -0.2331674395915962,
    "eval_metrics/imp_pval_spearman_gw": 0.01410646274176918,
    "eval_metrics/den_count_spearman_gw": 0.04882864254128525,
    "eval_metrics/imp_pval_spearman_1obs": 0.06353735426157262,
    "eval_metrics/imp_peak_auroc_gw": 0.469054123635922,
    "eval_metrics/den_pval_spearman_gw": 0.07093420354774635,
    "eval_metrics/imp_count_spearman_gw": -0.0005092927201467086,
    "eval_metrics/imp_count_r2_gw": -0.07206740391027379,
    "eval_metrics/imp_pval_spearman_dsf1": 0.01410646274176918,
    "eval_metrics/den_pval_pearson_gw": 0.05667924126081696,
    "eval_metrics/imp_pval_r2_1obs": -27.145093858074766,
    "eval_metrics/den_pval_pearson_dsf1": 0.05667924126081696,
    "eval_metrics/imp_pval_pearson_gw": 0.024914668042800344,
    "eval_metrics/den_pval_spearman_dsf1": 0.07093420354774635,
    "eval_metrics/den_count_pearson_gw": 0.06281318447374935,
    "eval_metrics/den_peak_auroc_gw": 0.5316735619358074,
    "eval_metrics/imp_pval_pearson_dsf1": 0.024914668042800344,
    "eval_metrics/imp_pval_r2_dsf1": -0.8089979916208477,
    "eval_metrics/den_pval_spearman_1obs": 0.022141985410968013,
    "eval_metrics/imp_pval_r2_gw": -0.8089979916208477,
    "eval_metrics/den_pval_r2_dsf1": -0.9726940424794346,
    "eval_metrics/den_pval_r2_gw": -0.9726940424794346,
    "eval_metrics/imp_count_pearson_gw": 0.015901586823424116,
    "eval_metrics/den_pval_r2_1obs": -31.651463867631115,
    "eval_metrics/imp_pval_pearson_1obs": 0.05148127167633483,
    "eval_losses/total_loss": 5.798214355581685,
    "eval_losses/count_obs_loss": 1.2282392139497555,
    "eval_losses/count_imp_loss": 1.8317139716375441,
    "eval_losses/pval_obs_loss": 0.9659736227048071,
    "eval_losses/pval_imp_loss": 0.9891151379025171,
    "eval_losses/peak_obs_loss": 0.6930663554291976,
    "eval_losses/peak_imp_loss": 0.6907752146796574
  }
}
{
  "epoch": 11,
  "training_metadata_probes": {
    "training_metadata_probes/depth_count_ratio": 0.9997502565383911,
    "training_metadata_probes/runtype_mse": 0.0007270865608006716,
    "training_metadata_probes/readlen_mse": 4.6889963414287195e-06
  }
}
{
  "epoch": 12,
  "eval_prefixed": {
    "eval_metrics/den_pval_pearson_1obs": 0.05165482887624469,
    "eval_metrics/den_count_r2_gw": -0.2346102910992832,
    "eval_metrics/imp_pval_spearman_gw": 0.028740946255088794,
    "eval_metrics/den_count_spearman_gw": 0.05715915384414605,
    "eval_metrics/imp_pval_spearman_1obs": 0.1250829764916698,
    "eval_metrics/imp_peak_auroc_gw": 0.467985019346842,
    "eval_metrics/den_pval_spearman_gw": 0.07401390344262138,
    "eval_metrics/imp_count_spearman_gw": 0.0010133439921767003,
    "eval_metrics/imp_count_r2_gw": -0.06732120944276357,
    "eval_metrics/imp_pval_spearman_dsf1": 0.028740946255088794,
    "eval_metrics/den_pval_pearson_gw": 0.07153176128849736,
    "eval_metrics/imp_pval_r2_1obs": -27.384837290558632,
    "eval_metrics/den_pval_pearson_dsf1": 0.07153176128849736,
    "eval_metrics/imp_pval_pearson_gw": 0.03868526574094883,
    "eval_metrics/den_pval_spearman_dsf1": 0.07401390344262138,
    "eval_metrics/den_count_pearson_gw": 0.06256166959371369,
    "eval_metrics/den_peak_auroc_gw": 0.5413918007822252,
    "eval_metrics/imp_pval_pearson_dsf1": 0.03868526574094883,
    "eval_metrics/imp_pval_r2_dsf1": -0.7593184063827392,
    "eval_metrics/den_pval_spearman_1obs": 0.0352086594171521,
    "eval_metrics/imp_pval_r2_gw": -0.7593184063827392,
    "eval_metrics/den_pval_r2_dsf1": -0.5889443864708926,
    "eval_metrics/den_pval_r2_gw": -0.5889443864708926,
    "eval_metrics/imp_count_pearson_gw": 0.016055798244783617,
    "eval_metrics/den_pval_r2_1obs": -24.85760949327412,
    "eval_metrics/imp_pval_pearson_1obs": 0.11457083424708496,
    "eval_losses/total_loss": 5.654371887053314,
    "eval_losses/count_obs_loss": 1.257595466155755,
    "eval_losses/count_imp_loss": 1.794369925109167,
    "eval_losses/pval_obs_loss": 0.8883834967487737,
    "eval_losses/pval_imp_loss": 0.9139130106047978,
    "eval_losses/peak_obs_loss": 0.6914088514290357,
    "eval_losses/peak_imp_loss": 0.6899835647098602
  }
}
{
  "epoch": 12,
  "training_metadata_probes": {
    "training_metadata_probes/depth_count_ratio": 0.9998177886009216,
    "training_metadata_probes/runtype_mse": 0.0015705369878560305,
    "training_metadata_probes/readlen_mse": 6.224829121492803e-06
  }
}
{
  "epoch": 13,
  "eval_prefixed": {
    "eval_metrics/den_pval_pearson_1obs": 0.06937849196899486,
    "eval_metrics/den_count_r2_gw": -0.2556790119050942,
    "eval_metrics/imp_pval_spearman_gw": 0.02265779942071942,
    "eval_metrics/den_count_spearman_gw": 0.0567447526004673,
    "eval_metrics/imp_pval_spearman_1obs": 0.11006780357190518,
    "eval_metrics/imp_peak_auroc_gw": 0.47955080842746056,
    "eval_metrics/den_pval_spearman_gw": 0.08247851874615328,
    "eval_metrics/imp_count_spearman_gw": 0.0035438922088613526,
    "eval_metrics/imp_count_r2_gw": -0.05446504536198757,
    "eval_metrics/imp_pval_spearman_dsf1": 0.02265779942071942,
    "eval_metrics/den_pval_pearson_gw": 0.08058145867911853,
    "eval_metrics/imp_pval_r2_1obs": -25.414983145191616,
    "eval_metrics/den_pval_pearson_dsf1": 0.08058145867911853,
    "eval_metrics/imp_pval_pearson_gw": 0.04382671483561728,
    "eval_metrics/den_pval_spearman_dsf1": 0.08247851874615328,
    "eval_metrics/den_count_pearson_gw": 0.0608497824287042,
    "eval_metrics/den_peak_auroc_gw": 0.5361346557749868,
    "eval_metrics/imp_pval_pearson_dsf1": 0.04382671483561728,
    "eval_metrics/imp_pval_r2_dsf1": -0.5576170220125,
    "eval_metrics/den_pval_spearman_1obs": 0.06338984244381597,
    "eval_metrics/imp_pval_r2_gw": -0.5576170220125,
    "eval_metrics/den_pval_r2_dsf1": -0.615584531667317,
    "eval_metrics/den_pval_r2_gw": -0.615584531667317,
    "eval_metrics/imp_count_pearson_gw": 0.020125820170217176,
    "eval_metrics/den_pval_r2_1obs": -29.17886502237447,
    "eval_metrics/imp_pval_pearson_1obs": 0.1125683173341381,
    "eval_losses/total_loss": 5.6589033838949705,
    "eval_losses/count_obs_loss": 1.2612610655395609,
    "eval_losses/count_imp_loss": 1.8189623923528762,
    "eval_losses/pval_obs_loss": 0.8747324339653316,
    "eval_losses/pval_imp_loss": 0.9078089812445262,
    "eval_losses/peak_obs_loss": 0.6906554644045076,
    "eval_losses/peak_imp_loss": 0.6899164981312222
  }
}
{
  "epoch": 13,
  "training_metadata_probes": {
    "training_metadata_probes/depth_count_ratio": 0.9995867013931274,
    "training_metadata_probes/runtype_mse": 0.0012753860792145133,
    "training_metadata_probes/readlen_mse": 6.48716559226159e-06
  }
}
{
  "epoch": 14,
  "eval_prefixed": {
    "eval_metrics/den_pval_pearson_1obs": 0.09330980355949386,
    "eval_metrics/den_count_r2_gw": -0.2954260763065665,
    "eval_metrics/imp_pval_spearman_gw": 0.027826831219238294,
    "eval_metrics/den_count_spearman_gw": 0.06147201160935097,
    "eval_metrics/imp_pval_spearman_1obs": 0.11893832233934466,
    "eval_metrics/imp_peak_auroc_gw": 0.4660337506565451,
    "eval_metrics/den_pval_spearman_gw": 0.08533744979508273,
    "eval_metrics/imp_count_spearman_gw": 0.0024145060508017615,
    "eval_metrics/imp_count_r2_gw": -0.06730827870377866,
    "eval_metrics/imp_pval_spearman_dsf1": 0.027826831219238294,
    "eval_metrics/den_pval_pearson_gw": 0.08723716109556048,
    "eval_metrics/imp_pval_r2_1obs": -22.68271308549708,
    "eval_metrics/den_pval_pearson_dsf1": 0.08723716109556048,
    "eval_metrics/imp_pval_pearson_gw": 0.046485323909095426,
    "eval_metrics/den_pval_spearman_dsf1": 0.08533744979508273,
    "eval_metrics/den_count_pearson_gw": 0.06728170783677151,
    "eval_metrics/den_peak_auroc_gw": 0.5355712192231642,
    "eval_metrics/imp_pval_pearson_dsf1": 0.046485323909095426,
    "eval_metrics/imp_pval_r2_dsf1": -0.649017298649514,
    "eval_metrics/den_pval_spearman_1obs": 0.08594413269274366,
    "eval_metrics/imp_pval_r2_gw": -0.649017298649514,
    "eval_metrics/den_pval_r2_dsf1": -0.6961666082052812,
    "eval_metrics/den_pval_r2_gw": -0.6961666082052812,
    "eval_metrics/imp_count_pearson_gw": 0.02092250444905995,
    "eval_metrics/den_pval_r2_1obs": -29.143173806440142,
    "eval_metrics/imp_pval_pearson_1obs": 0.11614398234006432,
    "eval_losses/total_loss": 5.526365519354218,
    "eval_losses/count_obs_loss": 1.2689969053393917,
    "eval_losses/count_imp_loss": 1.751809072872949,
    "eval_losses/pval_obs_loss": 0.8431239535934046,
    "eval_losses/pval_imp_loss": 0.8465932285974896,
    "eval_losses/peak_obs_loss": 0.6892277598381042,
    "eval_losses/peak_imp_loss": 0.6889196738364205
  }
}
{
  "epoch": 14,
  "training_metadata_probes": {
    "training_metadata_probes/depth_count_ratio": 0.9993033409118652,
    "training_metadata_probes/runtype_mse": 0.0011249902890995145,
    "training_metadata_probes/readlen_mse": 5.788660928374156e-06
  }
}
{
  "epoch": 15,
  "eval_prefixed": {
    "eval_metrics/den_pval_pearson_1obs": 0.07306327288480181,
    "eval_metrics/den_count_r2_gw": -0.2478758971830011,
    "eval_metrics/imp_pval_spearman_gw": 0.028474007536998115,
    "eval_metrics/den_count_spearman_gw": 0.06353302653683263,
    "eval_metrics/imp_pval_spearman_1obs": 0.12642910517601869,
    "eval_metrics/imp_peak_auroc_gw": 0.4844234069540863,
    "eval_metrics/den_pval_spearman_gw": 0.09434450005936806,
    "eval_metrics/imp_count_spearman_gw": 0.0033121941318894027,
    "eval_metrics/imp_count_r2_gw": -0.061433180952659046,
    "eval_metrics/imp_pval_spearman_dsf1": 0.028474007536998115,
    "eval_metrics/den_pval_pearson_gw": 0.09061694544269765,
    "eval_metrics/imp_pval_r2_1obs": -25.946368340321232,
    "eval_metrics/den_pval_pearson_dsf1": 0.09061694544269765,
    "eval_metrics/imp_pval_pearson_gw": 0.04876571180151557,
    "eval_metrics/den_pval_spearman_dsf1": 0.09434450005936806,
    "eval_metrics/den_count_pearson_gw": 0.06880991741122432,
    "eval_metrics/den_peak_auroc_gw": 0.532179295834495,
    "eval_metrics/imp_pval_pearson_dsf1": 0.04876571180151557,
    "eval_metrics/imp_pval_r2_dsf1": -0.6112728895633104,
    "eval_metrics/den_pval_spearman_1obs": 0.06530553398867948,
    "eval_metrics/imp_pval_r2_gw": -0.6112728895633104,
    "eval_metrics/den_pval_r2_dsf1": -0.4979443802169249,
    "eval_metrics/den_pval_r2_gw": -0.4979443802169249,
    "eval_metrics/imp_count_pearson_gw": 0.022352053305930607,
    "eval_metrics/den_pval_r2_1obs": -22.13337774751464,
    "eval_metrics/imp_pval_pearson_1obs": 0.12156098064345618,
    "eval_losses/total_loss": 5.517468076787497,
    "eval_losses/count_obs_loss": 1.2210168783601962,
    "eval_losses/count_imp_loss": 1.7851138663670374,
    "eval_losses/pval_obs_loss": 0.8346240896927682,
    "eval_losses/pval_imp_loss": 0.8742603527175056,
    "eval_losses/peak_obs_loss": 0.6877452229198656,
    "eval_losses/peak_imp_loss": 0.68713726221569
  }
}
{
  "epoch": 15,
  "training_metadata_probes": {
    "training_metadata_probes/depth_count_ratio": 0.9990562200546265,
    "training_metadata_probes/runtype_mse": 0.0009748421725817025,
    "training_metadata_probes/readlen_mse": 4.085844011569861e-06
  }
}
{
  "epoch": 16,
  "eval_prefixed": {
    "eval_metrics/den_pval_pearson_1obs": 0.08827186484153285,
    "eval_metrics/den_count_r2_gw": -0.25258598931819765,
    "eval_metrics/imp_pval_spearman_gw": 0.036558791447107886,
    "eval_metrics/den_count_spearman_gw": 0.06564663176688015,
    "eval_metrics/imp_pval_spearman_1obs": 0.13350488449414197,
    "eval_metrics/imp_peak_auroc_gw": 0.4826741177791887,
    "eval_metrics/den_pval_spearman_gw": 0.09809383261608598,
    "eval_metrics/imp_count_spearman_gw": 0.003853234771669769,
    "eval_metrics/imp_count_r2_gw": -0.06427387507419115,
    "eval_metrics/imp_pval_spearman_dsf1": 0.036558791447107886,
    "eval_metrics/den_pval_pearson_gw": 0.09725739651261583,
    "eval_metrics/imp_pval_r2_1obs": -22.465231624270807,
    "eval_metrics/den_pval_pearson_dsf1": 0.09725739651261583,
    "eval_metrics/imp_pval_pearson_gw": 0.05520382807737896,
    "eval_metrics/den_pval_spearman_dsf1": 0.09809383261608598,
    "eval_metrics/den_count_pearson_gw": 0.07175982314679698,
    "eval_metrics/den_peak_auroc_gw": 0.5333591562030774,
    "eval_metrics/imp_pval_pearson_dsf1": 0.05520382807737896,
    "eval_metrics/imp_pval_r2_dsf1": -0.7108077813651947,
    "eval_metrics/den_pval_spearman_1obs": 0.07771771925106333,
    "eval_metrics/imp_pval_r2_gw": -0.7108077813651947,
    "eval_metrics/den_pval_r2_dsf1": -0.5347365781250415,
    "eval_metrics/den_pval_r2_gw": -0.5347365781250415,
    "eval_metrics/imp_count_pearson_gw": 0.02678043819550011,
    "eval_metrics/den_pval_r2_1obs": -25.638312126896295,
    "eval_metrics/imp_pval_pearson_1obs": 0.1292625172553392,
    "eval_losses/total_loss": 5.4561007422836205,
    "eval_losses/count_obs_loss": 1.2178984927503687,
    "eval_losses/count_imp_loss": 1.7579019836017065,
    "eval_losses/pval_obs_loss": 0.8219047267186014,
    "eval_losses/pval_imp_loss": 0.8481666029445709,
    "eval_losses/peak_obs_loss": 0.6869726377098184,
    "eval_losses/peak_imp_loss": 0.6864503224690756
  }
}
{
  "epoch": 16,
  "training_metadata_probes": {
    "training_metadata_probes/depth_count_ratio": 0.9987012147903442,
    "training_metadata_probes/runtype_mse": 0.0009402441210113466,
    "training_metadata_probes/readlen_mse": 3.684584044094663e-06
  }
}
{
  "epoch": 17,
  "eval_prefixed": {
    "eval_metrics/den_pval_pearson_1obs": 0.08956137110822295,
    "eval_metrics/den_count_r2_gw": -0.20991209716068454,
    "eval_metrics/imp_pval_spearman_gw": 0.04294761767483864,
    "eval_metrics/den_count_spearman_gw": 0.06560673326393356,
    "eval_metrics/imp_pval_spearman_1obs": 0.15486908160806415,
    "eval_metrics/imp_peak_auroc_gw": 0.4808883156154785,
    "eval_metrics/den_pval_spearman_gw": 0.10491814004333962,
    "eval_metrics/imp_count_spearman_gw": 0.013797178140257165,
    "eval_metrics/imp_count_r2_gw": -0.062445080002415665,
    "eval_metrics/imp_pval_spearman_dsf1": 0.04294761767483864,
    "eval_metrics/den_pval_pearson_gw": 0.1036063750430721,
    "eval_metrics/imp_pval_r2_1obs": -24.47070042263881,
    "eval_metrics/den_pval_pearson_dsf1": 0.1036063750430721,
    "eval_metrics/imp_pval_pearson_gw": 0.059424066354358006,
    "eval_metrics/den_pval_spearman_dsf1": 0.10491814004333962,
    "eval_metrics/den_count_pearson_gw": 0.07455083525947932,
    "eval_metrics/den_peak_auroc_gw": 0.536735824525218,
    "eval_metrics/imp_pval_pearson_dsf1": 0.059424066354358006,
    "eval_metrics/imp_pval_r2_dsf1": -0.5717702555794042,
    "eval_metrics/den_pval_spearman_1obs": 0.07807461616961943,
    "eval_metrics/imp_pval_r2_gw": -0.5717702555794042,
    "eval_metrics/den_pval_r2_dsf1": -0.4778202855343095,
    "eval_metrics/den_pval_r2_gw": -0.4778202855343095,
    "eval_metrics/imp_count_pearson_gw": 0.02618972278691621,
    "eval_metrics/den_pval_r2_1obs": -21.73518152071535,
    "eval_metrics/imp_pval_pearson_1obs": 0.14111932124646884,
    "eval_losses/total_loss": 5.38563829346707,
    "eval_losses/count_obs_loss": 1.1851533369014138,
    "eval_losses/count_imp_loss": 1.7551560619520763,
    "eval_losses/pval_obs_loss": 0.798852939354746,
    "eval_losses/pval_imp_loss": 0.8354148779596601,
    "eval_losses/peak_obs_loss": 0.686120059929396,
    "eval_losses/peak_imp_loss": 0.6852847545865982
  }
}
{
  "epoch": 17,
  "training_metadata_probes": {
    "training_metadata_probes/depth_count_ratio": 0.9983094334602356,
    "training_metadata_probes/runtype_mse": 0.0008228241349570453,
    "training_metadata_probes/readlen_mse": 3.819584435404977e-06
  }
}
{
  "epoch": 18,
  "eval_prefixed": {
    "eval_metrics/den_pval_pearson_1obs": 0.1095972176339465,
    "eval_metrics/den_count_r2_gw": -0.21954221536423424,
    "eval_metrics/imp_pval_spearman_gw": 0.06244999176370112,
    "eval_metrics/den_count_spearman_gw": 0.06649928957454253,
    "eval_metrics/imp_pval_spearman_1obs": 0.14985785596930626,
    "eval_metrics/imp_peak_auroc_gw": 0.47889426621894,
    "eval_metrics/den_pval_spearman_gw": 0.11385056603608641,
    "eval_metrics/imp_count_spearman_gw": 0.012677437132632386,
    "eval_metrics/imp_count_r2_gw": -0.06204812471199645,
    "eval_metrics/imp_pval_spearman_dsf1": 0.06244999176370112,
    "eval_metrics/den_pval_pearson_gw": 0.11438753766828756,
    "eval_metrics/imp_pval_r2_1obs": -26.526905937899215,
    "eval_metrics/den_pval_pearson_dsf1": 0.11438753766828756,
    "eval_metrics/imp_pval_pearson_gw": 0.07668974004419786,
    "eval_metrics/den_pval_spearman_dsf1": 0.11385056603608641,
    "eval_metrics/den_count_pearson_gw": 0.08007134833085154,
    "eval_metrics/den_peak_auroc_gw": 0.5481878413010544,
    "eval_metrics/imp_pval_pearson_dsf1": 0.07668974004419786,
    "eval_metrics/imp_pval_r2_dsf1": -0.4320615876551429,
    "eval_metrics/den_pval_spearman_1obs": 0.09606231130591103,
    "eval_metrics/imp_pval_r2_gw": -0.4320615876551429,
    "eval_metrics/den_pval_r2_dsf1": -0.4740917708813834,
    "eval_metrics/den_pval_r2_gw": -0.4740917708813834,
    "eval_metrics/imp_count_pearson_gw": 0.024397716481077608,
    "eval_metrics/den_pval_r2_1obs": -28.755861858135212,
    "eval_metrics/imp_pval_pearson_1obs": 0.1440022255629874,
    "eval_losses/total_loss": 5.505818208189387,
    "eval_losses/count_obs_loss": 1.2486782144559057,
    "eval_losses/count_imp_loss": 1.823948899904887,
    "eval_losses/pval_obs_loss": 0.8055024076449243,
    "eval_losses/pval_imp_loss": 0.8299078227035583,
    "eval_losses/peak_obs_loss": 0.6841193406205428,
    "eval_losses/peak_imp_loss": 0.6847367163688417
  }
}
{
  "epoch": 18,
  "training_metadata_probes": {
    "training_metadata_probes/depth_count_ratio": 0.9979965090751648,
    "training_metadata_probes/runtype_mse": 0.0006941831670701504,
    "training_metadata_probes/readlen_mse": 5.373334715841338e-06
  }
}
{
  "epoch": 19,
  "eval_prefixed": {
    "eval_metrics/den_pval_pearson_1obs": 0.12735045821596272,
    "eval_metrics/den_count_r2_gw": -0.20960333430865663,
    "eval_metrics/imp_pval_spearman_gw": 0.055911754083186466,
    "eval_metrics/den_count_spearman_gw": 0.06799551619651793,
    "eval_metrics/imp_pval_spearman_1obs": 0.1778590683821959,
    "eval_metrics/imp_peak_auroc_gw": 0.4860634473635655,
    "eval_metrics/den_pval_spearman_gw": 0.11757412963324784,
    "eval_metrics/imp_count_spearman_gw": 0.01242504836784875,
    "eval_metrics/imp_count_r2_gw": -0.07777845287311123,
    "eval_metrics/imp_pval_spearman_dsf1": 0.055911754083186466,
    "eval_metrics/den_pval_pearson_gw": 0.1259666086346107,
    "eval_metrics/imp_pval_r2_1obs": -25.251742185860127,
    "eval_metrics/den_pval_pearson_dsf1": 0.1259666086346107,
    "eval_metrics/imp_pval_pearson_gw": 0.06744334419139676,
    "eval_metrics/den_pval_spearman_dsf1": 0.11757412963324784,
    "eval_metrics/den_count_pearson_gw": 0.07854426029083889,
    "eval_metrics/den_peak_auroc_gw": 0.5365798484854751,
    "eval_metrics/imp_pval_pearson_dsf1": 0.06744334419139676,
    "eval_metrics/imp_pval_r2_dsf1": -0.5875533789931041,
    "eval_metrics/den_pval_spearman_1obs": 0.12307100866351288,
    "eval_metrics/imp_pval_r2_gw": -0.5875533789931041,
    "eval_metrics/den_pval_r2_dsf1": -0.44983675137337853,
    "eval_metrics/den_pval_r2_gw": -0.44983675137337853,
    "eval_metrics/imp_count_pearson_gw": 0.026108901806837243,
    "eval_metrics/den_pval_r2_1obs": -22.428267569517942,
    "eval_metrics/imp_pval_pearson_1obs": 0.16871730105892296,
    "eval_losses/total_loss": 5.389700972720196,
    "eval_losses/count_obs_loss": 1.233415643635549,
    "eval_losses/count_imp_loss": 1.7335682738394964,
    "eval_losses/pval_obs_loss": 0.7932665599019904,
    "eval_losses/pval_imp_loss": 0.8161624897094,
    "eval_losses/peak_obs_loss": 0.6832055104406256,
    "eval_losses/peak_imp_loss": 0.6830598342986334
  }
}
{
  "epoch": 19,
  "training_metadata_probes": {
    "training_metadata_probes/depth_count_ratio": 0.9976422786712646,
    "training_metadata_probes/runtype_mse": 0.0006777357775717974,
    "training_metadata_probes/readlen_mse": 5.285954557621153e-06
  }
}
/project/6014832/mforooz/EpiDenoise/candi_venv/lib/python3.10/site-packages/torch/optim/lr_scheduler.py:243: UserWarning: The epoch parameter in `scheduler.step()` was not necessary and is being deprecated where possible. Please use `scheduler.step()` to step the scheduler. During the deprecation, if epoch is different from None, the closed form is used instead of the new chainable form, where available. Please open an issue if you are unable to replicate your use case: https://github.com/pytorch/pytorch/issues/new/choose.
  warnings.warn(EPOCH_DEPRECATION_WARNING, UserWarning)
{
  "epoch": 20,
  "eval_prefixed": {
    "eval_metrics/den_pval_pearson_1obs": 0.12793015121286244,
    "eval_metrics/den_count_r2_gw": -0.1901192213318802,
    "eval_metrics/imp_pval_spearman_gw": 0.0626674422705461,
    "eval_metrics/den_count_spearman_gw": 0.0722679316688504,
    "eval_metrics/imp_pval_spearman_1obs": 0.19359612612476995,
    "eval_metrics/imp_peak_auroc_gw": 0.4798058811197439,
    "eval_metrics/den_pval_spearman_gw": 0.12283738833014703,
    "eval_metrics/imp_count_spearman_gw": 0.009423530287168047,
    "eval_metrics/imp_count_r2_gw": -0.058746784446979956,
    "eval_metrics/imp_pval_spearman_dsf1": 0.0626674422705461,
    "eval_metrics/den_pval_pearson_gw": 0.13744661029762173,
    "eval_metrics/imp_pval_r2_1obs": -31.59731831523128,
    "eval_metrics/den_pval_pearson_dsf1": 0.13744661029762173,
    "eval_metrics/imp_pval_pearson_gw": 0.08639009893384009,
    "eval_metrics/den_pval_spearman_dsf1": 0.12283738833014703,
    "eval_metrics/den_count_pearson_gw": 0.08219528887849792,
    "eval_metrics/den_peak_auroc_gw": 0.5282848684591632,
    "eval_metrics/imp_pval_pearson_dsf1": 0.08639009893384009,
    "eval_metrics/imp_pval_r2_dsf1": -0.4143101656543874,
    "eval_metrics/den_pval_spearman_1obs": 0.1220204733487008,
    "eval_metrics/imp_pval_r2_gw": -0.4143101656543874,
    "eval_metrics/den_pval_r2_dsf1": -0.38906861260690456,
    "eval_metrics/den_pval_r2_gw": -0.38906861260690456,
    "eval_metrics/imp_count_pearson_gw": 0.027962180818749835,
    "eval_metrics/den_pval_r2_1obs": -26.39330793282801,
    "eval_metrics/imp_pval_pearson_1obs": 0.19402404691994427,
    "eval_losses/total_loss": 5.303835258672112,
    "eval_losses/count_obs_loss": 1.179409658438281,
    "eval_losses/count_imp_loss": 1.765917490399073,
    "eval_losses/pval_obs_loss": 0.7558804750442505,
    "eval_losses/pval_imp_loss": 0.7934451907400101,
    "eval_losses/peak_obs_loss": 0.6817802300578669,
    "eval_losses/peak_imp_loss": 0.6818140177499681
  }
}
{
  "epoch": 20,
  "training_metadata_probes": {
    "training_metadata_probes/depth_count_ratio": 0.997140109539032,
    "training_metadata_probes/runtype_mse": 0.0007377114379778504,
    "training_metadata_probes/readlen_mse": 4.084007741766982e-06
  }
}
{
  "epoch": 21,
  "eval_prefixed": {
    "eval_metrics/den_pval_pearson_1obs": 0.1156491173621218,
    "eval_metrics/den_count_r2_gw": -0.1931443669292185,
    "eval_metrics/imp_pval_spearman_gw": 0.07289985660037197,
    "eval_metrics/den_count_spearman_gw": 0.07560044453321473,
    "eval_metrics/imp_pval_spearman_1obs": 0.17212344100138824,
    "eval_metrics/imp_peak_auroc_gw": 0.4784258360830884,
    "eval_metrics/den_pval_spearman_gw": 0.13222205587786973,
    "eval_metrics/imp_count_spearman_gw": 0.007195605335009722,
    "eval_metrics/imp_count_r2_gw": -0.06394500202547207,
    "eval_metrics/imp_pval_spearman_dsf1": 0.07289985660037197,
    "eval_metrics/den_pval_pearson_gw": 0.15368524126135621,
    "eval_metrics/imp_pval_r2_1obs": -19.95210744353387,
    "eval_metrics/den_pval_pearson_dsf1": 0.15368524126135621,
    "eval_metrics/imp_pval_pearson_gw": 0.08739491183281181,
    "eval_metrics/den_pval_spearman_dsf1": 0.13222205587786973,
    "eval_metrics/den_count_pearson_gw": 0.08361167266297057,
    "eval_metrics/den_peak_auroc_gw": 0.5419976679371069,
    "eval_metrics/imp_pval_pearson_dsf1": 0.08739491183281181,
    "eval_metrics/imp_pval_r2_dsf1": -0.39123531460760025,
    "eval_metrics/den_pval_spearman_1obs": 0.10475754456833679,
    "eval_metrics/imp_pval_r2_gw": -0.39123531460760025,
    "eval_metrics/den_pval_r2_dsf1": -0.3153180402089689,
    "eval_metrics/den_pval_r2_gw": -0.3153180402089689,
    "eval_metrics/imp_count_pearson_gw": 0.03022106610643234,
    "eval_metrics/den_pval_r2_1obs": -28.385711863714384,
    "eval_metrics/imp_pval_pearson_1obs": 0.16852069932169148,
    "eval_losses/total_loss": 5.249057541944478,
    "eval_losses/count_obs_loss": 1.2006032576686458,
    "eval_losses/count_imp_loss": 1.742263705011398,
    "eval_losses/pval_obs_loss": 0.7374313344296656,
    "eval_losses/pval_imp_loss": 0.7497684851525321,
    "eval_losses/peak_obs_loss": 0.6805920404823202,
    "eval_losses/peak_imp_loss": 0.6811860497035678
  }
}
{
  "epoch": 21,
  "training_metadata_probes": {
    "training_metadata_probes/depth_count_ratio": 0.9967888593673706,
    "training_metadata_probes/runtype_mse": 0.0007425467483699322,
    "training_metadata_probes/readlen_mse": 5.0311250561208e-06
  }
}
{
  "epoch": 22,
  "eval_prefixed": {
    "eval_metrics/den_pval_pearson_1obs": 0.117749456732877,
    "eval_metrics/den_count_r2_gw": -0.15097225233307063,
    "eval_metrics/imp_pval_spearman_gw": 0.07650437747032922,
    "eval_metrics/den_count_spearman_gw": 0.07624968134103478,
    "eval_metrics/imp_pval_spearman_1obs": 0.1840292606443543,
    "eval_metrics/imp_peak_auroc_gw": 0.4886131823953466,
    "eval_metrics/den_pval_spearman_gw": 0.14309136917087853,
    "eval_metrics/imp_count_spearman_gw": 0.0032200471369216075,
    "eval_metrics/imp_count_r2_gw": -0.05971106599725111,
    "eval_metrics/imp_pval_spearman_dsf1": 0.07650437747032922,
    "eval_metrics/den_pval_pearson_gw": 0.17166983515734932,
    "eval_metrics/imp_pval_r2_1obs": -29.433317817032393,
    "eval_metrics/den_pval_pearson_dsf1": 0.17166983515734932,
    "eval_metrics/imp_pval_pearson_gw": 0.11210440433332844,
    "eval_metrics/den_pval_spearman_dsf1": 0.14309136917087853,
    "eval_metrics/den_count_pearson_gw": 0.09008024807247382,
    "eval_metrics/den_peak_auroc_gw": 0.5465660487815004,
    "eval_metrics/imp_pval_pearson_dsf1": 0.11210440433332844,
    "eval_metrics/imp_pval_r2_dsf1": -0.24780259532282917,
    "eval_metrics/den_pval_spearman_1obs": 0.098083893606962,
    "eval_metrics/imp_pval_r2_gw": -0.24780259532282917,
    "eval_metrics/den_pval_r2_dsf1": -0.2555072753698065,
    "eval_metrics/den_pval_r2_gw": -0.2555072753698065,
    "eval_metrics/imp_count_pearson_gw": 0.0315171711526477,
    "eval_metrics/den_pval_r2_1obs": -23.55850368112712,
    "eval_metrics/imp_pval_pearson_1obs": 0.1847862815853977,
    "eval_losses/total_loss": 5.265088843279763,
    "eval_losses/count_obs_loss": 1.1784807576944953,
    "eval_losses/count_imp_loss": 1.8069069044930595,
    "eval_losses/pval_obs_loss": 0.70858010845749,
    "eval_losses/pval_imp_loss": 0.76914092236095,
    "eval_losses/peak_obs_loss": 0.6792946661773481,
    "eval_losses/peak_imp_loss": 0.6795669609592074
  }
}
{
  "epoch": 22,
  "training_metadata_probes": {
    "training_metadata_probes/depth_count_ratio": 0.9963497519493103,
    "training_metadata_probes/runtype_mse": 0.0008713394636288285,
    "training_metadata_probes/readlen_mse": 3.7889699342485983e-06
  }
}
{
  "epoch": 23,
  "eval_prefixed": {
    "eval_metrics/den_pval_pearson_1obs": 0.12163167723797653,
    "eval_metrics/den_count_r2_gw": -0.1491808340459741,
    "eval_metrics/imp_pval_spearman_gw": 0.09444422843720122,
    "eval_metrics/den_count_spearman_gw": 0.07901366181656744,
    "eval_metrics/imp_pval_spearman_1obs": 0.20027429412102402,
    "eval_metrics/imp_peak_auroc_gw": 0.4888959916690873,
    "eval_metrics/den_pval_spearman_gw": 0.16127594630536496,
    "eval_metrics/imp_count_spearman_gw": 0.0027422365582393427,
    "eval_metrics/imp_count_r2_gw": -0.07041151117679323,
    "eval_metrics/imp_pval_spearman_dsf1": 0.09444422843720122,
    "eval_metrics/den_pval_pearson_gw": 0.2015775411824794,
    "eval_metrics/imp_pval_r2_1obs": -26.58967248415911,
    "eval_metrics/den_pval_pearson_dsf1": 0.2015775411824794,
    "eval_metrics/imp_pval_pearson_gw": 0.12702933027749025,
    "eval_metrics/den_pval_spearman_dsf1": 0.16127594630536496,
    "eval_metrics/den_count_pearson_gw": 0.09059448155858263,
    "eval_metrics/den_peak_auroc_gw": 0.5377047375566892,
    "eval_metrics/imp_pval_pearson_dsf1": 0.12702933027749025,
    "eval_metrics/imp_pval_r2_dsf1": -0.23444122636817286,
    "eval_metrics/den_pval_spearman_1obs": 0.08959763182882607,
    "eval_metrics/imp_pval_r2_gw": -0.23444122636817286,
    "eval_metrics/den_pval_r2_dsf1": -0.17082280325014254,
    "eval_metrics/den_pval_r2_gw": -0.17082280325014254,
    "eval_metrics/imp_count_pearson_gw": 0.0306173796708237,
    "eval_metrics/den_pval_r2_1obs": -39.45700143256289,
    "eval_metrics/imp_pval_pearson_1obs": 0.20631730190103148,
    "eval_losses/total_loss": 5.279977963551095,
    "eval_losses/count_obs_loss": 1.2660124670518071,
    "eval_losses/count_imp_loss": 1.7666912097779532,
    "eval_losses/pval_obs_loss": 0.7069925830552453,
    "eval_losses/pval_imp_loss": 0.726902123954561,
    "eval_losses/peak_obs_loss": 0.6774306352201261,
    "eval_losses/peak_imp_loss": 0.678552906664591
  }
}
{
  "epoch": 23,
  "training_metadata_probes": {
    "training_metadata_probes/depth_count_ratio": 0.9957146048545837,
    "training_metadata_probes/runtype_mse": 0.0009688236168585718,
    "training_metadata_probes/readlen_mse": 3.70365023627528e-06
  }
}
{
  "epoch": 24,
  "eval_prefixed": {
    "eval_metrics/den_pval_pearson_1obs": 0.14236139329640488,
    "eval_metrics/den_count_r2_gw": -0.14461086237702733,
    "eval_metrics/imp_pval_spearman_gw": 0.10904129146428707,
    "eval_metrics/den_count_spearman_gw": 0.07598053280991256,
    "eval_metrics/imp_pval_spearman_1obs": 0.2003954753183125,
    "eval_metrics/imp_peak_auroc_gw": 0.47635107527721593,
    "eval_metrics/den_pval_spearman_gw": 0.19085580279451042,
    "eval_metrics/imp_count_spearman_gw": 0.006402570382633315,
    "eval_metrics/imp_count_r2_gw": -0.07347752664588637,
    "eval_metrics/imp_pval_spearman_dsf1": 0.10904129146428707,
    "eval_metrics/den_pval_pearson_gw": 0.2246990729319422,
    "eval_metrics/imp_pval_r2_1obs": -24.399206767374412,
    "eval_metrics/den_pval_pearson_dsf1": 0.2246990729319422,
    "eval_metrics/imp_pval_pearson_gw": 0.1571053946242919,
    "eval_metrics/den_pval_spearman_dsf1": 0.19085580279451042,
    "eval_metrics/den_count_pearson_gw": 0.09913693049518195,
    "eval_metrics/den_peak_auroc_gw": 0.541904977678956,
    "eval_metrics/imp_pval_pearson_dsf1": 0.1571053946242919,
    "eval_metrics/imp_pval_r2_dsf1": -0.21314431784023785,
    "eval_metrics/den_pval_spearman_1obs": 0.12082316333009005,
    "eval_metrics/imp_pval_r2_gw": -0.21314431784023785,
    "eval_metrics/den_pval_r2_dsf1": -0.15784254512301066,
    "eval_metrics/den_pval_r2_gw": -0.15784254512301066,
    "eval_metrics/imp_count_pearson_gw": 0.03220098821625542,
    "eval_metrics/den_pval_r2_1obs": -21.732818269131556,
    "eval_metrics/imp_pval_pearson_1obs": 0.21073845161184196,
    "eval_losses/total_loss": 5.126002562281332,
    "eval_losses/count_obs_loss": 1.2019056709189164,
    "eval_losses/count_imp_loss": 1.7749074848871382,
    "eval_losses/pval_obs_loss": 0.6476100173435713,
    "eval_losses/pval_imp_loss": 0.6845633917384677,
    "eval_losses/peak_obs_loss": 0.6761077822823274,
    "eval_losses/peak_imp_loss": 0.6774943768978119
  }
}
{
  "epoch": 24,
  "training_metadata_probes": {
    "training_metadata_probes/depth_count_ratio": 0.9952794313430786,
    "training_metadata_probes/runtype_mse": 0.001220153528265655,
    "training_metadata_probes/readlen_mse": 2.7385920020606136e-06
  }
}
{
  "epoch": 25,
  "eval_prefixed": {
    "eval_metrics/den_pval_pearson_1obs": 0.12567457873496765,
    "eval_metrics/den_count_r2_gw": -0.1610269871620338,
    "eval_metrics/imp_pval_spearman_gw": 0.13523081972932274,
    "eval_metrics/den_count_spearman_gw": 0.0746131638066772,
    "eval_metrics/imp_pval_spearman_1obs": 0.17302791807587614,
    "eval_metrics/imp_peak_auroc_gw": 0.4735809734626218,
    "eval_metrics/den_pval_spearman_gw": 0.2019560840211975,
    "eval_metrics/imp_count_spearman_gw": 0.0016417804754362316,
    "eval_metrics/imp_count_r2_gw": -0.07096006225353747,
    "eval_metrics/imp_pval_spearman_dsf1": 0.13523081972932274,
    "eval_metrics/den_pval_pearson_gw": 0.2401611164861702,
    "eval_metrics/imp_pval_r2_1obs": -22.3825211628719,
    "eval_metrics/den_pval_pearson_dsf1": 0.2401611164861702,
    "eval_metrics/imp_pval_pearson_gw": 0.18430178911085165,
    "eval_metrics/den_pval_spearman_dsf1": 0.2019560840211975,
    "eval_metrics/den_count_pearson_gw": 0.09283312107398065,
    "eval_metrics/den_peak_auroc_gw": 0.5387406203945414,
    "eval_metrics/imp_pval_pearson_dsf1": 0.18430178911085165,
    "eval_metrics/imp_pval_r2_dsf1": -0.1577176251210331,
    "eval_metrics/den_pval_spearman_1obs": 0.10682317131848408,
    "eval_metrics/imp_pval_r2_gw": -0.1577176251210331,
    "eval_metrics/den_pval_r2_dsf1": -0.11311098108429961,
    "eval_metrics/den_pval_r2_gw": -0.11311098108429961,
    "eval_metrics/imp_count_pearson_gw": 0.03172001787849391,
    "eval_metrics/den_pval_r2_1obs": -33.985550427485705,
    "eval_metrics/imp_pval_pearson_1obs": 0.1867365241900737,
    "eval_losses/total_loss": 5.104430272390968,
    "eval_losses/count_obs_loss": 1.2362939323249615,
    "eval_losses/count_imp_loss": 1.7783333346957253,
    "eval_losses/pval_obs_loss": 0.6277824322644033,
    "eval_losses/pval_imp_loss": 0.6410768987640502,
    "eval_losses/peak_obs_loss": 0.6743202099674627,
    "eval_losses/peak_imp_loss": 0.676122481387759
  }
}
{
  "epoch": 25,
  "training_metadata_probes": {
    "training_metadata_probes/depth_count_ratio": 0.9948392510414124,
    "training_metadata_probes/runtype_mse": 0.0015520727029070258,
    "training_metadata_probes/readlen_mse": 2.4338337425433565e-06
  }
}
{
  "epoch": 26,
  "eval_prefixed": {
    "eval_metrics/den_pval_pearson_1obs": 0.1351532562441303,
    "eval_metrics/den_count_r2_gw": -0.11808381251048146,
    "eval_metrics/imp_pval_spearman_gw": 0.15142942839999052,
    "eval_metrics/den_count_spearman_gw": 0.07746611690964562,
    "eval_metrics/imp_pval_spearman_1obs": 0.20745559444810507,
    "eval_metrics/imp_peak_auroc_gw": 0.4714488679083648,
    "eval_metrics/den_pval_spearman_gw": 0.20139828536961354,
    "eval_metrics/imp_count_spearman_gw": 0.008269480536029187,
    "eval_metrics/imp_count_r2_gw": -0.05993688230584431,
    "eval_metrics/imp_pval_spearman_dsf1": 0.15142942839999052,
    "eval_metrics/den_pval_pearson_gw": 0.24244158930990747,
    "eval_metrics/imp_pval_r2_1obs": -27.499390086017407,
    "eval_metrics/den_pval_pearson_dsf1": 0.24244158930990747,
    "eval_metrics/imp_pval_pearson_gw": 0.21074401699597872,
    "eval_metrics/den_pval_spearman_dsf1": 0.20139828536961354,
    "eval_metrics/den_count_pearson_gw": 0.10199605276360862,
    "eval_metrics/den_peak_auroc_gw": 0.5360089202990788,
    "eval_metrics/imp_pval_pearson_dsf1": 0.21074401699597872,
    "eval_metrics/imp_pval_r2_dsf1": -0.08081391080118842,
    "eval_metrics/den_pval_spearman_1obs": 0.10779958370241116,
    "eval_metrics/imp_pval_r2_gw": -0.08081391080118842,
    "eval_metrics/den_pval_r2_dsf1": -0.0811284389061343,
    "eval_metrics/den_pval_r2_gw": -0.0811284389061343,
    "eval_metrics/imp_count_pearson_gw": 0.03236964070616985,
    "eval_metrics/den_pval_r2_1obs": -27.80734295045438,
    "eval_metrics/imp_pval_pearson_1obs": 0.2025297254116999,
    "eval_losses/total_loss": 4.989359839819372,
    "eval_losses/count_obs_loss": 1.167060375213623,
    "eval_losses/count_imp_loss": 1.8369609212118483,
    "eval_losses/pval_obs_loss": 0.5576389079031191,
    "eval_losses/pval_imp_loss": 0.6150247046043948,
    "eval_losses/peak_obs_loss": 0.6730275914857262,
    "eval_losses/peak_imp_loss": 0.6744287449216085
  }
}
{
  "epoch": 26,
  "training_metadata_probes": {
    "training_metadata_probes/depth_count_ratio": 0.9945458769798279,
    "training_metadata_probes/runtype_mse": 0.001889799372293055,
    "training_metadata_probes/readlen_mse": 2.845292556230561e-06
  }
}
{
  "epoch": 27,
  "eval_prefixed": {
    "eval_metrics/den_pval_pearson_1obs": 0.11127503439906593,
    "eval_metrics/den_count_r2_gw": -0.10492587721598316,
    "eval_metrics/imp_pval_spearman_gw": 0.1504309497826812,
    "eval_metrics/den_count_spearman_gw": 0.07923110043051655,
    "eval_metrics/imp_pval_spearman_1obs": 0.22680438077640674,
    "eval_metrics/imp_peak_auroc_gw": 0.48609086930804674,
    "eval_metrics/den_pval_spearman_gw": 0.2042443256149599,
    "eval_metrics/imp_count_spearman_gw": 0.005169903617153198,
    "eval_metrics/imp_count_r2_gw": -0.07955442331139195,
    "eval_metrics/imp_pval_spearman_dsf1": 0.1504309497826812,
    "eval_metrics/den_pval_pearson_gw": 0.24329878962108573,
    "eval_metrics/imp_pval_r2_1obs": -22.18003968083378,
    "eval_metrics/den_pval_pearson_dsf1": 0.24329878962108573,
    "eval_metrics/imp_pval_pearson_gw": 0.18468797614886648,
    "eval_metrics/den_pval_spearman_dsf1": 0.2042443256149599,
    "eval_metrics/den_count_pearson_gw": 0.1073358730840195,
    "eval_metrics/den_peak_auroc_gw": 0.5396743248488066,
    "eval_metrics/imp_pval_pearson_dsf1": 0.18468797614886648,
    "eval_metrics/imp_pval_r2_dsf1": -0.10911155040387241,
    "eval_metrics/den_pval_spearman_1obs": 0.07951079155100967,
    "eval_metrics/imp_pval_r2_gw": -0.10911155040387241,
    "eval_metrics/den_pval_r2_dsf1": -0.05325879930495478,
    "eval_metrics/den_pval_r2_gw": -0.05325879930495478,
    "eval_metrics/imp_count_pearson_gw": 0.033059287889161154,
    "eval_metrics/den_pval_r2_1obs": -27.146579141253437,
    "eval_metrics/imp_pval_pearson_1obs": 0.22720418541529586,
    "eval_losses/total_loss": 4.94450066915076,
    "eval_losses/count_obs_loss": 1.1762228937525498,
    "eval_losses/count_imp_loss": 1.7986564570003085,
    "eval_losses/pval_obs_loss": 0.5504699474886844,
    "eval_losses/pval_imp_loss": 0.6009913211067518,
    "eval_losses/peak_obs_loss": 0.6712498006067777,
    "eval_losses/peak_imp_loss": 0.6723904770518107
  }
}
{
  "epoch": 27,
  "training_metadata_probes": {
    "training_metadata_probes/depth_count_ratio": 0.9942471385002136,
    "training_metadata_probes/runtype_mse": 0.0018196508754044771,
    "training_metadata_probes/readlen_mse": 3.6571289001585683e-06
  }
}
{
  "epoch": 28,
  "eval_prefixed": {
    "eval_metrics/den_pval_pearson_1obs": 0.1385518357304758,
    "eval_metrics/den_count_r2_gw": -0.11278057672938513,
    "eval_metrics/imp_pval_spearman_gw": 0.16474324832658765,
    "eval_metrics/den_count_spearman_gw": 0.08375964897694466,
    "eval_metrics/imp_pval_spearman_1obs": 0.1623733126580923,
    "eval_metrics/imp_peak_auroc_gw": 0.49991712311726866,
    "eval_metrics/den_pval_spearman_gw": 0.20301604675214246,
    "eval_metrics/imp_count_spearman_gw": -0.0001388777980818821,
    "eval_metrics/imp_count_r2_gw": -0.06506728021883401,
    "eval_metrics/imp_pval_spearman_dsf1": 0.16474324832658765,
    "eval_metrics/den_pval_pearson_gw": 0.2283708836697961,
    "eval_metrics/imp_pval_r2_1obs": -29.92788696563162,
    "eval_metrics/den_pval_pearson_dsf1": 0.2283708836697961,
    "eval_metrics/imp_pval_pearson_gw": 0.18810386098329984,
    "eval_metrics/den_pval_spearman_dsf1": 0.20301604675214246,
    "eval_metrics/den_count_pearson_gw": 0.10897555733428912,
    "eval_metrics/den_peak_auroc_gw": 0.5402714151955087,
    "eval_metrics/imp_pval_pearson_dsf1": 0.18810386098329984,
    "eval_metrics/imp_pval_r2_dsf1": -0.12347956199639032,
    "eval_metrics/den_pval_spearman_1obs": 0.11335365825749164,
    "eval_metrics/imp_pval_r2_gw": -0.12347956199639032,
    "eval_metrics/den_pval_r2_dsf1": -0.08283513935424734,
    "eval_metrics/den_pval_r2_gw": -0.08283513935424734,
    "eval_metrics/imp_count_pearson_gw": 0.03763008159922532,
    "eval_metrics/den_pval_r2_1obs": -23.784709262593584,
    "eval_metrics/imp_pval_pearson_1obs": 0.18204937132430218,
    "eval_losses/total_loss": 4.898327473811437,
    "eval_losses/count_obs_loss": 1.1682660077747546,
    "eval_losses/count_imp_loss": 1.774417507270026,
    "eval_losses/pval_obs_loss": 0.5308753291243001,
    "eval_losses/pval_imp_loss": 0.6059397667949458,
    "eval_losses/peak_obs_loss": 0.6698425733729413,
    "eval_losses/peak_imp_loss": 0.6709143263953072
  }
}
{
  "epoch": 28,
  "training_metadata_probes": {
    "training_metadata_probes/depth_count_ratio": 0.9940105676651001,
    "training_metadata_probes/runtype_mse": 0.0014061785768717527,
    "training_metadata_probes/readlen_mse": 6.61850117467111e-06
  }
}
{
  "epoch": 29,
  "eval_prefixed": {
    "eval_metrics/den_pval_pearson_1obs": 0.13301947448206575,
    "eval_metrics/den_count_r2_gw": -0.0942802956180362,
    "eval_metrics/imp_pval_spearman_gw": 0.14384531620597565,
    "eval_metrics/den_count_spearman_gw": 0.08238721731430514,
    "eval_metrics/imp_pval_spearman_1obs": 0.2140586231311778,
    "eval_metrics/imp_peak_auroc_gw": 0.4858158426655173,
    "eval_metrics/den_pval_spearman_gw": 0.1998001981270891,
    "eval_metrics/imp_count_spearman_gw": 0.004922824735937529,
    "eval_metrics/imp_count_r2_gw": -0.07106176900251619,
    "eval_metrics/imp_pval_spearman_dsf1": 0.14384531620597565,
    "eval_metrics/den_pval_pearson_gw": 0.22702358939874867,
    "eval_metrics/imp_pval_r2_1obs": -27.338819735794306,
    "eval_metrics/den_pval_pearson_dsf1": 0.22702358939874867,
    "eval_metrics/imp_pval_pearson_gw": 0.17687495797872543,
    "eval_metrics/den_pval_spearman_dsf1": 0.1998001981270891,
    "eval_metrics/den_count_pearson_gw": 0.10491270099622566,
    "eval_metrics/den_peak_auroc_gw": 0.5301453697720329,
    "eval_metrics/imp_pval_pearson_dsf1": 0.17687495797872543,
    "eval_metrics/imp_pval_r2_dsf1": -0.13468419426477102,
    "eval_metrics/den_pval_spearman_1obs": 0.09202969572282788,
    "eval_metrics/imp_pval_r2_gw": -0.13468419426477102,
    "eval_metrics/den_pval_r2_dsf1": -0.05981481737940425,
    "eval_metrics/den_pval_r2_gw": -0.05981481737940425,
    "eval_metrics/imp_count_pearson_gw": 0.03555127617622179,
    "eval_metrics/den_pval_r2_1obs": -24.954690579811107,
    "eval_metrics/imp_pval_pearson_1obs": 0.1992537567451123,
    "eval_losses/total_loss": 4.900649439102333,
    "eval_losses/count_obs_loss": 1.1756741153566461,
    "eval_losses/count_imp_loss": 1.773065521603539,
    "eval_losses/pval_obs_loss": 0.514715447433685,
    "eval_losses/pval_imp_loss": 0.6249112292296357,
    "eval_losses/peak_obs_loss": 0.667877009040431,
    "eval_losses/peak_imp_loss": 0.6690248033357045
  }
}
{
  "epoch": 29,
  "training_metadata_probes": {
    "training_metadata_probes/depth_count_ratio": 0.993806004524231,
    "training_metadata_probes/runtype_mse": 0.00083361123688519,
    "training_metadata_probes/readlen_mse": 6.4934802139759995e-06
  }
}
{
  "epoch": 30,
  "eval_prefixed": {
    "eval_metrics/den_pval_pearson_1obs": 0.1463365384475573,
    "eval_metrics/den_count_r2_gw": -0.12771358116569953,
    "eval_metrics/imp_pval_spearman_gw": 0.1633613477938116,
    "eval_metrics/den_count_spearman_gw": 0.08712241653983274,
    "eval_metrics/imp_pval_spearman_1obs": 0.1696425840900495,
    "eval_metrics/imp_peak_auroc_gw": 0.5025398185783763,
    "eval_metrics/den_pval_spearman_gw": 0.20354200531956912,
    "eval_metrics/imp_count_spearman_gw": -0.0007967694736127025,
    "eval_metrics/imp_count_r2_gw": -0.056217031385979964,
    "eval_metrics/imp_pval_spearman_dsf1": 0.1633613477938116,
    "eval_metrics/den_pval_pearson_gw": 0.22486868919804692,
    "eval_metrics/imp_pval_r2_1obs": -29.316528024502546,
    "eval_metrics/den_pval_pearson_dsf1": 0.22486868919804692,
    "eval_metrics/imp_pval_pearson_gw": 0.18373509443231992,
    "eval_metrics/den_pval_spearman_dsf1": 0.20354200531956912,
    "eval_metrics/den_count_pearson_gw": 0.10665169701774414,
    "eval_metrics/den_peak_auroc_gw": 0.5362196583200285,
    "eval_metrics/imp_pval_pearson_dsf1": 0.18373509443231992,
    "eval_metrics/imp_pval_r2_dsf1": -0.11327671399195884,
    "eval_metrics/den_pval_spearman_1obs": 0.1155327003921794,
    "eval_metrics/imp_pval_r2_gw": -0.11327671399195884,
    "eval_metrics/den_pval_r2_dsf1": -0.07278297273190733,
    "eval_metrics/den_pval_r2_gw": -0.07278297273190733,
    "eval_metrics/imp_count_pearson_gw": 0.035472883066783346,
    "eval_metrics/den_pval_r2_1obs": -25.195631927777395,
    "eval_metrics/imp_pval_pearson_1obs": 0.1651318481927442,
    "eval_losses/total_loss": 4.86250069727631,
    "eval_losses/count_obs_loss": 1.1802710357465243,
    "eval_losses/count_imp_loss": 1.759703014578138,
    "eval_losses/pval_obs_loss": 0.4999760333326106,
    "eval_losses/pval_imp_loss": 0.6098328086266679,
    "eval_losses/peak_obs_loss": 0.6653947508648822,
    "eval_losses/peak_imp_loss": 0.6666748859579601
  }
}
{
  "epoch": 30,
  "training_metadata_probes": {
    "training_metadata_probes/depth_count_ratio": 0.993629515171051,
    "training_metadata_probes/runtype_mse": 0.0009711203747428954,
    "training_metadata_probes/readlen_mse": 8.086143679975066e-06
  }
}
{
  "epoch": 31,
  "eval_prefixed": {
    "eval_metrics/den_pval_pearson_1obs": 0.13656200353350295,
    "eval_metrics/den_count_r2_gw": -0.09819130323445917,
    "eval_metrics/imp_pval_spearman_gw": 0.14220129037683596,
    "eval_metrics/den_count_spearman_gw": 0.08747849496890521,
    "eval_metrics/imp_pval_spearman_1obs": 0.1941775557970007,
    "eval_metrics/imp_peak_auroc_gw": 0.5005786838870065,
    "eval_metrics/den_pval_spearman_gw": 0.2044239010502152,
    "eval_metrics/imp_count_spearman_gw": -0.0002377382678450385,
    "eval_metrics/imp_count_r2_gw": -0.05988655382570386,
    "eval_metrics/imp_pval_spearman_dsf1": 0.14220129037683596,
    "eval_metrics/den_pval_pearson_gw": 0.2279587786791748,
    "eval_metrics/imp_pval_r2_1obs": -18.32433520301406,
    "eval_metrics/den_pval_pearson_dsf1": 0.2279587786791748,
    "eval_metrics/imp_pval_pearson_gw": 0.16537642141892797,
    "eval_metrics/den_pval_spearman_dsf1": 0.2044239010502152,
    "eval_metrics/den_count_pearson_gw": 0.11966647240670251,
    "eval_metrics/den_peak_auroc_gw": 0.5269422000876964,
    "eval_metrics/imp_pval_pearson_dsf1": 0.16537642141892797,
    "eval_metrics/imp_pval_r2_dsf1": -0.13038843669746972,
    "eval_metrics/den_pval_spearman_1obs": 0.11382087070680788,
    "eval_metrics/imp_pval_r2_gw": -0.13038843669746972,
    "eval_metrics/den_pval_r2_dsf1": -0.06674287163546974,
    "eval_metrics/den_pval_r2_gw": -0.06674287163546974,
    "eval_metrics/imp_count_pearson_gw": 0.03331336225678642,
    "eval_metrics/den_pval_r2_1obs": -22.603538362303205,
    "eval_metrics/imp_pval_pearson_1obs": 0.20157091697264048,
    "eval_losses/total_loss": 4.850437030980461,
    "eval_losses/count_obs_loss": 1.1573364562109898,
    "eval_losses/count_imp_loss": 1.800427514409262,
    "eval_losses/pval_obs_loss": 0.4937474324711059,
    "eval_losses/pval_imp_loss": 0.5935404280584956,
    "eval_losses/peak_obs_loss": 0.6637311671909533,
    "eval_losses/peak_imp_loss": 0.6648776148046766
  }
}
{
  "epoch": 31,
  "training_metadata_probes": {
    "training_metadata_probes/depth_count_ratio": 0.9935460686683655,
    "training_metadata_probes/runtype_mse": 0.0011872570030391216,
    "training_metadata_probes/readlen_mse": 1.2813156899937894e-05
  }
}
{
  "epoch": 32,
  "eval_prefixed": {
    "eval_metrics/den_pval_pearson_1obs": 0.15362910274416208,
    "eval_metrics/den_count_r2_gw": -0.08429372890110665,
    "eval_metrics/imp_pval_spearman_gw": 0.15273083646049102,
    "eval_metrics/den_count_spearman_gw": 0.08596017158903929,
    "eval_metrics/imp_pval_spearman_1obs": 0.19472523185988735,
    "eval_metrics/imp_peak_auroc_gw": 0.5026951327084735,
    "eval_metrics/den_pval_spearman_gw": 0.20200924272834764,
    "eval_metrics/imp_count_spearman_gw": 0.00016663793614638607,
    "eval_metrics/imp_count_r2_gw": -0.073231837168533,
    "eval_metrics/imp_pval_spearman_dsf1": 0.15273083646049102,
    "eval_metrics/den_pval_pearson_gw": 0.23328105566140853,
    "eval_metrics/imp_pval_r2_1obs": -24.564184792909828,
    "eval_metrics/den_pval_pearson_dsf1": 0.23328105566140853,
    "eval_metrics/imp_pval_pearson_gw": 0.17101648077368736,
    "eval_metrics/den_pval_spearman_dsf1": 0.20200924272834764,
    "eval_metrics/den_count_pearson_gw": 0.11100434280242073,
    "eval_metrics/den_peak_auroc_gw": 0.5385835796831435,
    "eval_metrics/imp_pval_pearson_dsf1": 0.17101648077368736,
    "eval_metrics/imp_pval_r2_dsf1": -0.12480541977314855,
    "eval_metrics/den_pval_spearman_1obs": 0.13198445633696226,
    "eval_metrics/imp_pval_r2_gw": -0.12480541977314855,
    "eval_metrics/den_pval_r2_dsf1": -0.050963620546126895,
    "eval_metrics/den_pval_r2_gw": -0.050963620546126895,
    "eval_metrics/imp_count_pearson_gw": 0.036610329375853616,
    "eval_metrics/den_pval_r2_1obs": -24.727622427125294,
    "eval_metrics/imp_pval_pearson_1obs": 0.19706666629968417,
    "eval_losses/total_loss": 4.806459136589087,
    "eval_losses/count_obs_loss": 1.1380038120244678,
    "eval_losses/count_imp_loss": 1.7748674807094393,
    "eval_losses/pval_obs_loss": 0.47235641127305206,
    "eval_losses/pval_imp_loss": 0.6209750570475109,
    "eval_losses/peak_obs_loss": 0.6609991365357449,
    "eval_losses/peak_imp_loss": 0.6623730659484863
  }
}
{
  "epoch": 32,
  "training_metadata_probes": {
    "training_metadata_probes/depth_count_ratio": 0.9935837388038635,
    "training_metadata_probes/runtype_mse": 0.0013069857377558947,
    "training_metadata_probes/readlen_mse": 1.5388541214633733e-05
  }
}
{
  "epoch": 33,
  "eval_prefixed": {
    "eval_metrics/den_pval_pearson_1obs": 0.1395323863130455,
    "eval_metrics/den_count_r2_gw": -0.08736062311555799,
    "eval_metrics/imp_pval_spearman_gw": 0.14522215278090625,
    "eval_metrics/den_count_spearman_gw": 0.08589055626766492,
    "eval_metrics/imp_pval_spearman_1obs": 0.22944974617689765,
    "eval_metrics/imp_peak_auroc_gw": 0.5107505603776878,
    "eval_metrics/den_pval_spearman_gw": 0.2014013357290827,
    "eval_metrics/imp_count_spearman_gw": 0.003766237121506812,
    "eval_metrics/imp_count_r2_gw": -0.06612776055028016,
    "eval_metrics/imp_pval_spearman_dsf1": 0.14522215278090625,
    "eval_metrics/den_pval_pearson_gw": 0.229664047573399,
    "eval_metrics/imp_pval_r2_1obs": -28.66991215762378,
    "eval_metrics/den_pval_pearson_dsf1": 0.229664047573399,
    "eval_metrics/imp_pval_pearson_gw": 0.17032860689574764,
    "eval_metrics/den_pval_spearman_dsf1": 0.2014013357290827,
    "eval_metrics/den_count_pearson_gw": 0.11292852169687026,
    "eval_metrics/den_peak_auroc_gw": 0.5355797810887271,
    "eval_metrics/imp_pval_pearson_dsf1": 0.17032860689574764,
    "eval_metrics/imp_pval_r2_dsf1": -0.09568863607412377,
    "eval_metrics/den_pval_spearman_1obs": 0.10761352326625283,
    "eval_metrics/imp_pval_r2_gw": -0.09568863607412377,
    "eval_metrics/den_pval_r2_dsf1": -0.03703643688826658,
    "eval_metrics/den_pval_r2_gw": -0.03703643688826658,
    "eval_metrics/imp_count_pearson_gw": 0.03390886248292638,
    "eval_metrics/den_pval_r2_1obs": -24.524714701875443,
    "eval_metrics/imp_pval_pearson_1obs": 0.22584033940016987,
    "eval_losses/total_loss": 4.781673009452214,
    "eval_losses/count_obs_loss": 1.1576739588850422,
    "eval_losses/count_imp_loss": 1.7645934593109858,
    "eval_losses/pval_obs_loss": 0.4733970569887836,
    "eval_losses/pval_imp_loss": 0.5805421428060129,
    "eval_losses/peak_obs_loss": 0.6587576685767425,
    "eval_losses/peak_imp_loss": 0.6608988216945103
  }
}
{
  "epoch": 33,
  "training_metadata_probes": {
    "training_metadata_probes/depth_count_ratio": 0.9933875799179077,
    "training_metadata_probes/runtype_mse": 0.0018489601789042354,
    "training_metadata_probes/readlen_mse": 2.0808782210224308e-05
  }
}
{
  "epoch": 34,
  "eval_prefixed": {
    "eval_metrics/den_pval_pearson_1obs": 0.12939454220146504,
    "eval_metrics/den_count_r2_gw": -0.09095816127498864,
    "eval_metrics/imp_pval_spearman_gw": 0.10524748415097303,
    "eval_metrics/den_count_spearman_gw": 0.08534138650500304,
    "eval_metrics/imp_pval_spearman_1obs": 0.1957741455208988,
    "eval_metrics/imp_peak_auroc_gw": 0.5278407202290951,
    "eval_metrics/den_pval_spearman_gw": 0.1778340024508707,
    "eval_metrics/imp_count_spearman_gw": 0.0013678153402617145,
    "eval_metrics/imp_count_r2_gw": -0.05965117802850931,
    "eval_metrics/imp_pval_spearman_dsf1": 0.10524748415097303,
    "eval_metrics/den_pval_pearson_gw": 0.21210347969501622,
    "eval_metrics/imp_pval_r2_1obs": -36.685834384273896,
    "eval_metrics/den_pval_pearson_dsf1": 0.21210347969501622,
    "eval_metrics/imp_pval_pearson_gw": 0.15154671498633449,
    "eval_metrics/den_pval_spearman_dsf1": 0.1778340024508707,
    "eval_metrics/den_count_pearson_gw": 0.11580422733248652,
    "eval_metrics/den_peak_auroc_gw": 0.5324117228840265,
    "eval_metrics/imp_pval_pearson_dsf1": 0.15154671498633449,
    "eval_metrics/imp_pval_r2_dsf1": -0.09192495182359324,
    "eval_metrics/den_pval_spearman_1obs": 0.11531107996622704,
    "eval_metrics/imp_pval_r2_gw": -0.09192495182359324,
    "eval_metrics/den_pval_r2_dsf1": -0.05627861659383987,
    "eval_metrics/den_pval_r2_gw": -0.05627861659383987,
    "eval_metrics/imp_count_pearson_gw": 0.03073080783961193,
    "eval_metrics/den_pval_r2_1obs": -24.901932286939893,
    "eval_metrics/imp_pval_pearson_1obs": 0.1840847101790594,
    "eval_losses/total_loss": 4.838705150876194,
    "eval_losses/count_obs_loss": 1.1364534058068927,
    "eval_losses/count_imp_loss": 1.7777311726221963,
    "eval_losses/pval_obs_loss": 0.47651489042235834,
    "eval_losses/pval_imp_loss": 0.6643039798807531,
    "eval_losses/peak_obs_loss": 0.6565168931295997,
    "eval_losses/peak_imp_loss": 0.6573413090100364
  }
}
{
  "epoch": 34,
  "training_metadata_probes": {
    "training_metadata_probes/depth_count_ratio": 0.9932291507720947,
    "training_metadata_probes/runtype_mse": 0.0021341838873922825,
    "training_metadata_probes/readlen_mse": 1.6094738384708762e-05
  }
}
{
  "epoch": 35,
  "eval_prefixed": {
    "eval_metrics/den_pval_pearson_1obs": 0.1311740137416085,
    "eval_metrics/den_count_r2_gw": -0.09177986387049812,
    "eval_metrics/imp_pval_spearman_gw": 0.11631678000728773,
    "eval_metrics/den_count_spearman_gw": 0.0882423546237978,
    "eval_metrics/imp_pval_spearman_1obs": 0.19457005364034213,
    "eval_metrics/imp_peak_auroc_gw": 0.5020671474475947,
    "eval_metrics/den_pval_spearman_gw": 0.18714469307804565,
    "eval_metrics/imp_count_spearman_gw": 0.003434799416772796,
    "eval_metrics/imp_count_r2_gw": -0.07488603996220274,
    "eval_metrics/imp_pval_spearman_dsf1": 0.11631678000728773,
    "eval_metrics/den_pval_pearson_gw": 0.22226796217728406,
    "eval_metrics/imp_pval_r2_1obs": -24.43034922875516,
    "eval_metrics/den_pval_pearson_dsf1": 0.22226796217728406,
    "eval_metrics/imp_pval_pearson_gw": 0.14163712076547127,
    "eval_metrics/den_pval_spearman_dsf1": 0.18714469307804565,
    "eval_metrics/den_count_pearson_gw": 0.11637543518391842,
    "eval_metrics/den_peak_auroc_gw": 0.5372688200299269,
    "eval_metrics/imp_pval_pearson_dsf1": 0.14163712076547127,
    "eval_metrics/imp_pval_r2_dsf1": -0.18043085399814918,
    "eval_metrics/den_pval_spearman_1obs": 0.10936635206782365,
    "eval_metrics/imp_pval_r2_gw": -0.18043085399814918,
    "eval_metrics/den_pval_r2_dsf1": -0.07244131238670035,
    "eval_metrics/den_pval_r2_gw": -0.07244131238670035,
    "eval_metrics/imp_count_pearson_gw": 0.03597114791992926,
    "eval_metrics/den_pval_r2_1obs": -24.92950755274743,
    "eval_metrics/imp_pval_pearson_1obs": 0.1952336801046003,
    "eval_losses/total_loss": 4.808819014015363,
    "eval_losses/count_obs_loss": 1.149627974158839,
    "eval_losses/count_imp_loss": 1.76113094886144,
    "eval_losses/pval_obs_loss": 0.4846688374435823,
    "eval_losses/pval_imp_loss": 0.6241150055494573,
    "eval_losses/peak_obs_loss": 0.6533154978563911,
    "eval_losses/peak_imp_loss": 0.6562097526731945
  }
}
{
  "epoch": 35,
  "training_metadata_probes": {
    "training_metadata_probes/depth_count_ratio": 0.9931401014328003,
    "training_metadata_probes/runtype_mse": 0.0026657870039343834,
    "training_metadata_probes/readlen_mse": 6.8036561060580425e-06
  }
}
{
  "epoch": 36,
  "eval_prefixed": {
    "eval_metrics/den_pval_pearson_1obs": 0.13135852031164655,
    "eval_metrics/den_count_r2_gw": -0.09813226205646475,
    "eval_metrics/imp_pval_spearman_gw": 0.10388888696236508,
    "eval_metrics/den_count_spearman_gw": 0.0880629883244925,
    "eval_metrics/imp_pval_spearman_1obs": 0.19523426045811165,
    "eval_metrics/imp_peak_auroc_gw": 0.4999709395259393,
    "eval_metrics/den_pval_spearman_gw": 0.18310801832210152,
    "eval_metrics/imp_count_spearman_gw": 0.002576242193399664,
    "eval_metrics/imp_count_r2_gw": -0.06957027026698519,
    "eval_metrics/imp_pval_spearman_dsf1": 0.10388888696236508,
    "eval_metrics/den_pval_pearson_gw": 0.2226772033211187,
    "eval_metrics/imp_pval_r2_1obs": -27.775822448520042,
    "eval_metrics/den_pval_pearson_dsf1": 0.2226772033211187,
    "eval_metrics/imp_pval_pearson_gw": 0.14169549298960538,
    "eval_metrics/den_pval_spearman_dsf1": 0.18310801832210152,
    "eval_metrics/den_count_pearson_gw": 0.12487048682372628,
    "eval_metrics/den_peak_auroc_gw": 0.5316533492613229,
    "eval_metrics/imp_pval_pearson_dsf1": 0.14169549298960538,
    "eval_metrics/imp_pval_r2_dsf1": -0.1333941108857351,
    "eval_metrics/den_pval_spearman_1obs": 0.1202060915636889,
    "eval_metrics/imp_pval_r2_gw": -0.1333941108857351,
    "eval_metrics/den_pval_r2_dsf1": -0.05049563127607329,
    "eval_metrics/den_pval_r2_gw": -0.05049563127607329,
    "eval_metrics/imp_count_pearson_gw": 0.03387366298083511,
    "eval_metrics/den_pval_r2_1obs": -28.0387418765902,
    "eval_metrics/imp_pval_pearson_1obs": 0.20219805141881345,
    "eval_losses/total_loss": 4.7957967501665975,
    "eval_losses/count_obs_loss": 1.1664028269679922,
    "eval_losses/count_imp_loss": 1.7692698249741206,
    "eval_losses/pval_obs_loss": 0.4772337484418562,
    "eval_losses/pval_imp_loss": 0.5943053322229793,
    "eval_losses/peak_obs_loss": 0.6506860687544471,
    "eval_losses/peak_imp_loss": 0.6540761452818674
  }
}
{
  "epoch": 36,
  "training_metadata_probes": {
    "training_metadata_probes/depth_count_ratio": 0.993003249168396,
    "training_metadata_probes/runtype_mse": 0.0028742938302457333,
    "training_metadata_probes/readlen_mse": 4.88042405777378e-06
  }
}
{
  "epoch": 37,
  "eval_prefixed": {
    "eval_metrics/den_pval_pearson_1obs": 0.12024393111718573,
    "eval_metrics/den_count_r2_gw": -0.09317997438596765,
    "eval_metrics/imp_pval_spearman_gw": 0.10135223727421767,
    "eval_metrics/den_count_spearman_gw": 0.08604600811368564,
    "eval_metrics/imp_pval_spearman_1obs": 0.20509874222419605,
    "eval_metrics/imp_peak_auroc_gw": 0.5007779031828052,
    "eval_metrics/den_pval_spearman_gw": 0.18731683334177834,
    "eval_metrics/imp_count_spearman_gw": 0.009273820446885102,
    "eval_metrics/imp_count_r2_gw": -0.06458055058112488,
    "eval_metrics/imp_pval_spearman_dsf1": 0.10135223727421767,
    "eval_metrics/den_pval_pearson_gw": 0.2206201297583328,
    "eval_metrics/imp_pval_r2_1obs": -29.14069179651461,
    "eval_metrics/den_pval_pearson_dsf1": 0.2206201297583328,
    "eval_metrics/imp_pval_pearson_gw": 0.14013323646837048,
    "eval_metrics/den_pval_spearman_dsf1": 0.18731683334177834,
    "eval_metrics/den_count_pearson_gw": 0.12205805135186222,
    "eval_metrics/den_peak_auroc_gw": 0.5512348125039574,
    "eval_metrics/imp_pval_pearson_dsf1": 0.14013323646837048,
    "eval_metrics/imp_pval_r2_dsf1": -0.1544612267133298,
    "eval_metrics/den_pval_spearman_1obs": 0.10780681299421452,
    "eval_metrics/imp_pval_r2_gw": -0.1544612267133298,
    "eval_metrics/den_pval_r2_dsf1": -0.07295275849116806,
    "eval_metrics/den_pval_r2_gw": -0.07295275849116806,
    "eval_metrics/imp_count_pearson_gw": 0.039534188386160025,
    "eval_metrics/den_pval_r2_1obs": -32.52358026153002,
    "eval_metrics/imp_pval_pearson_1obs": 0.19755538913702209,
    "eval_losses/total_loss": 4.759511555937168,
    "eval_losses/count_obs_loss": 1.155296084127928,
    "eval_losses/count_imp_loss": 1.7510064083432395,
    "eval_losses/pval_obs_loss": 0.47170431272273783,
    "eval_losses/pval_imp_loss": 0.5956615930689233,
    "eval_losses/peak_obs_loss": 0.6471854746341705,
    "eval_losses/peak_imp_loss": 0.6515026655462053
  }
}
{
  "epoch": 37,
  "training_metadata_probes": {
    "training_metadata_probes/depth_count_ratio": 0.9928790330886841,
    "training_metadata_probes/runtype_mse": 0.003284358186647296,
    "training_metadata_probes/readlen_mse": 3.1655417842557654e-06
  }
}
{
  "epoch": 38,
  "eval_prefixed": {
    "eval_metrics/den_pval_pearson_1obs": 0.12704901541521968,
    "eval_metrics/den_count_r2_gw": -0.07656950352086463,
    "eval_metrics/imp_pval_spearman_gw": 0.11708357450471282,
    "eval_metrics/den_count_spearman_gw": 0.08770915634495347,
    "eval_metrics/imp_pval_spearman_1obs": 0.2044003868243975,
    "eval_metrics/imp_peak_auroc_gw": 0.5140529881105727,
    "eval_metrics/den_pval_spearman_gw": 0.18666769977618206,
    "eval_metrics/imp_count_spearman_gw": 0.00935851295432124,
    "eval_metrics/imp_count_r2_gw": -0.07202488147819505,
    "eval_metrics/imp_pval_spearman_dsf1": 0.11708357450471282,
    "eval_metrics/den_pval_pearson_gw": 0.2208574348480493,
    "eval_metrics/imp_pval_r2_1obs": -22.374348889935682,
    "eval_metrics/den_pval_pearson_dsf1": 0.2208574348480493,
    "eval_metrics/imp_pval_pearson_gw": 0.14385199385680378,
    "eval_metrics/den_pval_spearman_dsf1": 0.18666769977618206,
    "eval_metrics/den_count_pearson_gw": 0.11822979919624661,
    "eval_metrics/den_peak_auroc_gw": 0.5332700566629119,
    "eval_metrics/imp_pval_pearson_dsf1": 0.14385199385680378,
    "eval_metrics/imp_pval_r2_dsf1": -0.15429484600342366,
    "eval_metrics/den_pval_spearman_1obs": 0.10491838102266639,
    "eval_metrics/imp_pval_r2_gw": -0.15429484600342366,
    "eval_metrics/den_pval_r2_dsf1": -0.06396511689173351,
    "eval_metrics/den_pval_r2_gw": -0.06396511689173351,
    "eval_metrics/imp_count_pearson_gw": 0.03453465090950929,
    "eval_metrics/den_pval_r2_1obs": -22.531898518006173,
    "eval_metrics/imp_pval_pearson_1obs": 0.20319181781942172,
    "eval_losses/total_loss": 4.691593451462196,
    "eval_losses/count_obs_loss": 1.1048723427872909,
    "eval_losses/count_imp_loss": 1.7547096534380837,
    "eval_losses/pval_obs_loss": 0.4535067900892739,
    "eval_losses/pval_imp_loss": 0.5978601392181147,
    "eval_losses/peak_obs_loss": 0.6455301485563579,
    "eval_losses/peak_imp_loss": 0.6484460315060994
  }
}
{
  "epoch": 38,
  "training_metadata_probes": {
    "training_metadata_probes/depth_count_ratio": 0.9926679730415344,
    "training_metadata_probes/runtype_mse": 0.003518402576446533,
    "training_metadata_probes/readlen_mse": 3.829660272458568e-06
  }
}
{
  "epoch": 39,
  "eval_prefixed": {
    "eval_metrics/den_pval_pearson_1obs": 0.12822201408409073,
    "eval_metrics/den_count_r2_gw": -0.06821529290712575,
    "eval_metrics/imp_pval_spearman_gw": 0.11549245806179878,
    "eval_metrics/den_count_spearman_gw": 0.08930033091444191,
    "eval_metrics/imp_pval_spearman_1obs": 0.1763404960333704,
    "eval_metrics/imp_peak_auroc_gw": 0.5242073822411621,
    "eval_metrics/den_pval_spearman_gw": 0.18864763210723834,
    "eval_metrics/imp_count_spearman_gw": 0.012969237827509075,
    "eval_metrics/imp_count_r2_gw": -0.06394544500697939,
    "eval_metrics/imp_pval_spearman_dsf1": 0.11549245806179878,
    "eval_metrics/den_pval_pearson_gw": 0.22356842330803997,
    "eval_metrics/imp_pval_r2_1obs": -32.284195968255624,
    "eval_metrics/den_pval_pearson_dsf1": 0.22356842330803997,
    "eval_metrics/imp_pval_pearson_gw": 0.14236296867186735,
    "eval_metrics/den_pval_spearman_dsf1": 0.18864763210723834,
    "eval_metrics/den_count_pearson_gw": 0.12684437739268392,
    "eval_metrics/den_peak_auroc_gw": 0.5468988499968456,
    "eval_metrics/imp_pval_pearson_dsf1": 0.14236296867186735,
    "eval_metrics/imp_pval_r2_dsf1": -0.13393362005626278,
    "eval_metrics/den_pval_spearman_1obs": 0.11014872076687839,
    "eval_metrics/imp_pval_r2_gw": -0.13393362005626278,
    "eval_metrics/den_pval_r2_dsf1": -0.07437670558097759,
    "eval_metrics/den_pval_r2_gw": -0.07437670558097759,
    "eval_metrics/imp_count_pearson_gw": 0.03770433583699669,
    "eval_metrics/den_pval_r2_1obs": -40.802417582958334,
    "eval_metrics/imp_pval_pearson_1obs": 0.1789179624973922,
    "eval_losses/total_loss": 4.848640097346154,
    "eval_losses/count_obs_loss": 1.1907241885599338,
    "eval_losses/count_imp_loss": 1.7534640696313646,
    "eval_losses/pval_obs_loss": 0.5054390872583577,
    "eval_losses/pval_imp_loss": 0.6308204066206975,
    "eval_losses/peak_obs_loss": 0.641091030679251,
    "eval_losses/peak_imp_loss": 0.6453237793748341
  }
}
{
  "epoch": 39,
  "training_metadata_probes": {
    "training_metadata_probes/depth_count_ratio": 0.9926502704620361,
    "training_metadata_probes/runtype_mse": 0.0038582675624638796,
    "training_metadata_probes/readlen_mse": 3.12092174681311e-06
  }
}
{
  "epoch": 40,
  "eval_prefixed": {
    "eval_metrics/den_pval_pearson_1obs": 0.1349739346892181,
    "eval_metrics/den_count_r2_gw": -0.08401085916199953,
    "eval_metrics/imp_pval_spearman_gw": 0.08524664449173722,
    "eval_metrics/den_count_spearman_gw": 0.08500679780712488,
    "eval_metrics/imp_pval_spearman_1obs": 0.18616545842870938,
    "eval_metrics/imp_peak_auroc_gw": 0.4926066004225406,
    "eval_metrics/den_pval_spearman_gw": 0.17876026189337524,
    "eval_metrics/imp_count_spearman_gw": 0.009718773801691196,
    "eval_metrics/imp_count_r2_gw": -0.058284388502828945,
    "eval_metrics/imp_pval_spearman_dsf1": 0.08524664449173722,
    "eval_metrics/den_pval_pearson_gw": 0.21240126349470015,
    "eval_metrics/imp_pval_r2_1obs": -29.034109231922272,
    "eval_metrics/den_pval_pearson_dsf1": 0.21240126349470015,
    "eval_metrics/imp_pval_pearson_gw": 0.12955783837888804,
    "eval_metrics/den_pval_spearman_dsf1": 0.17876026189337524,
    "eval_metrics/den_count_pearson_gw": 0.12039764782744705,
    "eval_metrics/den_peak_auroc_gw": 0.5428877159413674,
    "eval_metrics/imp_pval_pearson_dsf1": 0.12955783837888804,
    "eval_metrics/imp_pval_r2_dsf1": -0.138642082743749,
    "eval_metrics/den_pval_spearman_1obs": 0.1287590948301398,
    "eval_metrics/imp_pval_r2_gw": -0.138642082743749,
    "eval_metrics/den_pval_r2_dsf1": -0.06320152999783668,
    "eval_metrics/den_pval_r2_gw": -0.06320152999783668,
    "eval_metrics/imp_count_pearson_gw": 0.038989695685900404,
    "eval_metrics/den_pval_r2_1obs": -23.392591976329005,
    "eval_metrics/imp_pval_pearson_1obs": 0.1887304773702035,
    "eval_losses/total_loss": 4.63811131460151,
    "eval_losses/count_obs_loss": 1.1087431986080973,
    "eval_losses/count_imp_loss": 1.731668506349836,
    "eval_losses/pval_obs_loss": 0.43545242735969003,
    "eval_losses/pval_imp_loss": 0.5859262842448458,
    "eval_losses/peak_obs_loss": 0.6389812991807335,
    "eval_losses/peak_imp_loss": 0.6439133617613051
  }
}
{
  "epoch": 40,
  "training_metadata_probes": {
    "training_metadata_probes/depth_count_ratio": 0.9923378229141235,
    "training_metadata_probes/runtype_mse": 0.0035297966096550226,
    "training_metadata_probes/readlen_mse": 3.896805992553709e-06
  }
}
{
  "epoch": 41,
  "eval_prefixed": {
    "eval_metrics/den_pval_pearson_1obs": 0.14623842472026713,
    "eval_metrics/den_count_r2_gw": -0.07373189242786264,
    "eval_metrics/imp_pval_spearman_gw": 0.08329594013479283,
    "eval_metrics/den_count_spearman_gw": 0.08859367626523613,
    "eval_metrics/imp_pval_spearman_1obs": 0.22777010474361836,
    "eval_metrics/imp_peak_auroc_gw": 0.51318350186802,
    "eval_metrics/den_pval_spearman_gw": 0.18161525907050943,
    "eval_metrics/imp_count_spearman_gw": 0.006268212764829114,
    "eval_metrics/imp_count_r2_gw": -0.054242893887365785,
    "eval_metrics/imp_pval_spearman_dsf1": 0.08329594013479283,
    "eval_metrics/den_pval_pearson_gw": 0.2204550754272771,
    "eval_metrics/imp_pval_r2_1obs": -27.880269815427326,
    "eval_metrics/den_pval_pearson_dsf1": 0.2204550754272771,
    "eval_metrics/imp_pval_pearson_gw": 0.14244984691992166,
    "eval_metrics/den_pval_spearman_dsf1": 0.18161525907050943,
    "eval_metrics/den_count_pearson_gw": 0.12346666360750341,
    "eval_metrics/den_peak_auroc_gw": 0.5313003764141893,
    "eval_metrics/imp_pval_pearson_dsf1": 0.14244984691992166,
    "eval_metrics/imp_pval_r2_dsf1": -0.08815517054894259,
    "eval_metrics/den_pval_spearman_1obs": 0.12805891736461777,
    "eval_metrics/imp_pval_r2_gw": -0.08815517054894259,
    "eval_metrics/den_pval_r2_dsf1": -0.04220836818015885,
    "eval_metrics/den_pval_r2_gw": -0.04220836818015885,
    "eval_metrics/imp_count_pearson_gw": 0.04141912426030825,
    "eval_metrics/den_pval_r2_1obs": -27.559746076380705,
    "eval_metrics/imp_pval_pearson_1obs": 0.218640205758949,
    "eval_losses/total_loss": 4.665930145126032,
    "eval_losses/count_obs_loss": 1.1262589018595845,
    "eval_losses/count_imp_loss": 1.7308779453474379,
    "eval_losses/pval_obs_loss": 0.45099602605363254,
    "eval_losses/pval_imp_loss": 0.5873892569825763,
    "eval_losses/peak_obs_loss": 0.6360112687474803,
    "eval_losses/peak_imp_loss": 0.6405020053424533
  }
}
{
  "epoch": 41,
  "training_metadata_probes": {
    "training_metadata_probes/depth_count_ratio": 0.9921186566352844,
    "training_metadata_probes/runtype_mse": 0.0031259418465197086,
    "training_metadata_probes/readlen_mse": 4.275909759599017e-06
  }
}
{
  "epoch": 42,
  "eval_prefixed": {
    "eval_metrics/den_pval_pearson_1obs": 0.16115263033057808,
    "eval_metrics/den_count_r2_gw": -0.0849199137954478,
    "eval_metrics/imp_pval_spearman_gw": 0.07259528502857908,
    "eval_metrics/den_count_spearman_gw": 0.0890464971493555,
    "eval_metrics/imp_pval_spearman_1obs": 0.19305440584607447,
    "eval_metrics/imp_peak_auroc_gw": 0.5090546739591547,
    "eval_metrics/den_pval_spearman_gw": 0.17539334007299087,
    "eval_metrics/imp_count_spearman_gw": 0.008867278288070869,
    "eval_metrics/imp_count_r2_gw": -0.07051448141198034,
    "eval_metrics/imp_pval_spearman_dsf1": 0.07259528502857908,
    "eval_metrics/den_pval_pearson_gw": 0.2169864844641109,
    "eval_metrics/imp_pval_r2_1obs": -23.410411985758465,
    "eval_metrics/den_pval_pearson_dsf1": 0.2169864844641109,
    "eval_metrics/imp_pval_pearson_gw": 0.12463460174862236,
    "eval_metrics/den_pval_spearman_dsf1": 0.17539334007299087,
    "eval_metrics/den_count_pearson_gw": 0.12549953203109143,
    "eval_metrics/den_peak_auroc_gw": 0.5472755052828756,
    "eval_metrics/imp_pval_pearson_dsf1": 0.12463460174862236,
    "eval_metrics/imp_pval_r2_dsf1": -0.15497881249393097,
    "eval_metrics/den_pval_spearman_1obs": 0.1348567847824386,
    "eval_metrics/imp_pval_r2_gw": -0.15497881249393097,
    "eval_metrics/den_pval_r2_dsf1": -0.07130122191793391,
    "eval_metrics/den_pval_r2_gw": -0.07130122191793391,
    "eval_metrics/imp_count_pearson_gw": 0.04416876412662012,
    "eval_metrics/den_pval_r2_1obs": -29.3395815575467,
    "eval_metrics/imp_pval_pearson_1obs": 0.1968161173844858,
    "eval_losses/total_loss": 4.686951496436163,
    "eval_losses/count_obs_loss": 1.157639003897968,
    "eval_losses/count_imp_loss": 1.7090933696618156,
    "eval_losses/pval_obs_loss": 0.4796094104684399,
    "eval_losses/pval_imp_loss": 0.5702641456136628,
    "eval_losses/peak_obs_loss": 0.6315868034174568,
    "eval_losses/peak_imp_loss": 0.6377351383368174
  }
}
{
  "epoch": 42,
  "training_metadata_probes": {
    "training_metadata_probes/depth_count_ratio": 0.9921332001686096,
    "training_metadata_probes/runtype_mse": 0.003356758737936616,
    "training_metadata_probes/readlen_mse": 8.16643841972109e-06
  }
}
{
  "epoch": 43,
  "eval_prefixed": {
    "eval_metrics/den_pval_pearson_1obs": 0.13858411712939606,
    "eval_metrics/den_count_r2_gw": -0.05077802097961725,
    "eval_metrics/imp_pval_spearman_gw": 0.08260453021198526,
    "eval_metrics/den_count_spearman_gw": 0.08521558336219534,
    "eval_metrics/imp_pval_spearman_1obs": 0.19920815927078203,
    "eval_metrics/imp_peak_auroc_gw": 0.5217571610165788,
    "eval_metrics/den_pval_spearman_gw": 0.17808724619254518,
    "eval_metrics/imp_count_spearman_gw": 0.008067420698105223,
    "eval_metrics/imp_count_r2_gw": -0.053782953269256965,
    "eval_metrics/imp_pval_spearman_dsf1": 0.08260453021198526,
    "eval_metrics/den_pval_pearson_gw": 0.2095229109874804,
    "eval_metrics/imp_pval_r2_1obs": -27.888271643555708,
    "eval_metrics/den_pval_pearson_dsf1": 0.2095229109874804,
    "eval_metrics/imp_pval_pearson_gw": 0.1280053116322037,
    "eval_metrics/den_pval_spearman_dsf1": 0.17808724619254518,
    "eval_metrics/den_count_pearson_gw": 0.12828136644154592,
    "eval_metrics/den_peak_auroc_gw": 0.539403998266715,
    "eval_metrics/imp_pval_pearson_dsf1": 0.1280053116322037,
    "eval_metrics/imp_pval_r2_dsf1": -0.12730690280722626,
    "eval_metrics/den_pval_spearman_1obs": 0.12127891172527851,
    "eval_metrics/imp_pval_r2_gw": -0.12730690280722626,
    "eval_metrics/den_pval_r2_dsf1": -0.06356579912153792,
    "eval_metrics/den_pval_r2_gw": -0.06356579912153792,
    "eval_metrics/imp_count_pearson_gw": 0.042579255336599925,
    "eval_metrics/den_pval_r2_1obs": -27.93306687871973,
    "eval_metrics/imp_pval_pearson_1obs": 0.19572824807394118,
    "eval_losses/total_loss": 4.735554809682071,
    "eval_losses/count_obs_loss": 1.1148152508233722,
    "eval_losses/count_imp_loss": 1.7660111056433783,
    "eval_losses/pval_obs_loss": 0.4784386588848735,
    "eval_losses/pval_imp_loss": 0.6299231625975125,
    "eval_losses/peak_obs_loss": 0.6296939465560412,
    "eval_losses/peak_imp_loss": 0.6351471358821505
  }
}
{
  "epoch": 43,
  "training_metadata_probes": {
    "training_metadata_probes/depth_count_ratio": 0.9918513894081116,
    "training_metadata_probes/runtype_mse": 0.0034005101770162582,
    "training_metadata_probes/readlen_mse": 1.013664405036252e-05
  }
}
{
  "epoch": 44,
  "eval_prefixed": {
    "eval_metrics/den_pval_pearson_1obs": 0.14051513416741632,
    "eval_metrics/den_count_r2_gw": -0.05049690714051308,
    "eval_metrics/imp_pval_spearman_gw": 0.07122490026275617,
    "eval_metrics/den_count_spearman_gw": 0.0850255987685287,
    "eval_metrics/imp_pval_spearman_1obs": 0.21726265365978317,
    "eval_metrics/imp_peak_auroc_gw": 0.5332339005578232,
    "eval_metrics/den_pval_spearman_gw": 0.17590943581583493,
    "eval_metrics/imp_count_spearman_gw": 0.009455087281561171,
    "eval_metrics/imp_count_r2_gw": -0.05328934033690417,
    "eval_metrics/imp_pval_spearman_dsf1": 0.07122490026275617,
    "eval_metrics/den_pval_pearson_gw": 0.20909882012730172,
    "eval_metrics/imp_pval_r2_1obs": -34.68375404186145,
    "eval_metrics/den_pval_pearson_dsf1": 0.20909882012730172,
    "eval_metrics/imp_pval_pearson_gw": 0.12683350715549693,
    "eval_metrics/den_pval_spearman_dsf1": 0.17590943581583493,
    "eval_metrics/den_count_pearson_gw": 0.1368324661268975,
    "eval_metrics/den_peak_auroc_gw": 0.5312288034690406,
    "eval_metrics/imp_pval_pearson_dsf1": 0.12683350715549693,
    "eval_metrics/imp_pval_r2_dsf1": -0.10887334543306106,
    "eval_metrics/den_pval_spearman_1obs": 0.11706177421977648,
    "eval_metrics/imp_pval_r2_gw": -0.10887334543306106,
    "eval_metrics/den_pval_r2_dsf1": -0.05815908176825577,
    "eval_metrics/den_pval_r2_gw": -0.05815908176825577,
    "eval_metrics/imp_count_pearson_gw": 0.03990138744570902,
    "eval_metrics/den_pval_r2_1obs": -23.832669720989003,
    "eval_metrics/imp_pval_pearson_1obs": 0.20499713814240836,
    "eval_losses/total_loss": 4.691309588250557,
    "eval_losses/count_obs_loss": 1.0847726534855993,
    "eval_losses/count_imp_loss": 1.7466624445385404,
    "eval_losses/pval_obs_loss": 0.46669425053129854,
    "eval_losses/pval_imp_loss": 0.6527269722686874,
    "eval_losses/peak_obs_loss": 0.627375887412774,
    "eval_losses/peak_imp_loss": 0.6315229095163799
  }
}
{
  "epoch": 44,
  "training_metadata_probes": {
    "training_metadata_probes/depth_count_ratio": 0.9914628267288208,
    "training_metadata_probes/runtype_mse": 0.003315910929813981,
    "training_metadata_probes/readlen_mse": 1.296852951782057e-05
  }
}
{
  "epoch": 45,
  "eval_prefixed": {
    "eval_metrics/den_pval_pearson_1obs": 0.15236564341466874,
    "eval_metrics/den_count_r2_gw": -0.073986728430445,
    "eval_metrics/imp_pval_spearman_gw": 0.07386866866477618,
    "eval_metrics/den_count_spearman_gw": 0.08404727221783259,
    "eval_metrics/imp_pval_spearman_1obs": 0.2110223497475951,
    "eval_metrics/imp_peak_auroc_gw": 0.5153060052298404,
    "eval_metrics/den_pval_spearman_gw": 0.1769375323459209,
    "eval_metrics/imp_count_spearman_gw": 0.010180622010413682,
    "eval_metrics/imp_count_r2_gw": -0.0853098699187802,
    "eval_metrics/imp_pval_spearman_dsf1": 0.07386866866477618,
    "eval_metrics/den_pval_pearson_gw": 0.2131474617819645,
    "eval_metrics/imp_pval_r2_1obs": -24.930594150113745,
    "eval_metrics/den_pval_pearson_dsf1": 0.2131474617819645,
    "eval_metrics/imp_pval_pearson_gw": 0.11987229247414877,
    "eval_metrics/den_pval_spearman_dsf1": 0.1769375323459209,
    "eval_metrics/den_count_pearson_gw": 0.13052121102947767,
    "eval_metrics/den_peak_auroc_gw": 0.5291106844137031,
    "eval_metrics/imp_pval_pearson_dsf1": 0.11987229247414877,
    "eval_metrics/imp_pval_r2_dsf1": -0.14705140781028375,
    "eval_metrics/den_pval_spearman_1obs": 0.13437942768287578,
    "eval_metrics/imp_pval_r2_gw": -0.14705140781028375,
    "eval_metrics/den_pval_r2_dsf1": -0.062377851706932684,
    "eval_metrics/den_pval_r2_gw": -0.062377851706932684,
    "eval_metrics/imp_count_pearson_gw": 0.04328311717743793,
    "eval_metrics/den_pval_r2_1obs": -29.5265868399429,
    "eval_metrics/imp_pval_pearson_1obs": 0.2172863290955623,
    "eval_losses/total_loss": 4.64352684191085,
    "eval_losses/count_obs_loss": 1.1076774722651432,
    "eval_losses/count_imp_loss": 1.7298825700131675,
    "eval_losses/pval_obs_loss": 0.44605272618661584,
    "eval_losses/pval_imp_loss": 0.6156699609543596,
    "eval_losses/peak_obs_loss": 0.6239325780617563,
    "eval_losses/peak_imp_loss": 0.6291406272895752
  }
}
{
  "epoch": 45,
  "training_metadata_probes": {
    "training_metadata_probes/depth_count_ratio": 0.9909663796424866,
    "training_metadata_probes/runtype_mse": 0.0031255525536835194,
    "training_metadata_probes/readlen_mse": 1.619728391233366e-05
  }
}
{
  "epoch": 46,
  "eval_prefixed": {
    "eval_metrics/den_pval_pearson_1obs": 0.14450849489750048,
    "eval_metrics/den_count_r2_gw": -0.06821429757756921,
    "eval_metrics/imp_pval_spearman_gw": 0.06436704233885232,
    "eval_metrics/den_count_spearman_gw": 0.08629762523970252,
    "eval_metrics/imp_pval_spearman_1obs": 0.2095285431753009,
    "eval_metrics/imp_peak_auroc_gw": 0.5139584206163842,
    "eval_metrics/den_pval_spearman_gw": 0.1768868722701797,
    "eval_metrics/imp_count_spearman_gw": 0.007208499554485178,
    "eval_metrics/imp_count_r2_gw": -0.06669832754871273,
    "eval_metrics/imp_pval_spearman_dsf1": 0.06436704233885232,
    "eval_metrics/den_pval_pearson_gw": 0.21679736171790864,
    "eval_metrics/imp_pval_r2_1obs": -27.40927320431713,
    "eval_metrics/den_pval_pearson_dsf1": 0.21679736171790864,
    "eval_metrics/imp_pval_pearson_gw": 0.11993722868196312,
    "eval_metrics/den_pval_spearman_dsf1": 0.1768868722701797,
    "eval_metrics/den_count_pearson_gw": 0.12624166867470576,
    "eval_metrics/den_peak_auroc_gw": 0.5298303258487697,
    "eval_metrics/imp_pval_pearson_dsf1": 0.11993722868196312,
    "eval_metrics/imp_pval_r2_dsf1": -0.12335727803009783,
    "eval_metrics/den_pval_spearman_1obs": 0.12929662087674595,
    "eval_metrics/imp_pval_r2_gw": -0.12335727803009783,
    "eval_metrics/den_pval_r2_dsf1": -0.047887490915749266,
    "eval_metrics/den_pval_r2_gw": -0.047887490915749266,
    "eval_metrics/imp_count_pearson_gw": 0.038428636299194914,
    "eval_metrics/den_pval_r2_1obs": -25.117650855654418,
    "eval_metrics/imp_pval_pearson_1obs": 0.20420004415606696,
    "eval_losses/total_loss": 4.765640415937493,
    "eval_losses/count_obs_loss": 1.1109433817236047,
    "eval_losses/count_imp_loss": 1.750246304368216,
    "eval_losses/pval_obs_loss": 0.4781596819429021,
    "eval_losses/pval_imp_loss": 0.7071247286503277,
    "eval_losses/peak_obs_loss": 0.620630009393943,
    "eval_losses/peak_imp_loss": 0.625945761563286
  }
}
{
  "epoch": 46,
  "training_metadata_probes": {
    "training_metadata_probes/depth_count_ratio": 0.9908370971679688,
    "training_metadata_probes/runtype_mse": 0.003161053638905287,
    "training_metadata_probes/readlen_mse": 1.984816844924353e-05
  }
}
{
  "epoch": 47,
  "eval_prefixed": {
    "eval_metrics/den_pval_pearson_1obs": 0.12464969837310491,
    "eval_metrics/den_count_r2_gw": -0.0630902990724867,
    "eval_metrics/imp_pval_spearman_gw": 0.07302107624424835,
    "eval_metrics/den_count_spearman_gw": 0.08462128884174544,
    "eval_metrics/imp_pval_spearman_1obs": 0.20937901451866592,
    "eval_metrics/imp_peak_auroc_gw": 0.49359047750487917,
    "eval_metrics/den_pval_spearman_gw": 0.17884557527756906,
    "eval_metrics/imp_count_spearman_gw": 0.005512457888892627,
    "eval_metrics/imp_count_r2_gw": -0.06269595549848653,
    "eval_metrics/imp_pval_spearman_dsf1": 0.07302107624424835,
    "eval_metrics/den_pval_pearson_gw": 0.21420379411919335,
    "eval_metrics/imp_pval_r2_1obs": -24.836796261578677,
    "eval_metrics/den_pval_pearson_dsf1": 0.21420379411919335,
    "eval_metrics/imp_pval_pearson_gw": 0.11740176798036647,
    "eval_metrics/den_pval_spearman_dsf1": 0.17884557527756906,
    "eval_metrics/den_count_pearson_gw": 0.13343246867895542,
    "eval_metrics/den_peak_auroc_gw": 0.544035408686049,
    "eval_metrics/imp_pval_pearson_dsf1": 0.11740176798036647,
    "eval_metrics/imp_pval_r2_dsf1": -0.14145710035089112,
    "eval_metrics/den_pval_spearman_1obs": 0.10646243339823137,
    "eval_metrics/imp_pval_r2_gw": -0.14145710035089112,
    "eval_metrics/den_pval_r2_dsf1": -0.07496490749616411,
    "eval_metrics/den_pval_r2_gw": -0.07496490749616411,
    "eval_metrics/imp_count_pearson_gw": 0.03905170345457182,
    "eval_metrics/den_pval_r2_1obs": -26.976110778505838,
    "eval_metrics/imp_pval_pearson_1obs": 0.1944594563591102,
    "eval_losses/total_loss": 4.693498997814267,
    "eval_losses/count_obs_loss": 1.1126900903488461,
    "eval_losses/count_imp_loss": 1.7332076458703904,
    "eval_losses/pval_obs_loss": 0.45909359693331153,
    "eval_losses/pval_imp_loss": 0.6652417076042011,
    "eval_losses/peak_obs_loss": 0.6167712242979753,
    "eval_losses/peak_imp_loss": 0.6233879569030943
  }
}
{
  "epoch": 47,
  "training_metadata_probes": {
    "training_metadata_probes/depth_count_ratio": 0.9907764792442322,
    "training_metadata_probes/runtype_mse": 0.0036168228834867477,
    "training_metadata_probes/readlen_mse": 1.8760913008009084e-05
  }
}
{
  "epoch": 48,
  "eval_prefixed": {
    "eval_metrics/den_pval_pearson_1obs": 0.13438081672402882,
    "eval_metrics/den_count_r2_gw": -0.06005571473893303,
    "eval_metrics/imp_pval_spearman_gw": 0.06746135852485959,
    "eval_metrics/den_count_spearman_gw": 0.08986113264523368,
    "eval_metrics/imp_pval_spearman_1obs": 0.2046851787902137,
    "eval_metrics/imp_peak_auroc_gw": 0.5121551034780111,
    "eval_metrics/den_pval_spearman_gw": 0.18314637408680376,
    "eval_metrics/imp_count_spearman_gw": 0.005479865124360877,
    "eval_metrics/imp_count_r2_gw": -0.07261774044721908,
    "eval_metrics/imp_pval_spearman_dsf1": 0.06746135852485959,
    "eval_metrics/den_pval_pearson_gw": 0.23068677381563343,
    "eval_metrics/imp_pval_r2_1obs": -20.025717172024983,
    "eval_metrics/den_pval_pearson_dsf1": 0.23068677381563343,
    "eval_metrics/imp_pval_pearson_gw": 0.12425893842287007,
    "eval_metrics/den_pval_spearman_dsf1": 0.18314637408680376,
    "eval_metrics/den_count_pearson_gw": 0.14372390044407343,
    "eval_metrics/den_peak_auroc_gw": 0.5482852613132237,
    "eval_metrics/imp_pval_pearson_dsf1": 0.12425893842287007,
    "eval_metrics/imp_pval_r2_dsf1": -0.11623467006532867,
    "eval_metrics/den_pval_spearman_1obs": 0.11061948224877047,
    "eval_metrics/imp_pval_r2_gw": -0.11623467006532867,
    "eval_metrics/den_pval_r2_dsf1": -0.050154604736984465,
    "eval_metrics/den_pval_r2_gw": -0.050154604736984465,
    "eval_metrics/imp_count_pearson_gw": 0.034164859787634914,
    "eval_metrics/den_pval_r2_1obs": -40.18387218655604,
    "eval_metrics/imp_pval_pearson_1obs": 0.19803066676970393,
    "eval_losses/total_loss": 4.733382801555931,
    "eval_losses/count_obs_loss": 1.1431859221897627,
    "eval_losses/count_imp_loss": 1.739078321627208,
    "eval_losses/pval_obs_loss": 0.4970551790044594,
    "eval_losses/pval_imp_loss": 0.6331726476727497,
    "eval_losses/peak_obs_loss": 0.6124790773579949,
    "eval_losses/peak_imp_loss": 0.6202944171807122
  }
}
{
  "epoch": 48,
  "training_metadata_probes": {
    "training_metadata_probes/depth_count_ratio": 0.9906361699104309,
    "training_metadata_probes/runtype_mse": 0.004167081788182259,
    "training_metadata_probes/readlen_mse": 1.9877450540661812e-05
  }
}
{
  "epoch": 49,
  "eval_prefixed": {
    "eval_metrics/den_pval_pearson_1obs": 0.13134964604518914,
    "eval_metrics/den_count_r2_gw": -0.053823452809749275,
    "eval_metrics/imp_pval_spearman_gw": 0.059316375518410853,
    "eval_metrics/den_count_spearman_gw": 0.08275901868759773,
    "eval_metrics/imp_pval_spearman_1obs": 0.19650185099543205,
    "eval_metrics/imp_peak_auroc_gw": 0.502198625761497,
    "eval_metrics/den_pval_spearman_gw": 0.16674513115587125,
    "eval_metrics/imp_count_spearman_gw": 0.01273546577772088,
    "eval_metrics/imp_count_r2_gw": -0.07863667606306012,
    "eval_metrics/imp_pval_spearman_dsf1": 0.059316375518410853,
    "eval_metrics/den_pval_pearson_gw": 0.21436168359420998,
    "eval_metrics/imp_pval_r2_1obs": -22.276582725981505,
    "eval_metrics/den_pval_pearson_dsf1": 0.21436168359420998,
    "eval_metrics/imp_pval_pearson_gw": 0.11059617021653269,
    "eval_metrics/den_pval_spearman_dsf1": 0.16674513115587125,
    "eval_metrics/den_count_pearson_gw": 0.13799472390306428,
    "eval_metrics/den_peak_auroc_gw": 0.5449067977300759,
    "eval_metrics/imp_pval_pearson_dsf1": 0.11059617021653269,
    "eval_metrics/imp_pval_r2_dsf1": -0.16533242971067355,
    "eval_metrics/den_pval_spearman_1obs": 0.12639759738910017,
    "eval_metrics/imp_pval_r2_gw": -0.16533242971067355,
    "eval_metrics/den_pval_r2_dsf1": -0.05434882747434908,
    "eval_metrics/den_pval_r2_gw": -0.05434882747434908,
    "eval_metrics/imp_count_pearson_gw": 0.04142186194584365,
    "eval_metrics/den_pval_r2_1obs": -20.050306276975768,
    "eval_metrics/imp_pval_pearson_1obs": 0.20226904380667424,
    "eval_losses/total_loss": 4.6024648080653465,
    "eval_losses/count_obs_loss": 1.0908274023156417,
    "eval_losses/count_imp_loss": 1.7343936524693928,
    "eval_losses/pval_obs_loss": 0.4392806345131248,
    "eval_losses/pval_imp_loss": 0.6185404920270519,
    "eval_losses/peak_obs_loss": 0.610345038144212,
    "eval_losses/peak_imp_loss": 0.6171117557419671
  }
}
{
  "epoch": 49,
  "training_metadata_probes": {
    "training_metadata_probes/depth_count_ratio": 0.9901742935180664,
    "training_metadata_probes/runtype_mse": 0.004193758592009544,
    "training_metadata_probes/readlen_mse": 1.8582804841571487e-05
  }
}
{
  "epoch": 50,
  "eval_prefixed": {
    "eval_metrics/den_pval_pearson_1obs": 0.15271307674725235,
    "eval_metrics/den_count_r2_gw": -0.0635694739408799,
    "eval_metrics/imp_pval_spearman_gw": 0.06735146805147381,
    "eval_metrics/den_count_spearman_gw": 0.08578057120608783,
    "eval_metrics/imp_pval_spearman_1obs": 0.19122241265934953,
    "eval_metrics/imp_peak_auroc_gw": 0.5061528575065279,
    "eval_metrics/den_pval_spearman_gw": 0.17077422032760003,
    "eval_metrics/imp_count_spearman_gw": 0.01404281897858201,
    "eval_metrics/imp_count_r2_gw": -0.05804092831880641,
    "eval_metrics/imp_pval_spearman_dsf1": 0.06735146805147381,
    "eval_metrics/den_pval_pearson_gw": 0.21586819120535725,
    "eval_metrics/imp_pval_r2_1obs": -24.12254642148096,
    "eval_metrics/den_pval_pearson_dsf1": 0.21586819120535725,
    "eval_metrics/imp_pval_pearson_gw": 0.12831079583275057,
    "eval_metrics/den_pval_spearman_dsf1": 0.17077422032760003,
    "eval_metrics/den_count_pearson_gw": 0.13336900912690908,
    "eval_metrics/den_peak_auroc_gw": 0.5481001002840327,
    "eval_metrics/imp_pval_pearson_dsf1": 0.12831079583275057,
    "eval_metrics/imp_pval_r2_dsf1": -0.1431654089151678,
    "eval_metrics/den_pval_spearman_1obs": 0.1378393714120647,
    "eval_metrics/imp_pval_r2_gw": -0.1431654089151678,
    "eval_metrics/den_pval_r2_dsf1": -0.059731979898665126,
    "eval_metrics/den_pval_r2_gw": -0.059731979898665126,
    "eval_metrics/imp_count_pearson_gw": 0.03587779571627459,
    "eval_metrics/den_pval_r2_1obs": -22.863197178482473,
    "eval_metrics/imp_pval_pearson_1obs": 0.18852735985632216,
    "eval_losses/total_loss": 4.614391947973911,
    "eval_losses/count_obs_loss": 1.1051790808376514,
    "eval_losses/count_imp_loss": 1.7073182709633359,
    "eval_losses/pval_obs_loss": 0.46590263074214916,
    "eval_losses/pval_imp_loss": 0.6182806946130263,
    "eval_losses/peak_obs_loss": 0.6065589965958345,
    "eval_losses/peak_imp_loss": 0.6139739586247338
  }
}
{
  "epoch": 50,
  "training_metadata_probes": {
    "training_metadata_probes/depth_count_ratio": 0.9901264309883118,
    "training_metadata_probes/runtype_mse": 0.004382116720080376,
    "training_metadata_probes/readlen_mse": 1.8277676645084284e-05
  }
}
{
  "epoch": 51,
  "eval_prefixed": {
    "eval_metrics/den_pval_pearson_1obs": 0.113029449859536,
    "eval_metrics/den_count_r2_gw": -0.03992433227071261,
    "eval_metrics/imp_pval_spearman_gw": 0.06493800161195853,
    "eval_metrics/den_count_spearman_gw": 0.08651152394541071,
    "eval_metrics/imp_pval_spearman_1obs": 0.1987016430453405,
    "eval_metrics/imp_peak_auroc_gw": 0.526523169506386,
    "eval_metrics/den_pval_spearman_gw": 0.17149467271248692,
    "eval_metrics/imp_count_spearman_gw": 0.01664955476586827,
    "eval_metrics/imp_count_r2_gw": -0.07136618681167069,
    "eval_metrics/imp_pval_spearman_dsf1": 0.06493800161195853,
    "eval_metrics/den_pval_pearson_gw": 0.21814855073554149,
    "eval_metrics/imp_pval_r2_1obs": -31.714598956506094,
    "eval_metrics/den_pval_pearson_dsf1": 0.21814855073554149,
    "eval_metrics/imp_pval_pearson_gw": 0.11299756942095146,
    "eval_metrics/den_pval_spearman_dsf1": 0.17149467271248692,
    "eval_metrics/den_count_pearson_gw": 0.13904681173670197,
    "eval_metrics/den_peak_auroc_gw": 0.541365159213972,
    "eval_metrics/imp_pval_pearson_dsf1": 0.11299756942095146,
    "eval_metrics/imp_pval_r2_dsf1": -0.14499965614192425,
    "eval_metrics/den_pval_spearman_1obs": 0.09798229091424127,
    "eval_metrics/imp_pval_r2_gw": -0.14499965614192425,
    "eval_metrics/den_pval_r2_dsf1": -0.05456795035867692,
    "eval_metrics/den_pval_r2_gw": -0.05456795035867692,
    "eval_metrics/imp_count_pearson_gw": 0.042936935815969406,
    "eval_metrics/den_pval_r2_1obs": -35.17887919795085,
    "eval_metrics/imp_pval_pearson_1obs": 0.18781134431501703,
    "eval_losses/total_loss": 4.708317018126285,
    "eval_losses/count_obs_loss": 1.1277277814714533,
    "eval_losses/count_imp_loss": 1.7315895945306807,
    "eval_losses/pval_obs_loss": 0.4927258136755738,
    "eval_losses/pval_imp_loss": 0.6569029396133763,
    "eval_losses/peak_obs_loss": 0.6027903697992626,
    "eval_losses/peak_imp_loss": 0.6093733712794289
  }
}
{
  "epoch": 51,
  "training_metadata_probes": {
    "training_metadata_probes/depth_count_ratio": 0.9900904893875122,
    "training_metadata_probes/runtype_mse": 0.00456194719299674,
    "training_metadata_probes/readlen_mse": 1.708106356090866e-05
  }
}
{
  "epoch": 52,
  "eval_prefixed": {
    "eval_metrics/den_pval_pearson_1obs": 0.1516614307053571,
    "eval_metrics/den_count_r2_gw": -0.033443099298841455,
    "eval_metrics/imp_pval_spearman_gw": 0.06471132547943306,
    "eval_metrics/den_count_spearman_gw": 0.08801939037658424,
    "eval_metrics/imp_pval_spearman_1obs": 0.2125453349062221,
    "eval_metrics/imp_peak_auroc_gw": 0.5329912976878497,
    "eval_metrics/den_pval_spearman_gw": 0.1723325600957143,
    "eval_metrics/imp_count_spearman_gw": 0.020620562184371645,
    "eval_metrics/imp_count_r2_gw": -0.0689310201158463,
    "eval_metrics/imp_pval_spearman_dsf1": 0.06471132547943306,
    "eval_metrics/den_pval_pearson_gw": 0.2144671317594322,
    "eval_metrics/imp_pval_r2_1obs": -30.616625910451393,
    "eval_metrics/den_pval_pearson_dsf1": 0.2144671317594322,
    "eval_metrics/imp_pval_pearson_gw": 0.11871241877550288,
    "eval_metrics/den_pval_spearman_dsf1": 0.1723325600957143,
    "eval_metrics/den_count_pearson_gw": 0.14419487014253574,
    "eval_metrics/den_peak_auroc_gw": 0.5278586812147243,
    "eval_metrics/imp_pval_pearson_dsf1": 0.11871241877550288,
    "eval_metrics/imp_pval_r2_dsf1": -0.13605487847359604,
    "eval_metrics/den_pval_spearman_1obs": 0.12350852524736035,
    "eval_metrics/imp_pval_r2_gw": -0.13605487847359604,
    "eval_metrics/den_pval_r2_dsf1": -0.08847686151666002,
    "eval_metrics/den_pval_r2_gw": -0.08847686151666002,
    "eval_metrics/imp_count_pearson_gw": 0.03949597619158874,
    "eval_metrics/den_pval_r2_1obs": -30.481930636598666,
    "eval_metrics/imp_pval_pearson_1obs": 0.1952614870277189,
    "eval_losses/total_loss": 4.640394757452764,
    "eval_losses/count_obs_loss": 1.0997622350328846,
    "eval_losses/count_imp_loss": 1.7188327038098896,
    "eval_losses/pval_obs_loss": 0.46678538841048356,
    "eval_losses/pval_imp_loss": 0.6593645122197885,
    "eval_losses/peak_obs_loss": 0.5999786442047671,
    "eval_losses/peak_imp_loss": 0.6061520732584453
  }
}
{
  "epoch": 52,
  "training_metadata_probes": {
    "training_metadata_probes/depth_count_ratio": 0.9898658990859985,
    "training_metadata_probes/runtype_mse": 0.005919204093515873,
    "training_metadata_probes/readlen_mse": 1.665168565523345e-05
  }
}
{
  "epoch": 53,
  "eval_prefixed": {
    "eval_metrics/den_pval_pearson_1obs": 0.15535352627538437,
    "eval_metrics/den_count_r2_gw": -0.05604791242058091,
    "eval_metrics/imp_pval_spearman_gw": 0.06587289503547136,
    "eval_metrics/den_count_spearman_gw": 0.08723387229454875,
    "eval_metrics/imp_pval_spearman_1obs": 0.20048006540620228,
    "eval_metrics/imp_peak_auroc_gw": 0.5229367834501434,
    "eval_metrics/den_pval_spearman_gw": 0.16453782501935899,
    "eval_metrics/imp_count_spearman_gw": 0.016177028098885667,
    "eval_metrics/imp_count_r2_gw": -0.06402326129903753,
    "eval_metrics/imp_pval_spearman_dsf1": 0.06587289503547136,
    "eval_metrics/den_pval_pearson_gw": 0.21149694070367045,
    "eval_metrics/imp_pval_r2_1obs": -28.268765343425017,
    "eval_metrics/den_pval_pearson_dsf1": 0.21149694070367045,
    "eval_metrics/imp_pval_pearson_gw": 0.1348099544466961,
    "eval_metrics/den_pval_spearman_dsf1": 0.16453782501935899,
    "eval_metrics/den_count_pearson_gw": 0.14116171987169715,
    "eval_metrics/den_peak_auroc_gw": 0.5370508280689598,
    "eval_metrics/imp_pval_pearson_dsf1": 0.1348099544466961,
    "eval_metrics/imp_pval_r2_dsf1": -0.12685847818461557,
    "eval_metrics/den_pval_spearman_1obs": 0.13555561085540327,
    "eval_metrics/imp_pval_r2_gw": -0.12685847818461557,
    "eval_metrics/den_pval_r2_dsf1": -0.07071060448283979,
    "eval_metrics/den_pval_r2_gw": -0.07071060448283979,
    "eval_metrics/imp_count_pearson_gw": 0.03293587398019597,
    "eval_metrics/den_pval_r2_1obs": -23.97729445359191,
    "eval_metrics/imp_pval_pearson_1obs": 0.19373121769684884,
    "eval_losses/total_loss": 4.586821177361631,
    "eval_losses/count_obs_loss": 1.0959605009932267,
    "eval_losses/count_imp_loss": 1.7188798245929537,
    "eval_losses/pval_obs_loss": 0.4433095075165559,
    "eval_losses/pval_imp_loss": 0.6349161901614733,
    "eval_losses/peak_obs_loss": 0.595981697895025,
    "eval_losses/peak_imp_loss": 0.6036528708442809
  }
}
{
  "epoch": 53,
  "training_metadata_probes": {
    "training_metadata_probes/depth_count_ratio": 0.9893737435340881,
    "training_metadata_probes/runtype_mse": 0.005606098100543022,
    "training_metadata_probes/readlen_mse": 1.622206218598876e-05
  }
}
{
  "epoch": 54,
  "eval_prefixed": {
    "eval_metrics/den_pval_pearson_1obs": 0.14096745576611475,
    "eval_metrics/den_count_r2_gw": -0.035939118390009545,
    "eval_metrics/imp_pval_spearman_gw": 0.051842855509405,
    "eval_metrics/den_count_spearman_gw": 0.08559490341099925,
    "eval_metrics/imp_pval_spearman_1obs": 0.20546121832180364,
    "eval_metrics/imp_peak_auroc_gw": 0.5153848699683049,
    "eval_metrics/den_pval_spearman_gw": 0.16929918985620104,
    "eval_metrics/imp_count_spearman_gw": 0.027980647992338473,
    "eval_metrics/imp_count_r2_gw": -0.0672972521029299,
    "eval_metrics/imp_pval_spearman_dsf1": 0.051842855509405,
    "eval_metrics/den_pval_pearson_gw": 0.2203765111289134,
    "eval_metrics/imp_pval_r2_1obs": -28.660983892069122,
    "eval_metrics/den_pval_pearson_dsf1": 0.2203765111289134,
    "eval_metrics/imp_pval_pearson_gw": 0.12230348541209149,
    "eval_metrics/den_pval_spearman_dsf1": 0.16929918985620104,
    "eval_metrics/den_count_pearson_gw": 0.14118132386111507,
    "eval_metrics/den_peak_auroc_gw": 0.5459117724903989,
    "eval_metrics/imp_pval_pearson_dsf1": 0.12230348541209149,
    "eval_metrics/imp_pval_r2_dsf1": -0.13088077597887124,
    "eval_metrics/den_pval_spearman_1obs": 0.111472785008847,
    "eval_metrics/imp_pval_r2_gw": -0.13088077597887124,
    "eval_metrics/den_pval_r2_dsf1": -0.04617786523668404,
    "eval_metrics/den_pval_r2_gw": -0.04617786523668404,
    "eval_metrics/imp_count_pearson_gw": 0.04460839001047942,
    "eval_metrics/den_pval_r2_1obs": -23.641348104290397,
    "eval_metrics/imp_pval_pearson_1obs": 0.2060633210505965,
    "eval_losses/total_loss": 4.673176369163373,
    "eval_losses/count_obs_loss": 1.0811412169745094,
    "eval_losses/count_imp_loss": 1.7393075729173326,
    "eval_losses/pval_obs_loss": 0.47367605652681577,
    "eval_losses/pval_imp_loss": 0.707720616625415,
    "eval_losses/peak_obs_loss": 0.5925604650064519,
    "eval_losses/peak_imp_loss": 0.5999669839465429
  }
}
{
  "epoch": 54,
  "training_metadata_probes": {
    "training_metadata_probes/depth_count_ratio": 0.9892162680625916,
    "training_metadata_probes/runtype_mse": 0.006052116397768259,
    "training_metadata_probes/readlen_mse": 1.6441725165350363e-05
  }
}
{
  "epoch": 55,
  "eval_prefixed": {
    "eval_metrics/den_pval_pearson_1obs": 0.12907783369117073,
    "eval_metrics/den_count_r2_gw": -0.04176568379723362,
    "eval_metrics/imp_pval_spearman_gw": 0.04745886807566025,
    "eval_metrics/den_count_spearman_gw": 0.08664382961773383,
    "eval_metrics/imp_pval_spearman_1obs": 0.1835555864293697,
    "eval_metrics/imp_peak_auroc_gw": 0.5039177413095228,
    "eval_metrics/den_pval_spearman_gw": 0.16589545159996288,
    "eval_metrics/imp_count_spearman_gw": 0.02581385188558935,
    "eval_metrics/imp_count_r2_gw": -0.07370156346596911,
    "eval_metrics/imp_pval_spearman_dsf1": 0.04745886807566025,
    "eval_metrics/den_pval_pearson_gw": 0.214503216771654,
    "eval_metrics/imp_pval_r2_1obs": -35.96483685275438,
    "eval_metrics/den_pval_pearson_dsf1": 0.214503216771654,
    "eval_metrics/imp_pval_pearson_gw": 0.11956309792142183,
    "eval_metrics/den_pval_spearman_dsf1": 0.16589545159996288,
    "eval_metrics/den_count_pearson_gw": 0.14740684587588093,
    "eval_metrics/den_peak_auroc_gw": 0.5450555355474753,
    "eval_metrics/imp_pval_pearson_dsf1": 0.11956309792142183,
    "eval_metrics/imp_pval_r2_dsf1": -0.11786108642401898,
    "eval_metrics/den_pval_spearman_1obs": 0.12525347664886424,
    "eval_metrics/imp_pval_r2_gw": -0.11786108642401898,
    "eval_metrics/den_pval_r2_dsf1": -0.0510636253981406,
    "eval_metrics/den_pval_r2_gw": -0.0510636253981406,
    "eval_metrics/imp_count_pearson_gw": 0.045787956883450824,
    "eval_metrics/den_pval_r2_1obs": -32.57750193578755,
    "eval_metrics/imp_pval_pearson_1obs": 0.17121168536444506,
    "eval_losses/total_loss": 4.736506369286585,
    "eval_losses/count_obs_loss": 1.1068799307471828,
    "eval_losses/count_imp_loss": 1.7556289964252048,
    "eval_losses/pval_obs_loss": 0.4870372217816399,
    "eval_losses/pval_imp_loss": 0.7280503206309819,
    "eval_losses/peak_obs_loss": 0.5884350251994634,
    "eval_losses/peak_imp_loss": 0.5975225648236653
  }
}
{
  "epoch": 55,
  "training_metadata_probes": {
    "training_metadata_probes/depth_count_ratio": 0.9890123009681702,
    "training_metadata_probes/runtype_mse": 0.005353324115276337,
    "training_metadata_probes/readlen_mse": 1.787930159480311e-05
  }
}
{
  "epoch": 56,
  "eval_prefixed": {
    "eval_metrics/den_pval_pearson_1obs": 0.13084133896719372,
    "eval_metrics/den_count_r2_gw": -0.041935309022999995,
    "eval_metrics/imp_pval_spearman_gw": 0.05183858231204118,
    "eval_metrics/den_count_spearman_gw": 0.08986829976132497,
    "eval_metrics/imp_pval_spearman_1obs": 0.18445602352170654,
    "eval_metrics/imp_peak_auroc_gw": 0.5196234509511092,
    "eval_metrics/den_pval_spearman_gw": 0.16331122805820608,
    "eval_metrics/imp_count_spearman_gw": 0.025469698572300317,
    "eval_metrics/imp_count_r2_gw": -0.07877130095905964,
    "eval_metrics/imp_pval_spearman_dsf1": 0.05183858231204118,
    "eval_metrics/den_pval_pearson_gw": 0.21090743605677026,
    "eval_metrics/imp_pval_r2_1obs": -24.641890025046518,
    "eval_metrics/den_pval_pearson_dsf1": 0.21090743605677026,
    "eval_metrics/imp_pval_pearson_gw": 0.11500661473514305,
    "eval_metrics/den_pval_spearman_dsf1": 0.16331122805820608,
    "eval_metrics/den_count_pearson_gw": 0.15634812275857257,
    "eval_metrics/den_peak_auroc_gw": 0.5423307272051489,
    "eval_metrics/imp_pval_pearson_dsf1": 0.11500661473514305,
    "eval_metrics/imp_pval_r2_dsf1": -0.1316512058518545,
    "eval_metrics/den_pval_spearman_1obs": 0.10771911725961654,
    "eval_metrics/imp_pval_r2_gw": -0.1316512058518545,
    "eval_metrics/den_pval_r2_dsf1": -0.07298162932800098,
    "eval_metrics/den_pval_r2_gw": -0.07298162932800098,
    "eval_metrics/imp_count_pearson_gw": 0.0395463594366678,
    "eval_metrics/den_pval_r2_1obs": -37.58692093237179,
    "eval_metrics/imp_pval_pearson_1obs": 0.17238653499618292,
    "eval_losses/total_loss": 4.715257036193323,
    "eval_losses/count_obs_loss": 1.127361857577374,
    "eval_losses/count_imp_loss": 1.7649133356790694,
    "eval_losses/pval_obs_loss": 0.4947426363605222,
    "eval_losses/pval_imp_loss": 0.6688155139249469,
    "eval_losses/peak_obs_loss": 0.5838631128794268,
    "eval_losses/peak_imp_loss": 0.5933504620241741
  }
}
{
  "epoch": 56,
  "training_metadata_probes": {
    "training_metadata_probes/depth_count_ratio": 0.9889424443244934,
    "training_metadata_probes/runtype_mse": 0.005665222182869911,
    "training_metadata_probes/readlen_mse": 1.6312895240844227e-05
  }
}
{
  "epoch": 57,
  "eval_prefixed": {
    "eval_metrics/den_pval_pearson_1obs": 0.14775879094668198,
    "eval_metrics/den_count_r2_gw": -0.051868474287146346,
    "eval_metrics/imp_pval_spearman_gw": 0.06174834507602885,
    "eval_metrics/den_count_spearman_gw": 0.08971643617768499,
    "eval_metrics/imp_pval_spearman_1obs": 0.19609494517109496,
    "eval_metrics/imp_peak_auroc_gw": 0.5185866632836369,
    "eval_metrics/den_pval_spearman_gw": 0.1592547646793302,
    "eval_metrics/imp_count_spearman_gw": 0.019907747846502996,
    "eval_metrics/imp_count_r2_gw": -0.06877765296577378,
    "eval_metrics/imp_pval_spearman_dsf1": 0.06174834507602885,
    "eval_metrics/den_pval_pearson_gw": 0.21657241159262317,
    "eval_metrics/imp_pval_r2_1obs": -25.69984158281157,
    "eval_metrics/den_pval_pearson_dsf1": 0.21657241159262317,
    "eval_metrics/imp_pval_pearson_gw": 0.11872022263964431,
    "eval_metrics/den_pval_spearman_dsf1": 0.1592547646793302,
    "eval_metrics/den_count_pearson_gw": 0.1468120753278,
    "eval_metrics/den_peak_auroc_gw": 0.5559003828717259,
    "eval_metrics/imp_pval_pearson_dsf1": 0.11872022263964431,
    "eval_metrics/imp_pval_r2_dsf1": -0.1520254824575928,
    "eval_metrics/den_pval_spearman_1obs": 0.14359599054471542,
    "eval_metrics/imp_pval_r2_gw": -0.1520254824575928,
    "eval_metrics/den_pval_r2_dsf1": -0.08659556702887194,
    "eval_metrics/den_pval_r2_gw": -0.08659556702887194,
    "eval_metrics/imp_count_pearson_gw": 0.03679986660323006,
    "eval_metrics/den_pval_r2_1obs": -37.02787147053574,
    "eval_metrics/imp_pval_pearson_1obs": 0.18530209684774043,
    "eval_losses/total_loss": 4.719926708071542,
    "eval_losses/count_obs_loss": 1.1318669209354801,
    "eval_losses/count_imp_loss": 1.756495245865413,
    "eval_losses/pval_obs_loss": 0.4928332587189384,
    "eval_losses/pval_imp_loss": 0.6872866600751877,
    "eval_losses/peak_obs_loss": 0.5801182310832175,
    "eval_losses/peak_imp_loss": 0.5903169924304599
  }
}
{
  "epoch": 57,
  "training_metadata_probes": {
    "training_metadata_probes/depth_count_ratio": 0.9886366724967957,
    "training_metadata_probes/runtype_mse": 0.005522286053746939,
    "training_metadata_probes/readlen_mse": 1.5030618669698015e-05
  }
}
{
  "epoch": 58,
  "eval_prefixed": {
    "eval_metrics/den_pval_pearson_1obs": 0.11216963473155997,
    "eval_metrics/den_count_r2_gw": -0.028683085162994865,
    "eval_metrics/imp_pval_spearman_gw": 0.033851997959101404,
    "eval_metrics/den_count_spearman_gw": 0.08735756829945347,
    "eval_metrics/imp_pval_spearman_1obs": 0.21142881332636146,
    "eval_metrics/imp_peak_auroc_gw": 0.5011079004543209,
    "eval_metrics/den_pval_spearman_gw": 0.15422693596171266,
    "eval_metrics/imp_count_spearman_gw": 0.03217932708385125,
    "eval_metrics/imp_count_r2_gw": -0.06473168915947161,
    "eval_metrics/imp_pval_spearman_dsf1": 0.033851997959101404,
    "eval_metrics/den_pval_pearson_gw": 0.21464546798654882,
    "eval_metrics/imp_pval_r2_1obs": -21.63234055323141,
    "eval_metrics/den_pval_pearson_dsf1": 0.21464546798654882,
    "eval_metrics/imp_pval_pearson_gw": 0.11291449079068289,
    "eval_metrics/den_pval_spearman_dsf1": 0.15422693596171266,
    "eval_metrics/den_count_pearson_gw": 0.14850774159161742,
    "eval_metrics/den_peak_auroc_gw": 0.5480370952534613,
    "eval_metrics/imp_pval_pearson_dsf1": 0.11291449079068289,
    "eval_metrics/imp_pval_r2_dsf1": -0.11205535213890026,
    "eval_metrics/den_pval_spearman_1obs": 0.10219386897723844,
    "eval_metrics/imp_pval_r2_gw": -0.11205535213890026,
    "eval_metrics/den_pval_r2_dsf1": -0.04869234554620248,
    "eval_metrics/den_pval_r2_gw": -0.04869234554620248,
    "eval_metrics/imp_count_pearson_gw": 0.04262079201298692,
    "eval_metrics/den_pval_r2_1obs": -32.18508205328827,
    "eval_metrics/imp_pval_pearson_1obs": 0.18946127433862006,
    "eval_losses/total_loss": 4.771658562068631,
    "eval_losses/count_obs_loss": 1.1244072474931415,
    "eval_losses/count_imp_loss": 1.755536375537751,
    "eval_losses/pval_obs_loss": 0.5292631340593001,
    "eval_losses/pval_imp_loss": 0.7231643218251448,
    "eval_losses/peak_obs_loss": 0.5764927558208767,
    "eval_losses/peak_imp_loss": 0.587230291158434
  }
}
{
  "epoch": 58,
  "training_metadata_probes": {
    "training_metadata_probes/depth_count_ratio": 0.9882524013519287,
    "training_metadata_probes/runtype_mse": 0.005785174202173948,
    "training_metadata_probes/readlen_mse": 1.4516908777295612e-05
  }
}
{
  "epoch": 59,
  "eval_prefixed": {
    "eval_metrics/den_pval_pearson_1obs": 0.14448787910116248,
    "eval_metrics/den_count_r2_gw": -0.038907654901081314,
    "eval_metrics/imp_pval_spearman_gw": 0.04944789740104394,
    "eval_metrics/den_count_spearman_gw": 0.08931982107266097,
    "eval_metrics/imp_pval_spearman_1obs": 0.18799643789787332,
    "eval_metrics/imp_peak_auroc_gw": 0.49854975227487114,
    "eval_metrics/den_pval_spearman_gw": 0.15775575878313086,
    "eval_metrics/imp_count_spearman_gw": 0.019915724864397955,
    "eval_metrics/imp_count_r2_gw": -0.07335449368858059,
    "eval_metrics/imp_pval_spearman_dsf1": 0.04944789740104394,
    "eval_metrics/den_pval_pearson_gw": 0.21495284562268735,
    "eval_metrics/imp_pval_r2_1obs": -25.55793953726274,
    "eval_metrics/den_pval_pearson_dsf1": 0.21495284562268735,
    "eval_metrics/imp_pval_pearson_gw": 0.11479261049091638,
    "eval_metrics/den_pval_spearman_dsf1": 0.15775575878313086,
    "eval_metrics/den_count_pearson_gw": 0.15347339517618247,
    "eval_metrics/den_peak_auroc_gw": 0.5470030728372339,
    "eval_metrics/imp_pval_pearson_dsf1": 0.11479261049091638,
    "eval_metrics/imp_pval_r2_dsf1": -0.14787098893892098,
    "eval_metrics/den_pval_spearman_1obs": 0.1310217599928945,
    "eval_metrics/imp_pval_r2_gw": -0.14787098893892098,
    "eval_metrics/den_pval_r2_dsf1": -0.05414207359239872,
    "eval_metrics/den_pval_r2_gw": -0.05414207359239872,
    "eval_metrics/imp_count_pearson_gw": 0.0349896827579609,
    "eval_metrics/den_pval_r2_1obs": -25.3867605757094,
    "eval_metrics/imp_pval_pearson_1obs": 0.18600926922989033,
    "eval_losses/total_loss": 4.591063085404274,
    "eval_losses/count_obs_loss": 1.0831122712085122,
    "eval_losses/count_imp_loss": 1.7003113021926275,
    "eval_losses/pval_obs_loss": 0.4949392735817176,
    "eval_losses/pval_imp_loss": 0.6592836084162136,
    "eval_losses/peak_obs_loss": 0.5732229418660465,
    "eval_losses/peak_imp_loss": 0.583642129150648
  }
}
{
  "epoch": 59,
  "training_metadata_probes": {
    "training_metadata_probes/depth_count_ratio": 0.9880040884017944,
    "training_metadata_probes/runtype_mse": 0.005810104310512543,
    "training_metadata_probes/readlen_mse": 1.3813250916427933e-05
  }
}
{
  "epoch": 60,
  "eval_prefixed": {
    "eval_metrics/den_pval_pearson_1obs": 0.13869483640883118,
    "eval_metrics/den_count_r2_gw": -0.028199639602227225,
    "eval_metrics/imp_pval_spearman_gw": 0.05926889336795252,
    "eval_metrics/den_count_spearman_gw": 0.08843439121872136,
    "eval_metrics/imp_pval_spearman_1obs": 0.20465109255621608,
    "eval_metrics/imp_peak_auroc_gw": 0.538303630639344,
    "eval_metrics/den_pval_spearman_gw": 0.15579789145446826,
    "eval_metrics/imp_count_spearman_gw": 0.026604500843579414,
    "eval_metrics/imp_count_r2_gw": -0.05834943726078834,
    "eval_metrics/imp_pval_spearman_dsf1": 0.05926889336795252,
    "eval_metrics/den_pval_pearson_gw": 0.2118757800934346,
    "eval_metrics/imp_pval_r2_1obs": -36.6947429521808,
    "eval_metrics/den_pval_pearson_dsf1": 0.2118757800934346,
    "eval_metrics/imp_pval_pearson_gw": 0.1308652899340756,
    "eval_metrics/den_pval_spearman_dsf1": 0.15579789145446826,
    "eval_metrics/den_count_pearson_gw": 0.14558458489084028,
    "eval_metrics/den_peak_auroc_gw": 0.5492921686235054,
    "eval_metrics/imp_pval_pearson_dsf1": 0.1308652899340756,
    "eval_metrics/imp_pval_r2_dsf1": -0.13133966742539713,
    "eval_metrics/den_pval_spearman_1obs": 0.11910095095785256,
    "eval_metrics/imp_pval_r2_gw": -0.13133966742539713,
    "eval_metrics/den_pval_r2_dsf1": -0.06863642964205513,
    "eval_metrics/den_pval_r2_gw": -0.06863642964205513,
    "eval_metrics/imp_count_pearson_gw": 0.034619103114689805,
    "eval_metrics/den_pval_r2_1obs": -29.037076588387077,
    "eval_metrics/imp_pval_pearson_1obs": 0.18748405403161925,
    "eval_losses/total_loss": 4.699355036878076,
    "eval_losses/count_obs_loss": 1.08623159323868,
    "eval_losses/count_imp_loss": 1.7411175256683713,
    "eval_losses/pval_obs_loss": 0.5031576407583136,
    "eval_losses/pval_imp_loss": 0.7449341310809056,
    "eval_losses/peak_obs_loss": 0.569161563327438,
    "eval_losses/peak_imp_loss": 0.5790455211249609
  }
}
{
  "epoch": 60,
  "training_metadata_probes": {
    "training_metadata_probes/depth_count_ratio": 0.9877241849899292,
    "training_metadata_probes/runtype_mse": 0.005702463909983635,
    "training_metadata_probes/readlen_mse": 1.3148885045666248e-05
  }
}
{
  "epoch": 61,
  "eval_prefixed": {
    "eval_metrics/den_pval_pearson_1obs": 0.13933232483855376,
    "eval_metrics/den_count_r2_gw": -0.032776980662875654,
    "eval_metrics/imp_pval_spearman_gw": 0.037931312746259625,
    "eval_metrics/den_count_spearman_gw": 0.08635693475904914,
    "eval_metrics/imp_pval_spearman_1obs": 0.17636763366861485,
    "eval_metrics/imp_peak_auroc_gw": 0.5417215478933352,
    "eval_metrics/den_pval_spearman_gw": 0.14725153518808054,
    "eval_metrics/imp_count_spearman_gw": 0.03685544989867511,
    "eval_metrics/imp_count_r2_gw": -0.058424613960695315,
    "eval_metrics/imp_pval_spearman_dsf1": 0.037931312746259625,
    "eval_metrics/den_pval_pearson_gw": 0.20058877819744675,
    "eval_metrics/imp_pval_r2_1obs": -33.5579692632478,
    "eval_metrics/den_pval_pearson_dsf1": 0.20058877819744675,
    "eval_metrics/imp_pval_pearson_gw": 0.11309796276627966,
    "eval_metrics/den_pval_spearman_dsf1": 0.14725153518808054,
    "eval_metrics/den_count_pearson_gw": 0.14851365213460094,
    "eval_metrics/den_peak_auroc_gw": 0.5483860171203965,
    "eval_metrics/imp_pval_pearson_dsf1": 0.11309796276627966,
    "eval_metrics/imp_pval_r2_dsf1": -0.15624358211118497,
    "eval_metrics/den_pval_spearman_1obs": 0.11931651879868514,
    "eval_metrics/imp_pval_r2_gw": -0.15624358211118497,
    "eval_metrics/den_pval_r2_dsf1": -0.07273568312577948,
    "eval_metrics/den_pval_r2_gw": -0.07273568312577948,
    "eval_metrics/imp_count_pearson_gw": 0.04255733270168541,
    "eval_metrics/den_pval_r2_1obs": -20.875829841875245,
    "eval_metrics/imp_pval_pearson_1obs": 0.16795129228442435,
    "eval_losses/total_loss": 4.68074920192655,
    "eval_losses/count_obs_loss": 1.0838341461984735,
    "eval_losses/count_imp_loss": 1.7024936269200037,
    "eval_losses/pval_obs_loss": 0.5166430338776034,
    "eval_losses/pval_imp_loss": 0.7558077140932992,
    "eval_losses/peak_obs_loss": 0.565528576703448,
    "eval_losses/peak_imp_loss": 0.5753574182116796
  }
}
{
  "epoch": 61,
  "training_metadata_probes": {
    "training_metadata_probes/depth_count_ratio": 0.9876214861869812,
    "training_metadata_probes/runtype_mse": 0.005468692630529404,
    "training_metadata_probes/readlen_mse": 1.2868991689174436e-05
  }
}
{
  "epoch": 62,
  "eval_prefixed": {
    "eval_metrics/den_pval_pearson_1obs": 0.14290425570882354,
    "eval_metrics/den_count_r2_gw": -0.03936535504071236,
    "eval_metrics/imp_pval_spearman_gw": 0.04296240647616574,
    "eval_metrics/den_count_spearman_gw": 0.0897603863352266,
    "eval_metrics/imp_pval_spearman_1obs": 0.19240915002556533,
    "eval_metrics/imp_peak_auroc_gw": 0.5228175099145033,
    "eval_metrics/den_pval_spearman_gw": 0.14941487792655578,
    "eval_metrics/imp_count_spearman_gw": 0.024670861843247897,
    "eval_metrics/imp_count_r2_gw": -0.05733619586606514,
    "eval_metrics/imp_pval_spearman_dsf1": 0.04296240647616574,
    "eval_metrics/den_pval_pearson_gw": 0.20802410434943772,
    "eval_metrics/imp_pval_r2_1obs": -34.02791409264234,
    "eval_metrics/den_pval_pearson_dsf1": 0.20802410434943772,
    "eval_metrics/imp_pval_pearson_gw": 0.1172078081539699,
    "eval_metrics/den_pval_spearman_dsf1": 0.14941487792655578,
    "eval_metrics/den_count_pearson_gw": 0.14792485411683293,
    "eval_metrics/den_peak_auroc_gw": 0.5526666423639617,
    "eval_metrics/imp_pval_pearson_dsf1": 0.1172078081539699,
    "eval_metrics/imp_pval_r2_dsf1": -0.1339990912262195,
    "eval_metrics/den_pval_spearman_1obs": 0.11362079387008821,
    "eval_metrics/imp_pval_r2_gw": -0.1339990912262195,
    "eval_metrics/den_pval_r2_dsf1": -0.061684466254894016,
    "eval_metrics/den_pval_r2_gw": -0.061684466254894016,
    "eval_metrics/imp_count_pearson_gw": 0.03659722675977733,
    "eval_metrics/den_pval_r2_1obs": -27.24763748022579,
    "eval_metrics/imp_pval_pearson_1obs": 0.17549474846358257,
    "eval_losses/total_loss": 4.726248543562465,
    "eval_losses/count_obs_loss": 1.1003112440046512,
    "eval_losses/count_imp_loss": 1.740705304675632,
    "eval_losses/pval_obs_loss": 0.5206417218463397,
    "eval_losses/pval_imp_loss": 0.7554900773786126,
    "eval_losses/peak_obs_loss": 0.561480309226011,
    "eval_losses/peak_imp_loss": 0.5725341481821877
  }
}
{
  "epoch": 62,
  "training_metadata_probes": {
    "training_metadata_probes/depth_count_ratio": 0.9875826835632324,
    "training_metadata_probes/runtype_mse": 0.005585147067904472,
    "training_metadata_probes/readlen_mse": 1.3869749636796769e-05
  }
}
{
  "epoch": 63,
  "eval_prefixed": {
    "eval_metrics/den_pval_pearson_1obs": 0.16219145416375555,
    "eval_metrics/den_count_r2_gw": -0.02925466687411454,
    "eval_metrics/imp_pval_spearman_gw": 0.032299067274086025,
    "eval_metrics/den_count_spearman_gw": 0.08757590802956557,
    "eval_metrics/imp_pval_spearman_1obs": 0.1796452203100879,
    "eval_metrics/imp_peak_auroc_gw": 0.5158889179809689,
    "eval_metrics/den_pval_spearman_gw": 0.14549347918984828,
    "eval_metrics/imp_count_spearman_gw": 0.02484272428336662,
    "eval_metrics/imp_count_r2_gw": -0.06341167313468019,
    "eval_metrics/imp_pval_spearman_dsf1": 0.032299067274086025,
    "eval_metrics/den_pval_pearson_gw": 0.2005382534943668,
    "eval_metrics/imp_pval_r2_1obs": -21.847904468060534,
    "eval_metrics/den_pval_pearson_dsf1": 0.2005382534943668,
    "eval_metrics/imp_pval_pearson_gw": 0.11070280984812786,
    "eval_metrics/den_pval_spearman_dsf1": 0.14549347918984828,
    "eval_metrics/den_count_pearson_gw": 0.14683564818743003,
    "eval_metrics/den_peak_auroc_gw": 0.5450544706665149,
    "eval_metrics/imp_pval_pearson_dsf1": 0.11070280984812786,
    "eval_metrics/imp_pval_r2_dsf1": -0.13744854749201657,
    "eval_metrics/den_pval_spearman_1obs": 0.14059093686655838,
    "eval_metrics/imp_pval_r2_gw": -0.13744854749201657,
    "eval_metrics/den_pval_r2_dsf1": -0.0767552615180733,
    "eval_metrics/den_pval_r2_gw": -0.0767552615180733,
    "eval_metrics/imp_count_pearson_gw": 0.038029145510379406,
    "eval_metrics/den_pval_r2_1obs": -27.28602971108214,
    "eval_metrics/imp_pval_pearson_1obs": 0.17173667818248745,
    "eval_losses/total_loss": 4.768459435196985,
    "eval_losses/count_obs_loss": 1.081367466794817,
    "eval_losses/count_imp_loss": 1.728930431698996,
    "eval_losses/pval_obs_loss": 0.5451589087269416,
    "eval_losses/pval_imp_loss": 0.816614576349301,
    "eval_losses/peak_obs_loss": 0.5591516173199603,
    "eval_losses/peak_imp_loss": 0.5701913351104373
  }
}
{
  "epoch": 63,
  "training_metadata_probes": {
    "training_metadata_probes/depth_count_ratio": 0.9872797131538391,
    "training_metadata_probes/runtype_mse": 0.005637819413095713,
    "training_metadata_probes/readlen_mse": 1.2425320164766163e-05
  }
}
{
  "epoch": 64,
  "eval_prefixed": {
    "eval_metrics/den_pval_pearson_1obs": 0.1448972779081056,
    "eval_metrics/den_count_r2_gw": -0.03323922123133831,
    "eval_metrics/imp_pval_spearman_gw": 0.04410850908600954,
    "eval_metrics/den_count_spearman_gw": 0.09117863770330745,
    "eval_metrics/imp_pval_spearman_1obs": 0.18527893240527743,
    "eval_metrics/imp_peak_auroc_gw": 0.5313767450182756,
    "eval_metrics/den_pval_spearman_gw": 0.14755458121531467,
    "eval_metrics/imp_count_spearman_gw": 0.020805831794894543,
    "eval_metrics/imp_count_r2_gw": -0.05161469549159234,
    "eval_metrics/imp_pval_spearman_dsf1": 0.04410850908600954,
    "eval_metrics/den_pval_pearson_gw": 0.20664613769009807,
    "eval_metrics/imp_pval_r2_1obs": -25.756518038397047,
    "eval_metrics/den_pval_pearson_dsf1": 0.20664613769009807,
    "eval_metrics/imp_pval_pearson_gw": 0.13180701378437262,
    "eval_metrics/den_pval_spearman_dsf1": 0.14755458121531467,
    "eval_metrics/den_count_pearson_gw": 0.15545205344862648,
    "eval_metrics/den_peak_auroc_gw": 0.5593266107499318,
    "eval_metrics/imp_pval_pearson_dsf1": 0.13180701378437262,
    "eval_metrics/imp_pval_r2_dsf1": -0.15318703195981725,
    "eval_metrics/den_pval_spearman_1obs": 0.1294120400614178,
    "eval_metrics/imp_pval_r2_gw": -0.15318703195981725,
    "eval_metrics/den_pval_r2_dsf1": -0.06549179879051659,
    "eval_metrics/den_pval_r2_gw": -0.06549179879051659,
    "eval_metrics/imp_count_pearson_gw": 0.02775003919230094,
    "eval_metrics/den_pval_r2_1obs": -24.65122291935985,
    "eval_metrics/imp_pval_pearson_1obs": 0.1766120423156295,
    "eval_losses/total_loss": 4.686289042945167,
    "eval_losses/count_obs_loss": 1.0996164695212716,
    "eval_losses/count_imp_loss": 1.7434671180588859,
    "eval_losses/pval_obs_loss": 0.5192678152387472,
    "eval_losses/pval_imp_loss": 0.7226847348705171,
    "eval_losses/peak_obs_loss": 0.5537221506237984,
    "eval_losses/peak_imp_loss": 0.566227165716035
  }
}
{
  "epoch": 64,
  "training_metadata_probes": {
    "training_metadata_probes/depth_count_ratio": 0.9872936606407166,
    "training_metadata_probes/runtype_mse": 0.00567771727219224,
    "training_metadata_probes/readlen_mse": 1.290546242671553e-05
  }
}
{
  "epoch": 65,
  "eval_prefixed": {
    "eval_metrics/den_pval_pearson_1obs": 0.13624311546491777,
    "eval_metrics/den_count_r2_gw": -0.028754570017387765,
    "eval_metrics/imp_pval_spearman_gw": 0.04037939494548241,
    "eval_metrics/den_count_spearman_gw": 0.09141926406521908,
    "eval_metrics/imp_pval_spearman_1obs": 0.18102555301730366,
    "eval_metrics/imp_peak_auroc_gw": 0.4980839820861852,
    "eval_metrics/den_pval_spearman_gw": 0.14735766134637532,
    "eval_metrics/imp_count_spearman_gw": 0.017048445578787718,
    "eval_metrics/imp_count_r2_gw": -0.07363843028765536,
    "eval_metrics/imp_pval_spearman_dsf1": 0.04037939494548241,
    "eval_metrics/den_pval_pearson_gw": 0.20670168568367922,
    "eval_metrics/imp_pval_r2_1obs": -23.118987348125103,
    "eval_metrics/den_pval_pearson_dsf1": 0.20670168568367922,
    "eval_metrics/imp_pval_pearson_gw": 0.11828812556193462,
    "eval_metrics/den_pval_spearman_dsf1": 0.14735766134637532,
    "eval_metrics/den_count_pearson_gw": 0.16110679161302918,
    "eval_metrics/den_peak_auroc_gw": 0.5604522852903377,
    "eval_metrics/imp_pval_pearson_dsf1": 0.11828812556193462,
    "eval_metrics/imp_pval_r2_dsf1": -0.1604236515938501,
    "eval_metrics/den_pval_spearman_1obs": 0.12328883863149587,
    "eval_metrics/imp_pval_r2_gw": -0.1604236515938501,
    "eval_metrics/den_pval_r2_dsf1": -0.0683656326241423,
    "eval_metrics/den_pval_r2_gw": -0.0683656326241423,
    "eval_metrics/imp_count_pearson_gw": 0.03263513255672204,
    "eval_metrics/den_pval_r2_1obs": -29.280238404163722,
    "eval_metrics/imp_pval_pearson_1obs": 0.1719292883857316,
    "eval_losses/total_loss": 4.604539086925797,
    "eval_losses/count_obs_loss": 1.1105549649188393,
    "eval_losses/count_imp_loss": 1.709068046675788,
    "eval_losses/pval_obs_loss": 0.5323451805283854,
    "eval_losses/pval_imp_loss": 0.638583540325127,
    "eval_losses/peak_obs_loss": 0.5490308031439781,
    "eval_losses/peak_imp_loss": 0.5627963259106591
  }
}
{
  "epoch": 65,
  "training_metadata_probes": {
    "training_metadata_probes/depth_count_ratio": 0.9867697358131409,
    "training_metadata_probes/runtype_mse": 0.005329858977347612,
    "training_metadata_probes/readlen_mse": 1.2088213225069921e-05
  }
}
{
  "epoch": 66,
  "eval_prefixed": {
    "eval_metrics/den_pval_pearson_1obs": 0.1395907605719434,
    "eval_metrics/den_count_r2_gw": -0.014578292517311102,
    "eval_metrics/imp_pval_spearman_gw": 0.0466505921726668,
    "eval_metrics/den_count_spearman_gw": 0.09135975449939338,
    "eval_metrics/imp_pval_spearman_1obs": 0.1988914657701067,
    "eval_metrics/imp_peak_auroc_gw": 0.525381338373139,
    "eval_metrics/den_pval_spearman_gw": 0.15608785189506177,
    "eval_metrics/imp_count_spearman_gw": 0.021045786247056168,
    "eval_metrics/imp_count_r2_gw": -0.056964188116965846,
    "eval_metrics/imp_pval_spearman_dsf1": 0.0466505921726668,
    "eval_metrics/den_pval_pearson_gw": 0.22226948542275318,
    "eval_metrics/imp_pval_r2_1obs": -44.09319667190149,
    "eval_metrics/den_pval_pearson_dsf1": 0.22226948542275318,
    "eval_metrics/imp_pval_pearson_gw": 0.13495842993558785,
    "eval_metrics/den_pval_spearman_dsf1": 0.15608785189506177,
    "eval_metrics/den_count_pearson_gw": 0.1590278706403057,
    "eval_metrics/den_peak_auroc_gw": 0.5545547755221354,
    "eval_metrics/imp_pval_pearson_dsf1": 0.13495842993558785,
    "eval_metrics/imp_pval_r2_dsf1": -0.12438012199293237,
    "eval_metrics/den_pval_spearman_1obs": 0.11949383015069157,
    "eval_metrics/imp_pval_r2_gw": -0.12438012199293237,
    "eval_metrics/den_pval_r2_dsf1": -0.059496483545244554,
    "eval_metrics/den_pval_r2_gw": -0.059496483545244554,
    "eval_metrics/imp_count_pearson_gw": 0.0398033925587134,
    "eval_metrics/den_pval_r2_1obs": -27.559413510458004,
    "eval_metrics/imp_pval_pearson_1obs": 0.17541268434179652,
    "eval_losses/total_loss": 4.738887264589338,
    "eval_losses/count_obs_loss": 1.1059279990823645,
    "eval_losses/count_imp_loss": 1.7359083086725264,
    "eval_losses/pval_obs_loss": 0.5495457893825675,
    "eval_losses/pval_imp_loss": 0.7662923221313764,
    "eval_losses/peak_obs_loss": 0.5462641943442194,
    "eval_losses/peak_imp_loss": 0.5584873916610839
  }
}
{
  "epoch": 66,
  "training_metadata_probes": {
    "training_metadata_probes/depth_count_ratio": 0.9866949915885925,
    "training_metadata_probes/runtype_mse": 0.005837413016706705,
    "training_metadata_probes/readlen_mse": 1.1352155524946284e-05
  }
}
{
  "epoch": 67,
  "eval_prefixed": {
    "eval_metrics/den_pval_pearson_1obs": 0.13757755440708838,
    "eval_metrics/den_count_r2_gw": -0.01649201721124201,
    "eval_metrics/imp_pval_spearman_gw": 0.04360599519070363,
    "eval_metrics/den_count_spearman_gw": 0.08788197200439556,
    "eval_metrics/imp_pval_spearman_1obs": 0.19686561798395988,
    "eval_metrics/imp_peak_auroc_gw": 0.510190372845782,
    "eval_metrics/den_pval_spearman_gw": 0.142897701724498,
    "eval_metrics/imp_count_spearman_gw": 0.022004781166417277,
    "eval_metrics/imp_count_r2_gw": -0.06326310430985538,
    "eval_metrics/imp_pval_spearman_dsf1": 0.04360599519070363,
    "eval_metrics/den_pval_pearson_gw": 0.20410233156412447,
    "eval_metrics/imp_pval_r2_1obs": -25.05216476957585,
    "eval_metrics/den_pval_pearson_dsf1": 0.20410233156412447,
    "eval_metrics/imp_pval_pearson_gw": 0.11836845749279573,
    "eval_metrics/den_pval_spearman_dsf1": 0.142897701724498,
    "eval_metrics/den_count_pearson_gw": 0.16149888682756633,
    "eval_metrics/den_peak_auroc_gw": 0.5477848075456714,
    "eval_metrics/imp_pval_pearson_dsf1": 0.11836845749279573,
    "eval_metrics/imp_pval_r2_dsf1": -0.11112424323913624,
    "eval_metrics/den_pval_spearman_1obs": 0.11202770743915756,
    "eval_metrics/imp_pval_r2_gw": -0.11112424323913624,
    "eval_metrics/den_pval_r2_dsf1": -0.07978857715810397,
    "eval_metrics/den_pval_r2_gw": -0.07978857715810397,
    "eval_metrics/imp_count_pearson_gw": 0.029038884561501502,
    "eval_metrics/den_pval_r2_1obs": -26.17615175667082,
    "eval_metrics/imp_pval_pearson_1obs": 0.1732828449162226,
    "eval_losses/total_loss": 4.757284347972783,
    "eval_losses/count_obs_loss": 1.0834978246375133,
    "eval_losses/count_imp_loss": 1.7623484002219305,
    "eval_losses/pval_obs_loss": 0.55009048395349,
    "eval_losses/pval_imp_loss": 0.7954227302282576,
    "eval_losses/peak_obs_loss": 0.5427693332496443,
    "eval_losses/peak_imp_loss": 0.5557277531377853
  }
}
{
  "epoch": 67,
  "training_metadata_probes": {
    "training_metadata_probes/depth_count_ratio": 0.9860306978225708,
    "training_metadata_probes/runtype_mse": 0.005584317725151777,
    "training_metadata_probes/readlen_mse": 1.068303481588373e-05
  }
}
{
  "epoch": 68,
  "eval_prefixed": {
    "eval_metrics/den_pval_pearson_1obs": 0.13591827879243187,
    "eval_metrics/den_count_r2_gw": -0.006856522441219382,
    "eval_metrics/imp_pval_spearman_gw": 0.03850964352780826,
    "eval_metrics/den_count_spearman_gw": 0.09119100345781014,
    "eval_metrics/imp_pval_spearman_1obs": 0.1641965285188128,
    "eval_metrics/imp_peak_auroc_gw": 0.5382480785385635,
    "eval_metrics/den_pval_spearman_gw": 0.140108733155693,
    "eval_metrics/imp_count_spearman_gw": 0.019755665746319092,
    "eval_metrics/imp_count_r2_gw": -0.0637980300551991,
    "eval_metrics/imp_pval_spearman_dsf1": 0.03850964352780826,
    "eval_metrics/den_pval_pearson_gw": 0.20097601371143306,
    "eval_metrics/imp_pval_r2_1obs": -27.306363554670863,
    "eval_metrics/den_pval_pearson_dsf1": 0.20097601371143306,
    "eval_metrics/imp_pval_pearson_gw": 0.11715325720918675,
    "eval_metrics/den_pval_spearman_dsf1": 0.140108733155693,
    "eval_metrics/den_count_pearson_gw": 0.1569648616568884,
    "eval_metrics/den_peak_auroc_gw": 0.5427778903535204,
    "eval_metrics/imp_pval_pearson_dsf1": 0.11715325720918675,
    "eval_metrics/imp_pval_r2_dsf1": -0.1265761758996214,
    "eval_metrics/den_pval_spearman_1obs": 0.11018914735441594,
    "eval_metrics/imp_pval_r2_gw": -0.1265761758996214,
    "eval_metrics/den_pval_r2_dsf1": -0.08606638285120793,
    "eval_metrics/den_pval_r2_gw": -0.08606638285120793,
    "eval_metrics/imp_count_pearson_gw": 0.03634329355092689,
    "eval_metrics/den_pval_r2_1obs": -28.065656887293542,
    "eval_metrics/imp_pval_pearson_1obs": 0.15694294524349509,
    "eval_losses/total_loss": 4.8132682104325415,
    "eval_losses/count_obs_loss": 1.0907930676874362,
    "eval_losses/count_imp_loss": 1.7580835686789618,
    "eval_losses/pval_obs_loss": 0.5664875002357325,
    "eval_losses/pval_imp_loss": 0.8476381342089365,
    "eval_losses/peak_obs_loss": 0.5388335844403819,
    "eval_losses/peak_imp_loss": 0.5514800179572332
  }
}
{
  "epoch": 68,
  "training_metadata_probes": {
    "training_metadata_probes/depth_count_ratio": 0.9858087301254272,
    "training_metadata_probes/runtype_mse": 0.0054113795049488544,
    "training_metadata_probes/readlen_mse": 9.311313078796957e-06
  }
}
{
  "epoch": 69,
  "eval_prefixed": {
    "eval_metrics/den_pval_pearson_1obs": 0.13508839418462135,
    "eval_metrics/den_count_r2_gw": -0.015066383496347124,
    "eval_metrics/imp_pval_spearman_gw": 0.034251232587363505,
    "eval_metrics/den_count_spearman_gw": 0.08981183339849083,
    "eval_metrics/imp_pval_spearman_1obs": 0.19295975689556596,
    "eval_metrics/imp_peak_auroc_gw": 0.5117213920275363,
    "eval_metrics/den_pval_spearman_gw": 0.13540963830612726,
    "eval_metrics/imp_count_spearman_gw": 0.02290279725862586,
    "eval_metrics/imp_count_r2_gw": -0.07600831308315326,
    "eval_metrics/imp_pval_spearman_dsf1": 0.034251232587363505,
    "eval_metrics/den_pval_pearson_gw": 0.20446464661137342,
    "eval_metrics/imp_pval_r2_1obs": -22.331573917978893,
    "eval_metrics/den_pval_pearson_dsf1": 0.20446464661137342,
    "eval_metrics/imp_pval_pearson_gw": 0.09698571419687055,
    "eval_metrics/den_pval_spearman_dsf1": 0.13540963830612726,
    "eval_metrics/den_count_pearson_gw": 0.16217880405479504,
    "eval_metrics/den_peak_auroc_gw": 0.5564001477672473,
    "eval_metrics/imp_pval_pearson_dsf1": 0.09698571419687055,
    "eval_metrics/imp_pval_r2_dsf1": -0.1895238972687047,
    "eval_metrics/den_pval_spearman_1obs": 0.12495949795689394,
    "eval_metrics/imp_pval_r2_gw": -0.1895238972687047,
    "eval_metrics/den_pval_r2_dsf1": -0.0730029003153271,
    "eval_metrics/den_pval_r2_gw": -0.0730029003153271,
    "eval_metrics/imp_count_pearson_gw": 0.041630049862544094,
    "eval_metrics/den_pval_r2_1obs": -24.923035355793772,
    "eval_metrics/imp_pval_pearson_1obs": 0.18696543198293222,
    "eval_losses/total_loss": 4.631923840810104,
    "eval_losses/count_obs_loss": 1.0788942128419876,
    "eval_losses/count_imp_loss": 1.6943169169955783,
    "eval_losses/pval_obs_loss": 0.5387002033500099,
    "eval_losses/pval_imp_loss": 0.7500907797662039,
    "eval_losses/peak_obs_loss": 0.5337809794827512,
    "eval_losses/peak_imp_loss": 0.5479999513380112
  }
}
{
  "epoch": 69,
  "training_metadata_probes": {
    "training_metadata_probes/depth_count_ratio": 0.9853841662406921,
    "training_metadata_probes/runtype_mse": 0.005224133841693401,
    "training_metadata_probes/readlen_mse": 9.250604307453614e-06
  }
}
{
  "epoch": 70,
  "eval_prefixed": {
    "eval_metrics/den_pval_pearson_1obs": 0.14135672438791708,
    "eval_metrics/den_count_r2_gw": -0.019747617982871564,
    "eval_metrics/imp_pval_spearman_gw": 0.037798468080944114,
    "eval_metrics/den_count_spearman_gw": 0.09423335563370604,
    "eval_metrics/imp_pval_spearman_1obs": 0.1798234823264931,
    "eval_metrics/imp_peak_auroc_gw": 0.5054983204456438,
    "eval_metrics/den_pval_spearman_gw": 0.13064657669974739,
    "eval_metrics/imp_count_spearman_gw": 0.01547301950290285,
    "eval_metrics/imp_count_r2_gw": -0.05950378209467186,
    "eval_metrics/imp_pval_spearman_dsf1": 0.037798468080944114,
    "eval_metrics/den_pval_pearson_gw": 0.20802184267851867,
    "eval_metrics/imp_pval_r2_1obs": -27.895144863448156,
    "eval_metrics/den_pval_pearson_dsf1": 0.20802184267851867,
    "eval_metrics/imp_pval_pearson_gw": 0.11964836149727778,
    "eval_metrics/den_pval_spearman_dsf1": 0.13064657669974739,
    "eval_metrics/den_count_pearson_gw": 0.16885129081224717,
    "eval_metrics/den_peak_auroc_gw": 0.5627037261994088,
    "eval_metrics/imp_pval_pearson_dsf1": 0.11964836149727778,
    "eval_metrics/imp_pval_r2_dsf1": -0.16354392877693774,
    "eval_metrics/den_pval_spearman_1obs": 0.13672520584716003,
    "eval_metrics/imp_pval_r2_gw": -0.16354392877693774,
    "eval_metrics/den_pval_r2_dsf1": -0.07192517353732315,
    "eval_metrics/den_pval_r2_gw": -0.07192517353732315,
    "eval_metrics/imp_count_pearson_gw": 0.028354659118035454,
    "eval_metrics/den_pval_r2_1obs": -30.481904039911438,
    "eval_metrics/imp_pval_pearson_1obs": 0.16923591388492948,
    "eval_losses/total_loss": 4.754037548236451,
    "eval_losses/count_obs_loss": 1.1054259813145588,
    "eval_losses/count_imp_loss": 1.7061463007851252,
    "eval_losses/pval_obs_loss": 0.6080226053508293,
    "eval_losses/pval_imp_loss": 0.777836076501343,
    "eval_losses/peak_obs_loss": 0.529711026502283,
    "eval_losses/peak_imp_loss": 0.5450132269234884
  }
}
{
  "epoch": 70,
  "training_metadata_probes": {
    "training_metadata_probes/depth_count_ratio": 0.985013484954834,
    "training_metadata_probes/runtype_mse": 0.004866031464189291,
    "training_metadata_probes/readlen_mse": 7.408467809000285e-06
  }
}
{
  "epoch": 71,
  "eval_prefixed": {
    "eval_metrics/den_pval_pearson_1obs": 0.155818149392297,
    "eval_metrics/den_count_r2_gw": -0.008498122260530112,
    "eval_metrics/imp_pval_spearman_gw": 0.03906595915309506,
    "eval_metrics/den_count_spearman_gw": 0.0904631414806202,
    "eval_metrics/imp_pval_spearman_1obs": 0.16226724424275726,
    "eval_metrics/imp_peak_auroc_gw": 0.5198466871281975,
    "eval_metrics/den_pval_spearman_gw": 0.12702022257275494,
    "eval_metrics/imp_count_spearman_gw": 0.016321221046099132,
    "eval_metrics/imp_count_r2_gw": -0.07274640034187246,
    "eval_metrics/imp_pval_spearman_dsf1": 0.03906595915309506,
    "eval_metrics/den_pval_pearson_gw": 0.19925139794481525,
    "eval_metrics/imp_pval_r2_1obs": -25.985670901383536,
    "eval_metrics/den_pval_pearson_dsf1": 0.19925139794481525,
    "eval_metrics/imp_pval_pearson_gw": 0.11474361226317428,
    "eval_metrics/den_pval_spearman_dsf1": 0.12702022257275494,
    "eval_metrics/den_count_pearson_gw": 0.16351478170346176,
    "eval_metrics/den_peak_auroc_gw": 0.5534585081462119,
    "eval_metrics/imp_pval_pearson_dsf1": 0.11474361226317428,
    "eval_metrics/imp_pval_r2_dsf1": -0.14210764883697388,
    "eval_metrics/den_pval_spearman_1obs": 0.13678074741692062,
    "eval_metrics/imp_pval_r2_gw": -0.14210764883697388,
    "eval_metrics/den_pval_r2_dsf1": -0.08795770247188799,
    "eval_metrics/den_pval_r2_gw": -0.08795770247188799,
    "eval_metrics/imp_count_pearson_gw": 0.03067708638910618,
    "eval_metrics/den_pval_r2_1obs": -23.560639528690913,
    "eval_metrics/imp_pval_pearson_1obs": 0.16675914090176644,
    "eval_losses/total_loss": 4.652562958874593,
    "eval_losses/count_obs_loss": 1.070292261870284,
    "eval_losses/count_imp_loss": 1.7200532716418069,
    "eval_losses/pval_obs_loss": 0.5463159547530507,
    "eval_losses/pval_imp_loss": 0.7670087934959502,
    "eval_losses/peak_obs_loss": 0.5261730422314844,
    "eval_losses/peak_imp_loss": 0.5406110967908587
  }
}
{
  "epoch": 71,
  "training_metadata_probes": {
    "training_metadata_probes/depth_count_ratio": 0.9845432043075562,
    "training_metadata_probes/runtype_mse": 0.004936764016747475,
    "training_metadata_probes/readlen_mse": 6.905630925757578e-06
  }
}
{
  "epoch": 72,
  "eval_prefixed": {
    "eval_metrics/den_pval_pearson_1obs": 0.1534946412889679,
    "eval_metrics/den_count_r2_gw": -0.0035135836565381383,
    "eval_metrics/imp_pval_spearman_gw": 0.03672181764433293,
    "eval_metrics/den_count_spearman_gw": 0.09206584463731604,
    "eval_metrics/imp_pval_spearman_1obs": 0.1966088091219982,
    "eval_metrics/imp_peak_auroc_gw": 0.5184876661888712,
    "eval_metrics/den_pval_spearman_gw": 0.12640824439687623,
    "eval_metrics/imp_count_spearman_gw": 0.013268014419857707,
    "eval_metrics/imp_count_r2_gw": -0.08503080100681172,
    "eval_metrics/imp_pval_spearman_dsf1": 0.03672181764433293,
    "eval_metrics/den_pval_pearson_gw": 0.20087579370623357,
    "eval_metrics/imp_pval_r2_1obs": -19.43347172960645,
    "eval_metrics/den_pval_pearson_dsf1": 0.20087579370623357,
    "eval_metrics/imp_pval_pearson_gw": 0.10848828280411128,
    "eval_metrics/den_pval_spearman_dsf1": 0.12640824439687623,
    "eval_metrics/den_count_pearson_gw": 0.1751552857309243,
    "eval_metrics/den_peak_auroc_gw": 0.5568468559876851,
    "eval_metrics/imp_pval_pearson_dsf1": 0.10848828280411128,
    "eval_metrics/imp_pval_r2_dsf1": -0.17772578036110448,
    "eval_metrics/den_pval_spearman_1obs": 0.1280212818623596,
    "eval_metrics/imp_pval_r2_gw": -0.17772578036110448,
    "eval_metrics/den_pval_r2_dsf1": -0.09223597427720988,
    "eval_metrics/den_pval_r2_gw": -0.09223597427720988,
    "eval_metrics/imp_count_pearson_gw": 0.033474158510447494,
    "eval_metrics/den_pval_r2_1obs": -26.06902802822113,
    "eval_metrics/imp_pval_pearson_1obs": 0.1820753223765346,
    "eval_losses/total_loss": 4.687232402539322,
    "eval_losses/count_obs_loss": 1.0763240495794697,
    "eval_losses/count_imp_loss": 1.7127343851422507,
    "eval_losses/pval_obs_loss": 0.5582754041840273,
    "eval_losses/pval_imp_loss": 0.803326128612435,
    "eval_losses/peak_obs_loss": 0.5221615221939588,
    "eval_losses/peak_imp_loss": 0.5365716833916921
  }
}
{
  "epoch": 72,
  "training_metadata_probes": {
    "training_metadata_probes/depth_count_ratio": 0.984151303768158,
    "training_metadata_probes/runtype_mse": 0.005205238237977028,
    "training_metadata_probes/readlen_mse": 7.362450560322031e-06
  }
}
{
  "epoch": 73,
  "eval_prefixed": {
    "eval_metrics/den_pval_pearson_1obs": 0.14576303026344822,
    "eval_metrics/den_count_r2_gw": -0.012953982681548315,
    "eval_metrics/imp_pval_spearman_gw": 0.0387160166036426,
    "eval_metrics/den_count_spearman_gw": 0.09498105774126282,
    "eval_metrics/imp_pval_spearman_1obs": 0.16839586986720823,
    "eval_metrics/imp_peak_auroc_gw": 0.516545075023313,
    "eval_metrics/den_pval_spearman_gw": 0.13380202603492128,
    "eval_metrics/imp_count_spearman_gw": 0.01625276483847582,
    "eval_metrics/imp_count_r2_gw": -0.07836156270404346,
    "eval_metrics/imp_pval_spearman_dsf1": 0.0387160166036426,
    "eval_metrics/den_pval_pearson_gw": 0.21046878470683864,
    "eval_metrics/imp_pval_r2_1obs": -35.17638542658815,
    "eval_metrics/den_pval_pearson_dsf1": 0.21046878470683864,
    "eval_metrics/imp_pval_pearson_gw": 0.11251177733264206,
    "eval_metrics/den_pval_spearman_dsf1": 0.13380202603492128,
    "eval_metrics/den_count_pearson_gw": 0.1646944448366412,
    "eval_metrics/den_peak_auroc_gw": 0.5643383942535438,
    "eval_metrics/imp_pval_pearson_dsf1": 0.11251177733264206,
    "eval_metrics/imp_pval_r2_dsf1": -0.152763557176167,
    "eval_metrics/den_pval_spearman_1obs": 0.13312149019125105,
    "eval_metrics/imp_pval_r2_gw": -0.152763557176167,
    "eval_metrics/den_pval_r2_dsf1": -0.07146568840756852,
    "eval_metrics/den_pval_r2_gw": -0.07146568840756852,
    "eval_metrics/imp_count_pearson_gw": 0.03447628650575921,
    "eval_metrics/den_pval_r2_1obs": -23.481578169921164,
    "eval_metrics/imp_pval_pearson_1obs": 0.15641457581567386,
    "eval_losses/total_loss": 4.691593106799318,
    "eval_losses/count_obs_loss": 1.0739065926325948,
    "eval_losses/count_imp_loss": 1.7139066703735837,
    "eval_losses/pval_obs_loss": 0.5538617786828821,
    "eval_losses/pval_imp_loss": 0.8233256055012582,
    "eval_losses/peak_obs_loss": 0.5180783016901267,
    "eval_losses/peak_imp_loss": 0.5338269140985277
  }
}
{
  "epoch": 73,
  "training_metadata_probes": {
    "training_metadata_probes/depth_count_ratio": 0.9839567542076111,
    "training_metadata_probes/runtype_mse": 0.004992316477000713,
    "training_metadata_probes/readlen_mse": 7.426752745232079e-06
  }
}
{
  "epoch": 74,
  "eval_prefixed": {
    "eval_metrics/den_pval_pearson_1obs": 0.14000953293993676,
    "eval_metrics/den_count_r2_gw": -0.017483029572075013,
    "eval_metrics/imp_pval_spearman_gw": 0.042009299037823085,
    "eval_metrics/den_count_spearman_gw": 0.09878972324818436,
    "eval_metrics/imp_pval_spearman_1obs": 0.1527724665256087,
    "eval_metrics/imp_peak_auroc_gw": 0.5298373167246034,
    "eval_metrics/den_pval_spearman_gw": 0.12952721916166104,
    "eval_metrics/imp_count_spearman_gw": 0.0178131011814832,
    "eval_metrics/imp_count_r2_gw": -0.05065908687754407,
    "eval_metrics/imp_pval_spearman_dsf1": 0.042009299037823085,
    "eval_metrics/den_pval_pearson_gw": 0.20865099995066166,
    "eval_metrics/imp_pval_r2_1obs": -24.986602260910946,
    "eval_metrics/den_pval_pearson_dsf1": 0.20865099995066166,
    "eval_metrics/imp_pval_pearson_gw": 0.12950236641844395,
    "eval_metrics/den_pval_spearman_dsf1": 0.12952721916166104,
    "eval_metrics/den_count_pearson_gw": 0.1727445100772648,
    "eval_metrics/den_peak_auroc_gw": 0.5549690922679962,
    "eval_metrics/imp_pval_pearson_dsf1": 0.12950236641844395,
    "eval_metrics/imp_pval_r2_dsf1": -0.13459779578398243,
    "eval_metrics/den_pval_spearman_1obs": 0.12989391686784288,
    "eval_metrics/imp_pval_r2_gw": -0.13459779578398243,
    "eval_metrics/den_pval_r2_dsf1": -0.08174008832702136,
    "eval_metrics/den_pval_r2_gw": -0.08174008832702136,
    "eval_metrics/imp_count_pearson_gw": 0.032209132338822305,
    "eval_metrics/den_pval_r2_1obs": -29.58978400204352,
    "eval_metrics/imp_pval_pearson_1obs": 0.15961603612809014,
    "eval_losses/total_loss": 4.72007368019733,
    "eval_losses/count_obs_loss": 1.1001806298368855,
    "eval_losses/count_imp_loss": 1.7079956758589971,
    "eval_losses/pval_obs_loss": 0.5890854174075159,
    "eval_losses/pval_imp_loss": 0.7974327469155902,
    "eval_losses/peak_obs_loss": 0.5140060876545153,
    "eval_losses/peak_imp_loss": 0.5307131239346096
  }
}
{
  "epoch": 74,
  "training_metadata_probes": {
    "training_metadata_probes/depth_count_ratio": 0.9838753342628479,
    "training_metadata_probes/runtype_mse": 0.004823139403015375,
    "training_metadata_probes/readlen_mse": 6.833129646111047e-06
  }
}
{
  "epoch": 75,
  "eval_prefixed": {
    "eval_metrics/den_pval_pearson_1obs": 0.1417949620058368,
    "eval_metrics/den_count_r2_gw": -0.010435275877413887,
    "eval_metrics/imp_pval_spearman_gw": 0.03913019540553927,
    "eval_metrics/den_count_spearman_gw": 0.096052487391652,
    "eval_metrics/imp_pval_spearman_1obs": 0.16504794548937046,
    "eval_metrics/imp_peak_auroc_gw": 0.5251555579205459,
    "eval_metrics/den_pval_spearman_gw": 0.12203113693417066,
    "eval_metrics/imp_count_spearman_gw": 0.0158950626184729,
    "eval_metrics/imp_count_r2_gw": -0.04877310973883162,
    "eval_metrics/imp_pval_spearman_dsf1": 0.03913019540553927,
    "eval_metrics/den_pval_pearson_gw": 0.20484531656716412,
    "eval_metrics/imp_pval_r2_1obs": -26.798538712447186,
    "eval_metrics/den_pval_pearson_dsf1": 0.20484531656716412,
    "eval_metrics/imp_pval_pearson_gw": 0.12784329939971767,
    "eval_metrics/den_pval_spearman_dsf1": 0.12203113693417066,
    "eval_metrics/den_count_pearson_gw": 0.1708147288480081,
    "eval_metrics/den_peak_auroc_gw": 0.5581881606250895,
    "eval_metrics/imp_pval_pearson_dsf1": 0.12784329939971767,
    "eval_metrics/imp_pval_r2_dsf1": -0.13146217966230608,
    "eval_metrics/den_pval_spearman_1obs": 0.1248057409988032,
    "eval_metrics/imp_pval_r2_gw": -0.13146217966230608,
    "eval_metrics/den_pval_r2_dsf1": -0.08768119058167005,
    "eval_metrics/den_pval_r2_gw": -0.08768119058167005,
    "eval_metrics/imp_count_pearson_gw": 0.03008536536556979,
    "eval_metrics/den_pval_r2_1obs": -31.91850862783912,
    "eval_metrics/imp_pval_pearson_1obs": 0.15435395775998514,
    "eval_losses/total_loss": 4.771242744362864,
    "eval_losses/count_obs_loss": 1.0972145576226084,
    "eval_losses/count_imp_loss": 1.7046636844438219,
    "eval_losses/pval_obs_loss": 0.61513298664144,
    "eval_losses/pval_imp_loss": 0.8433911814576104,
    "eval_losses/peak_obs_loss": 0.5101694625459219,
    "eval_losses/peak_imp_loss": 0.5265984047972967
  }
}
{
  "epoch": 75,
  "training_metadata_probes": {
    "training_metadata_probes/depth_count_ratio": 0.9833848476409912,
    "training_metadata_probes/runtype_mse": 0.004895571619272232,
    "training_metadata_probes/readlen_mse": 6.64634626446059e-06
  }
}
{
  "epoch": 76,
  "eval_prefixed": {
    "eval_metrics/den_pval_pearson_1obs": 0.12957192305015938,
    "eval_metrics/den_count_r2_gw": -0.016243057153226798,
    "eval_metrics/imp_pval_spearman_gw": 0.03512299279968252,
    "eval_metrics/den_count_spearman_gw": 0.09629672950571506,
    "eval_metrics/imp_pval_spearman_1obs": 0.18570350478543335,
    "eval_metrics/imp_peak_auroc_gw": 0.526373162821872,
    "eval_metrics/den_pval_spearman_gw": 0.11767955899901153,
    "eval_metrics/imp_count_spearman_gw": 0.016155064339654197,
    "eval_metrics/imp_count_r2_gw": -0.07289110283010351,
    "eval_metrics/imp_pval_spearman_dsf1": 0.03512299279968252,
    "eval_metrics/den_pval_pearson_gw": 0.19630926790130998,
    "eval_metrics/imp_pval_r2_1obs": -30.471057328832416,
    "eval_metrics/den_pval_pearson_dsf1": 0.19630926790130998,
    "eval_metrics/imp_pval_pearson_gw": 0.11142214744847032,
    "eval_metrics/den_pval_spearman_dsf1": 0.11767955899901153,
    "eval_metrics/den_count_pearson_gw": 0.16795572117093557,
    "eval_metrics/den_peak_auroc_gw": 0.554176076489246,
    "eval_metrics/imp_pval_pearson_dsf1": 0.11142214744847032,
    "eval_metrics/imp_pval_r2_dsf1": -0.18653742936402523,
    "eval_metrics/den_pval_spearman_1obs": 0.11652656575478683,
    "eval_metrics/imp_pval_r2_gw": -0.18653742936402523,
    "eval_metrics/den_pval_r2_dsf1": -0.09513220904574127,
    "eval_metrics/den_pval_r2_gw": -0.09513220904574127,
    "eval_metrics/imp_count_pearson_gw": 0.02858882233323086,
    "eval_metrics/den_pval_r2_1obs": -24.788723943042402,
    "eval_metrics/imp_pval_pearson_1obs": 0.17484486656608098,
    "eval_losses/total_loss": 4.624834838304913,
    "eval_losses/count_obs_loss": 1.069505479774977,
    "eval_losses/count_imp_loss": 1.6904539390215798,
    "eval_losses/pval_obs_loss": 0.5743736323079487,
    "eval_losses/pval_imp_loss": 0.7720666861250287,
    "eval_losses/peak_obs_loss": 0.5059872795092432,
    "eval_losses/peak_imp_loss": 0.5231555962846393
  }
}
{
  "epoch": 76,
  "training_metadata_probes": {
    "training_metadata_probes/depth_count_ratio": 0.9831497073173523,
    "training_metadata_probes/runtype_mse": 0.0047183288261294365,
    "training_metadata_probes/readlen_mse": 5.560614226851612e-06
  }
}
{
  "epoch": 77,
  "eval_prefixed": {
    "eval_metrics/den_pval_pearson_1obs": 0.1531264579573058,
    "eval_metrics/den_count_r2_gw": -0.0076128647618443,
    "eval_metrics/imp_pval_spearman_gw": 0.04336605152132005,
    "eval_metrics/den_count_spearman_gw": 0.09759586467949348,
    "eval_metrics/imp_pval_spearman_1obs": 0.1694103257633134,
    "eval_metrics/imp_peak_auroc_gw": 0.5288825856783812,
    "eval_metrics/den_pval_spearman_gw": 0.12596469612539407,
    "eval_metrics/imp_count_spearman_gw": 0.015855738021210566,
    "eval_metrics/imp_count_r2_gw": -0.06846118545559009,
    "eval_metrics/imp_pval_spearman_dsf1": 0.04336605152132005,
    "eval_metrics/den_pval_pearson_gw": 0.20656470741653865,
    "eval_metrics/imp_pval_r2_1obs": -24.580126326000126,
    "eval_metrics/den_pval_pearson_dsf1": 0.20656470741653865,
    "eval_metrics/imp_pval_pearson_gw": 0.1166552652804447,
    "eval_metrics/den_pval_spearman_dsf1": 0.12596469612539407,
    "eval_metrics/den_count_pearson_gw": 0.1682227675486693,
    "eval_metrics/den_peak_auroc_gw": 0.5478112331347803,
    "eval_metrics/imp_pval_pearson_dsf1": 0.1166552652804447,
    "eval_metrics/imp_pval_r2_dsf1": -0.1772758952600882,
    "eval_metrics/den_pval_spearman_1obs": 0.1283915338350464,
    "eval_metrics/imp_pval_r2_gw": -0.1772758952600882,
    "eval_metrics/den_pval_r2_dsf1": -0.08540657908736334,
    "eval_metrics/den_pval_r2_gw": -0.08540657908736334,
    "eval_metrics/imp_count_pearson_gw": 0.02881099096506775,
    "eval_metrics/den_pval_r2_1obs": -22.822211571950326,
    "eval_metrics/imp_pval_pearson_1obs": 0.15914028749934264,
    "eval_losses/total_loss": 4.681939262063487,
    "eval_losses/count_obs_loss": 1.0721350798481388,
    "eval_losses/count_imp_loss": 1.6921364494732447,
    "eval_losses/pval_obs_loss": 0.6266389739160475,
    "eval_losses/pval_imp_loss": 0.7809309250423833,
    "eval_losses/peak_obs_loss": 0.5031531911931539,
    "eval_losses/peak_imp_loss": 0.518693154056867
  }
}
{
  "epoch": 77,
  "training_metadata_probes": {
    "training_metadata_probes/depth_count_ratio": 0.9828816056251526,
    "training_metadata_probes/runtype_mse": 0.004888324066996574,
    "training_metadata_probes/readlen_mse": 5.97171811023145e-06
  }
}
{
  "epoch": 78,
  "eval_prefixed": {
    "eval_metrics/den_pval_pearson_1obs": 0.16694337942690732,
    "eval_metrics/den_count_r2_gw": -0.004570969496915397,
    "eval_metrics/imp_pval_spearman_gw": 0.036147104578012006,
    "eval_metrics/den_count_spearman_gw": 0.09699454535986875,
    "eval_metrics/imp_pval_spearman_1obs": 0.14997433122115242,
    "eval_metrics/imp_peak_auroc_gw": 0.5119692250361406,
    "eval_metrics/den_pval_spearman_gw": 0.11051959604855642,
    "eval_metrics/imp_count_spearman_gw": 0.01898320315587366,
    "eval_metrics/imp_count_r2_gw": -0.06913152362686162,
    "eval_metrics/imp_pval_spearman_dsf1": 0.036147104578012006,
    "eval_metrics/den_pval_pearson_gw": 0.19418573457943766,
    "eval_metrics/imp_pval_r2_1obs": -28.23210831776788,
    "eval_metrics/den_pval_pearson_dsf1": 0.19418573457943766,
    "eval_metrics/imp_pval_pearson_gw": 0.10945483965850952,
    "eval_metrics/den_pval_spearman_dsf1": 0.11051959604855642,
    "eval_metrics/den_count_pearson_gw": 0.17126999761814277,
    "eval_metrics/den_peak_auroc_gw": 0.5483460942500188,
    "eval_metrics/imp_pval_pearson_dsf1": 0.10945483965850952,
    "eval_metrics/imp_pval_r2_dsf1": -0.1860214990033097,
    "eval_metrics/den_pval_spearman_1obs": 0.14890105879056462,
    "eval_metrics/imp_pval_r2_gw": -0.1860214990033097,
    "eval_metrics/den_pval_r2_dsf1": -0.11066803954814874,
    "eval_metrics/den_pval_r2_gw": -0.11066803954814874,
    "eval_metrics/imp_count_pearson_gw": 0.028797753188492998,
    "eval_metrics/den_pval_r2_1obs": -29.165434146437057,
    "eval_metrics/imp_pval_pearson_1obs": 0.16039180560850552,
    "eval_losses/total_loss": 4.546084392595252,
    "eval_losses/count_obs_loss": 1.0596567627630735,
    "eval_losses/count_imp_loss": 1.6731529604820978,
    "eval_losses/pval_obs_loss": 0.5398770662661838,
    "eval_losses/pval_imp_loss": 0.7643130485500608,
    "eval_losses/peak_obs_loss": 0.49858134867329346,
    "eval_losses/peak_imp_loss": 0.5156397105209412
  }
}
{
  "epoch": 78,
  "training_metadata_probes": {
    "training_metadata_probes/depth_count_ratio": 0.9824070334434509,
    "training_metadata_probes/runtype_mse": 0.004690941888839006,
    "training_metadata_probes/readlen_mse": 6.193721219460713e-06
  }
}
{
  "epoch": 79,
  "eval_prefixed": {
    "eval_metrics/den_pval_pearson_1obs": 0.1530991436769622,
    "eval_metrics/den_count_r2_gw": -0.004353767791098123,
    "eval_metrics/imp_pval_spearman_gw": 0.040230950229939076,
    "eval_metrics/den_count_spearman_gw": 0.0993338299351083,
    "eval_metrics/imp_pval_spearman_1obs": 0.17309376944462843,
    "eval_metrics/imp_peak_auroc_gw": 0.5371069566276041,
    "eval_metrics/den_pval_spearman_gw": 0.11135710623457659,
    "eval_metrics/imp_count_spearman_gw": 0.016656048439079238,
    "eval_metrics/imp_count_r2_gw": -0.06733363445491555,
    "eval_metrics/imp_pval_spearman_dsf1": 0.040230950229939076,
    "eval_metrics/den_pval_pearson_gw": 0.20185488787798309,
    "eval_metrics/imp_pval_r2_1obs": -31.15238286515501,
    "eval_metrics/den_pval_pearson_dsf1": 0.20185488787798309,
    "eval_metrics/imp_pval_pearson_gw": 0.1162257303418185,
    "eval_metrics/den_pval_spearman_dsf1": 0.11135710623457659,
    "eval_metrics/den_count_pearson_gw": 0.17206850261534687,
    "eval_metrics/den_peak_auroc_gw": 0.5612962016966414,
    "eval_metrics/imp_pval_pearson_dsf1": 0.1162257303418185,
    "eval_metrics/imp_pval_r2_dsf1": -0.1504779908572282,
    "eval_metrics/den_pval_spearman_1obs": 0.14220498451935257,
    "eval_metrics/imp_pval_r2_gw": -0.1504779908572282,
    "eval_metrics/den_pval_r2_dsf1": -0.09404727158650412,
    "eval_metrics/den_pval_r2_gw": -0.09404727158650412,
    "eval_metrics/imp_count_pearson_gw": 0.025713645266405943,
    "eval_metrics/den_pval_r2_1obs": -28.338125574565503,
    "eval_metrics/imp_pval_pearson_1obs": 0.15891611933549274,
    "eval_losses/total_loss": 4.883267729151013,
    "eval_losses/count_obs_loss": 1.0696720676986795,
    "eval_losses/count_imp_loss": 1.7326926740389021,
    "eval_losses/pval_obs_loss": 0.6515689328018772,
    "eval_losses/pval_imp_loss": 0.9719655901666672,
    "eval_losses/peak_obs_loss": 0.4950690242020707,
    "eval_losses/peak_imp_loss": 0.5126240459226427
  }
}
{
  "epoch": 79,
  "training_metadata_probes": {
    "training_metadata_probes/depth_count_ratio": 0.982085108757019,
    "training_metadata_probes/runtype_mse": 0.004631055518984795,
    "training_metadata_probes/readlen_mse": 5.803690328320954e-06
  }
}
{
  "epoch": 80,
  "eval_prefixed": {
    "eval_metrics/den_pval_pearson_1obs": 0.14508882177822097,
    "eval_metrics/den_count_r2_gw": -0.005614730501697161,
    "eval_metrics/imp_pval_spearman_gw": 0.022996794167948007,
    "eval_metrics/den_count_spearman_gw": 0.09684414993615413,
    "eval_metrics/imp_pval_spearman_1obs": 0.13081275124815428,
    "eval_metrics/imp_peak_auroc_gw": 0.5474440999861651,
    "eval_metrics/den_pval_spearman_gw": 0.11305000715030715,
    "eval_metrics/imp_count_spearman_gw": 0.02273160199924196,
    "eval_metrics/imp_count_r2_gw": -0.06283577076623446,
    "eval_metrics/imp_pval_spearman_dsf1": 0.022996794167948007,
    "eval_metrics/den_pval_pearson_gw": 0.19874066148584366,
    "eval_metrics/imp_pval_r2_1obs": -34.848410429795166,
    "eval_metrics/den_pval_pearson_dsf1": 0.19874066148584366,
    "eval_metrics/imp_pval_pearson_gw": 0.10800968307173914,
    "eval_metrics/den_pval_spearman_dsf1": 0.11305000715030715,
    "eval_metrics/den_count_pearson_gw": 0.1661904507100668,
    "eval_metrics/den_peak_auroc_gw": 0.559728749399933,
    "eval_metrics/imp_pval_pearson_dsf1": 0.10800968307173914,
    "eval_metrics/imp_pval_r2_dsf1": -0.19446307581574887,
    "eval_metrics/den_pval_spearman_1obs": 0.11465865951023022,
    "eval_metrics/imp_pval_r2_gw": -0.19446307581574887,
    "eval_metrics/den_pval_r2_dsf1": -0.11036913749210205,
    "eval_metrics/den_pval_r2_gw": -0.11036913749210205,
    "eval_metrics/imp_count_pearson_gw": 0.03586685606038257,
    "eval_metrics/den_pval_r2_1obs": -23.308633231861208,
    "eval_metrics/imp_pval_pearson_1obs": 0.12411016533299098,
    "eval_losses/total_loss": 4.804477386470688,
    "eval_losses/count_obs_loss": 1.0637254032649492,
    "eval_losses/count_imp_loss": 1.7021100899529835,
    "eval_losses/pval_obs_loss": 0.6123976132489348,
    "eval_losses/pval_imp_loss": 0.9717961376503347,
    "eval_losses/peak_obs_loss": 0.4905143066456443,
    "eval_losses/peak_imp_loss": 0.5082500392482394
  }
}
{
  "epoch": 80,
  "training_metadata_probes": {
    "training_metadata_probes/depth_count_ratio": 0.9820173978805542,
    "training_metadata_probes/runtype_mse": 0.004763864912092686,
    "training_metadata_probes/readlen_mse": 5.806390163343167e-06
  }
}
{
  "epoch": 81,
  "eval_prefixed": {
    "eval_metrics/den_pval_pearson_1obs": 0.1516180018316893,
    "eval_metrics/den_count_r2_gw": -0.007260917621189937,
    "eval_metrics/imp_pval_spearman_gw": 0.032045956951649454,
    "eval_metrics/den_count_spearman_gw": 0.09911847473998539,
    "eval_metrics/imp_pval_spearman_1obs": 0.1804423295471617,
    "eval_metrics/imp_peak_auroc_gw": 0.5377573178607888,
    "eval_metrics/den_pval_spearman_gw": 0.11995985703252944,
    "eval_metrics/imp_count_spearman_gw": 0.018258253923223146,
    "eval_metrics/imp_count_r2_gw": -0.06448900011130902,
    "eval_metrics/imp_pval_spearman_dsf1": 0.032045956951649454,
    "eval_metrics/den_pval_pearson_gw": 0.2093676571293097,
    "eval_metrics/imp_pval_r2_1obs": -25.941125884213854,
    "eval_metrics/den_pval_pearson_dsf1": 0.2093676571293097,
    "eval_metrics/imp_pval_pearson_gw": 0.11592184524569246,
    "eval_metrics/den_pval_spearman_dsf1": 0.11995985703252944,
    "eval_metrics/den_count_pearson_gw": 0.17328919258464962,
    "eval_metrics/den_peak_auroc_gw": 0.5648491243053544,
    "eval_metrics/imp_pval_pearson_dsf1": 0.11592184524569246,
    "eval_metrics/imp_pval_r2_dsf1": -0.14855796547642006,
    "eval_metrics/den_pval_spearman_1obs": 0.12044888678488301,
    "eval_metrics/imp_pval_r2_gw": -0.14855796547642006,
    "eval_metrics/den_pval_r2_dsf1": -0.07330135687014465,
    "eval_metrics/den_pval_r2_gw": -0.07330135687014465,
    "eval_metrics/imp_count_pearson_gw": 0.030401938945971548,
    "eval_metrics/den_pval_r2_1obs": -31.883445709203862,
    "eval_metrics/imp_pval_pearson_1obs": 0.16544121441372212,
    "eval_losses/total_loss": 4.838059411678267,
    "eval_losses/count_obs_loss": 1.073685026482532,
    "eval_losses/count_imp_loss": 1.6966647600370741,
    "eval_losses/pval_obs_loss": 0.6655194455953805,
    "eval_losses/pval_imp_loss": 0.9495760103066763,
    "eval_losses/peak_obs_loss": 0.48693913652708654,
    "eval_losses/peak_imp_loss": 0.5046417857446368
  }
}
{
  "epoch": 81,
  "training_metadata_probes": {
    "training_metadata_probes/depth_count_ratio": 0.9814034104347229,
    "training_metadata_probes/runtype_mse": 0.004805298522114754,
    "training_metadata_probes/readlen_mse": 5.8627388170862105e-06
  }
}
{
  "epoch": 82,
  "eval_prefixed": {
    "eval_metrics/den_pval_pearson_1obs": 0.16212587491731698,
    "eval_metrics/den_count_r2_gw": 0.0015774379592573683,
    "eval_metrics/imp_pval_spearman_gw": 0.03933459811989079,
    "eval_metrics/den_count_spearman_gw": 0.09752185910166966,
    "eval_metrics/imp_pval_spearman_1obs": 0.18662025285359699,
    "eval_metrics/imp_peak_auroc_gw": 0.5181729033594714,
    "eval_metrics/den_pval_spearman_gw": 0.11003694567668566,
    "eval_metrics/imp_count_spearman_gw": 0.018199699048302032,
    "eval_metrics/imp_count_r2_gw": -0.053282567521952755,
    "eval_metrics/imp_pval_spearman_dsf1": 0.03933459811989079,
    "eval_metrics/den_pval_pearson_gw": 0.1998857737515592,
    "eval_metrics/imp_pval_r2_1obs": -24.587872201318678,
    "eval_metrics/den_pval_pearson_dsf1": 0.1998857737515592,
    "eval_metrics/imp_pval_pearson_gw": 0.11980785015186975,
    "eval_metrics/den_pval_spearman_dsf1": 0.11003694567668566,
    "eval_metrics/den_count_pearson_gw": 0.17144475168530143,
    "eval_metrics/den_peak_auroc_gw": 0.561542362636173,
    "eval_metrics/imp_pval_pearson_dsf1": 0.11980785015186975,
    "eval_metrics/imp_pval_r2_dsf1": -0.15238985354996443,
    "eval_metrics/den_pval_spearman_1obs": 0.14880513483106542,
    "eval_metrics/imp_pval_r2_gw": -0.15238985354996443,
    "eval_metrics/den_pval_r2_dsf1": -0.09463016062439189,
    "eval_metrics/den_pval_r2_gw": -0.09463016062439189,
    "eval_metrics/imp_count_pearson_gw": 0.029337828246680724,
    "eval_metrics/den_pval_r2_1obs": -17.626159393185553,
    "eval_metrics/imp_pval_pearson_1obs": 0.19631050002672487,
    "eval_losses/total_loss": 4.654740577306304,
    "eval_losses/count_obs_loss": 1.0496258868982917,
    "eval_losses/count_imp_loss": 1.7079828126089913,
    "eval_losses/pval_obs_loss": 0.5687961214050454,
    "eval_losses/pval_imp_loss": 0.8726994494597117,
    "eval_losses/peak_obs_loss": 0.48200022193946335,
    "eval_losses/peak_imp_loss": 0.5007176486745714
  }
}
{
  "epoch": 82,
  "training_metadata_probes": {
    "training_metadata_probes/depth_count_ratio": 0.9808066487312317,
    "training_metadata_probes/runtype_mse": 0.005105732008814812,
    "training_metadata_probes/readlen_mse": 6.127632332209032e-06
  }
}
{
  "epoch": 83,
  "eval_prefixed": {
    "eval_metrics/den_pval_pearson_1obs": 0.1120960711513793,
    "eval_metrics/den_count_r2_gw": 0.010542800247565801,
    "eval_metrics/imp_pval_spearman_gw": 0.04637731633832919,
    "eval_metrics/den_count_spearman_gw": 0.09781006198496522,
    "eval_metrics/imp_pval_spearman_1obs": 0.16732097418214645,
    "eval_metrics/imp_peak_auroc_gw": 0.5256057173593247,
    "eval_metrics/den_pval_spearman_gw": 0.11174502870222745,
    "eval_metrics/imp_count_spearman_gw": 0.017043787640796334,
    "eval_metrics/imp_count_r2_gw": -0.06802497557637152,
    "eval_metrics/imp_pval_spearman_dsf1": 0.04637731633832919,
    "eval_metrics/den_pval_pearson_gw": 0.1963922531270471,
    "eval_metrics/imp_pval_r2_1obs": -29.527023961555486,
    "eval_metrics/den_pval_pearson_dsf1": 0.1963922531270471,
    "eval_metrics/imp_pval_pearson_gw": 0.1082430287672665,
    "eval_metrics/den_pval_spearman_dsf1": 0.11174502870222745,
    "eval_metrics/den_count_pearson_gw": 0.17100570533779988,
    "eval_metrics/den_peak_auroc_gw": 0.5534187452262193,
    "eval_metrics/imp_pval_pearson_dsf1": 0.1082430287672665,
    "eval_metrics/imp_pval_r2_dsf1": -0.17511806873936894,
    "eval_metrics/den_pval_spearman_1obs": 0.09451032390825877,
    "eval_metrics/imp_pval_r2_gw": -0.17511806873936894,
    "eval_metrics/den_pval_r2_dsf1": -0.09125217590813846,
    "eval_metrics/den_pval_r2_gw": -0.09125217590813846,
    "eval_metrics/imp_count_pearson_gw": 0.03683703671586478,
    "eval_metrics/den_pval_r2_1obs": -22.79012171244465,
    "eval_metrics/imp_pval_pearson_1obs": 0.14850580300452068,
    "eval_losses/total_loss": 4.933625405776854,
    "eval_losses/count_obs_loss": 1.0643337031728344,
    "eval_losses/count_imp_loss": 1.7164626424274747,
    "eval_losses/pval_obs_loss": 0.6366391761571562,
    "eval_losses/pval_imp_loss": 1.107666998510323,
    "eval_losses/peak_obs_loss": 0.47902768066054896,
    "eval_losses/peak_imp_loss": 0.49770350635997834
  }
}
{
  "epoch": 83,
  "training_metadata_probes": {
    "training_metadata_probes/depth_count_ratio": 0.9800414443016052,
    "training_metadata_probes/runtype_mse": 0.0050754426047205925,
    "training_metadata_probes/readlen_mse": 5.657740985043347e-06
  }
}
{
  "epoch": 84,
  "eval_prefixed": {
    "eval_metrics/den_pval_pearson_1obs": 0.1271711032329078,
    "eval_metrics/den_count_r2_gw": 0.004468940942330271,
    "eval_metrics/imp_pval_spearman_gw": 0.03920596787021764,
    "eval_metrics/den_count_spearman_gw": 0.09902104291828402,
    "eval_metrics/imp_pval_spearman_1obs": 0.15315923707337903,
    "eval_metrics/imp_peak_auroc_gw": 0.515772958200266,
    "eval_metrics/den_pval_spearman_gw": 0.1084772127013699,
    "eval_metrics/imp_count_spearman_gw": 0.017169835328623283,
    "eval_metrics/imp_count_r2_gw": -0.06719434027552253,
    "eval_metrics/imp_pval_spearman_dsf1": 0.03920596787021764,
    "eval_metrics/den_pval_pearson_gw": 0.1999241713216945,
    "eval_metrics/imp_pval_r2_1obs": -30.98630886558957,
    "eval_metrics/den_pval_pearson_dsf1": 0.1999241713216945,
    "eval_metrics/imp_pval_pearson_gw": 0.1128021826134211,
    "eval_metrics/den_pval_spearman_dsf1": 0.1084772127013699,
    "eval_metrics/den_count_pearson_gw": 0.175178265451809,
    "eval_metrics/den_peak_auroc_gw": 0.5562995918934964,
    "eval_metrics/imp_pval_pearson_dsf1": 0.1128021826134211,
    "eval_metrics/imp_pval_r2_dsf1": -0.1826206815244216,
    "eval_metrics/den_pval_spearman_1obs": 0.11395014098099876,
    "eval_metrics/imp_pval_r2_gw": -0.1826206815244216,
    "eval_metrics/den_pval_r2_dsf1": -0.0962949646540168,
    "eval_metrics/den_pval_r2_gw": -0.0962949646540168,
    "eval_metrics/imp_count_pearson_gw": 0.026511965689086724,
    "eval_metrics/den_pval_r2_1obs": -23.291283982474482,
    "eval_metrics/imp_pval_pearson_1obs": 0.1433527228193328,
    "eval_losses/total_loss": 4.7157869176497975,
    "eval_losses/count_obs_loss": 1.0609830021858215,
    "eval_losses/count_imp_loss": 1.7052852946614463,
    "eval_losses/pval_obs_loss": 0.5781402574410957,
    "eval_losses/pval_imp_loss": 0.9387141728685016,
    "eval_losses/peak_obs_loss": 0.4749242828080529,
    "eval_losses/peak_imp_loss": 0.4946067628879396
  }
}
{
  "epoch": 84,
  "training_metadata_probes": {
    "training_metadata_probes/depth_count_ratio": 0.9798506498336792,
    "training_metadata_probes/runtype_mse": 0.005178712774068117,
    "training_metadata_probes/readlen_mse": 5.9045464695373084e-06
  }
}
{
  "epoch": 85,
  "eval_prefixed": {
    "eval_metrics/den_pval_pearson_1obs": 0.16652702441512557,
    "eval_metrics/den_count_r2_gw": 0.0016109504639830814,
    "eval_metrics/imp_pval_spearman_gw": 0.030309961038077923,
    "eval_metrics/den_count_spearman_gw": 0.09810133790315298,
    "eval_metrics/imp_pval_spearman_1obs": 0.1828606396989907,
    "eval_metrics/imp_peak_auroc_gw": 0.5099525666901752,
    "eval_metrics/den_pval_spearman_gw": 0.10357867411409369,
    "eval_metrics/imp_count_spearman_gw": 0.018924813571377465,
    "eval_metrics/imp_count_r2_gw": -0.06432264935713077,
    "eval_metrics/imp_pval_spearman_dsf1": 0.030309961038077923,
    "eval_metrics/den_pval_pearson_gw": 0.198105456638395,
    "eval_metrics/imp_pval_r2_1obs": -17.46358586864889,
    "eval_metrics/den_pval_pearson_dsf1": 0.198105456638395,
    "eval_metrics/imp_pval_pearson_gw": 0.11070682111139399,
    "eval_metrics/den_pval_spearman_dsf1": 0.10357867411409369,
    "eval_metrics/den_count_pearson_gw": 0.1724202058425075,
    "eval_metrics/den_peak_auroc_gw": 0.5502338919007687,
    "eval_metrics/imp_pval_pearson_dsf1": 0.11070682111139399,
    "eval_metrics/imp_pval_r2_dsf1": -0.19550174098292714,
    "eval_metrics/den_pval_spearman_1obs": 0.14377407914899215,
    "eval_metrics/imp_pval_r2_gw": -0.19550174098292714,
    "eval_metrics/den_pval_r2_dsf1": -0.09618874372559388,
    "eval_metrics/den_pval_r2_gw": -0.09618874372559388,
    "eval_metrics/imp_count_pearson_gw": 0.0348478373886633,
    "eval_metrics/den_pval_r2_1obs": -21.91872696202396,
    "eval_metrics/imp_pval_pearson_1obs": 0.17252279103674467,
    "eval_losses/total_loss": 4.7207804571984235,
    "eval_losses/count_obs_loss": 1.0555024813664586,
    "eval_losses/count_imp_loss": 1.6735039145227462,
    "eval_losses/pval_obs_loss": 0.6168461441748628,
    "eval_losses/pval_imp_loss": 0.9448179421680314,
    "eval_losses/peak_obs_loss": 0.47117182141856145,
    "eval_losses/peak_imp_loss": 0.49075371121603345
  }
}
{
  "epoch": 85,
  "training_metadata_probes": {
    "training_metadata_probes/depth_count_ratio": 0.9793635606765747,
    "training_metadata_probes/runtype_mse": 0.004943694919347763,
    "training_metadata_probes/readlen_mse": 5.777823844255181e-06
  }
}
{
  "epoch": 86,
  "eval_prefixed": {
    "eval_metrics/den_pval_pearson_1obs": 0.15046307665148848,
    "eval_metrics/den_count_r2_gw": 0.007912644606641548,
    "eval_metrics/imp_pval_spearman_gw": 0.020325867210013206,
    "eval_metrics/den_count_spearman_gw": 0.09532329371970309,
    "eval_metrics/imp_pval_spearman_1obs": 0.1947181976505537,
    "eval_metrics/imp_peak_auroc_gw": 0.5212969461815199,
    "eval_metrics/den_pval_spearman_gw": 0.09802386184109173,
    "eval_metrics/imp_count_spearman_gw": 0.02198653288834117,
    "eval_metrics/imp_count_r2_gw": -0.0815062725438642,
    "eval_metrics/imp_pval_spearman_dsf1": 0.020325867210013206,
    "eval_metrics/den_pval_pearson_gw": 0.1905917164189496,
    "eval_metrics/imp_pval_r2_1obs": -35.97318969455171,
    "eval_metrics/den_pval_pearson_dsf1": 0.1905917164189496,
    "eval_metrics/imp_pval_pearson_gw": 0.10125050633510072,
    "eval_metrics/den_pval_spearman_dsf1": 0.09802386184109173,
    "eval_metrics/den_count_pearson_gw": 0.16742614052629123,
    "eval_metrics/den_peak_auroc_gw": 0.5476186852333319,
    "eval_metrics/imp_pval_pearson_dsf1": 0.10125050633510072,
    "eval_metrics/imp_pval_r2_dsf1": -0.21562722022637967,
    "eval_metrics/den_pval_spearman_1obs": 0.1367194658378986,
    "eval_metrics/imp_pval_r2_gw": -0.21562722022637967,
    "eval_metrics/den_pval_r2_dsf1": -0.09605705275881732,
    "eval_metrics/den_pval_r2_gw": -0.09605705275881732,
    "eval_metrics/imp_count_pearson_gw": 0.041416238351274164,
    "eval_metrics/den_pval_r2_1obs": -22.600829249930335,
    "eval_metrics/imp_pval_pearson_1obs": 0.1750773500451552,
    "eval_losses/total_loss": 5.112081961020043,
    "eval_losses/count_obs_loss": 1.051673079791822,
    "eval_losses/count_imp_loss": 1.7016986296290444,
    "eval_losses/pval_obs_loss": 0.7356312698929718,
    "eval_losses/pval_imp_loss": 1.2581293792833412,
    "eval_losses/peak_obs_loss": 0.4679621179637156,
    "eval_losses/peak_imp_loss": 0.4864890942024806
  }
}
{
  "epoch": 86,
  "training_metadata_probes": {
    "training_metadata_probes/depth_count_ratio": 0.9787846803665161,
    "training_metadata_probes/runtype_mse": 0.004717202391475439,
    "training_metadata_probes/readlen_mse": 6.204233159223804e-06
  }
}
{
  "epoch": 87,
  "eval_prefixed": {
    "eval_metrics/den_pval_pearson_1obs": 0.11111606652603338,
    "eval_metrics/den_count_r2_gw": -0.00045998425298990196,
    "eval_metrics/imp_pval_spearman_gw": 0.0479389262083982,
    "eval_metrics/den_count_spearman_gw": 0.10209920095043305,
    "eval_metrics/imp_pval_spearman_1obs": 0.1440800179404125,
    "eval_metrics/imp_peak_auroc_gw": 0.5251995586781949,
    "eval_metrics/den_pval_spearman_gw": 0.10807140077946853,
    "eval_metrics/imp_count_spearman_gw": 0.010285642358604678,
    "eval_metrics/imp_count_r2_gw": -0.05520246824552407,
    "eval_metrics/imp_pval_spearman_dsf1": 0.0479389262083982,
    "eval_metrics/den_pval_pearson_gw": 0.20471867805769617,
    "eval_metrics/imp_pval_r2_1obs": -24.04739117930497,
    "eval_metrics/den_pval_pearson_dsf1": 0.20471867805769617,
    "eval_metrics/imp_pval_pearson_gw": 0.12194419329309658,
    "eval_metrics/den_pval_spearman_dsf1": 0.10807140077946853,
    "eval_metrics/den_count_pearson_gw": 0.17478428439751856,
    "eval_metrics/den_peak_auroc_gw": 0.5690300338337064,
    "eval_metrics/imp_pval_pearson_dsf1": 0.12194419329309658,
    "eval_metrics/imp_pval_r2_dsf1": -0.15849806689371662,
    "eval_metrics/den_pval_spearman_1obs": 0.10942969100692874,
    "eval_metrics/imp_pval_r2_gw": -0.15849806689371662,
    "eval_metrics/den_pval_r2_dsf1": -0.09394674692712751,
    "eval_metrics/den_pval_r2_gw": -0.09394674692712751,
    "eval_metrics/imp_count_pearson_gw": 0.025763882538451563,
    "eval_metrics/den_pval_r2_1obs": -22.547204418235644,
    "eval_metrics/imp_pval_pearson_1obs": 0.1439564219114208,
    "eval_losses/total_loss": 4.8130292957648635,
    "eval_losses/count_obs_loss": 1.0727447577212985,
    "eval_losses/count_imp_loss": 1.7023435831069946,
    "eval_losses/pval_obs_loss": 0.6543602304729191,
    "eval_losses/pval_imp_loss": 0.9777840397187642,
    "eval_losses/peak_obs_loss": 0.46343156107162176,
    "eval_losses/peak_imp_loss": 0.48351442056988914
  }
}
{
  "epoch": 87,
  "training_metadata_probes": {
    "training_metadata_probes/depth_count_ratio": 0.9788546562194824,
    "training_metadata_probes/runtype_mse": 0.004850198980420828,
    "training_metadata_probes/readlen_mse": 6.019481133989757e-06
  }
}
{
  "epoch": 88,
  "eval_prefixed": {
    "eval_metrics/den_pval_pearson_1obs": 0.15786060550262368,
    "eval_metrics/den_count_r2_gw": 0.005233908683256024,
    "eval_metrics/imp_pval_spearman_gw": 0.03310982839557477,
    "eval_metrics/den_count_spearman_gw": 0.09721207015558203,
    "eval_metrics/imp_pval_spearman_1obs": 0.1610340443394577,
    "eval_metrics/imp_peak_auroc_gw": 0.53922254945252,
    "eval_metrics/den_pval_spearman_gw": 0.10008034361370859,
    "eval_metrics/imp_count_spearman_gw": 0.017525394057034134,
    "eval_metrics/imp_count_r2_gw": -0.04977467400438787,
    "eval_metrics/imp_pval_spearman_dsf1": 0.03310982839557477,
    "eval_metrics/den_pval_pearson_gw": 0.19205700157908723,
    "eval_metrics/imp_pval_r2_1obs": -34.991979186899194,
    "eval_metrics/den_pval_pearson_dsf1": 0.19205700157908723,
    "eval_metrics/imp_pval_pearson_gw": 0.11916801644977004,
    "eval_metrics/den_pval_spearman_dsf1": 0.10008034361370859,
    "eval_metrics/den_count_pearson_gw": 0.1675250967803693,
    "eval_metrics/den_peak_auroc_gw": 0.5535709374460499,
    "eval_metrics/imp_pval_pearson_dsf1": 0.11916801644977004,
    "eval_metrics/imp_pval_r2_dsf1": -0.15009452932854833,
    "eval_metrics/den_pval_spearman_1obs": 0.12801219839094694,
    "eval_metrics/imp_pval_r2_gw": -0.15009452932854833,
    "eval_metrics/den_pval_r2_dsf1": -0.11514519835394668,
    "eval_metrics/den_pval_r2_gw": -0.11514519835394668,
    "eval_metrics/imp_count_pearson_gw": 0.032217686873905006,
    "eval_metrics/den_pval_r2_1obs": -20.309627700642913,
    "eval_metrics/imp_pval_pearson_1obs": 0.15387179807201767,
    "eval_losses/total_loss": 4.730918999859377,
    "eval_losses/count_obs_loss": 1.0562315740083392,
    "eval_losses/count_imp_loss": 1.7051518398617942,
    "eval_losses/pval_obs_loss": 0.6068960130214691,
    "eval_losses/pval_imp_loss": 0.9619365238717624,
    "eval_losses/peak_obs_loss": 0.4595405482932141,
    "eval_losses/peak_imp_loss": 0.47937299665950595
  }
}
{
  "epoch": 88,
  "training_metadata_probes": {
    "training_metadata_probes/depth_count_ratio": 0.9778527021408081,
    "training_metadata_probes/runtype_mse": 0.0049969833344221115,
    "training_metadata_probes/readlen_mse": 5.976828106213361e-06
  }
}
{
  "epoch": 89,
  "eval_prefixed": {
    "eval_metrics/den_pval_pearson_1obs": 0.17454090760101712,
    "eval_metrics/den_count_r2_gw": 0.006559969782506672,
    "eval_metrics/imp_pval_spearman_gw": 0.032449134089066634,
    "eval_metrics/den_count_spearman_gw": 0.10168961662467886,
    "eval_metrics/imp_pval_spearman_1obs": 0.19256328043969118,
    "eval_metrics/imp_peak_auroc_gw": 0.5226185076201777,
    "eval_metrics/den_pval_spearman_gw": 0.10515451367361453,
    "eval_metrics/imp_count_spearman_gw": 0.017900843018163793,
    "eval_metrics/imp_count_r2_gw": -0.0639061088720061,
    "eval_metrics/imp_pval_spearman_dsf1": 0.032449134089066634,
    "eval_metrics/den_pval_pearson_gw": 0.20220144631610693,
    "eval_metrics/imp_pval_r2_1obs": -28.949866096264778,
    "eval_metrics/den_pval_pearson_dsf1": 0.20220144631610693,
    "eval_metrics/imp_pval_pearson_gw": 0.11677083545105739,
    "eval_metrics/den_pval_spearman_dsf1": 0.10515451367361453,
    "eval_metrics/den_count_pearson_gw": 0.17615600133809184,
    "eval_metrics/den_peak_auroc_gw": 0.5618333151237485,
    "eval_metrics/imp_pval_pearson_dsf1": 0.11677083545105739,
    "eval_metrics/imp_pval_r2_dsf1": -0.1934826253226846,
    "eval_metrics/den_pval_spearman_1obs": 0.13885023439944663,
    "eval_metrics/imp_pval_r2_gw": -0.1934826253226846,
    "eval_metrics/den_pval_r2_dsf1": -0.09745189232046991,
    "eval_metrics/den_pval_r2_gw": -0.09745189232046991,
    "eval_metrics/imp_count_pearson_gw": 0.03282711470115279,
    "eval_metrics/den_pval_r2_1obs": -32.21576756835318,
    "eval_metrics/imp_pval_pearson_1obs": 0.1805372960377662,
    "eval_losses/total_loss": 4.8170926801027045,
    "eval_losses/count_obs_loss": 1.0613470108885514,
    "eval_losses/count_imp_loss": 1.6929752031962078,
    "eval_losses/pval_obs_loss": 0.6342635909340492,
    "eval_losses/pval_imp_loss": 1.0466264698003966,
    "eval_losses/peak_obs_loss": 0.4557079394396983,
    "eval_losses/peak_imp_loss": 0.476252843699758
  }
}
{
  "epoch": 89,
  "training_metadata_probes": {
    "training_metadata_probes/depth_count_ratio": 0.9771807193756104,
    "training_metadata_probes/runtype_mse": 0.005216667428612709,
    "training_metadata_probes/readlen_mse": 6.0908973864570726e-06
  }
}
{
  "epoch": 90,
  "eval_prefixed": {
    "eval_metrics/den_pval_pearson_1obs": 0.1402997466518029,
    "eval_metrics/den_count_r2_gw": 0.01077802089140827,
    "eval_metrics/imp_pval_spearman_gw": 0.017926355775646663,
    "eval_metrics/den_count_spearman_gw": 0.09919557599565952,
    "eval_metrics/imp_pval_spearman_1obs": 0.18889503100425178,
    "eval_metrics/imp_peak_auroc_gw": 0.5314935481731493,
    "eval_metrics/den_pval_spearman_gw": 0.09660278775088595,
    "eval_metrics/imp_count_spearman_gw": 0.020879132841036024,
    "eval_metrics/imp_count_r2_gw": -0.04759905365290519,
    "eval_metrics/imp_pval_spearman_dsf1": 0.017926355775646663,
    "eval_metrics/den_pval_pearson_gw": 0.1954876000496657,
    "eval_metrics/imp_pval_r2_1obs": -29.598379704092345,
    "eval_metrics/den_pval_pearson_dsf1": 0.1954876000496657,
    "eval_metrics/imp_pval_pearson_gw": 0.12315717620390748,
    "eval_metrics/den_pval_spearman_dsf1": 0.09660278775088595,
    "eval_metrics/den_count_pearson_gw": 0.1772166652525285,
    "eval_metrics/den_peak_auroc_gw": 0.5571189345722576,
    "eval_metrics/imp_pval_pearson_dsf1": 0.12315717620390748,
    "eval_metrics/imp_pval_r2_dsf1": -0.17207382504144753,
    "eval_metrics/den_pval_spearman_1obs": 0.09767082572508208,
    "eval_metrics/imp_pval_r2_gw": -0.17207382504144753,
    "eval_metrics/den_pval_r2_dsf1": -0.10342204276139617,
    "eval_metrics/den_pval_r2_gw": -0.10342204276139617,
    "eval_metrics/imp_count_pearson_gw": 0.031276552658897665,
    "eval_metrics/den_pval_r2_1obs": -29.6898613108591,
    "eval_metrics/imp_pval_pearson_1obs": 0.18620559247857374,
    "eval_losses/total_loss": 5.037936537894176,
    "eval_losses/count_obs_loss": 1.0704722216254787,
    "eval_losses/count_imp_loss": 1.6999530971996368,
    "eval_losses/pval_obs_loss": 0.7435884287727899,
    "eval_losses/pval_imp_loss": 1.1701859361122524,
    "eval_losses/peak_obs_loss": 0.4520440278084655,
    "eval_losses/peak_imp_loss": 0.4736581307555002
  }
}
{
  "epoch": 90,
  "training_metadata_probes": {
    "training_metadata_probes/depth_count_ratio": 0.9766879677772522,
    "training_metadata_probes/runtype_mse": 0.005128768272697926,
    "training_metadata_probes/readlen_mse": 6.27007830189541e-06
  }
}
{
  "epoch": 91,
  "eval_prefixed": {
    "eval_metrics/den_pval_pearson_1obs": 0.1481198669398988,
    "eval_metrics/den_count_r2_gw": 0.003525629272997691,
    "eval_metrics/imp_pval_spearman_gw": 0.02790615014473347,
    "eval_metrics/den_count_spearman_gw": 0.0983211579544165,
    "eval_metrics/imp_pval_spearman_1obs": 0.1712532469364839,
    "eval_metrics/imp_peak_auroc_gw": 0.5367918043279171,
    "eval_metrics/den_pval_spearman_gw": 0.10619533219466747,
    "eval_metrics/imp_count_spearman_gw": 0.022128830651503426,
    "eval_metrics/imp_count_r2_gw": -0.061956215124311854,
    "eval_metrics/imp_pval_spearman_dsf1": 0.02790615014473347,
    "eval_metrics/den_pval_pearson_gw": 0.19536762451676432,
    "eval_metrics/imp_pval_r2_1obs": -23.993595109599692,
    "eval_metrics/den_pval_pearson_dsf1": 0.19536762451676432,
    "eval_metrics/imp_pval_pearson_gw": 0.11729470344762953,
    "eval_metrics/den_pval_spearman_dsf1": 0.10619533219466747,
    "eval_metrics/den_count_pearson_gw": 0.17132249397323712,
    "eval_metrics/den_peak_auroc_gw": 0.5599433016485358,
    "eval_metrics/imp_pval_pearson_dsf1": 0.11729470344762953,
    "eval_metrics/imp_pval_r2_dsf1": -0.20131482691009261,
    "eval_metrics/den_pval_spearman_1obs": 0.11932442967963187,
    "eval_metrics/imp_pval_r2_gw": -0.20131482691009261,
    "eval_metrics/den_pval_r2_dsf1": -0.09860799280621128,
    "eval_metrics/den_pval_r2_gw": -0.09860799280621128,
    "eval_metrics/imp_count_pearson_gw": 0.03598558971573347,
    "eval_metrics/den_pval_r2_1obs": -28.45770222924806,
    "eval_metrics/imp_pval_pearson_1obs": 0.16703294110040934,
    "eval_losses/total_loss": 5.137103677163587,
    "eval_losses/count_obs_loss": 1.0539073810765618,
    "eval_losses/count_imp_loss": 1.6732743363531808,
    "eval_losses/pval_obs_loss": 0.7711587626928169,
    "eval_losses/pval_imp_loss": 1.3113072227745775,
    "eval_losses/peak_obs_loss": 0.4488486106458463,
    "eval_losses/peak_imp_loss": 0.4694241254575669
  }
}
{
  "epoch": 91,
  "training_metadata_probes": {
    "training_metadata_probes/depth_count_ratio": 0.976550281047821,
    "training_metadata_probes/runtype_mse": 0.004727421328425407,
    "training_metadata_probes/readlen_mse": 6.85238364894758e-06
  }
}
{
  "epoch": 92,
  "eval_prefixed": {
    "eval_metrics/den_pval_pearson_1obs": 0.13261781474590717,
    "eval_metrics/den_count_r2_gw": 0.000780157812882024,
    "eval_metrics/imp_pval_spearman_gw": 0.017968503522918143,
    "eval_metrics/den_count_spearman_gw": 0.10287100677662683,
    "eval_metrics/imp_pval_spearman_1obs": 0.1510770152148717,
    "eval_metrics/imp_peak_auroc_gw": 0.530156553242175,
    "eval_metrics/den_pval_spearman_gw": 0.10293592194436836,
    "eval_metrics/imp_count_spearman_gw": 0.018264003665182597,
    "eval_metrics/imp_count_r2_gw": -0.06044871765745174,
    "eval_metrics/imp_pval_spearman_dsf1": 0.017968503522918143,
    "eval_metrics/den_pval_pearson_gw": 0.19670885385896422,
    "eval_metrics/imp_pval_r2_1obs": -24.307592130436994,
    "eval_metrics/den_pval_pearson_dsf1": 0.19670885385896422,
    "eval_metrics/imp_pval_pearson_gw": 0.10926904208544228,
    "eval_metrics/den_pval_spearman_dsf1": 0.10293592194436836,
    "eval_metrics/den_count_pearson_gw": 0.17152474919413707,
    "eval_metrics/den_peak_auroc_gw": 0.5707670619538642,
    "eval_metrics/imp_pval_pearson_dsf1": 0.10926904208544228,
    "eval_metrics/imp_pval_r2_dsf1": -0.21266850587810088,
    "eval_metrics/den_pval_spearman_1obs": 0.1130352347140926,
    "eval_metrics/imp_pval_r2_gw": -0.21266850587810088,
    "eval_metrics/den_pval_r2_dsf1": -0.10719205277446968,
    "eval_metrics/den_pval_r2_gw": -0.10719205277446968,
    "eval_metrics/imp_count_pearson_gw": 0.0357221233545773,
    "eval_metrics/den_pval_r2_1obs": -31.221612985832824,
    "eval_metrics/imp_pval_pearson_1obs": 0.14768792624540983,
    "eval_losses/total_loss": 5.2067883779588895,
    "eval_losses/count_obs_loss": 1.0710840836951607,
    "eval_losses/count_imp_loss": 1.6759016324603369,
    "eval_losses/pval_obs_loss": 0.8191678312999245,
    "eval_losses/pval_imp_loss": 1.3233326682377429,
    "eval_losses/peak_obs_loss": 0.44361772113724757,
    "eval_losses/peak_imp_loss": 0.4665089434101468
  }
}
{
  "epoch": 92,
  "training_metadata_probes": {
    "training_metadata_probes/depth_count_ratio": 0.9764435887336731,
    "training_metadata_probes/runtype_mse": 0.004837607033550739,
    "training_metadata_probes/readlen_mse": 7.452766567439539e-06
  }
}
slurmstepd: error: *** JOB 37341544 ON fc11004 CANCELLED AT 2026-04-26T05:45:01 DUE TO TIME LIMIT ***
