=== s2 sweep start 2026-06-02 13:00:25 ===
[13:00:25] --- cycle 1 ---
[13:00:25] --- cycle 1 ---
[13:03:18] EXP s2 imp=0.75 lam_imp=0.2 | commit=3da073d0 primary=-0.664104 phase=den imp_r2=-1.2801 den_r2=-0.3841 -> discard
[13:03:18] EXP s2 imp=0.75 lam_imp=0.2 | commit=3da073d0 primary=-0.664104 phase=den imp_r2=-1.2801 den_r2=-0.3841 -> discard
[13:06:08] EXP s2 imp=1.0 lam_imp=0.2 | commit=ca7cb263 primary=-0.779467 phase=den imp_r2=-19.2337 den_r2=-0.4995 -> discard
[13:06:08] EXP s2 imp=1.0 lam_imp=0.2 | commit=ca7cb263 primary=-0.779467 phase=den imp_r2=-19.2337 den_r2=-0.4995 -> discard
[13:08:55] EXP s2 imp=1.5 lam_imp=0.2 | commit=0aa2253e primary=-0.296837 phase=den imp_r2=-1.9315 den_r2=-0.0168 -> discard
[13:08:55] EXP s2 imp=1.5 lam_imp=0.2 | commit=0aa2253e primary=-0.296837 phase=den imp_r2=-1.9315 den_r2=-0.0168 -> discard
[13:11:48] EXP s2 calib=log2 lam_imp=0.2 | commit=8c3912cf primary=-0.112404 phase=den imp_r2=-0.3871 den_r2=0.1676 -> discard
[13:11:48] EXP s2 calib=log2 lam_imp=0.2 | commit=8c3912cf primary=-0.112404 phase=den imp_r2=-0.3871 den_r2=0.1676 -> discard
[13:12:04] ERROR s2 vb_meta lam_imp=0.2: could not convert string to float: 'None'
[13:12:04] ERROR s2 vb_meta lam_imp=0.2: could not convert string to float: 'None'
[13:14:49] EXP s2 signal_transform=none lam_imp=0.2 | commit=a19b833c primary=-0.090822 phase=den imp_r2=-0.0637 den_r2=0.1892 -> imp_jump
[13:14:49] EXP s2 signal_transform=none lam_imp=0.2 | commit=a19b833c primary=-0.090822 phase=den imp_r2=-0.0637 den_r2=0.1892 -> imp_jump
[13:14:49] KEEP a19b833c new best primary=-0.090822 imp_r2=-0.0637
[13:14:49] KEEP a19b833c new best primary=-0.090822 imp_r2=-0.0637
[13:17:33] EXP s2 signal_transform=arcsinh lam_imp=0.2 | commit=077d6b0a primary=-0.195300 phase=den imp_r2=-0.4548 den_r2=0.0847 -> discard
[13:17:33] EXP s2 signal_transform=arcsinh lam_imp=0.2 | commit=077d6b0a primary=-0.195300 phase=den imp_r2=-0.4548 den_r2=0.0847 -> discard
[13:20:17] EXP s2 lam_imp=0.05 | commit=f6b34675 primary=-0.398458 phase=den imp_r2=-1.4195 den_r2=-0.1185 -> discard
[13:20:17] EXP s2 lam_imp=0.05 | commit=f6b34675 primary=-0.398458 phase=den imp_r2=-1.4195 den_r2=-0.1185 -> discard
[13:20:26] ERROR s2 lam_imp=0.05 vb_meta: could not convert string to float: 'None'
[13:20:26] ERROR s2 lam_imp=0.05 vb_meta: could not convert string to float: 'None'
[13:23:17] EXP s2 lam_imp=0.05 calib=log2 | commit=09cdc794 primary=-0.057952 phase=den imp_r2=-1.3277 den_r2=0.2220 -> primary_up
[13:23:17] EXP s2 lam_imp=0.05 calib=log2 | commit=09cdc794 primary=-0.057952 phase=den imp_r2=-1.3277 den_r2=0.2220 -> primary_up
[13:23:17] KEEP 09cdc794 new best primary=-0.057952 imp_r2=-1.3277
[13:23:17] KEEP 09cdc794 new best primary=-0.057952 imp_r2=-1.3277
[13:26:09] EXP s2 lam_imp=0.1 imp=0.75 | commit=ce53d444 primary=-0.156237 phase=den imp_r2=-0.3399 den_r2=0.1238 -> imp_jump
[13:26:09] EXP s2 lam_imp=0.1 imp=0.75 | commit=ce53d444 primary=-0.156237 phase=den imp_r2=-0.3399 den_r2=0.1238 -> imp_jump
[13:26:09] KEEP ce53d444 new best primary=-0.156237 imp_r2=-0.3399
[13:26:09] KEEP ce53d444 new best primary=-0.156237 imp_r2=-0.3399
[13:26:09] ERROR s2 lam_imp=0.1 imp=1.0: [Errno 2] No such file or directory: '/project/6014832/mforooz/EpiDenoise/sandbox/autoresearch/may31/train.py'
[13:26:09] ERROR s2 lam_imp=0.1 imp=1.0: [Errno 2] No such file or directory: '/project/6014832/mforooz/EpiDenoise/sandbox/autoresearch/may31/train.py'
[13:26:09] ERROR s2 lam_imp=0.1 vb_meta: [Errno 2] No such file or directory: '/project/6014832/mforooz/EpiDenoise/sandbox/autoresearch/may31/train.py'
[13:26:09] ERROR s2 lam_imp=0.1 vb_meta: [Errno 2] No such file or directory: '/project/6014832/mforooz/EpiDenoise/sandbox/autoresearch/may31/train.py'
[13:26:09] ERROR s2 lam_imp=0.1 calib=log2: [Errno 2] No such file or directory: '/project/6014832/mforooz/EpiDenoise/sandbox/autoresearch/may31/train.py'
[13:26:09] ERROR s2 lam_imp=0.1 calib=log2: [Errno 2] No such file or directory: '/project/6014832/mforooz/EpiDenoise/sandbox/autoresearch/may31/train.py'
[13:26:10] ERROR s2 vb_meta only: [Errno 2] No such file or directory: '/project/6014832/mforooz/EpiDenoise/sandbox/autoresearch/may31/train.py'
[13:26:10] ERROR s2 vb_meta only: [Errno 2] No such file or directory: '/project/6014832/mforooz/EpiDenoise/sandbox/autoresearch/may31/train.py'
[13:26:10] ERROR s2 imp=0.75 no mse_imp: [Errno 2] No such file or directory: '/project/6014832/mforooz/EpiDenoise/sandbox/autoresearch/may31/train.py'
[13:26:10] ERROR s2 imp=0.75 no mse_imp: [Errno 2] No such file or directory: '/project/6014832/mforooz/EpiDenoise/sandbox/autoresearch/may31/train.py'
[13:26:10] ERROR s2 imp=1.0 no mse_imp: [Errno 2] No such file or directory: '/project/6014832/mforooz/EpiDenoise/sandbox/autoresearch/may31/train.py'
[13:26:10] ERROR s2 imp=1.0 no mse_imp: [Errno 2] No such file or directory: '/project/6014832/mforooz/EpiDenoise/sandbox/autoresearch/may31/train.py'
[13:26:10] ERROR s2 imp=1.5 no mse_imp: [Errno 2] No such file or directory: '/project/6014832/mforooz/EpiDenoise/sandbox/autoresearch/may31/train.py'
[13:26:10] ERROR s2 imp=1.5 no mse_imp: [Errno 2] No such file or directory: '/project/6014832/mforooz/EpiDenoise/sandbox/autoresearch/may31/train.py'
[13:26:10] ERROR s2 lam_imp=0.02: [Errno 2] No such file or directory: '/project/6014832/mforooz/EpiDenoise/sandbox/autoresearch/may31/train.py'
[13:26:10] ERROR s2 lam_imp=0.02: [Errno 2] No such file or directory: '/project/6014832/mforooz/EpiDenoise/sandbox/autoresearch/may31/train.py'
[13:26:11] ERROR s2 lam_imp=0.02 vb_meta: [Errno 2] No such file or directory: '/project/6014832/mforooz/EpiDenoise/sandbox/autoresearch/may31/train.py'
[13:26:11] ERROR s2 lam_imp=0.02 vb_meta: [Errno 2] No such file or directory: '/project/6014832/mforooz/EpiDenoise/sandbox/autoresearch/may31/train.py'
[13:26:12] --- cycle 2 ---
[13:26:12] --- cycle 2 ---
[13:26:12] ERROR s2 imp=0.75 lam_imp=0.2: [Errno 2] No such file or directory: '/project/6014832/mforooz/EpiDenoise/sandbox/autoresearch/may31/train.py'
[13:26:12] ERROR s2 imp=0.75 lam_imp=0.2: [Errno 2] No such file or directory: '/project/6014832/mforooz/EpiDenoise/sandbox/autoresearch/may31/train.py'
[13:26:12] ERROR s2 imp=1.0 lam_imp=0.2: [Errno 2] No such file or directory: '/project/6014832/mforooz/EpiDenoise/sandbox/autoresearch/may31/train.py'
[13:26:12] ERROR s2 imp=1.0 lam_imp=0.2: [Errno 2] No such file or directory: '/project/6014832/mforooz/EpiDenoise/sandbox/autoresearch/may31/train.py'
[13:26:12] ERROR s2 imp=1.5 lam_imp=0.2: [Errno 2] No such file or directory: '/project/6014832/mforooz/EpiDenoise/sandbox/autoresearch/may31/train.py'
[13:26:12] ERROR s2 imp=1.5 lam_imp=0.2: [Errno 2] No such file or directory: '/project/6014832/mforooz/EpiDenoise/sandbox/autoresearch/may31/train.py'
[13:26:12] ERROR s2 calib=log2 lam_imp=0.2: [Errno 2] No such file or directory: '/project/6014832/mforooz/EpiDenoise/sandbox/autoresearch/may31/train.py'
[13:26:12] ERROR s2 calib=log2 lam_imp=0.2: [Errno 2] No such file or directory: '/project/6014832/mforooz/EpiDenoise/sandbox/autoresearch/may31/train.py'
[13:26:13] ERROR s2 vb_meta lam_imp=0.2: [Errno 2] No such file or directory: '/project/6014832/mforooz/EpiDenoise/sandbox/autoresearch/may31/train.py'
[13:26:13] ERROR s2 vb_meta lam_imp=0.2: [Errno 2] No such file or directory: '/project/6014832/mforooz/EpiDenoise/sandbox/autoresearch/may31/train.py'
[13:26:13] ERROR s2 signal_transform=none lam_imp=0.2: [Errno 2] No such file or directory: '/project/6014832/mforooz/EpiDenoise/sandbox/autoresearch/may31/train.py'
[13:26:13] ERROR s2 signal_transform=none lam_imp=0.2: [Errno 2] No such file or directory: '/project/6014832/mforooz/EpiDenoise/sandbox/autoresearch/may31/train.py'
[13:26:13] ERROR s2 signal_transform=arcsinh lam_imp=0.2: [Errno 2] No such file or directory: '/project/6014832/mforooz/EpiDenoise/sandbox/autoresearch/may31/train.py'
[13:26:13] ERROR s2 signal_transform=arcsinh lam_imp=0.2: [Errno 2] No such file or directory: '/project/6014832/mforooz/EpiDenoise/sandbox/autoresearch/may31/train.py'
[13:26:13] ERROR s2 lam_imp=0.05: [Errno 2] No such file or directory: '/project/6014832/mforooz/EpiDenoise/sandbox/autoresearch/may31/train.py'
[13:26:13] ERROR s2 lam_imp=0.05: [Errno 2] No such file or directory: '/project/6014832/mforooz/EpiDenoise/sandbox/autoresearch/may31/train.py'
[13:26:14] ERROR s2 lam_imp=0.05 vb_meta: [Errno 2] No such file or directory: '/project/6014832/mforooz/EpiDenoise/sandbox/autoresearch/may31/train.py'
[13:26:14] ERROR s2 lam_imp=0.05 vb_meta: [Errno 2] No such file or directory: '/project/6014832/mforooz/EpiDenoise/sandbox/autoresearch/may31/train.py'
[13:26:14] ERROR s2 lam_imp=0.05 calib=log2: [Errno 2] No such file or directory: '/project/6014832/mforooz/EpiDenoise/sandbox/autoresearch/may31/train.py'
[13:26:14] ERROR s2 lam_imp=0.05 calib=log2: [Errno 2] No such file or directory: '/project/6014832/mforooz/EpiDenoise/sandbox/autoresearch/may31/train.py'
[13:26:14] ERROR s2 lam_imp=0.1 imp=0.75: [Errno 2] No such file or directory: '/project/6014832/mforooz/EpiDenoise/sandbox/autoresearch/may31/train.py'
[13:26:14] ERROR s2 lam_imp=0.1 imp=0.75: [Errno 2] No such file or directory: '/project/6014832/mforooz/EpiDenoise/sandbox/autoresearch/may31/train.py'
[13:26:15] ERROR s2 lam_imp=0.1 imp=1.0: [Errno 2] No such file or directory: '/project/6014832/mforooz/EpiDenoise/sandbox/autoresearch/may31/train.py'
[13:26:15] ERROR s2 lam_imp=0.1 imp=1.0: [Errno 2] No such file or directory: '/project/6014832/mforooz/EpiDenoise/sandbox/autoresearch/may31/train.py'
[13:26:15] ERROR s2 lam_imp=0.1 vb_meta: [Errno 2] No such file or directory: '/project/6014832/mforooz/EpiDenoise/sandbox/autoresearch/may31/train.py'
[13:26:15] ERROR s2 lam_imp=0.1 vb_meta: [Errno 2] No such file or directory: '/project/6014832/mforooz/EpiDenoise/sandbox/autoresearch/may31/train.py'
[13:26:15] ERROR s2 lam_imp=0.1 calib=log2: [Errno 2] No such file or directory: '/project/6014832/mforooz/EpiDenoise/sandbox/autoresearch/may31/train.py'
[13:26:15] ERROR s2 lam_imp=0.1 calib=log2: [Errno 2] No such file or directory: '/project/6014832/mforooz/EpiDenoise/sandbox/autoresearch/may31/train.py'
[13:26:15] ERROR s2 vb_meta only: [Errno 2] No such file or directory: '/project/6014832/mforooz/EpiDenoise/sandbox/autoresearch/may31/train.py'
[13:26:15] ERROR s2 vb_meta only: [Errno 2] No such file or directory: '/project/6014832/mforooz/EpiDenoise/sandbox/autoresearch/may31/train.py'
[13:26:16] ERROR s2 imp=0.75 no mse_imp: [Errno 2] No such file or directory: '/project/6014832/mforooz/EpiDenoise/sandbox/autoresearch/may31/train.py'
[13:26:16] ERROR s2 imp=0.75 no mse_imp: [Errno 2] No such file or directory: '/project/6014832/mforooz/EpiDenoise/sandbox/autoresearch/may31/train.py'
[13:26:16] ERROR s2 imp=1.0 no mse_imp: [Errno 2] No such file or directory: '/project/6014832/mforooz/EpiDenoise/sandbox/autoresearch/may31/train.py'
[13:26:16] ERROR s2 imp=1.0 no mse_imp: [Errno 2] No such file or directory: '/project/6014832/mforooz/EpiDenoise/sandbox/autoresearch/may31/train.py'
[13:26:16] ERROR s2 imp=1.5 no mse_imp: [Errno 2] No such file or directory: '/project/6014832/mforooz/EpiDenoise/sandbox/autoresearch/may31/train.py'
[13:26:16] ERROR s2 imp=1.5 no mse_imp: [Errno 2] No such file or directory: '/project/6014832/mforooz/EpiDenoise/sandbox/autoresearch/may31/train.py'
[13:26:16] ERROR s2 lam_imp=0.02: [Errno 2] No such file or directory: '/project/6014832/mforooz/EpiDenoise/sandbox/autoresearch/may31/train.py'
[13:26:16] ERROR s2 lam_imp=0.02: [Errno 2] No such file or directory: '/project/6014832/mforooz/EpiDenoise/sandbox/autoresearch/may31/train.py'
[13:26:16] ERROR s2 lam_imp=0.02 vb_meta: [Errno 2] No such file or directory: '/project/6014832/mforooz/EpiDenoise/sandbox/autoresearch/may31/train.py'
[13:26:16] ERROR s2 lam_imp=0.02 vb_meta: [Errno 2] No such file or directory: '/project/6014832/mforooz/EpiDenoise/sandbox/autoresearch/may31/train.py'
[13:26:17] cycle had no improvement; continuing anyway
[13:26:17] cycle had no improvement; continuing anyway
[13:26:18] --- cycle 3 ---
[13:26:18] --- cycle 3 ---
[13:26:18] ERROR s2 imp=0.75 lam_imp=0.2: [Errno 2] No such file or directory: '/project/6014832/mforooz/EpiDenoise/sandbox/autoresearch/may31/train.py'
[13:26:18] ERROR s2 imp=0.75 lam_imp=0.2: [Errno 2] No such file or directory: '/project/6014832/mforooz/EpiDenoise/sandbox/autoresearch/may31/train.py'
[13:26:18] ERROR s2 imp=1.0 lam_imp=0.2: [Errno 2] No such file or directory: '/project/6014832/mforooz/EpiDenoise/sandbox/autoresearch/may31/train.py'
[13:26:18] ERROR s2 imp=1.0 lam_imp=0.2: [Errno 2] No such file or directory: '/project/6014832/mforooz/EpiDenoise/sandbox/autoresearch/may31/train.py'
[13:26:18] ERROR s2 imp=1.5 lam_imp=0.2: [Errno 2] No such file or directory: '/project/6014832/mforooz/EpiDenoise/sandbox/autoresearch/may31/train.py'
[13:26:18] ERROR s2 imp=1.5 lam_imp=0.2: [Errno 2] No such file or directory: '/project/6014832/mforooz/EpiDenoise/sandbox/autoresearch/may31/train.py'
[13:26:18] ERROR s2 calib=log2 lam_imp=0.2: [Errno 2] No such file or directory: '/project/6014832/mforooz/EpiDenoise/sandbox/autoresearch/may31/train.py'
[13:26:18] ERROR s2 calib=log2 lam_imp=0.2: [Errno 2] No such file or directory: '/project/6014832/mforooz/EpiDenoise/sandbox/autoresearch/may31/train.py'
[13:26:19] ERROR s2 vb_meta lam_imp=0.2: [Errno 2] No such file or directory: '/project/6014832/mforooz/EpiDenoise/sandbox/autoresearch/may31/train.py'
[13:26:19] ERROR s2 vb_meta lam_imp=0.2: [Errno 2] No such file or directory: '/project/6014832/mforooz/EpiDenoise/sandbox/autoresearch/may31/train.py'
[13:26:19] ERROR s2 signal_transform=none lam_imp=0.2: [Errno 2] No such file or directory: '/project/6014832/mforooz/EpiDenoise/sandbox/autoresearch/may31/train.py'
[13:26:19] ERROR s2 signal_transform=none lam_imp=0.2: [Errno 2] No such file or directory: '/project/6014832/mforooz/EpiDenoise/sandbox/autoresearch/may31/train.py'
[13:26:19] ERROR s2 signal_transform=arcsinh lam_imp=0.2: [Errno 2] No such file or directory: '/project/6014832/mforooz/EpiDenoise/sandbox/autoresearch/may31/train.py'
[13:26:19] ERROR s2 signal_transform=arcsinh lam_imp=0.2: [Errno 2] No such file or directory: '/project/6014832/mforooz/EpiDenoise/sandbox/autoresearch/may31/train.py'
[13:26:19] ERROR s2 lam_imp=0.05: [Errno 2] No such file or directory: '/project/6014832/mforooz/EpiDenoise/sandbox/autoresearch/may31/train.py'
[13:26:19] ERROR s2 lam_imp=0.05: [Errno 2] No such file or directory: '/project/6014832/mforooz/EpiDenoise/sandbox/autoresearch/may31/train.py'
[13:26:19] ERROR s2 lam_imp=0.05 vb_meta: [Errno 2] No such file or directory: '/project/6014832/mforooz/EpiDenoise/sandbox/autoresearch/may31/train.py'
[13:26:19] ERROR s2 lam_imp=0.05 vb_meta: [Errno 2] No such file or directory: '/project/6014832/mforooz/EpiDenoise/sandbox/autoresearch/may31/train.py'
[13:26:20] ERROR s2 lam_imp=0.05 calib=log2: [Errno 2] No such file or directory: '/project/6014832/mforooz/EpiDenoise/sandbox/autoresearch/may31/train.py'
[13:26:20] ERROR s2 lam_imp=0.05 calib=log2: [Errno 2] No such file or directory: '/project/6014832/mforooz/EpiDenoise/sandbox/autoresearch/may31/train.py'
[13:26:20] ERROR s2 lam_imp=0.1 imp=0.75: [Errno 2] No such file or directory: '/project/6014832/mforooz/EpiDenoise/sandbox/autoresearch/may31/train.py'
[13:26:20] ERROR s2 lam_imp=0.1 imp=0.75: [Errno 2] No such file or directory: '/project/6014832/mforooz/EpiDenoise/sandbox/autoresearch/may31/train.py'
[13:26:20] ERROR s2 lam_imp=0.1 imp=1.0: [Errno 2] No such file or directory: '/project/6014832/mforooz/EpiDenoise/sandbox/autoresearch/may31/train.py'
[13:26:20] ERROR s2 lam_imp=0.1 imp=1.0: [Errno 2] No such file or directory: '/project/6014832/mforooz/EpiDenoise/sandbox/autoresearch/may31/train.py'
[13:26:20] ERROR s2 lam_imp=0.1 vb_meta: [Errno 2] No such file or directory: '/project/6014832/mforooz/EpiDenoise/sandbox/autoresearch/may31/train.py'
[13:26:20] ERROR s2 lam_imp=0.1 vb_meta: [Errno 2] No such file or directory: '/project/6014832/mforooz/EpiDenoise/sandbox/autoresearch/may31/train.py'
[13:26:21] ERROR s2 lam_imp=0.1 calib=log2: [Errno 2] No such file or directory: '/project/6014832/mforooz/EpiDenoise/sandbox/autoresearch/may31/train.py'
[13:26:21] ERROR s2 lam_imp=0.1 calib=log2: [Errno 2] No such file or directory: '/project/6014832/mforooz/EpiDenoise/sandbox/autoresearch/may31/train.py'
[13:26:21] ERROR s2 vb_meta only: [Errno 2] No such file or directory: '/project/6014832/mforooz/EpiDenoise/sandbox/autoresearch/may31/train.py'
[13:26:21] ERROR s2 vb_meta only: [Errno 2] No such file or directory: '/project/6014832/mforooz/EpiDenoise/sandbox/autoresearch/may31/train.py'
[13:26:21] ERROR s2 imp=0.75 no mse_imp: [Errno 2] No such file or directory: '/project/6014832/mforooz/EpiDenoise/sandbox/autoresearch/may31/train.py'
[13:26:21] ERROR s2 imp=0.75 no mse_imp: [Errno 2] No such file or directory: '/project/6014832/mforooz/EpiDenoise/sandbox/autoresearch/may31/train.py'
[13:26:21] ERROR s2 imp=1.0 no mse_imp: [Errno 2] No such file or directory: '/project/6014832/mforooz/EpiDenoise/sandbox/autoresearch/may31/train.py'
[13:26:21] ERROR s2 imp=1.0 no mse_imp: [Errno 2] No such file or directory: '/project/6014832/mforooz/EpiDenoise/sandbox/autoresearch/may31/train.py'
[13:26:21] ERROR s2 imp=1.5 no mse_imp: [Errno 2] No such file or directory: '/project/6014832/mforooz/EpiDenoise/sandbox/autoresearch/may31/train.py'
[13:26:21] ERROR s2 imp=1.5 no mse_imp: [Errno 2] No such file or directory: '/project/6014832/mforooz/EpiDenoise/sandbox/autoresearch/may31/train.py'
[13:26:21] ERROR s2 lam_imp=0.02: [Errno 2] No such file or directory: '/project/6014832/mforooz/EpiDenoise/sandbox/autoresearch/may31/train.py'
[13:26:21] ERROR s2 lam_imp=0.02: [Errno 2] No such file or directory: '/project/6014832/mforooz/EpiDenoise/sandbox/autoresearch/may31/train.py'
[13:26:22] ERROR s2 lam_imp=0.02 vb_meta: [Errno 2] No such file or directory: '/project/6014832/mforooz/EpiDenoise/sandbox/autoresearch/may31/train.py'
[13:26:22] ERROR s2 lam_imp=0.02 vb_meta: [Errno 2] No such file or directory: '/project/6014832/mforooz/EpiDenoise/sandbox/autoresearch/may31/train.py'
[13:26:22] cycle had no improvement; continuing anyway
[13:26:22] cycle had no improvement; continuing anyway
[13:26:23] --- cycle 4 ---
[13:26:23] --- cycle 4 ---
[13:26:23] ERROR s2 imp=0.75 lam_imp=0.2: [Errno 2] No such file or directory: '/project/6014832/mforooz/EpiDenoise/sandbox/autoresearch/may31/train.py'
[13:26:23] ERROR s2 imp=0.75 lam_imp=0.2: [Errno 2] No such file or directory: '/project/6014832/mforooz/EpiDenoise/sandbox/autoresearch/may31/train.py'
[13:26:23] ERROR s2 imp=1.0 lam_imp=0.2: [Errno 2] No such file or directory: '/project/6014832/mforooz/EpiDenoise/sandbox/autoresearch/may31/train.py'
[13:26:23] ERROR s2 imp=1.0 lam_imp=0.2: [Errno 2] No such file or directory: '/project/6014832/mforooz/EpiDenoise/sandbox/autoresearch/may31/train.py'
[13:26:23] ERROR s2 imp=1.5 lam_imp=0.2: [Errno 2] No such file or directory: '/project/6014832/mforooz/EpiDenoise/sandbox/autoresearch/may31/train.py'
[13:26:23] ERROR s2 imp=1.5 lam_imp=0.2: [Errno 2] No such file or directory: '/project/6014832/mforooz/EpiDenoise/sandbox/autoresearch/may31/train.py'
[13:26:24] ERROR s2 calib=log2 lam_imp=0.2: [Errno 2] No such file or directory: '/project/6014832/mforooz/EpiDenoise/sandbox/autoresearch/may31/train.py'
[13:26:24] ERROR s2 calib=log2 lam_imp=0.2: [Errno 2] No such file or directory: '/project/6014832/mforooz/EpiDenoise/sandbox/autoresearch/may31/train.py'
[13:26:24] ERROR s2 vb_meta lam_imp=0.2: [Errno 2] No such file or directory: '/project/6014832/mforooz/EpiDenoise/sandbox/autoresearch/may31/train.py'
[13:26:24] ERROR s2 vb_meta lam_imp=0.2: [Errno 2] No such file or directory: '/project/6014832/mforooz/EpiDenoise/sandbox/autoresearch/may31/train.py'
[13:26:24] ERROR s2 signal_transform=none lam_imp=0.2: [Errno 2] No such file or directory: '/project/6014832/mforooz/EpiDenoise/sandbox/autoresearch/may31/train.py'
[13:26:24] ERROR s2 signal_transform=none lam_imp=0.2: [Errno 2] No such file or directory: '/project/6014832/mforooz/EpiDenoise/sandbox/autoresearch/may31/train.py'
[13:26:24] ERROR s2 signal_transform=arcsinh lam_imp=0.2: [Errno 2] No such file or directory: '/project/6014832/mforooz/EpiDenoise/sandbox/autoresearch/may31/train.py'
[13:26:24] ERROR s2 signal_transform=arcsinh lam_imp=0.2: [Errno 2] No such file or directory: '/project/6014832/mforooz/EpiDenoise/sandbox/autoresearch/may31/train.py'
[13:26:24] ERROR s2 lam_imp=0.05: [Errno 2] No such file or directory: '/project/6014832/mforooz/EpiDenoise/sandbox/autoresearch/may31/train.py'
[13:26:24] ERROR s2 lam_imp=0.05: [Errno 2] No such file or directory: '/project/6014832/mforooz/EpiDenoise/sandbox/autoresearch/may31/train.py'
[13:26:25] ERROR s2 lam_imp=0.05 vb_meta: [Errno 2] No such file or directory: '/project/6014832/mforooz/EpiDenoise/sandbox/autoresearch/may31/train.py'
[13:26:25] ERROR s2 lam_imp=0.05 vb_meta: [Errno 2] No such file or directory: '/project/6014832/mforooz/EpiDenoise/sandbox/autoresearch/may31/train.py'
[13:26:25] ERROR s2 lam_imp=0.05 calib=log2: [Errno 2] No such file or directory: '/project/6014832/mforooz/EpiDenoise/sandbox/autoresearch/may31/train.py'
[13:26:25] ERROR s2 lam_imp=0.05 calib=log2: [Errno 2] No such file or directory: '/project/6014832/mforooz/EpiDenoise/sandbox/autoresearch/may31/train.py'
[13:26:25] ERROR s2 lam_imp=0.1 imp=0.75: [Errno 2] No such file or directory: '/project/6014832/mforooz/EpiDenoise/sandbox/autoresearch/may31/train.py'
[13:26:25] ERROR s2 lam_imp=0.1 imp=0.75: [Errno 2] No such file or directory: '/project/6014832/mforooz/EpiDenoise/sandbox/autoresearch/may31/train.py'
[13:26:25] ERROR s2 lam_imp=0.1 imp=1.0: [Errno 2] No such file or directory: '/project/6014832/mforooz/EpiDenoise/sandbox/autoresearch/may31/train.py'
[13:26:25] ERROR s2 lam_imp=0.1 imp=1.0: [Errno 2] No such file or directory: '/project/6014832/mforooz/EpiDenoise/sandbox/autoresearch/may31/train.py'
[13:26:25] ERROR s2 lam_imp=0.1 vb_meta: [Errno 2] No such file or directory: '/project/6014832/mforooz/EpiDenoise/sandbox/autoresearch/may31/train.py'
[13:26:25] ERROR s2 lam_imp=0.1 vb_meta: [Errno 2] No such file or directory: '/project/6014832/mforooz/EpiDenoise/sandbox/autoresearch/may31/train.py'
[13:26:26] ERROR s2 lam_imp=0.1 calib=log2: [Errno 2] No such file or directory: '/project/6014832/mforooz/EpiDenoise/sandbox/autoresearch/may31/train.py'
[13:26:26] ERROR s2 lam_imp=0.1 calib=log2: [Errno 2] No such file or directory: '/project/6014832/mforooz/EpiDenoise/sandbox/autoresearch/may31/train.py'
[13:26:26] ERROR s2 vb_meta only: [Errno 2] No such file or directory: '/project/6014832/mforooz/EpiDenoise/sandbox/autoresearch/may31/train.py'
[13:26:26] ERROR s2 vb_meta only: [Errno 2] No such file or directory: '/project/6014832/mforooz/EpiDenoise/sandbox/autoresearch/may31/train.py'
[13:26:26] ERROR s2 imp=0.75 no mse_imp: [Errno 2] No such file or directory: '/project/6014832/mforooz/EpiDenoise/sandbox/autoresearch/may31/train.py'
[13:26:26] ERROR s2 imp=0.75 no mse_imp: [Errno 2] No such file or directory: '/project/6014832/mforooz/EpiDenoise/sandbox/autoresearch/may31/train.py'
[13:26:26] ERROR s2 imp=1.0 no mse_imp: [Errno 2] No such file or directory: '/project/6014832/mforooz/EpiDenoise/sandbox/autoresearch/may31/train.py'
[13:26:26] ERROR s2 imp=1.0 no mse_imp: [Errno 2] No such file or directory: '/project/6014832/mforooz/EpiDenoise/sandbox/autoresearch/may31/train.py'
[13:26:27] ERROR s2 imp=1.5 no mse_imp: [Errno 2] No such file or directory: '/project/6014832/mforooz/EpiDenoise/sandbox/autoresearch/may31/train.py'
[13:26:27] ERROR s2 imp=1.5 no mse_imp: [Errno 2] No such file or directory: '/project/6014832/mforooz/EpiDenoise/sandbox/autoresearch/may31/train.py'
[13:26:27] ERROR s2 lam_imp=0.02: [Errno 2] No such file or directory: '/project/6014832/mforooz/EpiDenoise/sandbox/autoresearch/may31/train.py'
[13:26:27] ERROR s2 lam_imp=0.02: [Errno 2] No such file or directory: '/project/6014832/mforooz/EpiDenoise/sandbox/autoresearch/may31/train.py'
[13:26:27] ERROR s2 lam_imp=0.02 vb_meta: [Errno 2] No such file or directory: '/project/6014832/mforooz/EpiDenoise/sandbox/autoresearch/may31/train.py'
[13:26:27] ERROR s2 lam_imp=0.02 vb_meta: [Errno 2] No such file or directory: '/project/6014832/mforooz/EpiDenoise/sandbox/autoresearch/may31/train.py'
[13:26:27] cycle had no improvement; continuing anyway
[13:26:27] cycle had no improvement; continuing anyway
[13:26:28] --- cycle 5 ---
[13:26:28] --- cycle 5 ---
[13:26:28] ERROR s2 imp=0.75 lam_imp=0.2: [Errno 2] No such file or directory: '/project/6014832/mforooz/EpiDenoise/sandbox/autoresearch/may31/train.py'
[13:26:28] ERROR s2 imp=0.75 lam_imp=0.2: [Errno 2] No such file or directory: '/project/6014832/mforooz/EpiDenoise/sandbox/autoresearch/may31/train.py'
[13:26:28] ERROR s2 imp=1.0 lam_imp=0.2: [Errno 2] No such file or directory: '/project/6014832/mforooz/EpiDenoise/sandbox/autoresearch/may31/train.py'
[13:26:28] ERROR s2 imp=1.0 lam_imp=0.2: [Errno 2] No such file or directory: '/project/6014832/mforooz/EpiDenoise/sandbox/autoresearch/may31/train.py'
[13:26:29] ERROR s2 imp=1.5 lam_imp=0.2: [Errno 2] No such file or directory: '/project/6014832/mforooz/EpiDenoise/sandbox/autoresearch/may31/train.py'
[13:26:29] ERROR s2 imp=1.5 lam_imp=0.2: [Errno 2] No such file or directory: '/project/6014832/mforooz/EpiDenoise/sandbox/autoresearch/may31/train.py'
[13:26:29] ERROR s2 calib=log2 lam_imp=0.2: [Errno 2] No such file or directory: '/project/6014832/mforooz/EpiDenoise/sandbox/autoresearch/may31/train.py'
[13:26:29] ERROR s2 calib=log2 lam_imp=0.2: [Errno 2] No such file or directory: '/project/6014832/mforooz/EpiDenoise/sandbox/autoresearch/may31/train.py'
[13:26:29] ERROR s2 vb_meta lam_imp=0.2: [Errno 2] No such file or directory: '/project/6014832/mforooz/EpiDenoise/sandbox/autoresearch/may31/train.py'
[13:26:29] ERROR s2 vb_meta lam_imp=0.2: [Errno 2] No such file or directory: '/project/6014832/mforooz/EpiDenoise/sandbox/autoresearch/may31/train.py'
[13:26:29] ERROR s2 signal_transform=none lam_imp=0.2: [Errno 2] No such file or directory: '/project/6014832/mforooz/EpiDenoise/sandbox/autoresearch/may31/train.py'
[13:26:29] ERROR s2 signal_transform=none lam_imp=0.2: [Errno 2] No such file or directory: '/project/6014832/mforooz/EpiDenoise/sandbox/autoresearch/may31/train.py'
[13:26:29] ERROR s2 signal_transform=arcsinh lam_imp=0.2: [Errno 2] No such file or directory: '/project/6014832/mforooz/EpiDenoise/sandbox/autoresearch/may31/train.py'
[13:26:29] ERROR s2 signal_transform=arcsinh lam_imp=0.2: [Errno 2] No such file or directory: '/project/6014832/mforooz/EpiDenoise/sandbox/autoresearch/may31/train.py'
[13:26:30] ERROR s2 lam_imp=0.05: [Errno 2] No such file or directory: '/project/6014832/mforooz/EpiDenoise/sandbox/autoresearch/may31/train.py'
[13:26:30] ERROR s2 lam_imp=0.05: [Errno 2] No such file or directory: '/project/6014832/mforooz/EpiDenoise/sandbox/autoresearch/may31/train.py'
[13:26:30] ERROR s2 lam_imp=0.05 vb_meta: [Errno 2] No such file or directory: '/project/6014832/mforooz/EpiDenoise/sandbox/autoresearch/may31/train.py'
[13:26:30] ERROR s2 lam_imp=0.05 vb_meta: [Errno 2] No such file or directory: '/project/6014832/mforooz/EpiDenoise/sandbox/autoresearch/may31/train.py'
[13:26:30] ERROR s2 lam_imp=0.05 calib=log2: [Errno 2] No such file or directory: '/project/6014832/mforooz/EpiDenoise/sandbox/autoresearch/may31/train.py'
[13:26:30] ERROR s2 lam_imp=0.05 calib=log2: [Errno 2] No such file or directory: '/project/6014832/mforooz/EpiDenoise/sandbox/autoresearch/may31/train.py'
[13:26:30] ERROR s2 lam_imp=0.1 imp=0.75: [Errno 2] No such file or directory: '/project/6014832/mforooz/EpiDenoise/sandbox/autoresearch/may31/train.py'
[13:26:30] ERROR s2 lam_imp=0.1 imp=0.75: [Errno 2] No such file or directory: '/project/6014832/mforooz/EpiDenoise/sandbox/autoresearch/may31/train.py'
[13:26:30] ERROR s2 lam_imp=0.1 imp=1.0: [Errno 2] No such file or directory: '/project/6014832/mforooz/EpiDenoise/sandbox/autoresearch/may31/train.py'
[13:26:30] ERROR s2 lam_imp=0.1 imp=1.0: [Errno 2] No such file or directory: '/project/6014832/mforooz/EpiDenoise/sandbox/autoresearch/may31/train.py'
[13:26:31] ERROR s2 lam_imp=0.1 vb_meta: [Errno 2] No such file or directory: '/project/6014832/mforooz/EpiDenoise/sandbox/autoresearch/may31/train.py'
[13:26:31] ERROR s2 lam_imp=0.1 vb_meta: [Errno 2] No such file or directory: '/project/6014832/mforooz/EpiDenoise/sandbox/autoresearch/may31/train.py'
[13:26:31] ERROR s2 lam_imp=0.1 calib=log2: [Errno 2] No such file or directory: '/project/6014832/mforooz/EpiDenoise/sandbox/autoresearch/may31/train.py'
[13:26:31] ERROR s2 lam_imp=0.1 calib=log2: [Errno 2] No such file or directory: '/project/6014832/mforooz/EpiDenoise/sandbox/autoresearch/may31/train.py'
[13:26:31] ERROR s2 vb_meta only: [Errno 2] No such file or directory: '/project/6014832/mforooz/EpiDenoise/sandbox/autoresearch/may31/train.py'
[13:26:31] ERROR s2 vb_meta only: [Errno 2] No such file or directory: '/project/6014832/mforooz/EpiDenoise/sandbox/autoresearch/may31/train.py'
[13:26:31] ERROR s2 imp=0.75 no mse_imp: [Errno 2] No such file or directory: '/project/6014832/mforooz/EpiDenoise/sandbox/autoresearch/may31/train.py'
[13:26:31] ERROR s2 imp=0.75 no mse_imp: [Errno 2] No such file or directory: '/project/6014832/mforooz/EpiDenoise/sandbox/autoresearch/may31/train.py'
[13:26:32] ERROR s2 imp=1.0 no mse_imp: [Errno 2] No such file or directory: '/project/6014832/mforooz/EpiDenoise/sandbox/autoresearch/may31/train.py'
[13:26:32] ERROR s2 imp=1.0 no mse_imp: [Errno 2] No such file or directory: '/project/6014832/mforooz/EpiDenoise/sandbox/autoresearch/may31/train.py'
[13:26:32] ERROR s2 imp=1.5 no mse_imp: [Errno 2] No such file or directory: '/project/6014832/mforooz/EpiDenoise/sandbox/autoresearch/may31/train.py'
[13:26:32] ERROR s2 imp=1.5 no mse_imp: [Errno 2] No such file or directory: '/project/6014832/mforooz/EpiDenoise/sandbox/autoresearch/may31/train.py'
[13:26:32] ERROR s2 lam_imp=0.02: [Errno 2] No such file or directory: '/project/6014832/mforooz/EpiDenoise/sandbox/autoresearch/may31/train.py'
[13:26:32] ERROR s2 lam_imp=0.02: [Errno 2] No such file or directory: '/project/6014832/mforooz/EpiDenoise/sandbox/autoresearch/may31/train.py'
[13:26:32] ERROR s2 lam_imp=0.02 vb_meta: [Errno 2] No such file or directory: '/project/6014832/mforooz/EpiDenoise/sandbox/autoresearch/may31/train.py'
[13:26:32] ERROR s2 lam_imp=0.02 vb_meta: [Errno 2] No such file or directory: '/project/6014832/mforooz/EpiDenoise/sandbox/autoresearch/may31/train.py'
[13:26:32] cycle had no improvement; continuing anyway
[13:26:32] cycle had no improvement; continuing anyway
[13:26:33] --- cycle 6 ---
[13:26:33] --- cycle 6 ---
[13:26:33] ERROR s2 imp=0.75 lam_imp=0.2: [Errno 2] No such file or directory: '/project/6014832/mforooz/EpiDenoise/sandbox/autoresearch/may31/train.py'
[13:26:33] ERROR s2 imp=0.75 lam_imp=0.2: [Errno 2] No such file or directory: '/project/6014832/mforooz/EpiDenoise/sandbox/autoresearch/may31/train.py'
[13:26:34] ERROR s2 imp=1.0 lam_imp=0.2: [Errno 2] No such file or directory: '/project/6014832/mforooz/EpiDenoise/sandbox/autoresearch/may31/train.py'
[13:26:34] ERROR s2 imp=1.0 lam_imp=0.2: [Errno 2] No such file or directory: '/project/6014832/mforooz/EpiDenoise/sandbox/autoresearch/may31/train.py'
[13:26:34] ERROR s2 imp=1.5 lam_imp=0.2: [Errno 2] No such file or directory: '/project/6014832/mforooz/EpiDenoise/sandbox/autoresearch/may31/train.py'
[13:26:34] ERROR s2 imp=1.5 lam_imp=0.2: [Errno 2] No such file or directory: '/project/6014832/mforooz/EpiDenoise/sandbox/autoresearch/may31/train.py'
[13:26:34] ERROR s2 calib=log2 lam_imp=0.2: [Errno 2] No such file or directory: '/project/6014832/mforooz/EpiDenoise/sandbox/autoresearch/may31/train.py'
[13:26:34] ERROR s2 calib=log2 lam_imp=0.2: [Errno 2] No such file or directory: '/project/6014832/mforooz/EpiDenoise/sandbox/autoresearch/may31/train.py'
[13:26:34] ERROR s2 vb_meta lam_imp=0.2: [Errno 2] No such file or directory: '/project/6014832/mforooz/EpiDenoise/sandbox/autoresearch/may31/train.py'
[13:26:34] ERROR s2 vb_meta lam_imp=0.2: [Errno 2] No such file or directory: '/project/6014832/mforooz/EpiDenoise/sandbox/autoresearch/may31/train.py'
[13:26:34] ERROR s2 signal_transform=none lam_imp=0.2: [Errno 2] No such file or directory: '/project/6014832/mforooz/EpiDenoise/sandbox/autoresearch/may31/train.py'
[13:26:34] ERROR s2 signal_transform=none lam_imp=0.2: [Errno 2] No such file or directory: '/project/6014832/mforooz/EpiDenoise/sandbox/autoresearch/may31/train.py'
[13:26:35] ERROR s2 signal_transform=arcsinh lam_imp=0.2: [Errno 2] No such file or directory: '/project/6014832/mforooz/EpiDenoise/sandbox/autoresearch/may31/train.py'
[13:26:35] ERROR s2 signal_transform=arcsinh lam_imp=0.2: [Errno 2] No such file or directory: '/project/6014832/mforooz/EpiDenoise/sandbox/autoresearch/may31/train.py'
[13:26:35] ERROR s2 lam_imp=0.05: [Errno 2] No such file or directory: '/project/6014832/mforooz/EpiDenoise/sandbox/autoresearch/may31/train.py'
[13:26:35] ERROR s2 lam_imp=0.05: [Errno 2] No such file or directory: '/project/6014832/mforooz/EpiDenoise/sandbox/autoresearch/may31/train.py'
[13:26:35] ERROR s2 lam_imp=0.05 vb_meta: [Errno 2] No such file or directory: '/project/6014832/mforooz/EpiDenoise/sandbox/autoresearch/may31/train.py'
[13:26:35] ERROR s2 lam_imp=0.05 vb_meta: [Errno 2] No such file or directory: '/project/6014832/mforooz/EpiDenoise/sandbox/autoresearch/may31/train.py'
[13:26:35] ERROR s2 lam_imp=0.05 calib=log2: [Errno 2] No such file or directory: '/project/6014832/mforooz/EpiDenoise/sandbox/autoresearch/may31/train.py'
[13:26:35] ERROR s2 lam_imp=0.05 calib=log2: [Errno 2] No such file or directory: '/project/6014832/mforooz/EpiDenoise/sandbox/autoresearch/may31/train.py'
[13:26:35] ERROR s2 lam_imp=0.1 imp=0.75: [Errno 2] No such file or directory: '/project/6014832/mforooz/EpiDenoise/sandbox/autoresearch/may31/train.py'
[13:26:35] ERROR s2 lam_imp=0.1 imp=0.75: [Errno 2] No such file or directory: '/project/6014832/mforooz/EpiDenoise/sandbox/autoresearch/may31/train.py'
[13:26:36] ERROR s2 lam_imp=0.1 imp=1.0: [Errno 2] No such file or directory: '/project/6014832/mforooz/EpiDenoise/sandbox/autoresearch/may31/train.py'
[13:26:36] ERROR s2 lam_imp=0.1 imp=1.0: [Errno 2] No such file or directory: '/project/6014832/mforooz/EpiDenoise/sandbox/autoresearch/may31/train.py'
[13:26:36] ERROR s2 lam_imp=0.1 vb_meta: [Errno 2] No such file or directory: '/project/6014832/mforooz/EpiDenoise/sandbox/autoresearch/may31/train.py'
[13:26:36] ERROR s2 lam_imp=0.1 vb_meta: [Errno 2] No such file or directory: '/project/6014832/mforooz/EpiDenoise/sandbox/autoresearch/may31/train.py'
[13:26:36] ERROR s2 lam_imp=0.1 calib=log2: [Errno 2] No such file or directory: '/project/6014832/mforooz/EpiDenoise/sandbox/autoresearch/may31/train.py'
[13:26:36] ERROR s2 lam_imp=0.1 calib=log2: [Errno 2] No such file or directory: '/project/6014832/mforooz/EpiDenoise/sandbox/autoresearch/may31/train.py'
[13:26:37] ERROR s2 vb_meta only: [Errno 2] No such file or directory: '/project/6014832/mforooz/EpiDenoise/sandbox/autoresearch/may31/train.py'
[13:26:37] ERROR s2 vb_meta only: [Errno 2] No such file or directory: '/project/6014832/mforooz/EpiDenoise/sandbox/autoresearch/may31/train.py'
[13:26:37] ERROR s2 imp=0.75 no mse_imp: [Errno 2] No such file or directory: '/project/6014832/mforooz/EpiDenoise/sandbox/autoresearch/may31/train.py'
[13:26:37] ERROR s2 imp=0.75 no mse_imp: [Errno 2] No such file or directory: '/project/6014832/mforooz/EpiDenoise/sandbox/autoresearch/may31/train.py'
[13:26:37] ERROR s2 imp=1.0 no mse_imp: [Errno 2] No such file or directory: '/project/6014832/mforooz/EpiDenoise/sandbox/autoresearch/may31/train.py'
[13:26:37] ERROR s2 imp=1.0 no mse_imp: [Errno 2] No such file or directory: '/project/6014832/mforooz/EpiDenoise/sandbox/autoresearch/may31/train.py'
[13:26:38] ERROR s2 imp=1.5 no mse_imp: [Errno 2] No such file or directory: '/project/6014832/mforooz/EpiDenoise/sandbox/autoresearch/may31/train.py'
[13:26:38] ERROR s2 imp=1.5 no mse_imp: [Errno 2] No such file or directory: '/project/6014832/mforooz/EpiDenoise/sandbox/autoresearch/may31/train.py'
[13:26:38] ERROR s2 lam_imp=0.02: [Errno 2] No such file or directory: '/project/6014832/mforooz/EpiDenoise/sandbox/autoresearch/may31/train.py'
[13:26:38] ERROR s2 lam_imp=0.02: [Errno 2] No such file or directory: '/project/6014832/mforooz/EpiDenoise/sandbox/autoresearch/may31/train.py'
[13:26:38] ERROR s2 lam_imp=0.02 vb_meta: [Errno 2] No such file or directory: '/project/6014832/mforooz/EpiDenoise/sandbox/autoresearch/may31/train.py'
[13:26:38] ERROR s2 lam_imp=0.02 vb_meta: [Errno 2] No such file or directory: '/project/6014832/mforooz/EpiDenoise/sandbox/autoresearch/may31/train.py'
[13:26:38] cycle had no improvement; continuing anyway
[13:26:38] cycle had no improvement; continuing anyway
[13:26:39] --- cycle 7 ---
[13:26:39] --- cycle 7 ---
[13:26:39] ERROR s2 imp=0.75 lam_imp=0.2: [Errno 2] No such file or directory: '/project/6014832/mforooz/EpiDenoise/sandbox/autoresearch/may31/train.py'
[13:26:39] ERROR s2 imp=0.75 lam_imp=0.2: [Errno 2] No such file or directory: '/project/6014832/mforooz/EpiDenoise/sandbox/autoresearch/may31/train.py'
[13:26:39] ERROR s2 imp=1.0 lam_imp=0.2: [Errno 2] No such file or directory: '/project/6014832/mforooz/EpiDenoise/sandbox/autoresearch/may31/train.py'
[13:26:39] ERROR s2 imp=1.0 lam_imp=0.2: [Errno 2] No such file or directory: '/project/6014832/mforooz/EpiDenoise/sandbox/autoresearch/may31/train.py'
[13:26:40] ERROR s2 imp=1.5 lam_imp=0.2: [Errno 2] No such file or directory: '/project/6014832/mforooz/EpiDenoise/sandbox/autoresearch/may31/train.py'
[13:26:40] ERROR s2 imp=1.5 lam_imp=0.2: [Errno 2] No such file or directory: '/project/6014832/mforooz/EpiDenoise/sandbox/autoresearch/may31/train.py'
[13:26:40] ERROR s2 calib=log2 lam_imp=0.2: [Errno 2] No such file or directory: '/project/6014832/mforooz/EpiDenoise/sandbox/autoresearch/may31/train.py'
[13:26:40] ERROR s2 calib=log2 lam_imp=0.2: [Errno 2] No such file or directory: '/project/6014832/mforooz/EpiDenoise/sandbox/autoresearch/may31/train.py'
[13:26:40] ERROR s2 vb_meta lam_imp=0.2: [Errno 2] No such file or directory: '/project/6014832/mforooz/EpiDenoise/sandbox/autoresearch/may31/train.py'
[13:26:40] ERROR s2 vb_meta lam_imp=0.2: [Errno 2] No such file or directory: '/project/6014832/mforooz/EpiDenoise/sandbox/autoresearch/may31/train.py'
[13:26:40] ERROR s2 signal_transform=none lam_imp=0.2: [Errno 2] No such file or directory: '/project/6014832/mforooz/EpiDenoise/sandbox/autoresearch/may31/train.py'
[13:26:40] ERROR s2 signal_transform=none lam_imp=0.2: [Errno 2] No such file or directory: '/project/6014832/mforooz/EpiDenoise/sandbox/autoresearch/may31/train.py'
[13:26:41] ERROR s2 signal_transform=arcsinh lam_imp=0.2: [Errno 2] No such file or directory: '/project/6014832/mforooz/EpiDenoise/sandbox/autoresearch/may31/train.py'
[13:26:41] ERROR s2 signal_transform=arcsinh lam_imp=0.2: [Errno 2] No such file or directory: '/project/6014832/mforooz/EpiDenoise/sandbox/autoresearch/may31/train.py'
[13:26:41] ERROR s2 lam_imp=0.05: [Errno 2] No such file or directory: '/project/6014832/mforooz/EpiDenoise/sandbox/autoresearch/may31/train.py'
[13:26:41] ERROR s2 lam_imp=0.05: [Errno 2] No such file or directory: '/project/6014832/mforooz/EpiDenoise/sandbox/autoresearch/may31/train.py'
[13:26:41] ERROR s2 lam_imp=0.05 vb_meta: [Errno 2] No such file or directory: '/project/6014832/mforooz/EpiDenoise/sandbox/autoresearch/may31/train.py'
[13:26:41] ERROR s2 lam_imp=0.05 vb_meta: [Errno 2] No such file or directory: '/project/6014832/mforooz/EpiDenoise/sandbox/autoresearch/may31/train.py'
[13:26:41] ERROR s2 lam_imp=0.05 calib=log2: [Errno 2] No such file or directory: '/project/6014832/mforooz/EpiDenoise/sandbox/autoresearch/may31/train.py'
[13:26:41] ERROR s2 lam_imp=0.05 calib=log2: [Errno 2] No such file or directory: '/project/6014832/mforooz/EpiDenoise/sandbox/autoresearch/may31/train.py'
[13:26:41] ERROR s2 lam_imp=0.1 imp=0.75: [Errno 2] No such file or directory: '/project/6014832/mforooz/EpiDenoise/sandbox/autoresearch/may31/train.py'
[13:26:41] ERROR s2 lam_imp=0.1 imp=0.75: [Errno 2] No such file or directory: '/project/6014832/mforooz/EpiDenoise/sandbox/autoresearch/may31/train.py'
[13:26:42] ERROR s2 lam_imp=0.1 imp=1.0: [Errno 2] No such file or directory: '/project/6014832/mforooz/EpiDenoise/sandbox/autoresearch/may31/train.py'
[13:26:42] ERROR s2 lam_imp=0.1 imp=1.0: [Errno 2] No such file or directory: '/project/6014832/mforooz/EpiDenoise/sandbox/autoresearch/may31/train.py'
[13:26:42] ERROR s2 lam_imp=0.1 vb_meta: [Errno 2] No such file or directory: '/project/6014832/mforooz/EpiDenoise/sandbox/autoresearch/may31/train.py'
[13:26:42] ERROR s2 lam_imp=0.1 vb_meta: [Errno 2] No such file or directory: '/project/6014832/mforooz/EpiDenoise/sandbox/autoresearch/may31/train.py'
[13:26:42] ERROR s2 lam_imp=0.1 calib=log2: [Errno 2] No such file or directory: '/project/6014832/mforooz/EpiDenoise/sandbox/autoresearch/may31/train.py'
[13:26:42] ERROR s2 lam_imp=0.1 calib=log2: [Errno 2] No such file or directory: '/project/6014832/mforooz/EpiDenoise/sandbox/autoresearch/may31/train.py'
[13:26:42] ERROR s2 vb_meta only: [Errno 2] No such file or directory: '/project/6014832/mforooz/EpiDenoise/sandbox/autoresearch/may31/train.py'
[13:26:42] ERROR s2 vb_meta only: [Errno 2] No such file or directory: '/project/6014832/mforooz/EpiDenoise/sandbox/autoresearch/may31/train.py'
[13:26:42] ERROR s2 imp=0.75 no mse_imp: [Errno 2] No such file or directory: '/project/6014832/mforooz/EpiDenoise/sandbox/autoresearch/may31/train.py'
[13:26:42] ERROR s2 imp=0.75 no mse_imp: [Errno 2] No such file or directory: '/project/6014832/mforooz/EpiDenoise/sandbox/autoresearch/may31/train.py'
[13:26:43] ERROR s2 imp=1.0 no mse_imp: [Errno 2] No such file or directory: '/project/6014832/mforooz/EpiDenoise/sandbox/autoresearch/may31/train.py'
[13:26:43] ERROR s2 imp=1.0 no mse_imp: [Errno 2] No such file or directory: '/project/6014832/mforooz/EpiDenoise/sandbox/autoresearch/may31/train.py'
[13:26:43] ERROR s2 imp=1.5 no mse_imp: [Errno 2] No such file or directory: '/project/6014832/mforooz/EpiDenoise/sandbox/autoresearch/may31/train.py'
[13:26:43] ERROR s2 imp=1.5 no mse_imp: [Errno 2] No such file or directory: '/project/6014832/mforooz/EpiDenoise/sandbox/autoresearch/may31/train.py'
[13:26:43] ERROR s2 lam_imp=0.02: [Errno 2] No such file or directory: '/project/6014832/mforooz/EpiDenoise/sandbox/autoresearch/may31/train.py'
[13:26:43] ERROR s2 lam_imp=0.02: [Errno 2] No such file or directory: '/project/6014832/mforooz/EpiDenoise/sandbox/autoresearch/may31/train.py'
[13:26:43] ERROR s2 lam_imp=0.02 vb_meta: [Errno 2] No such file or directory: '/project/6014832/mforooz/EpiDenoise/sandbox/autoresearch/may31/train.py'
[13:26:43] ERROR s2 lam_imp=0.02 vb_meta: [Errno 2] No such file or directory: '/project/6014832/mforooz/EpiDenoise/sandbox/autoresearch/may31/train.py'
[13:26:43] cycle had no improvement; continuing anyway
[13:26:43] cycle had no improvement; continuing anyway
[13:26:44] --- cycle 8 ---
[13:26:44] --- cycle 8 ---
[13:26:44] ERROR s2 imp=0.75 lam_imp=0.2: [Errno 2] No such file or directory: '/project/6014832/mforooz/EpiDenoise/sandbox/autoresearch/may31/train.py'
[13:26:44] ERROR s2 imp=0.75 lam_imp=0.2: [Errno 2] No such file or directory: '/project/6014832/mforooz/EpiDenoise/sandbox/autoresearch/may31/train.py'
[13:26:45] ERROR s2 imp=1.0 lam_imp=0.2: [Errno 2] No such file or directory: '/project/6014832/mforooz/EpiDenoise/sandbox/autoresearch/may31/train.py'
[13:26:45] ERROR s2 imp=1.0 lam_imp=0.2: [Errno 2] No such file or directory: '/project/6014832/mforooz/EpiDenoise/sandbox/autoresearch/may31/train.py'
[13:26:45] ERROR s2 imp=1.5 lam_imp=0.2: [Errno 2] No such file or directory: '/project/6014832/mforooz/EpiDenoise/sandbox/autoresearch/may31/train.py'
[13:26:45] ERROR s2 imp=1.5 lam_imp=0.2: [Errno 2] No such file or directory: '/project/6014832/mforooz/EpiDenoise/sandbox/autoresearch/may31/train.py'
[13:26:45] ERROR s2 calib=log2 lam_imp=0.2: [Errno 2] No such file or directory: '/project/6014832/mforooz/EpiDenoise/sandbox/autoresearch/may31/train.py'
[13:26:45] ERROR s2 calib=log2 lam_imp=0.2: [Errno 2] No such file or directory: '/project/6014832/mforooz/EpiDenoise/sandbox/autoresearch/may31/train.py'
[13:26:45] ERROR s2 vb_meta lam_imp=0.2: [Errno 2] No such file or directory: '/project/6014832/mforooz/EpiDenoise/sandbox/autoresearch/may31/train.py'
[13:26:45] ERROR s2 vb_meta lam_imp=0.2: [Errno 2] No such file or directory: '/project/6014832/mforooz/EpiDenoise/sandbox/autoresearch/may31/train.py'
[13:26:46] ERROR s2 signal_transform=none lam_imp=0.2: [Errno 2] No such file or directory: '/project/6014832/mforooz/EpiDenoise/sandbox/autoresearch/may31/train.py'
[13:26:46] ERROR s2 signal_transform=none lam_imp=0.2: [Errno 2] No such file or directory: '/project/6014832/mforooz/EpiDenoise/sandbox/autoresearch/may31/train.py'
[13:26:46] ERROR s2 signal_transform=arcsinh lam_imp=0.2: [Errno 2] No such file or directory: '/project/6014832/mforooz/EpiDenoise/sandbox/autoresearch/may31/train.py'
[13:26:46] ERROR s2 signal_transform=arcsinh lam_imp=0.2: [Errno 2] No such file or directory: '/project/6014832/mforooz/EpiDenoise/sandbox/autoresearch/may31/train.py'
[13:26:46] ERROR s2 lam_imp=0.05: [Errno 2] No such file or directory: '/project/6014832/mforooz/EpiDenoise/sandbox/autoresearch/may31/train.py'
[13:26:46] ERROR s2 lam_imp=0.05: [Errno 2] No such file or directory: '/project/6014832/mforooz/EpiDenoise/sandbox/autoresearch/may31/train.py'
[13:26:46] ERROR s2 lam_imp=0.05 vb_meta: [Errno 2] No such file or directory: '/project/6014832/mforooz/EpiDenoise/sandbox/autoresearch/may31/train.py'
[13:26:46] ERROR s2 lam_imp=0.05 vb_meta: [Errno 2] No such file or directory: '/project/6014832/mforooz/EpiDenoise/sandbox/autoresearch/may31/train.py'
[13:26:46] ERROR s2 lam_imp=0.05 calib=log2: [Errno 2] No such file or directory: '/project/6014832/mforooz/EpiDenoise/sandbox/autoresearch/may31/train.py'
[13:26:46] ERROR s2 lam_imp=0.05 calib=log2: [Errno 2] No such file or directory: '/project/6014832/mforooz/EpiDenoise/sandbox/autoresearch/may31/train.py'
[13:26:47] ERROR s2 lam_imp=0.1 imp=0.75: [Errno 2] No such file or directory: '/project/6014832/mforooz/EpiDenoise/sandbox/autoresearch/may31/train.py'
[13:26:47] ERROR s2 lam_imp=0.1 imp=0.75: [Errno 2] No such file or directory: '/project/6014832/mforooz/EpiDenoise/sandbox/autoresearch/may31/train.py'
[13:26:47] ERROR s2 lam_imp=0.1 imp=1.0: [Errno 2] No such file or directory: '/project/6014832/mforooz/EpiDenoise/sandbox/autoresearch/may31/train.py'
[13:26:47] ERROR s2 lam_imp=0.1 imp=1.0: [Errno 2] No such file or directory: '/project/6014832/mforooz/EpiDenoise/sandbox/autoresearch/may31/train.py'
[13:26:47] ERROR s2 lam_imp=0.1 vb_meta: [Errno 2] No such file or directory: '/project/6014832/mforooz/EpiDenoise/sandbox/autoresearch/may31/train.py'
[13:26:47] ERROR s2 lam_imp=0.1 vb_meta: [Errno 2] No such file or directory: '/project/6014832/mforooz/EpiDenoise/sandbox/autoresearch/may31/train.py'
[13:26:47] ERROR s2 lam_imp=0.1 calib=log2: [Errno 2] No such file or directory: '/project/6014832/mforooz/EpiDenoise/sandbox/autoresearch/may31/train.py'
[13:26:47] ERROR s2 lam_imp=0.1 calib=log2: [Errno 2] No such file or directory: '/project/6014832/mforooz/EpiDenoise/sandbox/autoresearch/may31/train.py'
[13:26:48] ERROR s2 vb_meta only: [Errno 2] No such file or directory: '/project/6014832/mforooz/EpiDenoise/sandbox/autoresearch/may31/train.py'
[13:26:48] ERROR s2 vb_meta only: [Errno 2] No such file or directory: '/project/6014832/mforooz/EpiDenoise/sandbox/autoresearch/may31/train.py'
[13:26:48] ERROR s2 imp=0.75 no mse_imp: [Errno 2] No such file or directory: '/project/6014832/mforooz/EpiDenoise/sandbox/autoresearch/may31/train.py'
[13:26:48] ERROR s2 imp=0.75 no mse_imp: [Errno 2] No such file or directory: '/project/6014832/mforooz/EpiDenoise/sandbox/autoresearch/may31/train.py'
[13:26:48] ERROR s2 imp=1.0 no mse_imp: [Errno 2] No such file or directory: '/project/6014832/mforooz/EpiDenoise/sandbox/autoresearch/may31/train.py'
[13:26:48] ERROR s2 imp=1.0 no mse_imp: [Errno 2] No such file or directory: '/project/6014832/mforooz/EpiDenoise/sandbox/autoresearch/may31/train.py'
[13:26:48] ERROR s2 imp=1.5 no mse_imp: [Errno 2] No such file or directory: '/project/6014832/mforooz/EpiDenoise/sandbox/autoresearch/may31/train.py'
[13:26:48] ERROR s2 imp=1.5 no mse_imp: [Errno 2] No such file or directory: '/project/6014832/mforooz/EpiDenoise/sandbox/autoresearch/may31/train.py'
[13:26:49] ERROR s2 lam_imp=0.02: [Errno 2] No such file or directory: '/project/6014832/mforooz/EpiDenoise/sandbox/autoresearch/may31/train.py'
[13:26:49] ERROR s2 lam_imp=0.02: [Errno 2] No such file or directory: '/project/6014832/mforooz/EpiDenoise/sandbox/autoresearch/may31/train.py'
[13:26:49] ERROR s2 lam_imp=0.02 vb_meta: [Errno 2] No such file or directory: '/project/6014832/mforooz/EpiDenoise/sandbox/autoresearch/may31/train.py'
[13:26:49] ERROR s2 lam_imp=0.02 vb_meta: [Errno 2] No such file or directory: '/project/6014832/mforooz/EpiDenoise/sandbox/autoresearch/may31/train.py'
[13:26:49] cycle had no improvement; continuing anyway
[13:26:49] cycle had no improvement; continuing anyway
[13:26:50] --- cycle 9 ---
[13:26:50] --- cycle 9 ---
[13:26:50] ERROR s2 imp=0.75 lam_imp=0.2: [Errno 2] No such file or directory: '/project/6014832/mforooz/EpiDenoise/sandbox/autoresearch/may31/train.py'
[13:26:50] ERROR s2 imp=0.75 lam_imp=0.2: [Errno 2] No such file or directory: '/project/6014832/mforooz/EpiDenoise/sandbox/autoresearch/may31/train.py'
[13:26:50] ERROR s2 imp=1.0 lam_imp=0.2: [Errno 2] No such file or directory: '/project/6014832/mforooz/EpiDenoise/sandbox/autoresearch/may31/train.py'
[13:26:50] ERROR s2 imp=1.0 lam_imp=0.2: [Errno 2] No such file or directory: '/project/6014832/mforooz/EpiDenoise/sandbox/autoresearch/may31/train.py'
[13:26:51] ERROR s2 imp=1.5 lam_imp=0.2: [Errno 2] No such file or directory: '/project/6014832/mforooz/EpiDenoise/sandbox/autoresearch/may31/train.py'
[13:26:51] ERROR s2 imp=1.5 lam_imp=0.2: [Errno 2] No such file or directory: '/project/6014832/mforooz/EpiDenoise/sandbox/autoresearch/may31/train.py'
[13:26:51] ERROR s2 calib=log2 lam_imp=0.2: [Errno 2] No such file or directory: '/project/6014832/mforooz/EpiDenoise/sandbox/autoresearch/may31/train.py'
[13:26:51] ERROR s2 calib=log2 lam_imp=0.2: [Errno 2] No such file or directory: '/project/6014832/mforooz/EpiDenoise/sandbox/autoresearch/may31/train.py'
[13:26:51] ERROR s2 vb_meta lam_imp=0.2: [Errno 2] No such file or directory: '/project/6014832/mforooz/EpiDenoise/sandbox/autoresearch/may31/train.py'
[13:26:51] ERROR s2 vb_meta lam_imp=0.2: [Errno 2] No such file or directory: '/project/6014832/mforooz/EpiDenoise/sandbox/autoresearch/may31/train.py'
[13:26:51] ERROR s2 signal_transform=none lam_imp=0.2: [Errno 2] No such file or directory: '/project/6014832/mforooz/EpiDenoise/sandbox/autoresearch/may31/train.py'
[13:26:51] ERROR s2 signal_transform=none lam_imp=0.2: [Errno 2] No such file or directory: '/project/6014832/mforooz/EpiDenoise/sandbox/autoresearch/may31/train.py'
[13:26:51] ERROR s2 signal_transform=arcsinh lam_imp=0.2: [Errno 2] No such file or directory: '/project/6014832/mforooz/EpiDenoise/sandbox/autoresearch/may31/train.py'
[13:26:51] ERROR s2 signal_transform=arcsinh lam_imp=0.2: [Errno 2] No such file or directory: '/project/6014832/mforooz/EpiDenoise/sandbox/autoresearch/may31/train.py'
[13:26:52] ERROR s2 lam_imp=0.05: [Errno 2] No such file or directory: '/project/6014832/mforooz/EpiDenoise/sandbox/autoresearch/may31/train.py'
[13:26:52] ERROR s2 lam_imp=0.05: [Errno 2] No such file or directory: '/project/6014832/mforooz/EpiDenoise/sandbox/autoresearch/may31/train.py'
[13:26:52] ERROR s2 lam_imp=0.05 vb_meta: [Errno 2] No such file or directory: '/project/6014832/mforooz/EpiDenoise/sandbox/autoresearch/may31/train.py'
[13:26:52] ERROR s2 lam_imp=0.05 vb_meta: [Errno 2] No such file or directory: '/project/6014832/mforooz/EpiDenoise/sandbox/autoresearch/may31/train.py'
[13:26:52] ERROR s2 lam_imp=0.05 calib=log2: [Errno 2] No such file or directory: '/project/6014832/mforooz/EpiDenoise/sandbox/autoresearch/may31/train.py'
[13:26:52] ERROR s2 lam_imp=0.05 calib=log2: [Errno 2] No such file or directory: '/project/6014832/mforooz/EpiDenoise/sandbox/autoresearch/may31/train.py'
[13:26:52] ERROR s2 lam_imp=0.1 imp=0.75: [Errno 2] No such file or directory: '/project/6014832/mforooz/EpiDenoise/sandbox/autoresearch/may31/train.py'
[13:26:52] ERROR s2 lam_imp=0.1 imp=0.75: [Errno 2] No such file or directory: '/project/6014832/mforooz/EpiDenoise/sandbox/autoresearch/may31/train.py'
[13:26:52] ERROR s2 lam_imp=0.1 imp=1.0: [Errno 2] No such file or directory: '/project/6014832/mforooz/EpiDenoise/sandbox/autoresearch/may31/train.py'
[13:26:52] ERROR s2 lam_imp=0.1 imp=1.0: [Errno 2] No such file or directory: '/project/6014832/mforooz/EpiDenoise/sandbox/autoresearch/may31/train.py'
[13:26:53] ERROR s2 lam_imp=0.1 vb_meta: [Errno 2] No such file or directory: '/project/6014832/mforooz/EpiDenoise/sandbox/autoresearch/may31/train.py'
[13:26:53] ERROR s2 lam_imp=0.1 vb_meta: [Errno 2] No such file or directory: '/project/6014832/mforooz/EpiDenoise/sandbox/autoresearch/may31/train.py'
[13:26:53] ERROR s2 lam_imp=0.1 calib=log2: [Errno 2] No such file or directory: '/project/6014832/mforooz/EpiDenoise/sandbox/autoresearch/may31/train.py'
[13:26:53] ERROR s2 lam_imp=0.1 calib=log2: [Errno 2] No such file or directory: '/project/6014832/mforooz/EpiDenoise/sandbox/autoresearch/may31/train.py'
[13:26:53] ERROR s2 vb_meta only: [Errno 2] No such file or directory: '/project/6014832/mforooz/EpiDenoise/sandbox/autoresearch/may31/train.py'
[13:26:53] ERROR s2 vb_meta only: [Errno 2] No such file or directory: '/project/6014832/mforooz/EpiDenoise/sandbox/autoresearch/may31/train.py'
[13:26:53] ERROR s2 imp=0.75 no mse_imp: [Errno 2] No such file or directory: '/project/6014832/mforooz/EpiDenoise/sandbox/autoresearch/may31/train.py'
[13:26:53] ERROR s2 imp=0.75 no mse_imp: [Errno 2] No such file or directory: '/project/6014832/mforooz/EpiDenoise/sandbox/autoresearch/may31/train.py'
[13:26:53] ERROR s2 imp=1.0 no mse_imp: [Errno 2] No such file or directory: '/project/6014832/mforooz/EpiDenoise/sandbox/autoresearch/may31/train.py'
[13:26:53] ERROR s2 imp=1.0 no mse_imp: [Errno 2] No such file or directory: '/project/6014832/mforooz/EpiDenoise/sandbox/autoresearch/may31/train.py'
[13:26:54] ERROR s2 imp=1.5 no mse_imp: [Errno 2] No such file or directory: '/project/6014832/mforooz/EpiDenoise/sandbox/autoresearch/may31/train.py'
[13:26:54] ERROR s2 imp=1.5 no mse_imp: [Errno 2] No such file or directory: '/project/6014832/mforooz/EpiDenoise/sandbox/autoresearch/may31/train.py'
[13:26:54] ERROR s2 lam_imp=0.02: [Errno 2] No such file or directory: '/project/6014832/mforooz/EpiDenoise/sandbox/autoresearch/may31/train.py'
[13:26:54] ERROR s2 lam_imp=0.02: [Errno 2] No such file or directory: '/project/6014832/mforooz/EpiDenoise/sandbox/autoresearch/may31/train.py'
[13:26:54] ERROR s2 lam_imp=0.02 vb_meta: [Errno 2] No such file or directory: '/project/6014832/mforooz/EpiDenoise/sandbox/autoresearch/may31/train.py'
[13:26:54] ERROR s2 lam_imp=0.02 vb_meta: [Errno 2] No such file or directory: '/project/6014832/mforooz/EpiDenoise/sandbox/autoresearch/may31/train.py'
[13:26:54] cycle had no improvement; continuing anyway
[13:26:54] cycle had no improvement; continuing anyway
[13:26:55] --- cycle 10 ---
[13:26:55] --- cycle 10 ---
[13:26:55] ERROR s2 imp=0.75 lam_imp=0.2: [Errno 2] No such file or directory: '/project/6014832/mforooz/EpiDenoise/sandbox/autoresearch/may31/train.py'
[13:26:55] ERROR s2 imp=0.75 lam_imp=0.2: [Errno 2] No such file or directory: '/project/6014832/mforooz/EpiDenoise/sandbox/autoresearch/may31/train.py'
[13:26:55] ERROR s2 imp=1.0 lam_imp=0.2: [Errno 2] No such file or directory: '/project/6014832/mforooz/EpiDenoise/sandbox/autoresearch/may31/train.py'
[13:26:55] ERROR s2 imp=1.0 lam_imp=0.2: [Errno 2] No such file or directory: '/project/6014832/mforooz/EpiDenoise/sandbox/autoresearch/may31/train.py'
[13:26:55] ERROR s2 imp=1.5 lam_imp=0.2: [Errno 2] No such file or directory: '/project/6014832/mforooz/EpiDenoise/sandbox/autoresearch/may31/train.py'
[13:26:55] ERROR s2 imp=1.5 lam_imp=0.2: [Errno 2] No such file or directory: '/project/6014832/mforooz/EpiDenoise/sandbox/autoresearch/may31/train.py'
[13:26:56] ERROR s2 calib=log2 lam_imp=0.2: [Errno 2] No such file or directory: '/project/6014832/mforooz/EpiDenoise/sandbox/autoresearch/may31/train.py'
[13:26:56] ERROR s2 calib=log2 lam_imp=0.2: [Errno 2] No such file or directory: '/project/6014832/mforooz/EpiDenoise/sandbox/autoresearch/may31/train.py'
[13:26:56] ERROR s2 vb_meta lam_imp=0.2: [Errno 2] No such file or directory: '/project/6014832/mforooz/EpiDenoise/sandbox/autoresearch/may31/train.py'
[13:26:56] ERROR s2 vb_meta lam_imp=0.2: [Errno 2] No such file or directory: '/project/6014832/mforooz/EpiDenoise/sandbox/autoresearch/may31/train.py'
[13:26:56] ERROR s2 signal_transform=none lam_imp=0.2: [Errno 2] No such file or directory: '/project/6014832/mforooz/EpiDenoise/sandbox/autoresearch/may31/train.py'
[13:26:56] ERROR s2 signal_transform=none lam_imp=0.2: [Errno 2] No such file or directory: '/project/6014832/mforooz/EpiDenoise/sandbox/autoresearch/may31/train.py'
[13:26:56] ERROR s2 signal_transform=arcsinh lam_imp=0.2: [Errno 2] No such file or directory: '/project/6014832/mforooz/EpiDenoise/sandbox/autoresearch/may31/train.py'
[13:26:56] ERROR s2 signal_transform=arcsinh lam_imp=0.2: [Errno 2] No such file or directory: '/project/6014832/mforooz/EpiDenoise/sandbox/autoresearch/may31/train.py'
[13:26:56] ERROR s2 lam_imp=0.05: [Errno 2] No such file or directory: '/project/6014832/mforooz/EpiDenoise/sandbox/autoresearch/may31/train.py'
[13:26:56] ERROR s2 lam_imp=0.05: [Errno 2] No such file or directory: '/project/6014832/mforooz/EpiDenoise/sandbox/autoresearch/may31/train.py'
[13:26:57] ERROR s2 lam_imp=0.05 vb_meta: [Errno 2] No such file or directory: '/project/6014832/mforooz/EpiDenoise/sandbox/autoresearch/may31/train.py'
[13:26:57] ERROR s2 lam_imp=0.05 vb_meta: [Errno 2] No such file or directory: '/project/6014832/mforooz/EpiDenoise/sandbox/autoresearch/may31/train.py'
[13:26:57] ERROR s2 lam_imp=0.05 calib=log2: [Errno 2] No such file or directory: '/project/6014832/mforooz/EpiDenoise/sandbox/autoresearch/may31/train.py'
[13:26:57] ERROR s2 lam_imp=0.05 calib=log2: [Errno 2] No such file or directory: '/project/6014832/mforooz/EpiDenoise/sandbox/autoresearch/may31/train.py'
[13:26:57] ERROR s2 lam_imp=0.1 imp=0.75: [Errno 2] No such file or directory: '/project/6014832/mforooz/EpiDenoise/sandbox/autoresearch/may31/train.py'
[13:26:57] ERROR s2 lam_imp=0.1 imp=0.75: [Errno 2] No such file or directory: '/project/6014832/mforooz/EpiDenoise/sandbox/autoresearch/may31/train.py'
[13:26:57] ERROR s2 lam_imp=0.1 imp=1.0: [Errno 2] No such file or directory: '/project/6014832/mforooz/EpiDenoise/sandbox/autoresearch/may31/train.py'
[13:26:57] ERROR s2 lam_imp=0.1 imp=1.0: [Errno 2] No such file or directory: '/project/6014832/mforooz/EpiDenoise/sandbox/autoresearch/may31/train.py'
[13:26:57] ERROR s2 lam_imp=0.1 vb_meta: [Errno 2] No such file or directory: '/project/6014832/mforooz/EpiDenoise/sandbox/autoresearch/may31/train.py'
[13:26:57] ERROR s2 lam_imp=0.1 vb_meta: [Errno 2] No such file or directory: '/project/6014832/mforooz/EpiDenoise/sandbox/autoresearch/may31/train.py'
[13:26:58] ERROR s2 lam_imp=0.1 calib=log2: [Errno 2] No such file or directory: '/project/6014832/mforooz/EpiDenoise/sandbox/autoresearch/may31/train.py'
[13:26:58] ERROR s2 lam_imp=0.1 calib=log2: [Errno 2] No such file or directory: '/project/6014832/mforooz/EpiDenoise/sandbox/autoresearch/may31/train.py'
[13:26:58] ERROR s2 vb_meta only: [Errno 2] No such file or directory: '/project/6014832/mforooz/EpiDenoise/sandbox/autoresearch/may31/train.py'
[13:26:58] ERROR s2 vb_meta only: [Errno 2] No such file or directory: '/project/6014832/mforooz/EpiDenoise/sandbox/autoresearch/may31/train.py'
[13:26:58] ERROR s2 imp=0.75 no mse_imp: [Errno 2] No such file or directory: '/project/6014832/mforooz/EpiDenoise/sandbox/autoresearch/may31/train.py'
[13:26:58] ERROR s2 imp=0.75 no mse_imp: [Errno 2] No such file or directory: '/project/6014832/mforooz/EpiDenoise/sandbox/autoresearch/may31/train.py'
[13:26:58] ERROR s2 imp=1.0 no mse_imp: [Errno 2] No such file or directory: '/project/6014832/mforooz/EpiDenoise/sandbox/autoresearch/may31/train.py'
[13:26:58] ERROR s2 imp=1.0 no mse_imp: [Errno 2] No such file or directory: '/project/6014832/mforooz/EpiDenoise/sandbox/autoresearch/may31/train.py'
[13:26:58] ERROR s2 imp=1.5 no mse_imp: [Errno 2] No such file or directory: '/project/6014832/mforooz/EpiDenoise/sandbox/autoresearch/may31/train.py'
[13:26:58] ERROR s2 imp=1.5 no mse_imp: [Errno 2] No such file or directory: '/project/6014832/mforooz/EpiDenoise/sandbox/autoresearch/may31/train.py'
[13:26:58] ERROR s2 lam_imp=0.02: [Errno 2] No such file or directory: '/project/6014832/mforooz/EpiDenoise/sandbox/autoresearch/may31/train.py'
[13:26:58] ERROR s2 lam_imp=0.02: [Errno 2] No such file or directory: '/project/6014832/mforooz/EpiDenoise/sandbox/autoresearch/may31/train.py'
[13:26:59] ERROR s2 lam_imp=0.02 vb_meta: [Errno 2] No such file or directory: '/project/6014832/mforooz/EpiDenoise/sandbox/autoresearch/may31/train.py'
[13:26:59] ERROR s2 lam_imp=0.02 vb_meta: [Errno 2] No such file or directory: '/project/6014832/mforooz/EpiDenoise/sandbox/autoresearch/may31/train.py'
[13:26:59] cycle had no improvement; continuing anyway
[13:26:59] cycle had no improvement; continuing anyway
[13:27:00] --- cycle 11 ---
[13:27:00] --- cycle 11 ---
[13:27:00] ERROR s2 imp=0.75 lam_imp=0.2: [Errno 2] No such file or directory: '/project/6014832/mforooz/EpiDenoise/sandbox/autoresearch/may31/train.py'
[13:27:00] ERROR s2 imp=0.75 lam_imp=0.2: [Errno 2] No such file or directory: '/project/6014832/mforooz/EpiDenoise/sandbox/autoresearch/may31/train.py'
[13:27:00] ERROR s2 imp=1.0 lam_imp=0.2: [Errno 2] No such file or directory: '/project/6014832/mforooz/EpiDenoise/sandbox/autoresearch/may31/train.py'
[13:27:00] ERROR s2 imp=1.0 lam_imp=0.2: [Errno 2] No such file or directory: '/project/6014832/mforooz/EpiDenoise/sandbox/autoresearch/may31/train.py'
[13:27:00] ERROR s2 imp=1.5 lam_imp=0.2: [Errno 2] No such file or directory: '/project/6014832/mforooz/EpiDenoise/sandbox/autoresearch/may31/train.py'
[13:27:00] ERROR s2 imp=1.5 lam_imp=0.2: [Errno 2] No such file or directory: '/project/6014832/mforooz/EpiDenoise/sandbox/autoresearch/may31/train.py'
[13:27:01] ERROR s2 calib=log2 lam_imp=0.2: [Errno 2] No such file or directory: '/project/6014832/mforooz/EpiDenoise/sandbox/autoresearch/may31/train.py'
[13:27:01] ERROR s2 calib=log2 lam_imp=0.2: [Errno 2] No such file or directory: '/project/6014832/mforooz/EpiDenoise/sandbox/autoresearch/may31/train.py'
[13:27:01] ERROR s2 vb_meta lam_imp=0.2: [Errno 2] No such file or directory: '/project/6014832/mforooz/EpiDenoise/sandbox/autoresearch/may31/train.py'
[13:27:01] ERROR s2 vb_meta lam_imp=0.2: [Errno 2] No such file or directory: '/project/6014832/mforooz/EpiDenoise/sandbox/autoresearch/may31/train.py'
[13:27:01] ERROR s2 signal_transform=none lam_imp=0.2: [Errno 2] No such file or directory: '/project/6014832/mforooz/EpiDenoise/sandbox/autoresearch/may31/train.py'
[13:27:01] ERROR s2 signal_transform=none lam_imp=0.2: [Errno 2] No such file or directory: '/project/6014832/mforooz/EpiDenoise/sandbox/autoresearch/may31/train.py'
[13:27:01] ERROR s2 signal_transform=arcsinh lam_imp=0.2: [Errno 2] No such file or directory: '/project/6014832/mforooz/EpiDenoise/sandbox/autoresearch/may31/train.py'
[13:27:01] ERROR s2 signal_transform=arcsinh lam_imp=0.2: [Errno 2] No such file or directory: '/project/6014832/mforooz/EpiDenoise/sandbox/autoresearch/may31/train.py'
[13:27:01] ERROR s2 lam_imp=0.05: [Errno 2] No such file or directory: '/project/6014832/mforooz/EpiDenoise/sandbox/autoresearch/may31/train.py'
[13:27:01] ERROR s2 lam_imp=0.05: [Errno 2] No such file or directory: '/project/6014832/mforooz/EpiDenoise/sandbox/autoresearch/may31/train.py'
[13:27:01] ERROR s2 lam_imp=0.05 vb_meta: [Errno 2] No such file or directory: '/project/6014832/mforooz/EpiDenoise/sandbox/autoresearch/may31/train.py'
[13:27:01] ERROR s2 lam_imp=0.05 vb_meta: [Errno 2] No such file or directory: '/project/6014832/mforooz/EpiDenoise/sandbox/autoresearch/may31/train.py'
[13:27:02] ERROR s2 lam_imp=0.05 calib=log2: [Errno 2] No such file or directory: '/project/6014832/mforooz/EpiDenoise/sandbox/autoresearch/may31/train.py'
[13:27:02] ERROR s2 lam_imp=0.05 calib=log2: [Errno 2] No such file or directory: '/project/6014832/mforooz/EpiDenoise/sandbox/autoresearch/may31/train.py'
[13:27:02] ERROR s2 lam_imp=0.1 imp=0.75: [Errno 2] No such file or directory: '/project/6014832/mforooz/EpiDenoise/sandbox/autoresearch/may31/train.py'
[13:27:02] ERROR s2 lam_imp=0.1 imp=0.75: [Errno 2] No such file or directory: '/project/6014832/mforooz/EpiDenoise/sandbox/autoresearch/may31/train.py'
[13:27:02] ERROR s2 lam_imp=0.1 imp=1.0: [Errno 2] No such file or directory: '/project/6014832/mforooz/EpiDenoise/sandbox/autoresearch/may31/train.py'
[13:27:02] ERROR s2 lam_imp=0.1 imp=1.0: [Errno 2] No such file or directory: '/project/6014832/mforooz/EpiDenoise/sandbox/autoresearch/may31/train.py'
[13:27:02] ERROR s2 lam_imp=0.1 vb_meta: [Errno 2] No such file or directory: '/project/6014832/mforooz/EpiDenoise/sandbox/autoresearch/may31/train.py'
[13:27:02] ERROR s2 lam_imp=0.1 vb_meta: [Errno 2] No such file or directory: '/project/6014832/mforooz/EpiDenoise/sandbox/autoresearch/may31/train.py'
[13:27:02] ERROR s2 lam_imp=0.1 calib=log2: [Errno 2] No such file or directory: '/project/6014832/mforooz/EpiDenoise/sandbox/autoresearch/may31/train.py'
[13:27:02] ERROR s2 lam_imp=0.1 calib=log2: [Errno 2] No such file or directory: '/project/6014832/mforooz/EpiDenoise/sandbox/autoresearch/may31/train.py'
[13:27:03] ERROR s2 vb_meta only: [Errno 2] No such file or directory: '/project/6014832/mforooz/EpiDenoise/sandbox/autoresearch/may31/train.py'
[13:27:03] ERROR s2 vb_meta only: [Errno 2] No such file or directory: '/project/6014832/mforooz/EpiDenoise/sandbox/autoresearch/may31/train.py'
[13:27:03] ERROR s2 imp=0.75 no mse_imp: [Errno 2] No such file or directory: '/project/6014832/mforooz/EpiDenoise/sandbox/autoresearch/may31/train.py'
[13:27:03] ERROR s2 imp=0.75 no mse_imp: [Errno 2] No such file or directory: '/project/6014832/mforooz/EpiDenoise/sandbox/autoresearch/may31/train.py'
[13:27:03] ERROR s2 imp=1.0 no mse_imp: [Errno 2] No such file or directory: '/project/6014832/mforooz/EpiDenoise/sandbox/autoresearch/may31/train.py'
[13:27:03] ERROR s2 imp=1.0 no mse_imp: [Errno 2] No such file or directory: '/project/6014832/mforooz/EpiDenoise/sandbox/autoresearch/may31/train.py'
[13:27:03] ERROR s2 imp=1.5 no mse_imp: [Errno 2] No such file or directory: '/project/6014832/mforooz/EpiDenoise/sandbox/autoresearch/may31/train.py'
[13:27:03] ERROR s2 imp=1.5 no mse_imp: [Errno 2] No such file or directory: '/project/6014832/mforooz/EpiDenoise/sandbox/autoresearch/may31/train.py'
[13:27:03] ERROR s2 lam_imp=0.02: [Errno 2] No such file or directory: '/project/6014832/mforooz/EpiDenoise/sandbox/autoresearch/may31/train.py'
[13:27:03] ERROR s2 lam_imp=0.02: [Errno 2] No such file or directory: '/project/6014832/mforooz/EpiDenoise/sandbox/autoresearch/may31/train.py'
[13:27:04] ERROR s2 lam_imp=0.02 vb_meta: [Errno 2] No such file or directory: '/project/6014832/mforooz/EpiDenoise/sandbox/autoresearch/may31/train.py'
[13:27:04] ERROR s2 lam_imp=0.02 vb_meta: [Errno 2] No such file or directory: '/project/6014832/mforooz/EpiDenoise/sandbox/autoresearch/may31/train.py'
[13:27:04] cycle had no improvement; continuing anyway
[13:27:04] cycle had no improvement; continuing anyway
[13:27:05] --- cycle 12 ---
[13:27:05] --- cycle 12 ---
[13:27:05] ERROR s2 imp=0.75 lam_imp=0.2: [Errno 2] No such file or directory: '/project/6014832/mforooz/EpiDenoise/sandbox/autoresearch/may31/train.py'
[13:27:05] ERROR s2 imp=0.75 lam_imp=0.2: [Errno 2] No such file or directory: '/project/6014832/mforooz/EpiDenoise/sandbox/autoresearch/may31/train.py'
[13:27:05] ERROR s2 imp=1.0 lam_imp=0.2: [Errno 2] No such file or directory: '/project/6014832/mforooz/EpiDenoise/sandbox/autoresearch/may31/train.py'
[13:27:05] ERROR s2 imp=1.0 lam_imp=0.2: [Errno 2] No such file or directory: '/project/6014832/mforooz/EpiDenoise/sandbox/autoresearch/may31/train.py'
[13:27:05] ERROR s2 imp=1.5 lam_imp=0.2: [Errno 2] No such file or directory: '/project/6014832/mforooz/EpiDenoise/sandbox/autoresearch/may31/train.py'
[13:27:05] ERROR s2 imp=1.5 lam_imp=0.2: [Errno 2] No such file or directory: '/project/6014832/mforooz/EpiDenoise/sandbox/autoresearch/may31/train.py'
[13:27:05] ERROR s2 calib=log2 lam_imp=0.2: [Errno 2] No such file or directory: '/project/6014832/mforooz/EpiDenoise/sandbox/autoresearch/may31/train.py'
[13:27:05] ERROR s2 calib=log2 lam_imp=0.2: [Errno 2] No such file or directory: '/project/6014832/mforooz/EpiDenoise/sandbox/autoresearch/may31/train.py'
[13:27:05] ERROR s2 vb_meta lam_imp=0.2: [Errno 2] No such file or directory: '/project/6014832/mforooz/EpiDenoise/sandbox/autoresearch/may31/train.py'
[13:27:05] ERROR s2 vb_meta lam_imp=0.2: [Errno 2] No such file or directory: '/project/6014832/mforooz/EpiDenoise/sandbox/autoresearch/may31/train.py'
[13:27:06] ERROR s2 signal_transform=none lam_imp=0.2: [Errno 2] No such file or directory: '/project/6014832/mforooz/EpiDenoise/sandbox/autoresearch/may31/train.py'
[13:27:06] ERROR s2 signal_transform=none lam_imp=0.2: [Errno 2] No such file or directory: '/project/6014832/mforooz/EpiDenoise/sandbox/autoresearch/may31/train.py'
[13:27:06] ERROR s2 signal_transform=arcsinh lam_imp=0.2: [Errno 2] No such file or directory: '/project/6014832/mforooz/EpiDenoise/sandbox/autoresearch/may31/train.py'
[13:27:06] ERROR s2 signal_transform=arcsinh lam_imp=0.2: [Errno 2] No such file or directory: '/project/6014832/mforooz/EpiDenoise/sandbox/autoresearch/may31/train.py'
[13:27:06] ERROR s2 lam_imp=0.05: [Errno 2] No such file or directory: '/project/6014832/mforooz/EpiDenoise/sandbox/autoresearch/may31/train.py'
[13:27:06] ERROR s2 lam_imp=0.05: [Errno 2] No such file or directory: '/project/6014832/mforooz/EpiDenoise/sandbox/autoresearch/may31/train.py'
[13:27:06] ERROR s2 lam_imp=0.05 vb_meta: [Errno 2] No such file or directory: '/project/6014832/mforooz/EpiDenoise/sandbox/autoresearch/may31/train.py'
[13:27:06] ERROR s2 lam_imp=0.05 vb_meta: [Errno 2] No such file or directory: '/project/6014832/mforooz/EpiDenoise/sandbox/autoresearch/may31/train.py'
[13:27:07] ERROR s2 lam_imp=0.05 calib=log2: [Errno 2] No such file or directory: '/project/6014832/mforooz/EpiDenoise/sandbox/autoresearch/may31/train.py'
[13:27:07] ERROR s2 lam_imp=0.05 calib=log2: [Errno 2] No such file or directory: '/project/6014832/mforooz/EpiDenoise/sandbox/autoresearch/may31/train.py'
[13:27:07] ERROR s2 lam_imp=0.1 imp=0.75: [Errno 2] No such file or directory: '/project/6014832/mforooz/EpiDenoise/sandbox/autoresearch/may31/train.py'
[13:27:07] ERROR s2 lam_imp=0.1 imp=0.75: [Errno 2] No such file or directory: '/project/6014832/mforooz/EpiDenoise/sandbox/autoresearch/may31/train.py'
[13:27:07] ERROR s2 lam_imp=0.1 imp=1.0: [Errno 2] No such file or directory: '/project/6014832/mforooz/EpiDenoise/sandbox/autoresearch/may31/train.py'
[13:27:07] ERROR s2 lam_imp=0.1 imp=1.0: [Errno 2] No such file or directory: '/project/6014832/mforooz/EpiDenoise/sandbox/autoresearch/may31/train.py'
[13:27:07] ERROR s2 lam_imp=0.1 vb_meta: [Errno 2] No such file or directory: '/project/6014832/mforooz/EpiDenoise/sandbox/autoresearch/may31/train.py'
[13:27:07] ERROR s2 lam_imp=0.1 vb_meta: [Errno 2] No such file or directory: '/project/6014832/mforooz/EpiDenoise/sandbox/autoresearch/may31/train.py'
[13:27:08] ERROR s2 lam_imp=0.1 calib=log2: [Errno 2] No such file or directory: '/project/6014832/mforooz/EpiDenoise/sandbox/autoresearch/may31/train.py'
[13:27:08] ERROR s2 lam_imp=0.1 calib=log2: [Errno 2] No such file or directory: '/project/6014832/mforooz/EpiDenoise/sandbox/autoresearch/may31/train.py'
[13:27:08] ERROR s2 vb_meta only: [Errno 2] No such file or directory: '/project/6014832/mforooz/EpiDenoise/sandbox/autoresearch/may31/train.py'
[13:27:08] ERROR s2 vb_meta only: [Errno 2] No such file or directory: '/project/6014832/mforooz/EpiDenoise/sandbox/autoresearch/may31/train.py'
[13:27:08] ERROR s2 imp=0.75 no mse_imp: [Errno 2] No such file or directory: '/project/6014832/mforooz/EpiDenoise/sandbox/autoresearch/may31/train.py'
[13:27:08] ERROR s2 imp=0.75 no mse_imp: [Errno 2] No such file or directory: '/project/6014832/mforooz/EpiDenoise/sandbox/autoresearch/may31/train.py'
[13:27:08] ERROR s2 imp=1.0 no mse_imp: [Errno 2] No such file or directory: '/project/6014832/mforooz/EpiDenoise/sandbox/autoresearch/may31/train.py'
[13:27:08] ERROR s2 imp=1.0 no mse_imp: [Errno 2] No such file or directory: '/project/6014832/mforooz/EpiDenoise/sandbox/autoresearch/may31/train.py'
[13:27:08] ERROR s2 imp=1.5 no mse_imp: [Errno 2] No such file or directory: '/project/6014832/mforooz/EpiDenoise/sandbox/autoresearch/may31/train.py'
[13:27:08] ERROR s2 imp=1.5 no mse_imp: [Errno 2] No such file or directory: '/project/6014832/mforooz/EpiDenoise/sandbox/autoresearch/may31/train.py'
[13:27:09] ERROR s2 lam_imp=0.02: [Errno 2] No such file or directory: '/project/6014832/mforooz/EpiDenoise/sandbox/autoresearch/may31/train.py'
[13:27:09] ERROR s2 lam_imp=0.02: [Errno 2] No such file or directory: '/project/6014832/mforooz/EpiDenoise/sandbox/autoresearch/may31/train.py'
[13:27:09] ERROR s2 lam_imp=0.02 vb_meta: [Errno 2] No such file or directory: '/project/6014832/mforooz/EpiDenoise/sandbox/autoresearch/may31/train.py'
[13:27:09] ERROR s2 lam_imp=0.02 vb_meta: [Errno 2] No such file or directory: '/project/6014832/mforooz/EpiDenoise/sandbox/autoresearch/may31/train.py'
[13:27:09] cycle had no improvement; continuing anyway
[13:27:09] cycle had no improvement; continuing anyway
[13:27:10] --- cycle 13 ---
[13:27:10] --- cycle 13 ---
[13:27:10] ERROR s2 imp=0.75 lam_imp=0.2: [Errno 2] No such file or directory: '/project/6014832/mforooz/EpiDenoise/sandbox/autoresearch/may31/train.py'
[13:27:10] ERROR s2 imp=0.75 lam_imp=0.2: [Errno 2] No such file or directory: '/project/6014832/mforooz/EpiDenoise/sandbox/autoresearch/may31/train.py'
[13:27:10] ERROR s2 imp=1.0 lam_imp=0.2: [Errno 2] No such file or directory: '/project/6014832/mforooz/EpiDenoise/sandbox/autoresearch/may31/train.py'
[13:27:10] ERROR s2 imp=1.0 lam_imp=0.2: [Errno 2] No such file or directory: '/project/6014832/mforooz/EpiDenoise/sandbox/autoresearch/may31/train.py'
[13:27:11] ERROR s2 imp=1.5 lam_imp=0.2: [Errno 2] No such file or directory: '/project/6014832/mforooz/EpiDenoise/sandbox/autoresearch/may31/train.py'
[13:27:11] ERROR s2 imp=1.5 lam_imp=0.2: [Errno 2] No such file or directory: '/project/6014832/mforooz/EpiDenoise/sandbox/autoresearch/may31/train.py'
[13:27:11] ERROR s2 calib=log2 lam_imp=0.2: [Errno 2] No such file or directory: '/project/6014832/mforooz/EpiDenoise/sandbox/autoresearch/may31/train.py'
[13:27:11] ERROR s2 calib=log2 lam_imp=0.2: [Errno 2] No such file or directory: '/project/6014832/mforooz/EpiDenoise/sandbox/autoresearch/may31/train.py'
[13:27:11] ERROR s2 vb_meta lam_imp=0.2: [Errno 2] No such file or directory: '/project/6014832/mforooz/EpiDenoise/sandbox/autoresearch/may31/train.py'
[13:27:11] ERROR s2 vb_meta lam_imp=0.2: [Errno 2] No such file or directory: '/project/6014832/mforooz/EpiDenoise/sandbox/autoresearch/may31/train.py'
[13:27:11] ERROR s2 signal_transform=none lam_imp=0.2: [Errno 2] No such file or directory: '/project/6014832/mforooz/EpiDenoise/sandbox/autoresearch/may31/train.py'
[13:27:11] ERROR s2 signal_transform=none lam_imp=0.2: [Errno 2] No such file or directory: '/project/6014832/mforooz/EpiDenoise/sandbox/autoresearch/may31/train.py'
[13:27:12] ERROR s2 signal_transform=arcsinh lam_imp=0.2: [Errno 2] No such file or directory: '/project/6014832/mforooz/EpiDenoise/sandbox/autoresearch/may31/train.py'
[13:27:12] ERROR s2 signal_transform=arcsinh lam_imp=0.2: [Errno 2] No such file or directory: '/project/6014832/mforooz/EpiDenoise/sandbox/autoresearch/may31/train.py'
[13:27:12] ERROR s2 lam_imp=0.05: [Errno 2] No such file or directory: '/project/6014832/mforooz/EpiDenoise/sandbox/autoresearch/may31/train.py'
[13:27:12] ERROR s2 lam_imp=0.05: [Errno 2] No such file or directory: '/project/6014832/mforooz/EpiDenoise/sandbox/autoresearch/may31/train.py'
[13:27:12] ERROR s2 lam_imp=0.05 vb_meta: [Errno 2] No such file or directory: '/project/6014832/mforooz/EpiDenoise/sandbox/autoresearch/may31/train.py'
[13:27:12] ERROR s2 lam_imp=0.05 vb_meta: [Errno 2] No such file or directory: '/project/6014832/mforooz/EpiDenoise/sandbox/autoresearch/may31/train.py'
[13:27:12] ERROR s2 lam_imp=0.05 calib=log2: [Errno 2] No such file or directory: '/project/6014832/mforooz/EpiDenoise/sandbox/autoresearch/may31/train.py'
[13:27:12] ERROR s2 lam_imp=0.05 calib=log2: [Errno 2] No such file or directory: '/project/6014832/mforooz/EpiDenoise/sandbox/autoresearch/may31/train.py'
[13:27:13] ERROR s2 lam_imp=0.1 imp=0.75: [Errno 2] No such file or directory: '/project/6014832/mforooz/EpiDenoise/sandbox/autoresearch/may31/train.py'
[13:27:13] ERROR s2 lam_imp=0.1 imp=0.75: [Errno 2] No such file or directory: '/project/6014832/mforooz/EpiDenoise/sandbox/autoresearch/may31/train.py'
[13:27:13] ERROR s2 lam_imp=0.1 imp=1.0: [Errno 2] No such file or directory: '/project/6014832/mforooz/EpiDenoise/sandbox/autoresearch/may31/train.py'
[13:27:13] ERROR s2 lam_imp=0.1 imp=1.0: [Errno 2] No such file or directory: '/project/6014832/mforooz/EpiDenoise/sandbox/autoresearch/may31/train.py'
[13:27:13] ERROR s2 lam_imp=0.1 vb_meta: [Errno 2] No such file or directory: '/project/6014832/mforooz/EpiDenoise/sandbox/autoresearch/may31/train.py'
[13:27:13] ERROR s2 lam_imp=0.1 vb_meta: [Errno 2] No such file or directory: '/project/6014832/mforooz/EpiDenoise/sandbox/autoresearch/may31/train.py'
[13:27:13] ERROR s2 lam_imp=0.1 calib=log2: [Errno 2] No such file or directory: '/project/6014832/mforooz/EpiDenoise/sandbox/autoresearch/may31/train.py'
[13:27:13] ERROR s2 lam_imp=0.1 calib=log2: [Errno 2] No such file or directory: '/project/6014832/mforooz/EpiDenoise/sandbox/autoresearch/may31/train.py'
[13:27:13] ERROR s2 vb_meta only: [Errno 2] No such file or directory: '/project/6014832/mforooz/EpiDenoise/sandbox/autoresearch/may31/train.py'
[13:27:13] ERROR s2 vb_meta only: [Errno 2] No such file or directory: '/project/6014832/mforooz/EpiDenoise/sandbox/autoresearch/may31/train.py'
[13:27:14] ERROR s2 imp=0.75 no mse_imp: [Errno 2] No such file or directory: '/project/6014832/mforooz/EpiDenoise/sandbox/autoresearch/may31/train.py'
[13:27:14] ERROR s2 imp=0.75 no mse_imp: [Errno 2] No such file or directory: '/project/6014832/mforooz/EpiDenoise/sandbox/autoresearch/may31/train.py'
[13:27:14] ERROR s2 imp=1.0 no mse_imp: [Errno 2] No such file or directory: '/project/6014832/mforooz/EpiDenoise/sandbox/autoresearch/may31/train.py'
[13:27:14] ERROR s2 imp=1.0 no mse_imp: [Errno 2] No such file or directory: '/project/6014832/mforooz/EpiDenoise/sandbox/autoresearch/may31/train.py'
[13:27:14] ERROR s2 imp=1.5 no mse_imp: [Errno 2] No such file or directory: '/project/6014832/mforooz/EpiDenoise/sandbox/autoresearch/may31/train.py'
[13:27:14] ERROR s2 imp=1.5 no mse_imp: [Errno 2] No such file or directory: '/project/6014832/mforooz/EpiDenoise/sandbox/autoresearch/may31/train.py'
[13:27:14] ERROR s2 lam_imp=0.02: [Errno 2] No such file or directory: '/project/6014832/mforooz/EpiDenoise/sandbox/autoresearch/may31/train.py'
[13:27:14] ERROR s2 lam_imp=0.02: [Errno 2] No such file or directory: '/project/6014832/mforooz/EpiDenoise/sandbox/autoresearch/may31/train.py'
[13:27:15] ERROR s2 lam_imp=0.02 vb_meta: [Errno 2] No such file or directory: '/project/6014832/mforooz/EpiDenoise/sandbox/autoresearch/may31/train.py'
[13:27:15] ERROR s2 lam_imp=0.02 vb_meta: [Errno 2] No such file or directory: '/project/6014832/mforooz/EpiDenoise/sandbox/autoresearch/may31/train.py'
[13:27:15] cycle had no improvement; continuing anyway
[13:27:15] cycle had no improvement; continuing anyway
[13:27:16] --- cycle 14 ---
[13:27:16] --- cycle 14 ---
[13:27:16] ERROR s2 imp=0.75 lam_imp=0.2: [Errno 2] No such file or directory: '/project/6014832/mforooz/EpiDenoise/sandbox/autoresearch/may31/train.py'
[13:27:16] ERROR s2 imp=0.75 lam_imp=0.2: [Errno 2] No such file or directory: '/project/6014832/mforooz/EpiDenoise/sandbox/autoresearch/may31/train.py'
[13:27:16] ERROR s2 imp=1.0 lam_imp=0.2: [Errno 2] No such file or directory: '/project/6014832/mforooz/EpiDenoise/sandbox/autoresearch/may31/train.py'
[13:27:16] ERROR s2 imp=1.0 lam_imp=0.2: [Errno 2] No such file or directory: '/project/6014832/mforooz/EpiDenoise/sandbox/autoresearch/may31/train.py'
[13:27:16] ERROR s2 imp=1.5 lam_imp=0.2: [Errno 2] No such file or directory: '/project/6014832/mforooz/EpiDenoise/sandbox/autoresearch/may31/train.py'
[13:27:16] ERROR s2 imp=1.5 lam_imp=0.2: [Errno 2] No such file or directory: '/project/6014832/mforooz/EpiDenoise/sandbox/autoresearch/may31/train.py'
[13:27:16] ERROR s2 calib=log2 lam_imp=0.2: [Errno 2] No such file or directory: '/project/6014832/mforooz/EpiDenoise/sandbox/autoresearch/may31/train.py'
[13:27:16] ERROR s2 calib=log2 lam_imp=0.2: [Errno 2] No such file or directory: '/project/6014832/mforooz/EpiDenoise/sandbox/autoresearch/may31/train.py'
[13:27:17] ERROR s2 vb_meta lam_imp=0.2: [Errno 2] No such file or directory: '/project/6014832/mforooz/EpiDenoise/sandbox/autoresearch/may31/train.py'
[13:27:17] ERROR s2 vb_meta lam_imp=0.2: [Errno 2] No such file or directory: '/project/6014832/mforooz/EpiDenoise/sandbox/autoresearch/may31/train.py'
[13:27:17] ERROR s2 signal_transform=none lam_imp=0.2: [Errno 2] No such file or directory: '/project/6014832/mforooz/EpiDenoise/sandbox/autoresearch/may31/train.py'
[13:27:17] ERROR s2 signal_transform=none lam_imp=0.2: [Errno 2] No such file or directory: '/project/6014832/mforooz/EpiDenoise/sandbox/autoresearch/may31/train.py'
[13:27:17] ERROR s2 signal_transform=arcsinh lam_imp=0.2: [Errno 2] No such file or directory: '/project/6014832/mforooz/EpiDenoise/sandbox/autoresearch/may31/train.py'
[13:27:17] ERROR s2 signal_transform=arcsinh lam_imp=0.2: [Errno 2] No such file or directory: '/project/6014832/mforooz/EpiDenoise/sandbox/autoresearch/may31/train.py'
[13:27:17] ERROR s2 lam_imp=0.05: [Errno 2] No such file or directory: '/project/6014832/mforooz/EpiDenoise/sandbox/autoresearch/may31/train.py'
[13:27:17] ERROR s2 lam_imp=0.05: [Errno 2] No such file or directory: '/project/6014832/mforooz/EpiDenoise/sandbox/autoresearch/may31/train.py'
[13:27:18] ERROR s2 lam_imp=0.05 vb_meta: [Errno 2] No such file or directory: '/project/6014832/mforooz/EpiDenoise/sandbox/autoresearch/may31/train.py'
[13:27:18] ERROR s2 lam_imp=0.05 vb_meta: [Errno 2] No such file or directory: '/project/6014832/mforooz/EpiDenoise/sandbox/autoresearch/may31/train.py'
[13:27:18] ERROR s2 lam_imp=0.05 calib=log2: [Errno 2] No such file or directory: '/project/6014832/mforooz/EpiDenoise/sandbox/autoresearch/may31/train.py'
[13:27:18] ERROR s2 lam_imp=0.05 calib=log2: [Errno 2] No such file or directory: '/project/6014832/mforooz/EpiDenoise/sandbox/autoresearch/may31/train.py'
[13:27:18] ERROR s2 lam_imp=0.1 imp=0.75: [Errno 2] No such file or directory: '/project/6014832/mforooz/EpiDenoise/sandbox/autoresearch/may31/train.py'
[13:27:18] ERROR s2 lam_imp=0.1 imp=0.75: [Errno 2] No such file or directory: '/project/6014832/mforooz/EpiDenoise/sandbox/autoresearch/may31/train.py'
[13:27:18] ERROR s2 lam_imp=0.1 imp=1.0: [Errno 2] No such file or directory: '/project/6014832/mforooz/EpiDenoise/sandbox/autoresearch/may31/train.py'
[13:27:18] ERROR s2 lam_imp=0.1 imp=1.0: [Errno 2] No such file or directory: '/project/6014832/mforooz/EpiDenoise/sandbox/autoresearch/may31/train.py'
[13:27:18] ERROR s2 lam_imp=0.1 vb_meta: [Errno 2] No such file or directory: '/project/6014832/mforooz/EpiDenoise/sandbox/autoresearch/may31/train.py'
[13:27:18] ERROR s2 lam_imp=0.1 vb_meta: [Errno 2] No such file or directory: '/project/6014832/mforooz/EpiDenoise/sandbox/autoresearch/may31/train.py'
[13:27:19] ERROR s2 lam_imp=0.1 calib=log2: [Errno 2] No such file or directory: '/project/6014832/mforooz/EpiDenoise/sandbox/autoresearch/may31/train.py'
[13:27:19] ERROR s2 lam_imp=0.1 calib=log2: [Errno 2] No such file or directory: '/project/6014832/mforooz/EpiDenoise/sandbox/autoresearch/may31/train.py'
[13:27:19] ERROR s2 vb_meta only: [Errno 2] No such file or directory: '/project/6014832/mforooz/EpiDenoise/sandbox/autoresearch/may31/train.py'
[13:27:19] ERROR s2 vb_meta only: [Errno 2] No such file or directory: '/project/6014832/mforooz/EpiDenoise/sandbox/autoresearch/may31/train.py'
[13:27:19] ERROR s2 imp=0.75 no mse_imp: [Errno 2] No such file or directory: '/project/6014832/mforooz/EpiDenoise/sandbox/autoresearch/may31/train.py'
[13:27:19] ERROR s2 imp=0.75 no mse_imp: [Errno 2] No such file or directory: '/project/6014832/mforooz/EpiDenoise/sandbox/autoresearch/may31/train.py'
[13:27:19] ERROR s2 imp=1.0 no mse_imp: [Errno 2] No such file or directory: '/project/6014832/mforooz/EpiDenoise/sandbox/autoresearch/may31/train.py'
[13:27:19] ERROR s2 imp=1.0 no mse_imp: [Errno 2] No such file or directory: '/project/6014832/mforooz/EpiDenoise/sandbox/autoresearch/may31/train.py'
[13:27:20] ERROR s2 imp=1.5 no mse_imp: [Errno 2] No such file or directory: '/project/6014832/mforooz/EpiDenoise/sandbox/autoresearch/may31/train.py'
[13:27:20] ERROR s2 imp=1.5 no mse_imp: [Errno 2] No such file or directory: '/project/6014832/mforooz/EpiDenoise/sandbox/autoresearch/may31/train.py'
[13:27:20] ERROR s2 lam_imp=0.02: [Errno 2] No such file or directory: '/project/6014832/mforooz/EpiDenoise/sandbox/autoresearch/may31/train.py'
[13:27:20] ERROR s2 lam_imp=0.02: [Errno 2] No such file or directory: '/project/6014832/mforooz/EpiDenoise/sandbox/autoresearch/may31/train.py'
[13:27:20] ERROR s2 lam_imp=0.02 vb_meta: [Errno 2] No such file or directory: '/project/6014832/mforooz/EpiDenoise/sandbox/autoresearch/may31/train.py'
[13:27:20] ERROR s2 lam_imp=0.02 vb_meta: [Errno 2] No such file or directory: '/project/6014832/mforooz/EpiDenoise/sandbox/autoresearch/may31/train.py'
[13:27:20] cycle had no improvement; continuing anyway
[13:27:20] cycle had no improvement; continuing anyway
[13:27:21] --- cycle 15 ---
[13:27:21] --- cycle 15 ---
[13:27:21] ERROR s2 imp=0.75 lam_imp=0.2: [Errno 2] No such file or directory: '/project/6014832/mforooz/EpiDenoise/sandbox/autoresearch/may31/train.py'
[13:27:21] ERROR s2 imp=0.75 lam_imp=0.2: [Errno 2] No such file or directory: '/project/6014832/mforooz/EpiDenoise/sandbox/autoresearch/may31/train.py'
[13:27:21] ERROR s2 imp=1.0 lam_imp=0.2: [Errno 2] No such file or directory: '/project/6014832/mforooz/EpiDenoise/sandbox/autoresearch/may31/train.py'
[13:27:21] ERROR s2 imp=1.0 lam_imp=0.2: [Errno 2] No such file or directory: '/project/6014832/mforooz/EpiDenoise/sandbox/autoresearch/may31/train.py'
[13:27:22] ERROR s2 imp=1.5 lam_imp=0.2: [Errno 2] No such file or directory: '/project/6014832/mforooz/EpiDenoise/sandbox/autoresearch/may31/train.py'
[13:27:22] ERROR s2 imp=1.5 lam_imp=0.2: [Errno 2] No such file or directory: '/project/6014832/mforooz/EpiDenoise/sandbox/autoresearch/may31/train.py'
[13:27:22] ERROR s2 calib=log2 lam_imp=0.2: [Errno 2] No such file or directory: '/project/6014832/mforooz/EpiDenoise/sandbox/autoresearch/may31/train.py'
[13:27:22] ERROR s2 calib=log2 lam_imp=0.2: [Errno 2] No such file or directory: '/project/6014832/mforooz/EpiDenoise/sandbox/autoresearch/may31/train.py'
[13:27:22] ERROR s2 vb_meta lam_imp=0.2: [Errno 2] No such file or directory: '/project/6014832/mforooz/EpiDenoise/sandbox/autoresearch/may31/train.py'
[13:27:22] ERROR s2 vb_meta lam_imp=0.2: [Errno 2] No such file or directory: '/project/6014832/mforooz/EpiDenoise/sandbox/autoresearch/may31/train.py'
[13:27:22] ERROR s2 signal_transform=none lam_imp=0.2: [Errno 2] No such file or directory: '/project/6014832/mforooz/EpiDenoise/sandbox/autoresearch/may31/train.py'
[13:27:22] ERROR s2 signal_transform=none lam_imp=0.2: [Errno 2] No such file or directory: '/project/6014832/mforooz/EpiDenoise/sandbox/autoresearch/may31/train.py'
[13:27:22] ERROR s2 signal_transform=arcsinh lam_imp=0.2: [Errno 2] No such file or directory: '/project/6014832/mforooz/EpiDenoise/sandbox/autoresearch/may31/train.py'
[13:27:22] ERROR s2 signal_transform=arcsinh lam_imp=0.2: [Errno 2] No such file or directory: '/project/6014832/mforooz/EpiDenoise/sandbox/autoresearch/may31/train.py'
[13:27:23] ERROR s2 lam_imp=0.05: [Errno 2] No such file or directory: '/project/6014832/mforooz/EpiDenoise/sandbox/autoresearch/may31/train.py'
[13:27:23] ERROR s2 lam_imp=0.05: [Errno 2] No such file or directory: '/project/6014832/mforooz/EpiDenoise/sandbox/autoresearch/may31/train.py'
[13:27:23] ERROR s2 lam_imp=0.05 vb_meta: [Errno 2] No such file or directory: '/project/6014832/mforooz/EpiDenoise/sandbox/autoresearch/may31/train.py'
[13:27:23] ERROR s2 lam_imp=0.05 vb_meta: [Errno 2] No such file or directory: '/project/6014832/mforooz/EpiDenoise/sandbox/autoresearch/may31/train.py'
[13:27:23] ERROR s2 lam_imp=0.05 calib=log2: [Errno 2] No such file or directory: '/project/6014832/mforooz/EpiDenoise/sandbox/autoresearch/may31/train.py'
[13:27:23] ERROR s2 lam_imp=0.05 calib=log2: [Errno 2] No such file or directory: '/project/6014832/mforooz/EpiDenoise/sandbox/autoresearch/may31/train.py'
[13:27:23] ERROR s2 lam_imp=0.1 imp=0.75: [Errno 2] No such file or directory: '/project/6014832/mforooz/EpiDenoise/sandbox/autoresearch/may31/train.py'
[13:27:23] ERROR s2 lam_imp=0.1 imp=0.75: [Errno 2] No such file or directory: '/project/6014832/mforooz/EpiDenoise/sandbox/autoresearch/may31/train.py'
[13:27:23] ERROR s2 lam_imp=0.1 imp=1.0: [Errno 2] No such file or directory: '/project/6014832/mforooz/EpiDenoise/sandbox/autoresearch/may31/train.py'
[13:27:23] ERROR s2 lam_imp=0.1 imp=1.0: [Errno 2] No such file or directory: '/project/6014832/mforooz/EpiDenoise/sandbox/autoresearch/may31/train.py'
[13:27:24] ERROR s2 lam_imp=0.1 vb_meta: [Errno 2] No such file or directory: '/project/6014832/mforooz/EpiDenoise/sandbox/autoresearch/may31/train.py'
[13:27:24] ERROR s2 lam_imp=0.1 vb_meta: [Errno 2] No such file or directory: '/project/6014832/mforooz/EpiDenoise/sandbox/autoresearch/may31/train.py'
[13:27:24] ERROR s2 lam_imp=0.1 calib=log2: [Errno 2] No such file or directory: '/project/6014832/mforooz/EpiDenoise/sandbox/autoresearch/may31/train.py'
[13:27:24] ERROR s2 lam_imp=0.1 calib=log2: [Errno 2] No such file or directory: '/project/6014832/mforooz/EpiDenoise/sandbox/autoresearch/may31/train.py'
[13:27:24] ERROR s2 vb_meta only: [Errno 2] No such file or directory: '/project/6014832/mforooz/EpiDenoise/sandbox/autoresearch/may31/train.py'
[13:27:24] ERROR s2 vb_meta only: [Errno 2] No such file or directory: '/project/6014832/mforooz/EpiDenoise/sandbox/autoresearch/may31/train.py'
[13:27:24] ERROR s2 imp=0.75 no mse_imp: [Errno 2] No such file or directory: '/project/6014832/mforooz/EpiDenoise/sandbox/autoresearch/may31/train.py'
[13:27:24] ERROR s2 imp=0.75 no mse_imp: [Errno 2] No such file or directory: '/project/6014832/mforooz/EpiDenoise/sandbox/autoresearch/may31/train.py'
[13:27:24] ERROR s2 imp=1.0 no mse_imp: [Errno 2] No such file or directory: '/project/6014832/mforooz/EpiDenoise/sandbox/autoresearch/may31/train.py'
[13:27:24] ERROR s2 imp=1.0 no mse_imp: [Errno 2] No such file or directory: '/project/6014832/mforooz/EpiDenoise/sandbox/autoresearch/may31/train.py'
[13:27:25] ERROR s2 imp=1.5 no mse_imp: [Errno 2] No such file or directory: '/project/6014832/mforooz/EpiDenoise/sandbox/autoresearch/may31/train.py'
[13:27:25] ERROR s2 imp=1.5 no mse_imp: [Errno 2] No such file or directory: '/project/6014832/mforooz/EpiDenoise/sandbox/autoresearch/may31/train.py'
[13:27:25] ERROR s2 lam_imp=0.02: [Errno 2] No such file or directory: '/project/6014832/mforooz/EpiDenoise/sandbox/autoresearch/may31/train.py'
[13:27:25] ERROR s2 lam_imp=0.02: [Errno 2] No such file or directory: '/project/6014832/mforooz/EpiDenoise/sandbox/autoresearch/may31/train.py'
[13:27:25] ERROR s2 lam_imp=0.02 vb_meta: [Errno 2] No such file or directory: '/project/6014832/mforooz/EpiDenoise/sandbox/autoresearch/may31/train.py'
[13:27:25] ERROR s2 lam_imp=0.02 vb_meta: [Errno 2] No such file or directory: '/project/6014832/mforooz/EpiDenoise/sandbox/autoresearch/may31/train.py'
[13:27:25] cycle had no improvement; continuing anyway
[13:27:25] cycle had no improvement; continuing anyway
[13:27:26] --- cycle 16 ---
[13:27:26] --- cycle 16 ---
[13:27:26] ERROR s2 imp=0.75 lam_imp=0.2: [Errno 2] No such file or directory: '/project/6014832/mforooz/EpiDenoise/sandbox/autoresearch/may31/train.py'
[13:27:26] ERROR s2 imp=0.75 lam_imp=0.2: [Errno 2] No such file or directory: '/project/6014832/mforooz/EpiDenoise/sandbox/autoresearch/may31/train.py'
[13:27:26] ERROR s2 imp=1.0 lam_imp=0.2: [Errno 2] No such file or directory: '/project/6014832/mforooz/EpiDenoise/sandbox/autoresearch/may31/train.py'
[13:27:26] ERROR s2 imp=1.0 lam_imp=0.2: [Errno 2] No such file or directory: '/project/6014832/mforooz/EpiDenoise/sandbox/autoresearch/may31/train.py'
[13:27:27] ERROR s2 imp=1.5 lam_imp=0.2: [Errno 2] No such file or directory: '/project/6014832/mforooz/EpiDenoise/sandbox/autoresearch/may31/train.py'
[13:27:27] ERROR s2 imp=1.5 lam_imp=0.2: [Errno 2] No such file or directory: '/project/6014832/mforooz/EpiDenoise/sandbox/autoresearch/may31/train.py'
[13:27:27] ERROR s2 calib=log2 lam_imp=0.2: [Errno 2] No such file or directory: '/project/6014832/mforooz/EpiDenoise/sandbox/autoresearch/may31/train.py'
[13:27:27] ERROR s2 calib=log2 lam_imp=0.2: [Errno 2] No such file or directory: '/project/6014832/mforooz/EpiDenoise/sandbox/autoresearch/may31/train.py'
[13:27:27] ERROR s2 vb_meta lam_imp=0.2: [Errno 2] No such file or directory: '/project/6014832/mforooz/EpiDenoise/sandbox/autoresearch/may31/train.py'
[13:27:27] ERROR s2 vb_meta lam_imp=0.2: [Errno 2] No such file or directory: '/project/6014832/mforooz/EpiDenoise/sandbox/autoresearch/may31/train.py'
[13:27:27] ERROR s2 signal_transform=none lam_imp=0.2: [Errno 2] No such file or directory: '/project/6014832/mforooz/EpiDenoise/sandbox/autoresearch/may31/train.py'
[13:27:27] ERROR s2 signal_transform=none lam_imp=0.2: [Errno 2] No such file or directory: '/project/6014832/mforooz/EpiDenoise/sandbox/autoresearch/may31/train.py'
[13:27:27] ERROR s2 signal_transform=arcsinh lam_imp=0.2: [Errno 2] No such file or directory: '/project/6014832/mforooz/EpiDenoise/sandbox/autoresearch/may31/train.py'
[13:27:27] ERROR s2 signal_transform=arcsinh lam_imp=0.2: [Errno 2] No such file or directory: '/project/6014832/mforooz/EpiDenoise/sandbox/autoresearch/may31/train.py'
[13:27:27] ERROR s2 lam_imp=0.05: [Errno 2] No such file or directory: '/project/6014832/mforooz/EpiDenoise/sandbox/autoresearch/may31/train.py'
[13:27:27] ERROR s2 lam_imp=0.05: [Errno 2] No such file or directory: '/project/6014832/mforooz/EpiDenoise/sandbox/autoresearch/may31/train.py'
[13:27:28] ERROR s2 lam_imp=0.05 vb_meta: [Errno 2] No such file or directory: '/project/6014832/mforooz/EpiDenoise/sandbox/autoresearch/may31/train.py'
[13:27:28] ERROR s2 lam_imp=0.05 vb_meta: [Errno 2] No such file or directory: '/project/6014832/mforooz/EpiDenoise/sandbox/autoresearch/may31/train.py'
[13:27:28] ERROR s2 lam_imp=0.05 calib=log2: [Errno 2] No such file or directory: '/project/6014832/mforooz/EpiDenoise/sandbox/autoresearch/may31/train.py'
[13:27:28] ERROR s2 lam_imp=0.05 calib=log2: [Errno 2] No such file or directory: '/project/6014832/mforooz/EpiDenoise/sandbox/autoresearch/may31/train.py'
[13:27:28] ERROR s2 lam_imp=0.1 imp=0.75: [Errno 2] No such file or directory: '/project/6014832/mforooz/EpiDenoise/sandbox/autoresearch/may31/train.py'
[13:27:28] ERROR s2 lam_imp=0.1 imp=0.75: [Errno 2] No such file or directory: '/project/6014832/mforooz/EpiDenoise/sandbox/autoresearch/may31/train.py'
[13:27:28] ERROR s2 lam_imp=0.1 imp=1.0: [Errno 2] No such file or directory: '/project/6014832/mforooz/EpiDenoise/sandbox/autoresearch/may31/train.py'
[13:27:28] ERROR s2 lam_imp=0.1 imp=1.0: [Errno 2] No such file or directory: '/project/6014832/mforooz/EpiDenoise/sandbox/autoresearch/may31/train.py'
[13:27:28] ERROR s2 lam_imp=0.1 vb_meta: [Errno 2] No such file or directory: '/project/6014832/mforooz/EpiDenoise/sandbox/autoresearch/may31/train.py'
[13:27:28] ERROR s2 lam_imp=0.1 vb_meta: [Errno 2] No such file or directory: '/project/6014832/mforooz/EpiDenoise/sandbox/autoresearch/may31/train.py'
[13:27:28] ERROR s2 lam_imp=0.1 calib=log2: [Errno 2] No such file or directory: '/project/6014832/mforooz/EpiDenoise/sandbox/autoresearch/may31/train.py'
[13:27:28] ERROR s2 lam_imp=0.1 calib=log2: [Errno 2] No such file or directory: '/project/6014832/mforooz/EpiDenoise/sandbox/autoresearch/may31/train.py'
[13:27:29] ERROR s2 vb_meta only: [Errno 2] No such file or directory: '/project/6014832/mforooz/EpiDenoise/sandbox/autoresearch/may31/train.py'
[13:27:29] ERROR s2 vb_meta only: [Errno 2] No such file or directory: '/project/6014832/mforooz/EpiDenoise/sandbox/autoresearch/may31/train.py'
[13:27:29] ERROR s2 imp=0.75 no mse_imp: [Errno 2] No such file or directory: '/project/6014832/mforooz/EpiDenoise/sandbox/autoresearch/may31/train.py'
[13:27:29] ERROR s2 imp=0.75 no mse_imp: [Errno 2] No such file or directory: '/project/6014832/mforooz/EpiDenoise/sandbox/autoresearch/may31/train.py'
[13:27:29] ERROR s2 imp=1.0 no mse_imp: [Errno 2] No such file or directory: '/project/6014832/mforooz/EpiDenoise/sandbox/autoresearch/may31/train.py'
[13:27:29] ERROR s2 imp=1.0 no mse_imp: [Errno 2] No such file or directory: '/project/6014832/mforooz/EpiDenoise/sandbox/autoresearch/may31/train.py'
[13:27:29] ERROR s2 imp=1.5 no mse_imp: [Errno 2] No such file or directory: '/project/6014832/mforooz/EpiDenoise/sandbox/autoresearch/may31/train.py'
[13:27:29] ERROR s2 imp=1.5 no mse_imp: [Errno 2] No such file or directory: '/project/6014832/mforooz/EpiDenoise/sandbox/autoresearch/may31/train.py'
[13:27:30] ERROR s2 lam_imp=0.02: [Errno 2] No such file or directory: '/project/6014832/mforooz/EpiDenoise/sandbox/autoresearch/may31/train.py'
[13:27:30] ERROR s2 lam_imp=0.02: [Errno 2] No such file or directory: '/project/6014832/mforooz/EpiDenoise/sandbox/autoresearch/may31/train.py'
[13:27:30] ERROR s2 lam_imp=0.02 vb_meta: [Errno 2] No such file or directory: '/project/6014832/mforooz/EpiDenoise/sandbox/autoresearch/may31/train.py'
[13:27:30] ERROR s2 lam_imp=0.02 vb_meta: [Errno 2] No such file or directory: '/project/6014832/mforooz/EpiDenoise/sandbox/autoresearch/may31/train.py'
[13:27:30] cycle had no improvement; continuing anyway
[13:27:30] cycle had no improvement; continuing anyway
[13:27:31] --- cycle 17 ---
[13:27:31] --- cycle 17 ---
[13:27:31] ERROR s2 imp=0.75 lam_imp=0.2: [Errno 2] No such file or directory: '/project/6014832/mforooz/EpiDenoise/sandbox/autoresearch/may31/train.py'
[13:27:31] ERROR s2 imp=0.75 lam_imp=0.2: [Errno 2] No such file or directory: '/project/6014832/mforooz/EpiDenoise/sandbox/autoresearch/may31/train.py'
[13:27:31] ERROR s2 imp=1.0 lam_imp=0.2: [Errno 2] No such file or directory: '/project/6014832/mforooz/EpiDenoise/sandbox/autoresearch/may31/train.py'
[13:27:31] ERROR s2 imp=1.0 lam_imp=0.2: [Errno 2] No such file or directory: '/project/6014832/mforooz/EpiDenoise/sandbox/autoresearch/may31/train.py'
[13:27:31] ERROR s2 imp=1.5 lam_imp=0.2: [Errno 2] No such file or directory: '/project/6014832/mforooz/EpiDenoise/sandbox/autoresearch/may31/train.py'
[13:27:31] ERROR s2 imp=1.5 lam_imp=0.2: [Errno 2] No such file or directory: '/project/6014832/mforooz/EpiDenoise/sandbox/autoresearch/may31/train.py'
[13:27:31] ERROR s2 calib=log2 lam_imp=0.2: [Errno 2] No such file or directory: '/project/6014832/mforooz/EpiDenoise/sandbox/autoresearch/may31/train.py'
[13:27:31] ERROR s2 calib=log2 lam_imp=0.2: [Errno 2] No such file or directory: '/project/6014832/mforooz/EpiDenoise/sandbox/autoresearch/may31/train.py'
[13:27:32] ERROR s2 vb_meta lam_imp=0.2: [Errno 2] No such file or directory: '/project/6014832/mforooz/EpiDenoise/sandbox/autoresearch/may31/train.py'
[13:27:32] ERROR s2 vb_meta lam_imp=0.2: [Errno 2] No such file or directory: '/project/6014832/mforooz/EpiDenoise/sandbox/autoresearch/may31/train.py'
[13:27:32] ERROR s2 signal_transform=none lam_imp=0.2: [Errno 2] No such file or directory: '/project/6014832/mforooz/EpiDenoise/sandbox/autoresearch/may31/train.py'
[13:27:32] ERROR s2 signal_transform=none lam_imp=0.2: [Errno 2] No such file or directory: '/project/6014832/mforooz/EpiDenoise/sandbox/autoresearch/may31/train.py'
[13:27:32] ERROR s2 signal_transform=arcsinh lam_imp=0.2: [Errno 2] No such file or directory: '/project/6014832/mforooz/EpiDenoise/sandbox/autoresearch/may31/train.py'
[13:27:32] ERROR s2 signal_transform=arcsinh lam_imp=0.2: [Errno 2] No such file or directory: '/project/6014832/mforooz/EpiDenoise/sandbox/autoresearch/may31/train.py'
[13:27:32] ERROR s2 lam_imp=0.05: [Errno 2] No such file or directory: '/project/6014832/mforooz/EpiDenoise/sandbox/autoresearch/may31/train.py'
[13:27:32] ERROR s2 lam_imp=0.05: [Errno 2] No such file or directory: '/project/6014832/mforooz/EpiDenoise/sandbox/autoresearch/may31/train.py'
[13:27:32] ERROR s2 lam_imp=0.05 vb_meta: [Errno 2] No such file or directory: '/project/6014832/mforooz/EpiDenoise/sandbox/autoresearch/may31/train.py'
[13:27:32] ERROR s2 lam_imp=0.05 vb_meta: [Errno 2] No such file or directory: '/project/6014832/mforooz/EpiDenoise/sandbox/autoresearch/may31/train.py'
[13:27:33] ERROR s2 lam_imp=0.05 calib=log2: [Errno 2] No such file or directory: '/project/6014832/mforooz/EpiDenoise/sandbox/autoresearch/may31/train.py'
[13:27:33] ERROR s2 lam_imp=0.05 calib=log2: [Errno 2] No such file or directory: '/project/6014832/mforooz/EpiDenoise/sandbox/autoresearch/may31/train.py'
[13:27:33] ERROR s2 lam_imp=0.1 imp=0.75: [Errno 2] No such file or directory: '/project/6014832/mforooz/EpiDenoise/sandbox/autoresearch/may31/train.py'
[13:27:33] ERROR s2 lam_imp=0.1 imp=0.75: [Errno 2] No such file or directory: '/project/6014832/mforooz/EpiDenoise/sandbox/autoresearch/may31/train.py'
[13:27:33] ERROR s2 lam_imp=0.1 imp=1.0: [Errno 2] No such file or directory: '/project/6014832/mforooz/EpiDenoise/sandbox/autoresearch/may31/train.py'
[13:27:33] ERROR s2 lam_imp=0.1 imp=1.0: [Errno 2] No such file or directory: '/project/6014832/mforooz/EpiDenoise/sandbox/autoresearch/may31/train.py'
[13:27:33] ERROR s2 lam_imp=0.1 vb_meta: [Errno 2] No such file or directory: '/project/6014832/mforooz/EpiDenoise/sandbox/autoresearch/may31/train.py'
[13:27:33] ERROR s2 lam_imp=0.1 vb_meta: [Errno 2] No such file or directory: '/project/6014832/mforooz/EpiDenoise/sandbox/autoresearch/may31/train.py'
[13:27:33] ERROR s2 lam_imp=0.1 calib=log2: [Errno 2] No such file or directory: '/project/6014832/mforooz/EpiDenoise/sandbox/autoresearch/may31/train.py'
[13:27:33] ERROR s2 lam_imp=0.1 calib=log2: [Errno 2] No such file or directory: '/project/6014832/mforooz/EpiDenoise/sandbox/autoresearch/may31/train.py'
[13:27:34] ERROR s2 vb_meta only: [Errno 2] No such file or directory: '/project/6014832/mforooz/EpiDenoise/sandbox/autoresearch/may31/train.py'
[13:27:34] ERROR s2 vb_meta only: [Errno 2] No such file or directory: '/project/6014832/mforooz/EpiDenoise/sandbox/autoresearch/may31/train.py'
[13:27:34] ERROR s2 imp=0.75 no mse_imp: [Errno 2] No such file or directory: '/project/6014832/mforooz/EpiDenoise/sandbox/autoresearch/may31/train.py'
[13:27:34] ERROR s2 imp=0.75 no mse_imp: [Errno 2] No such file or directory: '/project/6014832/mforooz/EpiDenoise/sandbox/autoresearch/may31/train.py'
[13:27:34] ERROR s2 imp=1.0 no mse_imp: [Errno 2] No such file or directory: '/project/6014832/mforooz/EpiDenoise/sandbox/autoresearch/may31/train.py'
[13:27:34] ERROR s2 imp=1.0 no mse_imp: [Errno 2] No such file or directory: '/project/6014832/mforooz/EpiDenoise/sandbox/autoresearch/may31/train.py'
[13:27:34] ERROR s2 imp=1.5 no mse_imp: [Errno 2] No such file or directory: '/project/6014832/mforooz/EpiDenoise/sandbox/autoresearch/may31/train.py'
[13:27:34] ERROR s2 imp=1.5 no mse_imp: [Errno 2] No such file or directory: '/project/6014832/mforooz/EpiDenoise/sandbox/autoresearch/may31/train.py'
[13:27:34] ERROR s2 lam_imp=0.02: [Errno 2] No such file or directory: '/project/6014832/mforooz/EpiDenoise/sandbox/autoresearch/may31/train.py'
[13:27:34] ERROR s2 lam_imp=0.02: [Errno 2] No such file or directory: '/project/6014832/mforooz/EpiDenoise/sandbox/autoresearch/may31/train.py'
[13:27:34] ERROR s2 lam_imp=0.02 vb_meta: [Errno 2] No such file or directory: '/project/6014832/mforooz/EpiDenoise/sandbox/autoresearch/may31/train.py'
[13:27:34] ERROR s2 lam_imp=0.02 vb_meta: [Errno 2] No such file or directory: '/project/6014832/mforooz/EpiDenoise/sandbox/autoresearch/may31/train.py'
[13:27:34] cycle had no improvement; continuing anyway
[13:27:34] cycle had no improvement; continuing anyway
[13:27:35] --- cycle 18 ---
[13:27:35] --- cycle 18 ---
[13:27:36] ERROR s2 imp=0.75 lam_imp=0.2: [Errno 2] No such file or directory: '/project/6014832/mforooz/EpiDenoise/sandbox/autoresearch/may31/train.py'
[13:27:36] ERROR s2 imp=0.75 lam_imp=0.2: [Errno 2] No such file or directory: '/project/6014832/mforooz/EpiDenoise/sandbox/autoresearch/may31/train.py'
[13:27:36] ERROR s2 imp=1.0 lam_imp=0.2: [Errno 2] No such file or directory: '/project/6014832/mforooz/EpiDenoise/sandbox/autoresearch/may31/train.py'
[13:27:36] ERROR s2 imp=1.0 lam_imp=0.2: [Errno 2] No such file or directory: '/project/6014832/mforooz/EpiDenoise/sandbox/autoresearch/may31/train.py'
[13:27:36] ERROR s2 imp=1.5 lam_imp=0.2: [Errno 2] No such file or directory: '/project/6014832/mforooz/EpiDenoise/sandbox/autoresearch/may31/train.py'
[13:27:36] ERROR s2 imp=1.5 lam_imp=0.2: [Errno 2] No such file or directory: '/project/6014832/mforooz/EpiDenoise/sandbox/autoresearch/may31/train.py'
[13:27:36] ERROR s2 calib=log2 lam_imp=0.2: [Errno 2] No such file or directory: '/project/6014832/mforooz/EpiDenoise/sandbox/autoresearch/may31/train.py'
[13:27:36] ERROR s2 calib=log2 lam_imp=0.2: [Errno 2] No such file or directory: '/project/6014832/mforooz/EpiDenoise/sandbox/autoresearch/may31/train.py'
[13:27:36] ERROR s2 vb_meta lam_imp=0.2: [Errno 2] No such file or directory: '/project/6014832/mforooz/EpiDenoise/sandbox/autoresearch/may31/train.py'
[13:27:36] ERROR s2 vb_meta lam_imp=0.2: [Errno 2] No such file or directory: '/project/6014832/mforooz/EpiDenoise/sandbox/autoresearch/may31/train.py'
[13:27:37] ERROR s2 signal_transform=none lam_imp=0.2: [Errno 2] No such file or directory: '/project/6014832/mforooz/EpiDenoise/sandbox/autoresearch/may31/train.py'
[13:27:37] ERROR s2 signal_transform=none lam_imp=0.2: [Errno 2] No such file or directory: '/project/6014832/mforooz/EpiDenoise/sandbox/autoresearch/may31/train.py'
[13:27:37] ERROR s2 signal_transform=arcsinh lam_imp=0.2: [Errno 2] No such file or directory: '/project/6014832/mforooz/EpiDenoise/sandbox/autoresearch/may31/train.py'
[13:27:37] ERROR s2 signal_transform=arcsinh lam_imp=0.2: [Errno 2] No such file or directory: '/project/6014832/mforooz/EpiDenoise/sandbox/autoresearch/may31/train.py'
[13:27:37] ERROR s2 lam_imp=0.05: [Errno 2] No such file or directory: '/project/6014832/mforooz/EpiDenoise/sandbox/autoresearch/may31/train.py'
[13:27:37] ERROR s2 lam_imp=0.05: [Errno 2] No such file or directory: '/project/6014832/mforooz/EpiDenoise/sandbox/autoresearch/may31/train.py'
[13:27:37] ERROR s2 lam_imp=0.05 vb_meta: [Errno 2] No such file or directory: '/project/6014832/mforooz/EpiDenoise/sandbox/autoresearch/may31/train.py'
[13:27:37] ERROR s2 lam_imp=0.05 vb_meta: [Errno 2] No such file or directory: '/project/6014832/mforooz/EpiDenoise/sandbox/autoresearch/may31/train.py'
[13:27:37] ERROR s2 lam_imp=0.05 calib=log2: [Errno 2] No such file or directory: '/project/6014832/mforooz/EpiDenoise/sandbox/autoresearch/may31/train.py'
[13:27:37] ERROR s2 lam_imp=0.05 calib=log2: [Errno 2] No such file or directory: '/project/6014832/mforooz/EpiDenoise/sandbox/autoresearch/may31/train.py'
[13:27:37] ERROR s2 lam_imp=0.1 imp=0.75: [Errno 2] No such file or directory: '/project/6014832/mforooz/EpiDenoise/sandbox/autoresearch/may31/train.py'
[13:27:37] ERROR s2 lam_imp=0.1 imp=0.75: [Errno 2] No such file or directory: '/project/6014832/mforooz/EpiDenoise/sandbox/autoresearch/may31/train.py'
[13:27:38] ERROR s2 lam_imp=0.1 imp=1.0: [Errno 2] No such file or directory: '/project/6014832/mforooz/EpiDenoise/sandbox/autoresearch/may31/train.py'
[13:27:38] ERROR s2 lam_imp=0.1 imp=1.0: [Errno 2] No such file or directory: '/project/6014832/mforooz/EpiDenoise/sandbox/autoresearch/may31/train.py'
[13:27:38] ERROR s2 lam_imp=0.1 vb_meta: [Errno 2] No such file or directory: '/project/6014832/mforooz/EpiDenoise/sandbox/autoresearch/may31/train.py'
[13:27:38] ERROR s2 lam_imp=0.1 vb_meta: [Errno 2] No such file or directory: '/project/6014832/mforooz/EpiDenoise/sandbox/autoresearch/may31/train.py'
[13:27:38] ERROR s2 lam_imp=0.1 calib=log2: [Errno 2] No such file or directory: '/project/6014832/mforooz/EpiDenoise/sandbox/autoresearch/may31/train.py'
[13:27:38] ERROR s2 lam_imp=0.1 calib=log2: [Errno 2] No such file or directory: '/project/6014832/mforooz/EpiDenoise/sandbox/autoresearch/may31/train.py'
[13:27:38] ERROR s2 vb_meta only: [Errno 2] No such file or directory: '/project/6014832/mforooz/EpiDenoise/sandbox/autoresearch/may31/train.py'
[13:27:38] ERROR s2 vb_meta only: [Errno 2] No such file or directory: '/project/6014832/mforooz/EpiDenoise/sandbox/autoresearch/may31/train.py'
[13:27:39] ERROR s2 imp=0.75 no mse_imp: [Errno 2] No such file or directory: '/project/6014832/mforooz/EpiDenoise/sandbox/autoresearch/may31/train.py'
[13:27:39] ERROR s2 imp=0.75 no mse_imp: [Errno 2] No such file or directory: '/project/6014832/mforooz/EpiDenoise/sandbox/autoresearch/may31/train.py'
[13:27:39] ERROR s2 imp=1.0 no mse_imp: [Errno 2] No such file or directory: '/project/6014832/mforooz/EpiDenoise/sandbox/autoresearch/may31/train.py'
[13:27:39] ERROR s2 imp=1.0 no mse_imp: [Errno 2] No such file or directory: '/project/6014832/mforooz/EpiDenoise/sandbox/autoresearch/may31/train.py'
[13:27:39] ERROR s2 imp=1.5 no mse_imp: [Errno 2] No such file or directory: '/project/6014832/mforooz/EpiDenoise/sandbox/autoresearch/may31/train.py'
[13:27:39] ERROR s2 imp=1.5 no mse_imp: [Errno 2] No such file or directory: '/project/6014832/mforooz/EpiDenoise/sandbox/autoresearch/may31/train.py'
[13:27:39] ERROR s2 lam_imp=0.02: [Errno 2] No such file or directory: '/project/6014832/mforooz/EpiDenoise/sandbox/autoresearch/may31/train.py'
[13:27:39] ERROR s2 lam_imp=0.02: [Errno 2] No such file or directory: '/project/6014832/mforooz/EpiDenoise/sandbox/autoresearch/may31/train.py'
[13:27:39] ERROR s2 lam_imp=0.02 vb_meta: [Errno 2] No such file or directory: '/project/6014832/mforooz/EpiDenoise/sandbox/autoresearch/may31/train.py'
[13:27:39] ERROR s2 lam_imp=0.02 vb_meta: [Errno 2] No such file or directory: '/project/6014832/mforooz/EpiDenoise/sandbox/autoresearch/may31/train.py'
[13:27:40] cycle had no improvement; continuing anyway
[13:27:40] cycle had no improvement; continuing anyway
[13:27:41] --- cycle 19 ---
[13:27:41] --- cycle 19 ---
[13:27:41] ERROR s2 imp=0.75 lam_imp=0.2: [Errno 2] No such file or directory: '/project/6014832/mforooz/EpiDenoise/sandbox/autoresearch/may31/train.py'
[13:27:41] ERROR s2 imp=0.75 lam_imp=0.2: [Errno 2] No such file or directory: '/project/6014832/mforooz/EpiDenoise/sandbox/autoresearch/may31/train.py'
[13:27:41] ERROR s2 imp=1.0 lam_imp=0.2: [Errno 2] No such file or directory: '/project/6014832/mforooz/EpiDenoise/sandbox/autoresearch/may31/train.py'
[13:27:41] ERROR s2 imp=1.0 lam_imp=0.2: [Errno 2] No such file or directory: '/project/6014832/mforooz/EpiDenoise/sandbox/autoresearch/may31/train.py'
[13:27:41] ERROR s2 imp=1.5 lam_imp=0.2: [Errno 2] No such file or directory: '/project/6014832/mforooz/EpiDenoise/sandbox/autoresearch/may31/train.py'
[13:27:41] ERROR s2 imp=1.5 lam_imp=0.2: [Errno 2] No such file or directory: '/project/6014832/mforooz/EpiDenoise/sandbox/autoresearch/may31/train.py'
[13:27:41] ERROR s2 calib=log2 lam_imp=0.2: [Errno 2] No such file or directory: '/project/6014832/mforooz/EpiDenoise/sandbox/autoresearch/may31/train.py'
[13:27:41] ERROR s2 calib=log2 lam_imp=0.2: [Errno 2] No such file or directory: '/project/6014832/mforooz/EpiDenoise/sandbox/autoresearch/may31/train.py'
[13:27:41] ERROR s2 vb_meta lam_imp=0.2: [Errno 2] No such file or directory: '/project/6014832/mforooz/EpiDenoise/sandbox/autoresearch/may31/train.py'
[13:27:41] ERROR s2 vb_meta lam_imp=0.2: [Errno 2] No such file or directory: '/project/6014832/mforooz/EpiDenoise/sandbox/autoresearch/may31/train.py'
[13:27:42] ERROR s2 signal_transform=none lam_imp=0.2: [Errno 2] No such file or directory: '/project/6014832/mforooz/EpiDenoise/sandbox/autoresearch/may31/train.py'
[13:27:42] ERROR s2 signal_transform=none lam_imp=0.2: [Errno 2] No such file or directory: '/project/6014832/mforooz/EpiDenoise/sandbox/autoresearch/may31/train.py'
[13:27:42] ERROR s2 signal_transform=arcsinh lam_imp=0.2: [Errno 2] No such file or directory: '/project/6014832/mforooz/EpiDenoise/sandbox/autoresearch/may31/train.py'
[13:27:42] ERROR s2 signal_transform=arcsinh lam_imp=0.2: [Errno 2] No such file or directory: '/project/6014832/mforooz/EpiDenoise/sandbox/autoresearch/may31/train.py'
[13:27:42] ERROR s2 lam_imp=0.05: [Errno 2] No such file or directory: '/project/6014832/mforooz/EpiDenoise/sandbox/autoresearch/may31/train.py'
[13:27:42] ERROR s2 lam_imp=0.05: [Errno 2] No such file or directory: '/project/6014832/mforooz/EpiDenoise/sandbox/autoresearch/may31/train.py'
[13:27:42] ERROR s2 lam_imp=0.05 vb_meta: [Errno 2] No such file or directory: '/project/6014832/mforooz/EpiDenoise/sandbox/autoresearch/may31/train.py'
[13:27:42] ERROR s2 lam_imp=0.05 vb_meta: [Errno 2] No such file or directory: '/project/6014832/mforooz/EpiDenoise/sandbox/autoresearch/may31/train.py'
[13:27:42] ERROR s2 lam_imp=0.05 calib=log2: [Errno 2] No such file or directory: '/project/6014832/mforooz/EpiDenoise/sandbox/autoresearch/may31/train.py'
[13:27:42] ERROR s2 lam_imp=0.05 calib=log2: [Errno 2] No such file or directory: '/project/6014832/mforooz/EpiDenoise/sandbox/autoresearch/may31/train.py'
[13:27:42] ERROR s2 lam_imp=0.1 imp=0.75: [Errno 2] No such file or directory: '/project/6014832/mforooz/EpiDenoise/sandbox/autoresearch/may31/train.py'
[13:27:42] ERROR s2 lam_imp=0.1 imp=0.75: [Errno 2] No such file or directory: '/project/6014832/mforooz/EpiDenoise/sandbox/autoresearch/may31/train.py'
[13:27:43] ERROR s2 lam_imp=0.1 imp=1.0: [Errno 2] No such file or directory: '/project/6014832/mforooz/EpiDenoise/sandbox/autoresearch/may31/train.py'
[13:27:43] ERROR s2 lam_imp=0.1 imp=1.0: [Errno 2] No such file or directory: '/project/6014832/mforooz/EpiDenoise/sandbox/autoresearch/may31/train.py'
[13:27:43] ERROR s2 lam_imp=0.1 vb_meta: [Errno 2] No such file or directory: '/project/6014832/mforooz/EpiDenoise/sandbox/autoresearch/may31/train.py'
[13:27:43] ERROR s2 lam_imp=0.1 vb_meta: [Errno 2] No such file or directory: '/project/6014832/mforooz/EpiDenoise/sandbox/autoresearch/may31/train.py'
[13:27:43] ERROR s2 lam_imp=0.1 calib=log2: [Errno 2] No such file or directory: '/project/6014832/mforooz/EpiDenoise/sandbox/autoresearch/may31/train.py'
[13:27:43] ERROR s2 lam_imp=0.1 calib=log2: [Errno 2] No such file or directory: '/project/6014832/mforooz/EpiDenoise/sandbox/autoresearch/may31/train.py'
[13:27:43] ERROR s2 vb_meta only: [Errno 2] No such file or directory: '/project/6014832/mforooz/EpiDenoise/sandbox/autoresearch/may31/train.py'
[13:27:43] ERROR s2 vb_meta only: [Errno 2] No such file or directory: '/project/6014832/mforooz/EpiDenoise/sandbox/autoresearch/may31/train.py'
[13:27:43] ERROR s2 imp=0.75 no mse_imp: [Errno 2] No such file or directory: '/project/6014832/mforooz/EpiDenoise/sandbox/autoresearch/may31/train.py'
[13:27:43] ERROR s2 imp=0.75 no mse_imp: [Errno 2] No such file or directory: '/project/6014832/mforooz/EpiDenoise/sandbox/autoresearch/may31/train.py'
[13:27:44] ERROR s2 imp=1.0 no mse_imp: [Errno 2] No such file or directory: '/project/6014832/mforooz/EpiDenoise/sandbox/autoresearch/may31/train.py'
[13:27:44] ERROR s2 imp=1.0 no mse_imp: [Errno 2] No such file or directory: '/project/6014832/mforooz/EpiDenoise/sandbox/autoresearch/may31/train.py'
[13:27:44] ERROR s2 imp=1.5 no mse_imp: [Errno 2] No such file or directory: '/project/6014832/mforooz/EpiDenoise/sandbox/autoresearch/may31/train.py'
[13:27:44] ERROR s2 imp=1.5 no mse_imp: [Errno 2] No such file or directory: '/project/6014832/mforooz/EpiDenoise/sandbox/autoresearch/may31/train.py'
[13:27:44] ERROR s2 lam_imp=0.02: [Errno 2] No such file or directory: '/project/6014832/mforooz/EpiDenoise/sandbox/autoresearch/may31/train.py'
[13:27:44] ERROR s2 lam_imp=0.02: [Errno 2] No such file or directory: '/project/6014832/mforooz/EpiDenoise/sandbox/autoresearch/may31/train.py'
[13:27:44] ERROR s2 lam_imp=0.02 vb_meta: [Errno 2] No such file or directory: '/project/6014832/mforooz/EpiDenoise/sandbox/autoresearch/may31/train.py'
[13:27:44] ERROR s2 lam_imp=0.02 vb_meta: [Errno 2] No such file or directory: '/project/6014832/mforooz/EpiDenoise/sandbox/autoresearch/may31/train.py'
[13:27:44] cycle had no improvement; continuing anyway
[13:27:44] cycle had no improvement; continuing anyway
[13:27:45] --- cycle 20 ---
[13:27:45] --- cycle 20 ---
[13:27:45] ERROR s2 imp=0.75 lam_imp=0.2: [Errno 2] No such file or directory: '/project/6014832/mforooz/EpiDenoise/sandbox/autoresearch/may31/train.py'
[13:27:45] ERROR s2 imp=0.75 lam_imp=0.2: [Errno 2] No such file or directory: '/project/6014832/mforooz/EpiDenoise/sandbox/autoresearch/may31/train.py'
[13:27:46] ERROR s2 imp=1.0 lam_imp=0.2: [Errno 2] No such file or directory: '/project/6014832/mforooz/EpiDenoise/sandbox/autoresearch/may31/train.py'
[13:27:46] ERROR s2 imp=1.0 lam_imp=0.2: [Errno 2] No such file or directory: '/project/6014832/mforooz/EpiDenoise/sandbox/autoresearch/may31/train.py'
[13:27:46] ERROR s2 imp=1.5 lam_imp=0.2: [Errno 2] No such file or directory: '/project/6014832/mforooz/EpiDenoise/sandbox/autoresearch/may31/train.py'
[13:27:46] ERROR s2 imp=1.5 lam_imp=0.2: [Errno 2] No such file or directory: '/project/6014832/mforooz/EpiDenoise/sandbox/autoresearch/may31/train.py'
[13:27:46] ERROR s2 calib=log2 lam_imp=0.2: [Errno 2] No such file or directory: '/project/6014832/mforooz/EpiDenoise/sandbox/autoresearch/may31/train.py'
[13:27:46] ERROR s2 calib=log2 lam_imp=0.2: [Errno 2] No such file or directory: '/project/6014832/mforooz/EpiDenoise/sandbox/autoresearch/may31/train.py'
[13:27:46] ERROR s2 vb_meta lam_imp=0.2: [Errno 2] No such file or directory: '/project/6014832/mforooz/EpiDenoise/sandbox/autoresearch/may31/train.py'
[13:27:46] ERROR s2 vb_meta lam_imp=0.2: [Errno 2] No such file or directory: '/project/6014832/mforooz/EpiDenoise/sandbox/autoresearch/may31/train.py'
[13:27:47] ERROR s2 signal_transform=none lam_imp=0.2: [Errno 2] No such file or directory: '/project/6014832/mforooz/EpiDenoise/sandbox/autoresearch/may31/train.py'
[13:27:47] ERROR s2 signal_transform=none lam_imp=0.2: [Errno 2] No such file or directory: '/project/6014832/mforooz/EpiDenoise/sandbox/autoresearch/may31/train.py'
[13:27:47] ERROR s2 signal_transform=arcsinh lam_imp=0.2: [Errno 2] No such file or directory: '/project/6014832/mforooz/EpiDenoise/sandbox/autoresearch/may31/train.py'
[13:27:47] ERROR s2 signal_transform=arcsinh lam_imp=0.2: [Errno 2] No such file or directory: '/project/6014832/mforooz/EpiDenoise/sandbox/autoresearch/may31/train.py'
[13:27:47] ERROR s2 lam_imp=0.05: [Errno 2] No such file or directory: '/project/6014832/mforooz/EpiDenoise/sandbox/autoresearch/may31/train.py'
[13:27:47] ERROR s2 lam_imp=0.05: [Errno 2] No such file or directory: '/project/6014832/mforooz/EpiDenoise/sandbox/autoresearch/may31/train.py'
[13:27:47] ERROR s2 lam_imp=0.05 vb_meta: [Errno 2] No such file or directory: '/project/6014832/mforooz/EpiDenoise/sandbox/autoresearch/may31/train.py'
[13:27:47] ERROR s2 lam_imp=0.05 vb_meta: [Errno 2] No such file or directory: '/project/6014832/mforooz/EpiDenoise/sandbox/autoresearch/may31/train.py'
[13:27:47] ERROR s2 lam_imp=0.05 calib=log2: [Errno 2] No such file or directory: '/project/6014832/mforooz/EpiDenoise/sandbox/autoresearch/may31/train.py'
[13:27:47] ERROR s2 lam_imp=0.05 calib=log2: [Errno 2] No such file or directory: '/project/6014832/mforooz/EpiDenoise/sandbox/autoresearch/may31/train.py'
[13:27:48] ERROR s2 lam_imp=0.1 imp=0.75: [Errno 2] No such file or directory: '/project/6014832/mforooz/EpiDenoise/sandbox/autoresearch/may31/train.py'
[13:27:48] ERROR s2 lam_imp=0.1 imp=0.75: [Errno 2] No such file or directory: '/project/6014832/mforooz/EpiDenoise/sandbox/autoresearch/may31/train.py'
[13:27:48] ERROR s2 lam_imp=0.1 imp=1.0: [Errno 2] No such file or directory: '/project/6014832/mforooz/EpiDenoise/sandbox/autoresearch/may31/train.py'
[13:27:48] ERROR s2 lam_imp=0.1 imp=1.0: [Errno 2] No such file or directory: '/project/6014832/mforooz/EpiDenoise/sandbox/autoresearch/may31/train.py'
[13:27:48] ERROR s2 lam_imp=0.1 vb_meta: [Errno 2] No such file or directory: '/project/6014832/mforooz/EpiDenoise/sandbox/autoresearch/may31/train.py'
[13:27:48] ERROR s2 lam_imp=0.1 vb_meta: [Errno 2] No such file or directory: '/project/6014832/mforooz/EpiDenoise/sandbox/autoresearch/may31/train.py'
[13:27:48] ERROR s2 lam_imp=0.1 calib=log2: [Errno 2] No such file or directory: '/project/6014832/mforooz/EpiDenoise/sandbox/autoresearch/may31/train.py'
[13:27:48] ERROR s2 lam_imp=0.1 calib=log2: [Errno 2] No such file or directory: '/project/6014832/mforooz/EpiDenoise/sandbox/autoresearch/may31/train.py'
[13:27:48] ERROR s2 vb_meta only: [Errno 2] No such file or directory: '/project/6014832/mforooz/EpiDenoise/sandbox/autoresearch/may31/train.py'
[13:27:48] ERROR s2 vb_meta only: [Errno 2] No such file or directory: '/project/6014832/mforooz/EpiDenoise/sandbox/autoresearch/may31/train.py'
[13:27:49] ERROR s2 imp=0.75 no mse_imp: [Errno 2] No such file or directory: '/project/6014832/mforooz/EpiDenoise/sandbox/autoresearch/may31/train.py'
[13:27:49] ERROR s2 imp=0.75 no mse_imp: [Errno 2] No such file or directory: '/project/6014832/mforooz/EpiDenoise/sandbox/autoresearch/may31/train.py'
[13:27:49] ERROR s2 imp=1.0 no mse_imp: [Errno 2] No such file or directory: '/project/6014832/mforooz/EpiDenoise/sandbox/autoresearch/may31/train.py'
[13:27:49] ERROR s2 imp=1.0 no mse_imp: [Errno 2] No such file or directory: '/project/6014832/mforooz/EpiDenoise/sandbox/autoresearch/may31/train.py'
[13:27:49] ERROR s2 imp=1.5 no mse_imp: [Errno 2] No such file or directory: '/project/6014832/mforooz/EpiDenoise/sandbox/autoresearch/may31/train.py'
[13:27:49] ERROR s2 imp=1.5 no mse_imp: [Errno 2] No such file or directory: '/project/6014832/mforooz/EpiDenoise/sandbox/autoresearch/may31/train.py'
[13:27:49] ERROR s2 lam_imp=0.02: [Errno 2] No such file or directory: '/project/6014832/mforooz/EpiDenoise/sandbox/autoresearch/may31/train.py'
[13:27:49] ERROR s2 lam_imp=0.02: [Errno 2] No such file or directory: '/project/6014832/mforooz/EpiDenoise/sandbox/autoresearch/may31/train.py'
[13:27:50] ERROR s2 lam_imp=0.02 vb_meta: [Errno 2] No such file or directory: '/project/6014832/mforooz/EpiDenoise/sandbox/autoresearch/may31/train.py'
[13:27:50] ERROR s2 lam_imp=0.02 vb_meta: [Errno 2] No such file or directory: '/project/6014832/mforooz/EpiDenoise/sandbox/autoresearch/may31/train.py'
[13:27:50] cycle had no improvement; continuing anyway
[13:27:50] cycle had no improvement; continuing anyway
[13:27:51] --- cycle 21 ---
[13:27:51] --- cycle 21 ---
[13:27:51] ERROR s2 imp=0.75 lam_imp=0.2: [Errno 2] No such file or directory: '/project/6014832/mforooz/EpiDenoise/sandbox/autoresearch/may31/train.py'
[13:27:51] ERROR s2 imp=0.75 lam_imp=0.2: [Errno 2] No such file or directory: '/project/6014832/mforooz/EpiDenoise/sandbox/autoresearch/may31/train.py'
[13:27:51] ERROR s2 imp=1.0 lam_imp=0.2: [Errno 2] No such file or directory: '/project/6014832/mforooz/EpiDenoise/sandbox/autoresearch/may31/train.py'
[13:27:51] ERROR s2 imp=1.0 lam_imp=0.2: [Errno 2] No such file or directory: '/project/6014832/mforooz/EpiDenoise/sandbox/autoresearch/may31/train.py'
[13:27:51] ERROR s2 imp=1.5 lam_imp=0.2: [Errno 2] No such file or directory: '/project/6014832/mforooz/EpiDenoise/sandbox/autoresearch/may31/train.py'
[13:27:51] ERROR s2 imp=1.5 lam_imp=0.2: [Errno 2] No such file or directory: '/project/6014832/mforooz/EpiDenoise/sandbox/autoresearch/may31/train.py'
[13:27:51] ERROR s2 calib=log2 lam_imp=0.2: [Errno 2] No such file or directory: '/project/6014832/mforooz/EpiDenoise/sandbox/autoresearch/may31/train.py'
[13:27:51] ERROR s2 calib=log2 lam_imp=0.2: [Errno 2] No such file or directory: '/project/6014832/mforooz/EpiDenoise/sandbox/autoresearch/may31/train.py'
[13:27:52] ERROR s2 vb_meta lam_imp=0.2: [Errno 2] No such file or directory: '/project/6014832/mforooz/EpiDenoise/sandbox/autoresearch/may31/train.py'
[13:27:52] ERROR s2 vb_meta lam_imp=0.2: [Errno 2] No such file or directory: '/project/6014832/mforooz/EpiDenoise/sandbox/autoresearch/may31/train.py'
[13:27:52] ERROR s2 signal_transform=none lam_imp=0.2: [Errno 2] No such file or directory: '/project/6014832/mforooz/EpiDenoise/sandbox/autoresearch/may31/train.py'
[13:27:52] ERROR s2 signal_transform=none lam_imp=0.2: [Errno 2] No such file or directory: '/project/6014832/mforooz/EpiDenoise/sandbox/autoresearch/may31/train.py'
[13:27:52] ERROR s2 signal_transform=arcsinh lam_imp=0.2: [Errno 2] No such file or directory: '/project/6014832/mforooz/EpiDenoise/sandbox/autoresearch/may31/train.py'
[13:27:52] ERROR s2 signal_transform=arcsinh lam_imp=0.2: [Errno 2] No such file or directory: '/project/6014832/mforooz/EpiDenoise/sandbox/autoresearch/may31/train.py'
[13:27:52] ERROR s2 lam_imp=0.05: [Errno 2] No such file or directory: '/project/6014832/mforooz/EpiDenoise/sandbox/autoresearch/may31/train.py'
[13:27:52] ERROR s2 lam_imp=0.05: [Errno 2] No such file or directory: '/project/6014832/mforooz/EpiDenoise/sandbox/autoresearch/may31/train.py'
[13:27:52] ERROR s2 lam_imp=0.05 vb_meta: [Errno 2] No such file or directory: '/project/6014832/mforooz/EpiDenoise/sandbox/autoresearch/may31/train.py'
[13:27:52] ERROR s2 lam_imp=0.05 vb_meta: [Errno 2] No such file or directory: '/project/6014832/mforooz/EpiDenoise/sandbox/autoresearch/may31/train.py'
[13:27:53] ERROR s2 lam_imp=0.05 calib=log2: [Errno 2] No such file or directory: '/project/6014832/mforooz/EpiDenoise/sandbox/autoresearch/may31/train.py'
[13:27:53] ERROR s2 lam_imp=0.05 calib=log2: [Errno 2] No such file or directory: '/project/6014832/mforooz/EpiDenoise/sandbox/autoresearch/may31/train.py'
[13:27:53] ERROR s2 lam_imp=0.1 imp=0.75: [Errno 2] No such file or directory: '/project/6014832/mforooz/EpiDenoise/sandbox/autoresearch/may31/train.py'
[13:27:53] ERROR s2 lam_imp=0.1 imp=0.75: [Errno 2] No such file or directory: '/project/6014832/mforooz/EpiDenoise/sandbox/autoresearch/may31/train.py'
[13:27:53] ERROR s2 lam_imp=0.1 imp=1.0: [Errno 2] No such file or directory: '/project/6014832/mforooz/EpiDenoise/sandbox/autoresearch/may31/train.py'
[13:27:53] ERROR s2 lam_imp=0.1 imp=1.0: [Errno 2] No such file or directory: '/project/6014832/mforooz/EpiDenoise/sandbox/autoresearch/may31/train.py'
[13:27:53] ERROR s2 lam_imp=0.1 vb_meta: [Errno 2] No such file or directory: '/project/6014832/mforooz/EpiDenoise/sandbox/autoresearch/may31/train.py'
[13:27:53] ERROR s2 lam_imp=0.1 vb_meta: [Errno 2] No such file or directory: '/project/6014832/mforooz/EpiDenoise/sandbox/autoresearch/may31/train.py'
[13:27:53] ERROR s2 lam_imp=0.1 calib=log2: [Errno 2] No such file or directory: '/project/6014832/mforooz/EpiDenoise/sandbox/autoresearch/may31/train.py'
[13:27:53] ERROR s2 lam_imp=0.1 calib=log2: [Errno 2] No such file or directory: '/project/6014832/mforooz/EpiDenoise/sandbox/autoresearch/may31/train.py'
[13:27:53] ERROR s2 vb_meta only: [Errno 2] No such file or directory: '/project/6014832/mforooz/EpiDenoise/sandbox/autoresearch/may31/train.py'
[13:27:53] ERROR s2 vb_meta only: [Errno 2] No such file or directory: '/project/6014832/mforooz/EpiDenoise/sandbox/autoresearch/may31/train.py'
[13:27:54] ERROR s2 imp=0.75 no mse_imp: [Errno 2] No such file or directory: '/project/6014832/mforooz/EpiDenoise/sandbox/autoresearch/may31/train.py'
[13:27:54] ERROR s2 imp=0.75 no mse_imp: [Errno 2] No such file or directory: '/project/6014832/mforooz/EpiDenoise/sandbox/autoresearch/may31/train.py'
[13:27:54] ERROR s2 imp=1.0 no mse_imp: [Errno 2] No such file or directory: '/project/6014832/mforooz/EpiDenoise/sandbox/autoresearch/may31/train.py'
[13:27:54] ERROR s2 imp=1.0 no mse_imp: [Errno 2] No such file or directory: '/project/6014832/mforooz/EpiDenoise/sandbox/autoresearch/may31/train.py'
[13:27:54] ERROR s2 imp=1.5 no mse_imp: [Errno 2] No such file or directory: '/project/6014832/mforooz/EpiDenoise/sandbox/autoresearch/may31/train.py'
[13:27:54] ERROR s2 imp=1.5 no mse_imp: [Errno 2] No such file or directory: '/project/6014832/mforooz/EpiDenoise/sandbox/autoresearch/may31/train.py'
[13:27:54] ERROR s2 lam_imp=0.02: [Errno 2] No such file or directory: '/project/6014832/mforooz/EpiDenoise/sandbox/autoresearch/may31/train.py'
[13:27:54] ERROR s2 lam_imp=0.02: [Errno 2] No such file or directory: '/project/6014832/mforooz/EpiDenoise/sandbox/autoresearch/may31/train.py'
[13:27:54] ERROR s2 lam_imp=0.02 vb_meta: [Errno 2] No such file or directory: '/project/6014832/mforooz/EpiDenoise/sandbox/autoresearch/may31/train.py'
[13:27:54] ERROR s2 lam_imp=0.02 vb_meta: [Errno 2] No such file or directory: '/project/6014832/mforooz/EpiDenoise/sandbox/autoresearch/may31/train.py'
[13:27:54] cycle had no improvement; continuing anyway
[13:27:54] cycle had no improvement; continuing anyway
[13:27:55] --- cycle 22 ---
[13:27:55] --- cycle 22 ---
[13:27:55] ERROR s2 imp=0.75 lam_imp=0.2: [Errno 2] No such file or directory: '/project/6014832/mforooz/EpiDenoise/sandbox/autoresearch/may31/train.py'
[13:27:55] ERROR s2 imp=0.75 lam_imp=0.2: [Errno 2] No such file or directory: '/project/6014832/mforooz/EpiDenoise/sandbox/autoresearch/may31/train.py'
[13:27:56] ERROR s2 imp=1.0 lam_imp=0.2: [Errno 2] No such file or directory: '/project/6014832/mforooz/EpiDenoise/sandbox/autoresearch/may31/train.py'
[13:27:56] ERROR s2 imp=1.0 lam_imp=0.2: [Errno 2] No such file or directory: '/project/6014832/mforooz/EpiDenoise/sandbox/autoresearch/may31/train.py'
[13:27:56] ERROR s2 imp=1.5 lam_imp=0.2: [Errno 2] No such file or directory: '/project/6014832/mforooz/EpiDenoise/sandbox/autoresearch/may31/train.py'
[13:27:56] ERROR s2 imp=1.5 lam_imp=0.2: [Errno 2] No such file or directory: '/project/6014832/mforooz/EpiDenoise/sandbox/autoresearch/may31/train.py'
[13:27:56] ERROR s2 calib=log2 lam_imp=0.2: [Errno 2] No such file or directory: '/project/6014832/mforooz/EpiDenoise/sandbox/autoresearch/may31/train.py'
[13:27:56] ERROR s2 calib=log2 lam_imp=0.2: [Errno 2] No such file or directory: '/project/6014832/mforooz/EpiDenoise/sandbox/autoresearch/may31/train.py'
[13:27:56] ERROR s2 vb_meta lam_imp=0.2: [Errno 2] No such file or directory: '/project/6014832/mforooz/EpiDenoise/sandbox/autoresearch/may31/train.py'
[13:27:56] ERROR s2 vb_meta lam_imp=0.2: [Errno 2] No such file or directory: '/project/6014832/mforooz/EpiDenoise/sandbox/autoresearch/may31/train.py'
[13:27:56] ERROR s2 signal_transform=none lam_imp=0.2: [Errno 2] No such file or directory: '/project/6014832/mforooz/EpiDenoise/sandbox/autoresearch/may31/train.py'
[13:27:56] ERROR s2 signal_transform=none lam_imp=0.2: [Errno 2] No such file or directory: '/project/6014832/mforooz/EpiDenoise/sandbox/autoresearch/may31/train.py'
[13:27:56] ERROR s2 signal_transform=arcsinh lam_imp=0.2: [Errno 2] No such file or directory: '/project/6014832/mforooz/EpiDenoise/sandbox/autoresearch/may31/train.py'
[13:27:56] ERROR s2 signal_transform=arcsinh lam_imp=0.2: [Errno 2] No such file or directory: '/project/6014832/mforooz/EpiDenoise/sandbox/autoresearch/may31/train.py'
[13:27:57] ERROR s2 lam_imp=0.05: [Errno 2] No such file or directory: '/project/6014832/mforooz/EpiDenoise/sandbox/autoresearch/may31/train.py'
[13:27:57] ERROR s2 lam_imp=0.05: [Errno 2] No such file or directory: '/project/6014832/mforooz/EpiDenoise/sandbox/autoresearch/may31/train.py'
[13:27:57] ERROR s2 lam_imp=0.05 vb_meta: [Errno 2] No such file or directory: '/project/6014832/mforooz/EpiDenoise/sandbox/autoresearch/may31/train.py'
[13:27:57] ERROR s2 lam_imp=0.05 vb_meta: [Errno 2] No such file or directory: '/project/6014832/mforooz/EpiDenoise/sandbox/autoresearch/may31/train.py'
[13:27:57] ERROR s2 lam_imp=0.05 calib=log2: [Errno 2] No such file or directory: '/project/6014832/mforooz/EpiDenoise/sandbox/autoresearch/may31/train.py'
[13:27:57] ERROR s2 lam_imp=0.05 calib=log2: [Errno 2] No such file or directory: '/project/6014832/mforooz/EpiDenoise/sandbox/autoresearch/may31/train.py'
[13:27:57] ERROR s2 lam_imp=0.1 imp=0.75: [Errno 2] No such file or directory: '/project/6014832/mforooz/EpiDenoise/sandbox/autoresearch/may31/train.py'
[13:27:57] ERROR s2 lam_imp=0.1 imp=0.75: [Errno 2] No such file or directory: '/project/6014832/mforooz/EpiDenoise/sandbox/autoresearch/may31/train.py'
[13:27:57] ERROR s2 lam_imp=0.1 imp=1.0: [Errno 2] No such file or directory: '/project/6014832/mforooz/EpiDenoise/sandbox/autoresearch/may31/train.py'
[13:27:57] ERROR s2 lam_imp=0.1 imp=1.0: [Errno 2] No such file or directory: '/project/6014832/mforooz/EpiDenoise/sandbox/autoresearch/may31/train.py'
[13:27:57] ERROR s2 lam_imp=0.1 vb_meta: [Errno 2] No such file or directory: '/project/6014832/mforooz/EpiDenoise/sandbox/autoresearch/may31/train.py'
[13:27:57] ERROR s2 lam_imp=0.1 vb_meta: [Errno 2] No such file or directory: '/project/6014832/mforooz/EpiDenoise/sandbox/autoresearch/may31/train.py'
[13:27:58] ERROR s2 lam_imp=0.1 calib=log2: [Errno 2] No such file or directory: '/project/6014832/mforooz/EpiDenoise/sandbox/autoresearch/may31/train.py'
[13:27:58] ERROR s2 lam_imp=0.1 calib=log2: [Errno 2] No such file or directory: '/project/6014832/mforooz/EpiDenoise/sandbox/autoresearch/may31/train.py'
[13:27:58] ERROR s2 vb_meta only: [Errno 2] No such file or directory: '/project/6014832/mforooz/EpiDenoise/sandbox/autoresearch/may31/train.py'
[13:27:58] ERROR s2 vb_meta only: [Errno 2] No such file or directory: '/project/6014832/mforooz/EpiDenoise/sandbox/autoresearch/may31/train.py'
[13:27:58] ERROR s2 imp=0.75 no mse_imp: [Errno 2] No such file or directory: '/project/6014832/mforooz/EpiDenoise/sandbox/autoresearch/may31/train.py'
[13:27:58] ERROR s2 imp=0.75 no mse_imp: [Errno 2] No such file or directory: '/project/6014832/mforooz/EpiDenoise/sandbox/autoresearch/may31/train.py'
[13:27:58] ERROR s2 imp=1.0 no mse_imp: [Errno 2] No such file or directory: '/project/6014832/mforooz/EpiDenoise/sandbox/autoresearch/may31/train.py'
[13:27:58] ERROR s2 imp=1.0 no mse_imp: [Errno 2] No such file or directory: '/project/6014832/mforooz/EpiDenoise/sandbox/autoresearch/may31/train.py'
[13:27:58] ERROR s2 imp=1.5 no mse_imp: [Errno 2] No such file or directory: '/project/6014832/mforooz/EpiDenoise/sandbox/autoresearch/may31/train.py'
[13:27:58] ERROR s2 imp=1.5 no mse_imp: [Errno 2] No such file or directory: '/project/6014832/mforooz/EpiDenoise/sandbox/autoresearch/may31/train.py'
[13:27:58] ERROR s2 lam_imp=0.02: [Errno 2] No such file or directory: '/project/6014832/mforooz/EpiDenoise/sandbox/autoresearch/may31/train.py'
[13:27:58] ERROR s2 lam_imp=0.02: [Errno 2] No such file or directory: '/project/6014832/mforooz/EpiDenoise/sandbox/autoresearch/may31/train.py'
[13:27:58] ERROR s2 lam_imp=0.02 vb_meta: [Errno 2] No such file or directory: '/project/6014832/mforooz/EpiDenoise/sandbox/autoresearch/may31/train.py'
[13:27:58] ERROR s2 lam_imp=0.02 vb_meta: [Errno 2] No such file or directory: '/project/6014832/mforooz/EpiDenoise/sandbox/autoresearch/may31/train.py'
[13:27:59] cycle had no improvement; continuing anyway
[13:27:59] cycle had no improvement; continuing anyway
[13:28:00] --- cycle 23 ---
[13:28:00] --- cycle 23 ---
[13:28:00] ERROR s2 imp=0.75 lam_imp=0.2: [Errno 2] No such file or directory: '/project/6014832/mforooz/EpiDenoise/sandbox/autoresearch/may31/train.py'
[13:28:00] ERROR s2 imp=0.75 lam_imp=0.2: [Errno 2] No such file or directory: '/project/6014832/mforooz/EpiDenoise/sandbox/autoresearch/may31/train.py'
[13:28:00] ERROR s2 imp=1.0 lam_imp=0.2: [Errno 2] No such file or directory: '/project/6014832/mforooz/EpiDenoise/sandbox/autoresearch/may31/train.py'
[13:28:00] ERROR s2 imp=1.0 lam_imp=0.2: [Errno 2] No such file or directory: '/project/6014832/mforooz/EpiDenoise/sandbox/autoresearch/may31/train.py'
[13:28:00] ERROR s2 imp=1.5 lam_imp=0.2: [Errno 2] No such file or directory: '/project/6014832/mforooz/EpiDenoise/sandbox/autoresearch/may31/train.py'
[13:28:00] ERROR s2 imp=1.5 lam_imp=0.2: [Errno 2] No such file or directory: '/project/6014832/mforooz/EpiDenoise/sandbox/autoresearch/may31/train.py'
[13:28:00] ERROR s2 calib=log2 lam_imp=0.2: [Errno 2] No such file or directory: '/project/6014832/mforooz/EpiDenoise/sandbox/autoresearch/may31/train.py'
[13:28:00] ERROR s2 calib=log2 lam_imp=0.2: [Errno 2] No such file or directory: '/project/6014832/mforooz/EpiDenoise/sandbox/autoresearch/may31/train.py'
[13:28:00] ERROR s2 vb_meta lam_imp=0.2: [Errno 2] No such file or directory: '/project/6014832/mforooz/EpiDenoise/sandbox/autoresearch/may31/train.py'
[13:28:00] ERROR s2 vb_meta lam_imp=0.2: [Errno 2] No such file or directory: '/project/6014832/mforooz/EpiDenoise/sandbox/autoresearch/may31/train.py'
[13:28:00] ERROR s2 signal_transform=none lam_imp=0.2: [Errno 2] No such file or directory: '/project/6014832/mforooz/EpiDenoise/sandbox/autoresearch/may31/train.py'
[13:28:00] ERROR s2 signal_transform=none lam_imp=0.2: [Errno 2] No such file or directory: '/project/6014832/mforooz/EpiDenoise/sandbox/autoresearch/may31/train.py'
[13:28:01] ERROR s2 signal_transform=arcsinh lam_imp=0.2: [Errno 2] No such file or directory: '/project/6014832/mforooz/EpiDenoise/sandbox/autoresearch/may31/train.py'
[13:28:01] ERROR s2 signal_transform=arcsinh lam_imp=0.2: [Errno 2] No such file or directory: '/project/6014832/mforooz/EpiDenoise/sandbox/autoresearch/may31/train.py'
[13:28:01] ERROR s2 lam_imp=0.05: [Errno 2] No such file or directory: '/project/6014832/mforooz/EpiDenoise/sandbox/autoresearch/may31/train.py'
[13:28:01] ERROR s2 lam_imp=0.05: [Errno 2] No such file or directory: '/project/6014832/mforooz/EpiDenoise/sandbox/autoresearch/may31/train.py'
[13:28:01] ERROR s2 lam_imp=0.05 vb_meta: [Errno 2] No such file or directory: '/project/6014832/mforooz/EpiDenoise/sandbox/autoresearch/may31/train.py'
[13:28:01] ERROR s2 lam_imp=0.05 vb_meta: [Errno 2] No such file or directory: '/project/6014832/mforooz/EpiDenoise/sandbox/autoresearch/may31/train.py'
[13:28:01] ERROR s2 lam_imp=0.05 calib=log2: [Errno 2] No such file or directory: '/project/6014832/mforooz/EpiDenoise/sandbox/autoresearch/may31/train.py'
[13:28:01] ERROR s2 lam_imp=0.05 calib=log2: [Errno 2] No such file or directory: '/project/6014832/mforooz/EpiDenoise/sandbox/autoresearch/may31/train.py'
[13:28:01] ERROR s2 lam_imp=0.1 imp=0.75: [Errno 2] No such file or directory: '/project/6014832/mforooz/EpiDenoise/sandbox/autoresearch/may31/train.py'
[13:28:01] ERROR s2 lam_imp=0.1 imp=0.75: [Errno 2] No such file or directory: '/project/6014832/mforooz/EpiDenoise/sandbox/autoresearch/may31/train.py'
[13:28:01] ERROR s2 lam_imp=0.1 imp=1.0: [Errno 2] No such file or directory: '/project/6014832/mforooz/EpiDenoise/sandbox/autoresearch/may31/train.py'
[13:28:01] ERROR s2 lam_imp=0.1 imp=1.0: [Errno 2] No such file or directory: '/project/6014832/mforooz/EpiDenoise/sandbox/autoresearch/may31/train.py'
[13:28:02] ERROR s2 lam_imp=0.1 vb_meta: [Errno 2] No such file or directory: '/project/6014832/mforooz/EpiDenoise/sandbox/autoresearch/may31/train.py'
[13:28:02] ERROR s2 lam_imp=0.1 vb_meta: [Errno 2] No such file or directory: '/project/6014832/mforooz/EpiDenoise/sandbox/autoresearch/may31/train.py'
[13:28:02] ERROR s2 lam_imp=0.1 calib=log2: [Errno 2] No such file or directory: '/project/6014832/mforooz/EpiDenoise/sandbox/autoresearch/may31/train.py'
[13:28:02] ERROR s2 lam_imp=0.1 calib=log2: [Errno 2] No such file or directory: '/project/6014832/mforooz/EpiDenoise/sandbox/autoresearch/may31/train.py'
[13:28:02] ERROR s2 vb_meta only: [Errno 2] No such file or directory: '/project/6014832/mforooz/EpiDenoise/sandbox/autoresearch/may31/train.py'
[13:28:02] ERROR s2 vb_meta only: [Errno 2] No such file or directory: '/project/6014832/mforooz/EpiDenoise/sandbox/autoresearch/may31/train.py'
[13:28:02] ERROR s2 imp=0.75 no mse_imp: [Errno 2] No such file or directory: '/project/6014832/mforooz/EpiDenoise/sandbox/autoresearch/may31/train.py'
[13:28:02] ERROR s2 imp=0.75 no mse_imp: [Errno 2] No such file or directory: '/project/6014832/mforooz/EpiDenoise/sandbox/autoresearch/may31/train.py'
[13:28:02] ERROR s2 imp=1.0 no mse_imp: [Errno 2] No such file or directory: '/project/6014832/mforooz/EpiDenoise/sandbox/autoresearch/may31/train.py'
[13:28:02] ERROR s2 imp=1.0 no mse_imp: [Errno 2] No such file or directory: '/project/6014832/mforooz/EpiDenoise/sandbox/autoresearch/may31/train.py'
[13:28:02] ERROR s2 imp=1.5 no mse_imp: [Errno 2] No such file or directory: '/project/6014832/mforooz/EpiDenoise/sandbox/autoresearch/may31/train.py'
[13:28:02] ERROR s2 imp=1.5 no mse_imp: [Errno 2] No such file or directory: '/project/6014832/mforooz/EpiDenoise/sandbox/autoresearch/may31/train.py'
[13:28:03] ERROR s2 lam_imp=0.02: [Errno 2] No such file or directory: '/project/6014832/mforooz/EpiDenoise/sandbox/autoresearch/may31/train.py'
[13:28:03] ERROR s2 lam_imp=0.02: [Errno 2] No such file or directory: '/project/6014832/mforooz/EpiDenoise/sandbox/autoresearch/may31/train.py'
[13:28:03] ERROR s2 lam_imp=0.02 vb_meta: [Errno 2] No such file or directory: '/project/6014832/mforooz/EpiDenoise/sandbox/autoresearch/may31/train.py'
[13:28:03] ERROR s2 lam_imp=0.02 vb_meta: [Errno 2] No such file or directory: '/project/6014832/mforooz/EpiDenoise/sandbox/autoresearch/may31/train.py'
[13:28:03] cycle had no improvement; continuing anyway
[13:28:03] cycle had no improvement; continuing anyway
[13:28:04] --- cycle 24 ---
[13:28:04] --- cycle 24 ---
[13:28:04] ERROR s2 imp=0.75 lam_imp=0.2: [Errno 2] No such file or directory: '/project/6014832/mforooz/EpiDenoise/sandbox/autoresearch/may31/train.py'
[13:28:04] ERROR s2 imp=0.75 lam_imp=0.2: [Errno 2] No such file or directory: '/project/6014832/mforooz/EpiDenoise/sandbox/autoresearch/may31/train.py'
[13:28:04] ERROR s2 imp=1.0 lam_imp=0.2: [Errno 2] No such file or directory: '/project/6014832/mforooz/EpiDenoise/sandbox/autoresearch/may31/train.py'
[13:28:04] ERROR s2 imp=1.0 lam_imp=0.2: [Errno 2] No such file or directory: '/project/6014832/mforooz/EpiDenoise/sandbox/autoresearch/may31/train.py'
[13:28:04] ERROR s2 imp=1.5 lam_imp=0.2: [Errno 2] No such file or directory: '/project/6014832/mforooz/EpiDenoise/sandbox/autoresearch/may31/train.py'
[13:28:04] ERROR s2 imp=1.5 lam_imp=0.2: [Errno 2] No such file or directory: '/project/6014832/mforooz/EpiDenoise/sandbox/autoresearch/may31/train.py'
[13:28:04] ERROR s2 calib=log2 lam_imp=0.2: [Errno 2] No such file or directory: '/project/6014832/mforooz/EpiDenoise/sandbox/autoresearch/may31/train.py'
[13:28:04] ERROR s2 calib=log2 lam_imp=0.2: [Errno 2] No such file or directory: '/project/6014832/mforooz/EpiDenoise/sandbox/autoresearch/may31/train.py'
[13:28:04] ERROR s2 vb_meta lam_imp=0.2: [Errno 2] No such file or directory: '/project/6014832/mforooz/EpiDenoise/sandbox/autoresearch/may31/train.py'
[13:28:04] ERROR s2 vb_meta lam_imp=0.2: [Errno 2] No such file or directory: '/project/6014832/mforooz/EpiDenoise/sandbox/autoresearch/may31/train.py'
[13:28:05] ERROR s2 signal_transform=none lam_imp=0.2: [Errno 2] No such file or directory: '/project/6014832/mforooz/EpiDenoise/sandbox/autoresearch/may31/train.py'
[13:28:05] ERROR s2 signal_transform=none lam_imp=0.2: [Errno 2] No such file or directory: '/project/6014832/mforooz/EpiDenoise/sandbox/autoresearch/may31/train.py'
[13:28:05] ERROR s2 signal_transform=arcsinh lam_imp=0.2: [Errno 2] No such file or directory: '/project/6014832/mforooz/EpiDenoise/sandbox/autoresearch/may31/train.py'
[13:28:05] ERROR s2 signal_transform=arcsinh lam_imp=0.2: [Errno 2] No such file or directory: '/project/6014832/mforooz/EpiDenoise/sandbox/autoresearch/may31/train.py'
[13:28:05] ERROR s2 lam_imp=0.05: [Errno 2] No such file or directory: '/project/6014832/mforooz/EpiDenoise/sandbox/autoresearch/may31/train.py'
[13:28:05] ERROR s2 lam_imp=0.05: [Errno 2] No such file or directory: '/project/6014832/mforooz/EpiDenoise/sandbox/autoresearch/may31/train.py'
[13:28:05] ERROR s2 lam_imp=0.05 vb_meta: [Errno 2] No such file or directory: '/project/6014832/mforooz/EpiDenoise/sandbox/autoresearch/may31/train.py'
[13:28:05] ERROR s2 lam_imp=0.05 vb_meta: [Errno 2] No such file or directory: '/project/6014832/mforooz/EpiDenoise/sandbox/autoresearch/may31/train.py'
[13:28:05] ERROR s2 lam_imp=0.05 calib=log2: [Errno 2] No such file or directory: '/project/6014832/mforooz/EpiDenoise/sandbox/autoresearch/may31/train.py'
[13:28:05] ERROR s2 lam_imp=0.05 calib=log2: [Errno 2] No such file or directory: '/project/6014832/mforooz/EpiDenoise/sandbox/autoresearch/may31/train.py'
[13:28:06] ERROR s2 lam_imp=0.1 imp=0.75: [Errno 2] No such file or directory: '/project/6014832/mforooz/EpiDenoise/sandbox/autoresearch/may31/train.py'
[13:28:06] ERROR s2 lam_imp=0.1 imp=0.75: [Errno 2] No such file or directory: '/project/6014832/mforooz/EpiDenoise/sandbox/autoresearch/may31/train.py'
[13:28:06] ERROR s2 lam_imp=0.1 imp=1.0: [Errno 2] No such file or directory: '/project/6014832/mforooz/EpiDenoise/sandbox/autoresearch/may31/train.py'
[13:28:06] ERROR s2 lam_imp=0.1 imp=1.0: [Errno 2] No such file or directory: '/project/6014832/mforooz/EpiDenoise/sandbox/autoresearch/may31/train.py'
[13:28:06] ERROR s2 lam_imp=0.1 vb_meta: [Errno 2] No such file or directory: '/project/6014832/mforooz/EpiDenoise/sandbox/autoresearch/may31/train.py'
[13:28:06] ERROR s2 lam_imp=0.1 vb_meta: [Errno 2] No such file or directory: '/project/6014832/mforooz/EpiDenoise/sandbox/autoresearch/may31/train.py'
[13:28:06] ERROR s2 lam_imp=0.1 calib=log2: [Errno 2] No such file or directory: '/project/6014832/mforooz/EpiDenoise/sandbox/autoresearch/may31/train.py'
[13:28:06] ERROR s2 lam_imp=0.1 calib=log2: [Errno 2] No such file or directory: '/project/6014832/mforooz/EpiDenoise/sandbox/autoresearch/may31/train.py'
[13:28:06] ERROR s2 vb_meta only: [Errno 2] No such file or directory: '/project/6014832/mforooz/EpiDenoise/sandbox/autoresearch/may31/train.py'
[13:28:06] ERROR s2 vb_meta only: [Errno 2] No such file or directory: '/project/6014832/mforooz/EpiDenoise/sandbox/autoresearch/may31/train.py'
[13:28:06] ERROR s2 imp=0.75 no mse_imp: [Errno 2] No such file or directory: '/project/6014832/mforooz/EpiDenoise/sandbox/autoresearch/may31/train.py'
[13:28:06] ERROR s2 imp=0.75 no mse_imp: [Errno 2] No such file or directory: '/project/6014832/mforooz/EpiDenoise/sandbox/autoresearch/may31/train.py'
[13:28:07] ERROR s2 imp=1.0 no mse_imp: [Errno 2] No such file or directory: '/project/6014832/mforooz/EpiDenoise/sandbox/autoresearch/may31/train.py'
[13:28:07] ERROR s2 imp=1.0 no mse_imp: [Errno 2] No such file or directory: '/project/6014832/mforooz/EpiDenoise/sandbox/autoresearch/may31/train.py'
[13:28:07] ERROR s2 imp=1.5 no mse_imp: [Errno 2] No such file or directory: '/project/6014832/mforooz/EpiDenoise/sandbox/autoresearch/may31/train.py'
[13:28:07] ERROR s2 imp=1.5 no mse_imp: [Errno 2] No such file or directory: '/project/6014832/mforooz/EpiDenoise/sandbox/autoresearch/may31/train.py'
[13:28:07] ERROR s2 lam_imp=0.02: [Errno 2] No such file or directory: '/project/6014832/mforooz/EpiDenoise/sandbox/autoresearch/may31/train.py'
[13:28:07] ERROR s2 lam_imp=0.02: [Errno 2] No such file or directory: '/project/6014832/mforooz/EpiDenoise/sandbox/autoresearch/may31/train.py'
[13:28:07] ERROR s2 lam_imp=0.02 vb_meta: [Errno 2] No such file or directory: '/project/6014832/mforooz/EpiDenoise/sandbox/autoresearch/may31/train.py'
[13:28:07] ERROR s2 lam_imp=0.02 vb_meta: [Errno 2] No such file or directory: '/project/6014832/mforooz/EpiDenoise/sandbox/autoresearch/may31/train.py'
[13:28:07] cycle had no improvement; continuing anyway
[13:28:07] cycle had no improvement; continuing anyway
[13:28:08] --- cycle 25 ---
[13:28:08] --- cycle 25 ---
[13:28:08] ERROR s2 imp=0.75 lam_imp=0.2: [Errno 2] No such file or directory: '/project/6014832/mforooz/EpiDenoise/sandbox/autoresearch/may31/train.py'
[13:28:08] ERROR s2 imp=0.75 lam_imp=0.2: [Errno 2] No such file or directory: '/project/6014832/mforooz/EpiDenoise/sandbox/autoresearch/may31/train.py'
[13:28:08] ERROR s2 imp=1.0 lam_imp=0.2: [Errno 2] No such file or directory: '/project/6014832/mforooz/EpiDenoise/sandbox/autoresearch/may31/train.py'
[13:28:08] ERROR s2 imp=1.0 lam_imp=0.2: [Errno 2] No such file or directory: '/project/6014832/mforooz/EpiDenoise/sandbox/autoresearch/may31/train.py'
[13:28:09] ERROR s2 imp=1.5 lam_imp=0.2: [Errno 2] No such file or directory: '/project/6014832/mforooz/EpiDenoise/sandbox/autoresearch/may31/train.py'
[13:28:09] ERROR s2 imp=1.5 lam_imp=0.2: [Errno 2] No such file or directory: '/project/6014832/mforooz/EpiDenoise/sandbox/autoresearch/may31/train.py'
[13:28:09] ERROR s2 calib=log2 lam_imp=0.2: [Errno 2] No such file or directory: '/project/6014832/mforooz/EpiDenoise/sandbox/autoresearch/may31/train.py'
[13:28:09] ERROR s2 calib=log2 lam_imp=0.2: [Errno 2] No such file or directory: '/project/6014832/mforooz/EpiDenoise/sandbox/autoresearch/may31/train.py'
[13:28:09] ERROR s2 vb_meta lam_imp=0.2: [Errno 2] No such file or directory: '/project/6014832/mforooz/EpiDenoise/sandbox/autoresearch/may31/train.py'
[13:28:09] ERROR s2 vb_meta lam_imp=0.2: [Errno 2] No such file or directory: '/project/6014832/mforooz/EpiDenoise/sandbox/autoresearch/may31/train.py'
[13:28:09] ERROR s2 signal_transform=none lam_imp=0.2: [Errno 2] No such file or directory: '/project/6014832/mforooz/EpiDenoise/sandbox/autoresearch/may31/train.py'
[13:28:09] ERROR s2 signal_transform=none lam_imp=0.2: [Errno 2] No such file or directory: '/project/6014832/mforooz/EpiDenoise/sandbox/autoresearch/may31/train.py'
[13:28:09] ERROR s2 signal_transform=arcsinh lam_imp=0.2: [Errno 2] No such file or directory: '/project/6014832/mforooz/EpiDenoise/sandbox/autoresearch/may31/train.py'
[13:28:09] ERROR s2 signal_transform=arcsinh lam_imp=0.2: [Errno 2] No such file or directory: '/project/6014832/mforooz/EpiDenoise/sandbox/autoresearch/may31/train.py'
[13:28:10] ERROR s2 lam_imp=0.05: [Errno 2] No such file or directory: '/project/6014832/mforooz/EpiDenoise/sandbox/autoresearch/may31/train.py'
[13:28:10] ERROR s2 lam_imp=0.05: [Errno 2] No such file or directory: '/project/6014832/mforooz/EpiDenoise/sandbox/autoresearch/may31/train.py'
[13:28:10] ERROR s2 lam_imp=0.05 vb_meta: [Errno 2] No such file or directory: '/project/6014832/mforooz/EpiDenoise/sandbox/autoresearch/may31/train.py'
[13:28:10] ERROR s2 lam_imp=0.05 vb_meta: [Errno 2] No such file or directory: '/project/6014832/mforooz/EpiDenoise/sandbox/autoresearch/may31/train.py'
[13:28:10] ERROR s2 lam_imp=0.05 calib=log2: [Errno 2] No such file or directory: '/project/6014832/mforooz/EpiDenoise/sandbox/autoresearch/may31/train.py'
[13:28:10] ERROR s2 lam_imp=0.05 calib=log2: [Errno 2] No such file or directory: '/project/6014832/mforooz/EpiDenoise/sandbox/autoresearch/may31/train.py'
[13:28:10] ERROR s2 lam_imp=0.1 imp=0.75: [Errno 2] No such file or directory: '/project/6014832/mforooz/EpiDenoise/sandbox/autoresearch/may31/train.py'
[13:28:10] ERROR s2 lam_imp=0.1 imp=0.75: [Errno 2] No such file or directory: '/project/6014832/mforooz/EpiDenoise/sandbox/autoresearch/may31/train.py'
[13:28:11] ERROR s2 lam_imp=0.1 imp=1.0: [Errno 2] No such file or directory: '/project/6014832/mforooz/EpiDenoise/sandbox/autoresearch/may31/train.py'
[13:28:11] ERROR s2 lam_imp=0.1 imp=1.0: [Errno 2] No such file or directory: '/project/6014832/mforooz/EpiDenoise/sandbox/autoresearch/may31/train.py'
[13:28:11] ERROR s2 lam_imp=0.1 vb_meta: [Errno 2] No such file or directory: '/project/6014832/mforooz/EpiDenoise/sandbox/autoresearch/may31/train.py'
[13:28:11] ERROR s2 lam_imp=0.1 vb_meta: [Errno 2] No such file or directory: '/project/6014832/mforooz/EpiDenoise/sandbox/autoresearch/may31/train.py'
[13:28:11] ERROR s2 lam_imp=0.1 calib=log2: [Errno 2] No such file or directory: '/project/6014832/mforooz/EpiDenoise/sandbox/autoresearch/may31/train.py'
[13:28:11] ERROR s2 lam_imp=0.1 calib=log2: [Errno 2] No such file or directory: '/project/6014832/mforooz/EpiDenoise/sandbox/autoresearch/may31/train.py'
[13:28:11] ERROR s2 vb_meta only: [Errno 2] No such file or directory: '/project/6014832/mforooz/EpiDenoise/sandbox/autoresearch/may31/train.py'
[13:28:11] ERROR s2 vb_meta only: [Errno 2] No such file or directory: '/project/6014832/mforooz/EpiDenoise/sandbox/autoresearch/may31/train.py'
[13:28:11] ERROR s2 imp=0.75 no mse_imp: [Errno 2] No such file or directory: '/project/6014832/mforooz/EpiDenoise/sandbox/autoresearch/may31/train.py'
[13:28:11] ERROR s2 imp=0.75 no mse_imp: [Errno 2] No such file or directory: '/project/6014832/mforooz/EpiDenoise/sandbox/autoresearch/may31/train.py'
[13:28:11] ERROR s2 imp=1.0 no mse_imp: [Errno 2] No such file or directory: '/project/6014832/mforooz/EpiDenoise/sandbox/autoresearch/may31/train.py'
[13:28:11] ERROR s2 imp=1.0 no mse_imp: [Errno 2] No such file or directory: '/project/6014832/mforooz/EpiDenoise/sandbox/autoresearch/may31/train.py'
[13:28:12] ERROR s2 imp=1.5 no mse_imp: [Errno 2] No such file or directory: '/project/6014832/mforooz/EpiDenoise/sandbox/autoresearch/may31/train.py'
[13:28:12] ERROR s2 imp=1.5 no mse_imp: [Errno 2] No such file or directory: '/project/6014832/mforooz/EpiDenoise/sandbox/autoresearch/may31/train.py'
[13:28:12] ERROR s2 lam_imp=0.02: [Errno 2] No such file or directory: '/project/6014832/mforooz/EpiDenoise/sandbox/autoresearch/may31/train.py'
[13:28:12] ERROR s2 lam_imp=0.02: [Errno 2] No such file or directory: '/project/6014832/mforooz/EpiDenoise/sandbox/autoresearch/may31/train.py'
[13:28:12] ERROR s2 lam_imp=0.02 vb_meta: [Errno 2] No such file or directory: '/project/6014832/mforooz/EpiDenoise/sandbox/autoresearch/may31/train.py'
[13:28:12] ERROR s2 lam_imp=0.02 vb_meta: [Errno 2] No such file or directory: '/project/6014832/mforooz/EpiDenoise/sandbox/autoresearch/may31/train.py'
[13:28:12] cycle had no improvement; continuing anyway
[13:28:12] cycle had no improvement; continuing anyway
[13:28:13] --- cycle 26 ---
[13:28:13] --- cycle 26 ---
[13:28:13] ERROR s2 imp=0.75 lam_imp=0.2: [Errno 2] No such file or directory: '/project/6014832/mforooz/EpiDenoise/sandbox/autoresearch/may31/train.py'
[13:28:13] ERROR s2 imp=0.75 lam_imp=0.2: [Errno 2] No such file or directory: '/project/6014832/mforooz/EpiDenoise/sandbox/autoresearch/may31/train.py'
[13:28:14] ERROR s2 imp=1.0 lam_imp=0.2: [Errno 2] No such file or directory: '/project/6014832/mforooz/EpiDenoise/sandbox/autoresearch/may31/train.py'
[13:28:14] ERROR s2 imp=1.0 lam_imp=0.2: [Errno 2] No such file or directory: '/project/6014832/mforooz/EpiDenoise/sandbox/autoresearch/may31/train.py'
[13:28:14] ERROR s2 imp=1.5 lam_imp=0.2: [Errno 2] No such file or directory: '/project/6014832/mforooz/EpiDenoise/sandbox/autoresearch/may31/train.py'
[13:28:14] ERROR s2 imp=1.5 lam_imp=0.2: [Errno 2] No such file or directory: '/project/6014832/mforooz/EpiDenoise/sandbox/autoresearch/may31/train.py'
[13:28:14] ERROR s2 calib=log2 lam_imp=0.2: [Errno 2] No such file or directory: '/project/6014832/mforooz/EpiDenoise/sandbox/autoresearch/may31/train.py'
[13:28:14] ERROR s2 calib=log2 lam_imp=0.2: [Errno 2] No such file or directory: '/project/6014832/mforooz/EpiDenoise/sandbox/autoresearch/may31/train.py'
[13:28:14] ERROR s2 vb_meta lam_imp=0.2: [Errno 2] No such file or directory: '/project/6014832/mforooz/EpiDenoise/sandbox/autoresearch/may31/train.py'
[13:28:14] ERROR s2 vb_meta lam_imp=0.2: [Errno 2] No such file or directory: '/project/6014832/mforooz/EpiDenoise/sandbox/autoresearch/may31/train.py'
[13:28:14] ERROR s2 signal_transform=none lam_imp=0.2: [Errno 2] No such file or directory: '/project/6014832/mforooz/EpiDenoise/sandbox/autoresearch/may31/train.py'
[13:28:14] ERROR s2 signal_transform=none lam_imp=0.2: [Errno 2] No such file or directory: '/project/6014832/mforooz/EpiDenoise/sandbox/autoresearch/may31/train.py'
[13:28:15] ERROR s2 signal_transform=arcsinh lam_imp=0.2: [Errno 2] No such file or directory: '/project/6014832/mforooz/EpiDenoise/sandbox/autoresearch/may31/train.py'
[13:28:15] ERROR s2 signal_transform=arcsinh lam_imp=0.2: [Errno 2] No such file or directory: '/project/6014832/mforooz/EpiDenoise/sandbox/autoresearch/may31/train.py'
[13:28:15] ERROR s2 lam_imp=0.05: [Errno 2] No such file or directory: '/project/6014832/mforooz/EpiDenoise/sandbox/autoresearch/may31/train.py'
[13:28:15] ERROR s2 lam_imp=0.05: [Errno 2] No such file or directory: '/project/6014832/mforooz/EpiDenoise/sandbox/autoresearch/may31/train.py'
[13:28:15] ERROR s2 lam_imp=0.05 vb_meta: [Errno 2] No such file or directory: '/project/6014832/mforooz/EpiDenoise/sandbox/autoresearch/may31/train.py'
[13:28:15] ERROR s2 lam_imp=0.05 vb_meta: [Errno 2] No such file or directory: '/project/6014832/mforooz/EpiDenoise/sandbox/autoresearch/may31/train.py'
[13:28:15] ERROR s2 lam_imp=0.05 calib=log2: [Errno 2] No such file or directory: '/project/6014832/mforooz/EpiDenoise/sandbox/autoresearch/may31/train.py'
[13:28:15] ERROR s2 lam_imp=0.05 calib=log2: [Errno 2] No such file or directory: '/project/6014832/mforooz/EpiDenoise/sandbox/autoresearch/may31/train.py'
[13:28:15] ERROR s2 lam_imp=0.1 imp=0.75: [Errno 2] No such file or directory: '/project/6014832/mforooz/EpiDenoise/sandbox/autoresearch/may31/train.py'
[13:28:15] ERROR s2 lam_imp=0.1 imp=0.75: [Errno 2] No such file or directory: '/project/6014832/mforooz/EpiDenoise/sandbox/autoresearch/may31/train.py'
[13:28:16] ERROR s2 lam_imp=0.1 imp=1.0: [Errno 2] No such file or directory: '/project/6014832/mforooz/EpiDenoise/sandbox/autoresearch/may31/train.py'
[13:28:16] ERROR s2 lam_imp=0.1 imp=1.0: [Errno 2] No such file or directory: '/project/6014832/mforooz/EpiDenoise/sandbox/autoresearch/may31/train.py'
[13:28:16] ERROR s2 lam_imp=0.1 vb_meta: [Errno 2] No such file or directory: '/project/6014832/mforooz/EpiDenoise/sandbox/autoresearch/may31/train.py'
[13:28:16] ERROR s2 lam_imp=0.1 vb_meta: [Errno 2] No such file or directory: '/project/6014832/mforooz/EpiDenoise/sandbox/autoresearch/may31/train.py'
[13:28:16] ERROR s2 lam_imp=0.1 calib=log2: [Errno 2] No such file or directory: '/project/6014832/mforooz/EpiDenoise/sandbox/autoresearch/may31/train.py'
[13:28:16] ERROR s2 lam_imp=0.1 calib=log2: [Errno 2] No such file or directory: '/project/6014832/mforooz/EpiDenoise/sandbox/autoresearch/may31/train.py'
[13:28:16] ERROR s2 vb_meta only: [Errno 2] No such file or directory: '/project/6014832/mforooz/EpiDenoise/sandbox/autoresearch/may31/train.py'
[13:28:16] ERROR s2 vb_meta only: [Errno 2] No such file or directory: '/project/6014832/mforooz/EpiDenoise/sandbox/autoresearch/may31/train.py'
[13:28:16] ERROR s2 imp=0.75 no mse_imp: [Errno 2] No such file or directory: '/project/6014832/mforooz/EpiDenoise/sandbox/autoresearch/may31/train.py'
[13:28:16] ERROR s2 imp=0.75 no mse_imp: [Errno 2] No such file or directory: '/project/6014832/mforooz/EpiDenoise/sandbox/autoresearch/may31/train.py'
[13:28:17] ERROR s2 imp=1.0 no mse_imp: [Errno 2] No such file or directory: '/project/6014832/mforooz/EpiDenoise/sandbox/autoresearch/may31/train.py'
[13:28:17] ERROR s2 imp=1.0 no mse_imp: [Errno 2] No such file or directory: '/project/6014832/mforooz/EpiDenoise/sandbox/autoresearch/may31/train.py'
[13:28:17] ERROR s2 imp=1.5 no mse_imp: [Errno 2] No such file or directory: '/project/6014832/mforooz/EpiDenoise/sandbox/autoresearch/may31/train.py'
[13:28:17] ERROR s2 imp=1.5 no mse_imp: [Errno 2] No such file or directory: '/project/6014832/mforooz/EpiDenoise/sandbox/autoresearch/may31/train.py'
[13:28:17] ERROR s2 lam_imp=0.02: [Errno 2] No such file or directory: '/project/6014832/mforooz/EpiDenoise/sandbox/autoresearch/may31/train.py'
[13:28:17] ERROR s2 lam_imp=0.02: [Errno 2] No such file or directory: '/project/6014832/mforooz/EpiDenoise/sandbox/autoresearch/may31/train.py'
[13:28:17] ERROR s2 lam_imp=0.02 vb_meta: [Errno 2] No such file or directory: '/project/6014832/mforooz/EpiDenoise/sandbox/autoresearch/may31/train.py'
[13:28:17] ERROR s2 lam_imp=0.02 vb_meta: [Errno 2] No such file or directory: '/project/6014832/mforooz/EpiDenoise/sandbox/autoresearch/may31/train.py'
[13:28:17] cycle had no improvement; continuing anyway
[13:28:17] cycle had no improvement; continuing anyway
[13:28:18] --- cycle 27 ---
[13:28:18] --- cycle 27 ---
[13:28:18] ERROR s2 imp=0.75 lam_imp=0.2: [Errno 2] No such file or directory: '/project/6014832/mforooz/EpiDenoise/sandbox/autoresearch/may31/train.py'
[13:28:18] ERROR s2 imp=0.75 lam_imp=0.2: [Errno 2] No such file or directory: '/project/6014832/mforooz/EpiDenoise/sandbox/autoresearch/may31/train.py'
[13:28:19] ERROR s2 imp=1.0 lam_imp=0.2: [Errno 2] No such file or directory: '/project/6014832/mforooz/EpiDenoise/sandbox/autoresearch/may31/train.py'
[13:28:19] ERROR s2 imp=1.0 lam_imp=0.2: [Errno 2] No such file or directory: '/project/6014832/mforooz/EpiDenoise/sandbox/autoresearch/may31/train.py'
[13:28:19] ERROR s2 imp=1.5 lam_imp=0.2: [Errno 2] No such file or directory: '/project/6014832/mforooz/EpiDenoise/sandbox/autoresearch/may31/train.py'
[13:28:19] ERROR s2 imp=1.5 lam_imp=0.2: [Errno 2] No such file or directory: '/project/6014832/mforooz/EpiDenoise/sandbox/autoresearch/may31/train.py'
[13:28:19] ERROR s2 calib=log2 lam_imp=0.2: [Errno 2] No such file or directory: '/project/6014832/mforooz/EpiDenoise/sandbox/autoresearch/may31/train.py'
[13:28:19] ERROR s2 calib=log2 lam_imp=0.2: [Errno 2] No such file or directory: '/project/6014832/mforooz/EpiDenoise/sandbox/autoresearch/may31/train.py'
[13:28:19] ERROR s2 vb_meta lam_imp=0.2: [Errno 2] No such file or directory: '/project/6014832/mforooz/EpiDenoise/sandbox/autoresearch/may31/train.py'
[13:28:19] ERROR s2 vb_meta lam_imp=0.2: [Errno 2] No such file or directory: '/project/6014832/mforooz/EpiDenoise/sandbox/autoresearch/may31/train.py'
[13:28:19] ERROR s2 signal_transform=none lam_imp=0.2: [Errno 2] No such file or directory: '/project/6014832/mforooz/EpiDenoise/sandbox/autoresearch/may31/train.py'
[13:28:19] ERROR s2 signal_transform=none lam_imp=0.2: [Errno 2] No such file or directory: '/project/6014832/mforooz/EpiDenoise/sandbox/autoresearch/may31/train.py'
[13:28:20] ERROR s2 signal_transform=arcsinh lam_imp=0.2: [Errno 2] No such file or directory: '/project/6014832/mforooz/EpiDenoise/sandbox/autoresearch/may31/train.py'
[13:28:20] ERROR s2 signal_transform=arcsinh lam_imp=0.2: [Errno 2] No such file or directory: '/project/6014832/mforooz/EpiDenoise/sandbox/autoresearch/may31/train.py'
[13:28:20] ERROR s2 lam_imp=0.05: [Errno 2] No such file or directory: '/project/6014832/mforooz/EpiDenoise/sandbox/autoresearch/may31/train.py'
[13:28:20] ERROR s2 lam_imp=0.05: [Errno 2] No such file or directory: '/project/6014832/mforooz/EpiDenoise/sandbox/autoresearch/may31/train.py'
[13:28:20] ERROR s2 lam_imp=0.05 vb_meta: [Errno 2] No such file or directory: '/project/6014832/mforooz/EpiDenoise/sandbox/autoresearch/may31/train.py'
[13:28:20] ERROR s2 lam_imp=0.05 vb_meta: [Errno 2] No such file or directory: '/project/6014832/mforooz/EpiDenoise/sandbox/autoresearch/may31/train.py'
[13:28:20] ERROR s2 lam_imp=0.05 calib=log2: [Errno 2] No such file or directory: '/project/6014832/mforooz/EpiDenoise/sandbox/autoresearch/may31/train.py'
[13:28:20] ERROR s2 lam_imp=0.05 calib=log2: [Errno 2] No such file or directory: '/project/6014832/mforooz/EpiDenoise/sandbox/autoresearch/may31/train.py'
[13:28:20] ERROR s2 lam_imp=0.1 imp=0.75: [Errno 2] No such file or directory: '/project/6014832/mforooz/EpiDenoise/sandbox/autoresearch/may31/train.py'
[13:28:20] ERROR s2 lam_imp=0.1 imp=0.75: [Errno 2] No such file or directory: '/project/6014832/mforooz/EpiDenoise/sandbox/autoresearch/may31/train.py'
[13:28:20] ERROR s2 lam_imp=0.1 imp=1.0: [Errno 2] No such file or directory: '/project/6014832/mforooz/EpiDenoise/sandbox/autoresearch/may31/train.py'
[13:28:20] ERROR s2 lam_imp=0.1 imp=1.0: [Errno 2] No such file or directory: '/project/6014832/mforooz/EpiDenoise/sandbox/autoresearch/may31/train.py'
[13:28:21] ERROR s2 lam_imp=0.1 vb_meta: [Errno 2] No such file or directory: '/project/6014832/mforooz/EpiDenoise/sandbox/autoresearch/may31/train.py'
[13:28:21] ERROR s2 lam_imp=0.1 vb_meta: [Errno 2] No such file or directory: '/project/6014832/mforooz/EpiDenoise/sandbox/autoresearch/may31/train.py'
[13:28:21] ERROR s2 lam_imp=0.1 calib=log2: [Errno 2] No such file or directory: '/project/6014832/mforooz/EpiDenoise/sandbox/autoresearch/may31/train.py'
[13:28:21] ERROR s2 lam_imp=0.1 calib=log2: [Errno 2] No such file or directory: '/project/6014832/mforooz/EpiDenoise/sandbox/autoresearch/may31/train.py'
[13:28:21] ERROR s2 vb_meta only: [Errno 2] No such file or directory: '/project/6014832/mforooz/EpiDenoise/sandbox/autoresearch/may31/train.py'
[13:28:21] ERROR s2 vb_meta only: [Errno 2] No such file or directory: '/project/6014832/mforooz/EpiDenoise/sandbox/autoresearch/may31/train.py'
[13:28:21] ERROR s2 imp=0.75 no mse_imp: [Errno 2] No such file or directory: '/project/6014832/mforooz/EpiDenoise/sandbox/autoresearch/may31/train.py'
[13:28:21] ERROR s2 imp=0.75 no mse_imp: [Errno 2] No such file or directory: '/project/6014832/mforooz/EpiDenoise/sandbox/autoresearch/may31/train.py'
[13:28:21] ERROR s2 imp=1.0 no mse_imp: [Errno 2] No such file or directory: '/project/6014832/mforooz/EpiDenoise/sandbox/autoresearch/may31/train.py'
[13:28:21] ERROR s2 imp=1.0 no mse_imp: [Errno 2] No such file or directory: '/project/6014832/mforooz/EpiDenoise/sandbox/autoresearch/may31/train.py'
[13:28:21] ERROR s2 imp=1.5 no mse_imp: [Errno 2] No such file or directory: '/project/6014832/mforooz/EpiDenoise/sandbox/autoresearch/may31/train.py'
[13:28:21] ERROR s2 imp=1.5 no mse_imp: [Errno 2] No such file or directory: '/project/6014832/mforooz/EpiDenoise/sandbox/autoresearch/may31/train.py'
[13:28:22] ERROR s2 lam_imp=0.02: [Errno 2] No such file or directory: '/project/6014832/mforooz/EpiDenoise/sandbox/autoresearch/may31/train.py'
[13:28:22] ERROR s2 lam_imp=0.02: [Errno 2] No such file or directory: '/project/6014832/mforooz/EpiDenoise/sandbox/autoresearch/may31/train.py'
[13:28:22] ERROR s2 lam_imp=0.02 vb_meta: [Errno 2] No such file or directory: '/project/6014832/mforooz/EpiDenoise/sandbox/autoresearch/may31/train.py'
[13:28:22] ERROR s2 lam_imp=0.02 vb_meta: [Errno 2] No such file or directory: '/project/6014832/mforooz/EpiDenoise/sandbox/autoresearch/may31/train.py'
[13:28:22] cycle had no improvement; continuing anyway
[13:28:22] cycle had no improvement; continuing anyway
[13:28:23] --- cycle 28 ---
[13:28:23] --- cycle 28 ---
[13:28:23] ERROR s2 imp=0.75 lam_imp=0.2: [Errno 2] No such file or directory: '/project/6014832/mforooz/EpiDenoise/sandbox/autoresearch/may31/train.py'
[13:28:23] ERROR s2 imp=0.75 lam_imp=0.2: [Errno 2] No such file or directory: '/project/6014832/mforooz/EpiDenoise/sandbox/autoresearch/may31/train.py'
[13:28:23] ERROR s2 imp=1.0 lam_imp=0.2: [Errno 2] No such file or directory: '/project/6014832/mforooz/EpiDenoise/sandbox/autoresearch/may31/train.py'
[13:28:23] ERROR s2 imp=1.0 lam_imp=0.2: [Errno 2] No such file or directory: '/project/6014832/mforooz/EpiDenoise/sandbox/autoresearch/may31/train.py'
[13:28:23] ERROR s2 imp=1.5 lam_imp=0.2: [Errno 2] No such file or directory: '/project/6014832/mforooz/EpiDenoise/sandbox/autoresearch/may31/train.py'
[13:28:23] ERROR s2 imp=1.5 lam_imp=0.2: [Errno 2] No such file or directory: '/project/6014832/mforooz/EpiDenoise/sandbox/autoresearch/may31/train.py'
[13:28:23] ERROR s2 calib=log2 lam_imp=0.2: [Errno 2] No such file or directory: '/project/6014832/mforooz/EpiDenoise/sandbox/autoresearch/may31/train.py'
[13:28:23] ERROR s2 calib=log2 lam_imp=0.2: [Errno 2] No such file or directory: '/project/6014832/mforooz/EpiDenoise/sandbox/autoresearch/may31/train.py'
[13:28:24] ERROR s2 vb_meta lam_imp=0.2: [Errno 2] No such file or directory: '/project/6014832/mforooz/EpiDenoise/sandbox/autoresearch/may31/train.py'
[13:28:24] ERROR s2 vb_meta lam_imp=0.2: [Errno 2] No such file or directory: '/project/6014832/mforooz/EpiDenoise/sandbox/autoresearch/may31/train.py'
[13:28:24] ERROR s2 signal_transform=none lam_imp=0.2: [Errno 2] No such file or directory: '/project/6014832/mforooz/EpiDenoise/sandbox/autoresearch/may31/train.py'
[13:28:24] ERROR s2 signal_transform=none lam_imp=0.2: [Errno 2] No such file or directory: '/project/6014832/mforooz/EpiDenoise/sandbox/autoresearch/may31/train.py'
[13:28:24] ERROR s2 signal_transform=arcsinh lam_imp=0.2: [Errno 2] No such file or directory: '/project/6014832/mforooz/EpiDenoise/sandbox/autoresearch/may31/train.py'
[13:28:24] ERROR s2 signal_transform=arcsinh lam_imp=0.2: [Errno 2] No such file or directory: '/project/6014832/mforooz/EpiDenoise/sandbox/autoresearch/may31/train.py'
[13:28:24] ERROR s2 lam_imp=0.05: [Errno 2] No such file or directory: '/project/6014832/mforooz/EpiDenoise/sandbox/autoresearch/may31/train.py'
[13:28:24] ERROR s2 lam_imp=0.05: [Errno 2] No such file or directory: '/project/6014832/mforooz/EpiDenoise/sandbox/autoresearch/may31/train.py'
[13:28:24] ERROR s2 lam_imp=0.05 vb_meta: [Errno 2] No such file or directory: '/project/6014832/mforooz/EpiDenoise/sandbox/autoresearch/may31/train.py'
[13:28:24] ERROR s2 lam_imp=0.05 vb_meta: [Errno 2] No such file or directory: '/project/6014832/mforooz/EpiDenoise/sandbox/autoresearch/may31/train.py'
[13:28:24] ERROR s2 lam_imp=0.05 calib=log2: [Errno 2] No such file or directory: '/project/6014832/mforooz/EpiDenoise/sandbox/autoresearch/may31/train.py'
[13:28:24] ERROR s2 lam_imp=0.05 calib=log2: [Errno 2] No such file or directory: '/project/6014832/mforooz/EpiDenoise/sandbox/autoresearch/may31/train.py'
[13:28:25] ERROR s2 lam_imp=0.1 imp=0.75: [Errno 2] No such file or directory: '/project/6014832/mforooz/EpiDenoise/sandbox/autoresearch/may31/train.py'
[13:28:25] ERROR s2 lam_imp=0.1 imp=0.75: [Errno 2] No such file or directory: '/project/6014832/mforooz/EpiDenoise/sandbox/autoresearch/may31/train.py'
[13:28:25] ERROR s2 lam_imp=0.1 imp=1.0: [Errno 2] No such file or directory: '/project/6014832/mforooz/EpiDenoise/sandbox/autoresearch/may31/train.py'
[13:28:25] ERROR s2 lam_imp=0.1 imp=1.0: [Errno 2] No such file or directory: '/project/6014832/mforooz/EpiDenoise/sandbox/autoresearch/may31/train.py'
[13:28:25] ERROR s2 lam_imp=0.1 vb_meta: [Errno 2] No such file or directory: '/project/6014832/mforooz/EpiDenoise/sandbox/autoresearch/may31/train.py'
[13:28:25] ERROR s2 lam_imp=0.1 vb_meta: [Errno 2] No such file or directory: '/project/6014832/mforooz/EpiDenoise/sandbox/autoresearch/may31/train.py'
[13:28:25] ERROR s2 lam_imp=0.1 calib=log2: [Errno 2] No such file or directory: '/project/6014832/mforooz/EpiDenoise/sandbox/autoresearch/may31/train.py'
[13:28:25] ERROR s2 lam_imp=0.1 calib=log2: [Errno 2] No such file or directory: '/project/6014832/mforooz/EpiDenoise/sandbox/autoresearch/may31/train.py'
[13:28:25] ERROR s2 vb_meta only: [Errno 2] No such file or directory: '/project/6014832/mforooz/EpiDenoise/sandbox/autoresearch/may31/train.py'
[13:28:25] ERROR s2 vb_meta only: [Errno 2] No such file or directory: '/project/6014832/mforooz/EpiDenoise/sandbox/autoresearch/may31/train.py'
[13:28:25] ERROR s2 imp=0.75 no mse_imp: [Errno 2] No such file or directory: '/project/6014832/mforooz/EpiDenoise/sandbox/autoresearch/may31/train.py'
[13:28:25] ERROR s2 imp=0.75 no mse_imp: [Errno 2] No such file or directory: '/project/6014832/mforooz/EpiDenoise/sandbox/autoresearch/may31/train.py'
[13:28:26] ERROR s2 imp=1.0 no mse_imp: [Errno 2] No such file or directory: '/project/6014832/mforooz/EpiDenoise/sandbox/autoresearch/may31/train.py'
[13:28:26] ERROR s2 imp=1.0 no mse_imp: [Errno 2] No such file or directory: '/project/6014832/mforooz/EpiDenoise/sandbox/autoresearch/may31/train.py'
[13:28:26] ERROR s2 imp=1.5 no mse_imp: [Errno 2] No such file or directory: '/project/6014832/mforooz/EpiDenoise/sandbox/autoresearch/may31/train.py'
[13:28:26] ERROR s2 imp=1.5 no mse_imp: [Errno 2] No such file or directory: '/project/6014832/mforooz/EpiDenoise/sandbox/autoresearch/may31/train.py'
[13:28:26] ERROR s2 lam_imp=0.02: [Errno 2] No such file or directory: '/project/6014832/mforooz/EpiDenoise/sandbox/autoresearch/may31/train.py'
[13:28:26] ERROR s2 lam_imp=0.02: [Errno 2] No such file or directory: '/project/6014832/mforooz/EpiDenoise/sandbox/autoresearch/may31/train.py'
[13:28:26] ERROR s2 lam_imp=0.02 vb_meta: [Errno 2] No such file or directory: '/project/6014832/mforooz/EpiDenoise/sandbox/autoresearch/may31/train.py'
[13:28:26] ERROR s2 lam_imp=0.02 vb_meta: [Errno 2] No such file or directory: '/project/6014832/mforooz/EpiDenoise/sandbox/autoresearch/may31/train.py'
[13:28:26] cycle had no improvement; continuing anyway
[13:28:26] cycle had no improvement; continuing anyway
[13:28:27] --- cycle 29 ---
[13:28:27] --- cycle 29 ---
[13:28:27] ERROR s2 imp=0.75 lam_imp=0.2: [Errno 2] No such file or directory: '/project/6014832/mforooz/EpiDenoise/sandbox/autoresearch/may31/train.py'
[13:28:27] ERROR s2 imp=0.75 lam_imp=0.2: [Errno 2] No such file or directory: '/project/6014832/mforooz/EpiDenoise/sandbox/autoresearch/may31/train.py'
[13:28:27] ERROR s2 imp=1.0 lam_imp=0.2: [Errno 2] No such file or directory: '/project/6014832/mforooz/EpiDenoise/sandbox/autoresearch/may31/train.py'
[13:28:27] ERROR s2 imp=1.0 lam_imp=0.2: [Errno 2] No such file or directory: '/project/6014832/mforooz/EpiDenoise/sandbox/autoresearch/may31/train.py'
[13:28:28] ERROR s2 imp=1.5 lam_imp=0.2: [Errno 2] No such file or directory: '/project/6014832/mforooz/EpiDenoise/sandbox/autoresearch/may31/train.py'
[13:28:28] ERROR s2 imp=1.5 lam_imp=0.2: [Errno 2] No such file or directory: '/project/6014832/mforooz/EpiDenoise/sandbox/autoresearch/may31/train.py'
[13:28:28] ERROR s2 calib=log2 lam_imp=0.2: [Errno 2] No such file or directory: '/project/6014832/mforooz/EpiDenoise/sandbox/autoresearch/may31/train.py'
[13:28:28] ERROR s2 calib=log2 lam_imp=0.2: [Errno 2] No such file or directory: '/project/6014832/mforooz/EpiDenoise/sandbox/autoresearch/may31/train.py'
[13:28:28] ERROR s2 vb_meta lam_imp=0.2: [Errno 2] No such file or directory: '/project/6014832/mforooz/EpiDenoise/sandbox/autoresearch/may31/train.py'
[13:28:28] ERROR s2 vb_meta lam_imp=0.2: [Errno 2] No such file or directory: '/project/6014832/mforooz/EpiDenoise/sandbox/autoresearch/may31/train.py'
[13:28:28] ERROR s2 signal_transform=none lam_imp=0.2: [Errno 2] No such file or directory: '/project/6014832/mforooz/EpiDenoise/sandbox/autoresearch/may31/train.py'
[13:28:28] ERROR s2 signal_transform=none lam_imp=0.2: [Errno 2] No such file or directory: '/project/6014832/mforooz/EpiDenoise/sandbox/autoresearch/may31/train.py'
[13:28:28] ERROR s2 signal_transform=arcsinh lam_imp=0.2: [Errno 2] No such file or directory: '/project/6014832/mforooz/EpiDenoise/sandbox/autoresearch/may31/train.py'
[13:28:28] ERROR s2 signal_transform=arcsinh lam_imp=0.2: [Errno 2] No such file or directory: '/project/6014832/mforooz/EpiDenoise/sandbox/autoresearch/may31/train.py'
[13:28:28] ERROR s2 lam_imp=0.05: [Errno 2] No such file or directory: '/project/6014832/mforooz/EpiDenoise/sandbox/autoresearch/may31/train.py'
[13:28:28] ERROR s2 lam_imp=0.05: [Errno 2] No such file or directory: '/project/6014832/mforooz/EpiDenoise/sandbox/autoresearch/may31/train.py'
[13:28:28] ERROR s2 lam_imp=0.05 vb_meta: [Errno 2] No such file or directory: '/project/6014832/mforooz/EpiDenoise/sandbox/autoresearch/may31/train.py'
[13:28:28] ERROR s2 lam_imp=0.05 vb_meta: [Errno 2] No such file or directory: '/project/6014832/mforooz/EpiDenoise/sandbox/autoresearch/may31/train.py'
[13:28:29] ERROR s2 lam_imp=0.05 calib=log2: [Errno 2] No such file or directory: '/project/6014832/mforooz/EpiDenoise/sandbox/autoresearch/may31/train.py'
[13:28:29] ERROR s2 lam_imp=0.05 calib=log2: [Errno 2] No such file or directory: '/project/6014832/mforooz/EpiDenoise/sandbox/autoresearch/may31/train.py'
[13:28:29] ERROR s2 lam_imp=0.1 imp=0.75: [Errno 2] No such file or directory: '/project/6014832/mforooz/EpiDenoise/sandbox/autoresearch/may31/train.py'
[13:28:29] ERROR s2 lam_imp=0.1 imp=0.75: [Errno 2] No such file or directory: '/project/6014832/mforooz/EpiDenoise/sandbox/autoresearch/may31/train.py'
[13:28:29] ERROR s2 lam_imp=0.1 imp=1.0: [Errno 2] No such file or directory: '/project/6014832/mforooz/EpiDenoise/sandbox/autoresearch/may31/train.py'
[13:28:29] ERROR s2 lam_imp=0.1 imp=1.0: [Errno 2] No such file or directory: '/project/6014832/mforooz/EpiDenoise/sandbox/autoresearch/may31/train.py'
[13:28:29] ERROR s2 lam_imp=0.1 vb_meta: [Errno 2] No such file or directory: '/project/6014832/mforooz/EpiDenoise/sandbox/autoresearch/may31/train.py'
[13:28:29] ERROR s2 lam_imp=0.1 vb_meta: [Errno 2] No such file or directory: '/project/6014832/mforooz/EpiDenoise/sandbox/autoresearch/may31/train.py'
[13:28:29] ERROR s2 lam_imp=0.1 calib=log2: [Errno 2] No such file or directory: '/project/6014832/mforooz/EpiDenoise/sandbox/autoresearch/may31/train.py'
[13:28:29] ERROR s2 lam_imp=0.1 calib=log2: [Errno 2] No such file or directory: '/project/6014832/mforooz/EpiDenoise/sandbox/autoresearch/may31/train.py'
[13:28:29] ERROR s2 vb_meta only: [Errno 2] No such file or directory: '/project/6014832/mforooz/EpiDenoise/sandbox/autoresearch/may31/train.py'
[13:28:29] ERROR s2 vb_meta only: [Errno 2] No such file or directory: '/project/6014832/mforooz/EpiDenoise/sandbox/autoresearch/may31/train.py'
[13:28:29] ERROR s2 imp=0.75 no mse_imp: [Errno 2] No such file or directory: '/project/6014832/mforooz/EpiDenoise/sandbox/autoresearch/may31/train.py'
[13:28:29] ERROR s2 imp=0.75 no mse_imp: [Errno 2] No such file or directory: '/project/6014832/mforooz/EpiDenoise/sandbox/autoresearch/may31/train.py'
[13:28:30] ERROR s2 imp=1.0 no mse_imp: [Errno 2] No such file or directory: '/project/6014832/mforooz/EpiDenoise/sandbox/autoresearch/may31/train.py'
[13:28:30] ERROR s2 imp=1.0 no mse_imp: [Errno 2] No such file or directory: '/project/6014832/mforooz/EpiDenoise/sandbox/autoresearch/may31/train.py'
[13:28:30] ERROR s2 imp=1.5 no mse_imp: [Errno 2] No such file or directory: '/project/6014832/mforooz/EpiDenoise/sandbox/autoresearch/may31/train.py'
[13:28:30] ERROR s2 imp=1.5 no mse_imp: [Errno 2] No such file or directory: '/project/6014832/mforooz/EpiDenoise/sandbox/autoresearch/may31/train.py'
[13:28:30] ERROR s2 lam_imp=0.02: [Errno 2] No such file or directory: '/project/6014832/mforooz/EpiDenoise/sandbox/autoresearch/may31/train.py'
[13:28:30] ERROR s2 lam_imp=0.02: [Errno 2] No such file or directory: '/project/6014832/mforooz/EpiDenoise/sandbox/autoresearch/may31/train.py'
[13:28:30] ERROR s2 lam_imp=0.02 vb_meta: [Errno 2] No such file or directory: '/project/6014832/mforooz/EpiDenoise/sandbox/autoresearch/may31/train.py'
[13:28:30] ERROR s2 lam_imp=0.02 vb_meta: [Errno 2] No such file or directory: '/project/6014832/mforooz/EpiDenoise/sandbox/autoresearch/may31/train.py'
[13:28:30] cycle had no improvement; continuing anyway
[13:28:30] cycle had no improvement; continuing anyway
[13:28:31] --- cycle 30 ---
[13:28:31] --- cycle 30 ---
[13:28:31] ERROR s2 imp=0.75 lam_imp=0.2: [Errno 2] No such file or directory: '/project/6014832/mforooz/EpiDenoise/sandbox/autoresearch/may31/train.py'
[13:28:31] ERROR s2 imp=0.75 lam_imp=0.2: [Errno 2] No such file or directory: '/project/6014832/mforooz/EpiDenoise/sandbox/autoresearch/may31/train.py'
[13:28:32] ERROR s2 imp=1.0 lam_imp=0.2: [Errno 2] No such file or directory: '/project/6014832/mforooz/EpiDenoise/sandbox/autoresearch/may31/train.py'
[13:28:32] ERROR s2 imp=1.0 lam_imp=0.2: [Errno 2] No such file or directory: '/project/6014832/mforooz/EpiDenoise/sandbox/autoresearch/may31/train.py'
[13:28:32] ERROR s2 imp=1.5 lam_imp=0.2: [Errno 2] No such file or directory: '/project/6014832/mforooz/EpiDenoise/sandbox/autoresearch/may31/train.py'
[13:28:32] ERROR s2 imp=1.5 lam_imp=0.2: [Errno 2] No such file or directory: '/project/6014832/mforooz/EpiDenoise/sandbox/autoresearch/may31/train.py'
[13:28:32] ERROR s2 calib=log2 lam_imp=0.2: [Errno 2] No such file or directory: '/project/6014832/mforooz/EpiDenoise/sandbox/autoresearch/may31/train.py'
[13:28:32] ERROR s2 calib=log2 lam_imp=0.2: [Errno 2] No such file or directory: '/project/6014832/mforooz/EpiDenoise/sandbox/autoresearch/may31/train.py'
[13:28:32] ERROR s2 vb_meta lam_imp=0.2: Command '['git', 'reset', '--hard', 'ce53d444']' returned non-zero exit status 128.
[13:28:32] ERROR s2 vb_meta lam_imp=0.2: Command '['git', 'reset', '--hard', 'ce53d444']' returned non-zero exit status 128.
[13:28:32] ERROR s2 signal_transform=none lam_imp=0.2: [Errno 2] No such file or directory: '/project/6014832/mforooz/EpiDenoise/sandbox/autoresearch/may31/train.py'
[13:28:32] ERROR s2 signal_transform=none lam_imp=0.2: [Errno 2] No such file or directory: '/project/6014832/mforooz/EpiDenoise/sandbox/autoresearch/may31/train.py'
[13:28:33] ERROR s2 signal_transform=arcsinh lam_imp=0.2: [Errno 2] No such file or directory: '/project/6014832/mforooz/EpiDenoise/sandbox/autoresearch/may31/train.py'
[13:28:33] ERROR s2 signal_transform=arcsinh lam_imp=0.2: [Errno 2] No such file or directory: '/project/6014832/mforooz/EpiDenoise/sandbox/autoresearch/may31/train.py'
[13:28:33] ERROR s2 lam_imp=0.05: [Errno 2] No such file or directory: '/project/6014832/mforooz/EpiDenoise/sandbox/autoresearch/may31/train.py'
[13:28:33] ERROR s2 lam_imp=0.05: [Errno 2] No such file or directory: '/project/6014832/mforooz/EpiDenoise/sandbox/autoresearch/may31/train.py'
[13:28:33] ERROR s2 lam_imp=0.05 vb_meta: [Errno 2] No such file or directory: '/project/6014832/mforooz/EpiDenoise/sandbox/autoresearch/may31/train.py'
[13:28:33] ERROR s2 lam_imp=0.05 vb_meta: [Errno 2] No such file or directory: '/project/6014832/mforooz/EpiDenoise/sandbox/autoresearch/may31/train.py'
[13:28:33] ERROR s2 lam_imp=0.05 calib=log2: [Errno 2] No such file or directory: '/project/6014832/mforooz/EpiDenoise/sandbox/autoresearch/may31/train.py'
[13:28:33] ERROR s2 lam_imp=0.05 calib=log2: [Errno 2] No such file or directory: '/project/6014832/mforooz/EpiDenoise/sandbox/autoresearch/may31/train.py'
[13:28:33] ERROR s2 lam_imp=0.1 imp=0.75: [Errno 2] No such file or directory: '/project/6014832/mforooz/EpiDenoise/sandbox/autoresearch/may31/train.py'
[13:28:33] ERROR s2 lam_imp=0.1 imp=0.75: [Errno 2] No such file or directory: '/project/6014832/mforooz/EpiDenoise/sandbox/autoresearch/may31/train.py'
[13:28:33] ERROR s2 lam_imp=0.1 imp=1.0: [Errno 2] No such file or directory: '/project/6014832/mforooz/EpiDenoise/sandbox/autoresearch/may31/train.py'
[13:28:33] ERROR s2 lam_imp=0.1 imp=1.0: [Errno 2] No such file or directory: '/project/6014832/mforooz/EpiDenoise/sandbox/autoresearch/may31/train.py'
[13:28:33] ERROR s2 lam_imp=0.1 vb_meta: [Errno 2] No such file or directory: '/project/6014832/mforooz/EpiDenoise/sandbox/autoresearch/may31/train.py'
[13:28:33] ERROR s2 lam_imp=0.1 vb_meta: [Errno 2] No such file or directory: '/project/6014832/mforooz/EpiDenoise/sandbox/autoresearch/may31/train.py'
[13:28:34] ERROR s2 lam_imp=0.1 calib=log2: [Errno 2] No such file or directory: '/project/6014832/mforooz/EpiDenoise/sandbox/autoresearch/may31/train.py'
[13:28:34] ERROR s2 lam_imp=0.1 calib=log2: [Errno 2] No such file or directory: '/project/6014832/mforooz/EpiDenoise/sandbox/autoresearch/may31/train.py'
[13:28:34] ERROR s2 vb_meta only: [Errno 2] No such file or directory: '/project/6014832/mforooz/EpiDenoise/sandbox/autoresearch/may31/train.py'
[13:28:34] ERROR s2 vb_meta only: [Errno 2] No such file or directory: '/project/6014832/mforooz/EpiDenoise/sandbox/autoresearch/may31/train.py'
[13:28:34] ERROR s2 imp=0.75 no mse_imp: [Errno 2] No such file or directory: '/project/6014832/mforooz/EpiDenoise/sandbox/autoresearch/may31/train.py'
[13:28:34] ERROR s2 imp=0.75 no mse_imp: [Errno 2] No such file or directory: '/project/6014832/mforooz/EpiDenoise/sandbox/autoresearch/may31/train.py'
[13:28:34] ERROR s2 imp=1.0 no mse_imp: [Errno 2] No such file or directory: '/project/6014832/mforooz/EpiDenoise/sandbox/autoresearch/may31/train.py'
[13:28:34] ERROR s2 imp=1.0 no mse_imp: [Errno 2] No such file or directory: '/project/6014832/mforooz/EpiDenoise/sandbox/autoresearch/may31/train.py'
[13:28:34] ERROR s2 imp=1.5 no mse_imp: [Errno 2] No such file or directory: '/project/6014832/mforooz/EpiDenoise/sandbox/autoresearch/may31/train.py'
[13:28:34] ERROR s2 imp=1.5 no mse_imp: [Errno 2] No such file or directory: '/project/6014832/mforooz/EpiDenoise/sandbox/autoresearch/may31/train.py'
[13:28:34] ERROR s2 lam_imp=0.02: [Errno 2] No such file or directory: '/project/6014832/mforooz/EpiDenoise/sandbox/autoresearch/may31/train.py'
[13:28:34] ERROR s2 lam_imp=0.02: [Errno 2] No such file or directory: '/project/6014832/mforooz/EpiDenoise/sandbox/autoresearch/may31/train.py'
[13:28:35] ERROR s2 lam_imp=0.02 vb_meta: [Errno 2] No such file or directory: '/project/6014832/mforooz/EpiDenoise/sandbox/autoresearch/may31/train.py'
[13:28:35] ERROR s2 lam_imp=0.02 vb_meta: [Errno 2] No such file or directory: '/project/6014832/mforooz/EpiDenoise/sandbox/autoresearch/may31/train.py'
[13:28:35] cycle had no improvement; continuing anyway
[13:28:35] cycle had no improvement; continuing anyway
[13:28:36] --- cycle 31 ---
[13:28:36] --- cycle 31 ---
[13:28:36] ERROR s2 imp=0.75 lam_imp=0.2: [Errno 2] No such file or directory: '/project/6014832/mforooz/EpiDenoise/sandbox/autoresearch/may31/train.py'
[13:28:36] ERROR s2 imp=0.75 lam_imp=0.2: [Errno 2] No such file or directory: '/project/6014832/mforooz/EpiDenoise/sandbox/autoresearch/may31/train.py'
[13:28:36] ERROR s2 imp=1.0 lam_imp=0.2: [Errno 2] No such file or directory: '/project/6014832/mforooz/EpiDenoise/sandbox/autoresearch/may31/train.py'
[13:28:36] ERROR s2 imp=1.0 lam_imp=0.2: [Errno 2] No such file or directory: '/project/6014832/mforooz/EpiDenoise/sandbox/autoresearch/may31/train.py'
[13:28:36] ERROR s2 imp=1.5 lam_imp=0.2: [Errno 2] No such file or directory: '/project/6014832/mforooz/EpiDenoise/sandbox/autoresearch/may31/train.py'
[13:28:36] ERROR s2 imp=1.5 lam_imp=0.2: [Errno 2] No such file or directory: '/project/6014832/mforooz/EpiDenoise/sandbox/autoresearch/may31/train.py'
[13:28:36] ERROR s2 calib=log2 lam_imp=0.2: [Errno 2] No such file or directory: '/project/6014832/mforooz/EpiDenoise/sandbox/autoresearch/may31/train.py'
[13:28:36] ERROR s2 calib=log2 lam_imp=0.2: [Errno 2] No such file or directory: '/project/6014832/mforooz/EpiDenoise/sandbox/autoresearch/may31/train.py'
[13:28:36] ERROR s2 vb_meta lam_imp=0.2: [Errno 2] No such file or directory: '/project/6014832/mforooz/EpiDenoise/sandbox/autoresearch/may31/train.py'
[13:28:36] ERROR s2 vb_meta lam_imp=0.2: [Errno 2] No such file or directory: '/project/6014832/mforooz/EpiDenoise/sandbox/autoresearch/may31/train.py'
[13:28:37] ERROR s2 signal_transform=none lam_imp=0.2: [Errno 2] No such file or directory: '/project/6014832/mforooz/EpiDenoise/sandbox/autoresearch/may31/train.py'
[13:28:37] ERROR s2 signal_transform=none lam_imp=0.2: [Errno 2] No such file or directory: '/project/6014832/mforooz/EpiDenoise/sandbox/autoresearch/may31/train.py'
[13:28:37] ERROR s2 signal_transform=arcsinh lam_imp=0.2: [Errno 2] No such file or directory: '/project/6014832/mforooz/EpiDenoise/sandbox/autoresearch/may31/train.py'
[13:28:37] ERROR s2 signal_transform=arcsinh lam_imp=0.2: [Errno 2] No such file or directory: '/project/6014832/mforooz/EpiDenoise/sandbox/autoresearch/may31/train.py'
[13:28:37] ERROR s2 lam_imp=0.05: [Errno 2] No such file or directory: '/project/6014832/mforooz/EpiDenoise/sandbox/autoresearch/may31/train.py'
[13:28:37] ERROR s2 lam_imp=0.05: [Errno 2] No such file or directory: '/project/6014832/mforooz/EpiDenoise/sandbox/autoresearch/may31/train.py'
[13:28:37] ERROR s2 lam_imp=0.05 vb_meta: [Errno 2] No such file or directory: '/project/6014832/mforooz/EpiDenoise/sandbox/autoresearch/may31/train.py'
[13:28:37] ERROR s2 lam_imp=0.05 vb_meta: [Errno 2] No such file or directory: '/project/6014832/mforooz/EpiDenoise/sandbox/autoresearch/may31/train.py'
[13:28:37] ERROR s2 lam_imp=0.05 calib=log2: [Errno 2] No such file or directory: '/project/6014832/mforooz/EpiDenoise/sandbox/autoresearch/may31/train.py'
[13:28:37] ERROR s2 lam_imp=0.05 calib=log2: [Errno 2] No such file or directory: '/project/6014832/mforooz/EpiDenoise/sandbox/autoresearch/may31/train.py'
[13:28:37] ERROR s2 lam_imp=0.1 imp=0.75: [Errno 2] No such file or directory: '/project/6014832/mforooz/EpiDenoise/sandbox/autoresearch/may31/train.py'
[13:28:37] ERROR s2 lam_imp=0.1 imp=0.75: [Errno 2] No such file or directory: '/project/6014832/mforooz/EpiDenoise/sandbox/autoresearch/may31/train.py'
[13:28:38] ERROR s2 lam_imp=0.1 imp=1.0: [Errno 2] No such file or directory: '/project/6014832/mforooz/EpiDenoise/sandbox/autoresearch/may31/train.py'
[13:28:38] ERROR s2 lam_imp=0.1 imp=1.0: [Errno 2] No such file or directory: '/project/6014832/mforooz/EpiDenoise/sandbox/autoresearch/may31/train.py'
[13:28:38] ERROR s2 lam_imp=0.1 vb_meta: [Errno 2] No such file or directory: '/project/6014832/mforooz/EpiDenoise/sandbox/autoresearch/may31/train.py'
[13:28:38] ERROR s2 lam_imp=0.1 vb_meta: [Errno 2] No such file or directory: '/project/6014832/mforooz/EpiDenoise/sandbox/autoresearch/may31/train.py'
[13:28:38] ERROR s2 lam_imp=0.1 calib=log2: [Errno 2] No such file or directory: '/project/6014832/mforooz/EpiDenoise/sandbox/autoresearch/may31/train.py'
[13:28:38] ERROR s2 lam_imp=0.1 calib=log2: [Errno 2] No such file or directory: '/project/6014832/mforooz/EpiDenoise/sandbox/autoresearch/may31/train.py'
[13:28:38] ERROR s2 vb_meta only: [Errno 2] No such file or directory: '/project/6014832/mforooz/EpiDenoise/sandbox/autoresearch/may31/train.py'
[13:28:38] ERROR s2 vb_meta only: [Errno 2] No such file or directory: '/project/6014832/mforooz/EpiDenoise/sandbox/autoresearch/may31/train.py'
[13:28:38] ERROR s2 imp=0.75 no mse_imp: [Errno 2] No such file or directory: '/project/6014832/mforooz/EpiDenoise/sandbox/autoresearch/may31/train.py'
[13:28:38] ERROR s2 imp=0.75 no mse_imp: [Errno 2] No such file or directory: '/project/6014832/mforooz/EpiDenoise/sandbox/autoresearch/may31/train.py'
[13:28:38] ERROR s2 imp=1.0 no mse_imp: [Errno 2] No such file or directory: '/project/6014832/mforooz/EpiDenoise/sandbox/autoresearch/may31/train.py'
[13:28:38] ERROR s2 imp=1.0 no mse_imp: [Errno 2] No such file or directory: '/project/6014832/mforooz/EpiDenoise/sandbox/autoresearch/may31/train.py'
[13:28:39] ERROR s2 imp=1.5 no mse_imp: [Errno 2] No such file or directory: '/project/6014832/mforooz/EpiDenoise/sandbox/autoresearch/may31/train.py'
[13:28:39] ERROR s2 imp=1.5 no mse_imp: [Errno 2] No such file or directory: '/project/6014832/mforooz/EpiDenoise/sandbox/autoresearch/may31/train.py'
[13:28:39] ERROR s2 lam_imp=0.02: [Errno 2] No such file or directory: '/project/6014832/mforooz/EpiDenoise/sandbox/autoresearch/may31/train.py'
[13:28:39] ERROR s2 lam_imp=0.02: [Errno 2] No such file or directory: '/project/6014832/mforooz/EpiDenoise/sandbox/autoresearch/may31/train.py'
[13:28:39] ERROR s2 lam_imp=0.02 vb_meta: [Errno 2] No such file or directory: '/project/6014832/mforooz/EpiDenoise/sandbox/autoresearch/may31/train.py'
[13:28:39] ERROR s2 lam_imp=0.02 vb_meta: [Errno 2] No such file or directory: '/project/6014832/mforooz/EpiDenoise/sandbox/autoresearch/may31/train.py'
[13:28:39] cycle had no improvement; continuing anyway
[13:28:39] cycle had no improvement; continuing anyway
[13:28:40] --- cycle 32 ---
[13:28:40] --- cycle 32 ---
[13:28:40] ERROR s2 imp=0.75 lam_imp=0.2: [Errno 2] No such file or directory: '/project/6014832/mforooz/EpiDenoise/sandbox/autoresearch/may31/train.py'
[13:28:40] ERROR s2 imp=0.75 lam_imp=0.2: [Errno 2] No such file or directory: '/project/6014832/mforooz/EpiDenoise/sandbox/autoresearch/may31/train.py'
[13:28:40] ERROR s2 imp=1.0 lam_imp=0.2: [Errno 2] No such file or directory: '/project/6014832/mforooz/EpiDenoise/sandbox/autoresearch/may31/train.py'
[13:28:40] ERROR s2 imp=1.0 lam_imp=0.2: [Errno 2] No such file or directory: '/project/6014832/mforooz/EpiDenoise/sandbox/autoresearch/may31/train.py'
[13:28:41] ERROR s2 imp=1.5 lam_imp=0.2: [Errno 2] No such file or directory: '/project/6014832/mforooz/EpiDenoise/sandbox/autoresearch/may31/train.py'
[13:28:41] ERROR s2 imp=1.5 lam_imp=0.2: [Errno 2] No such file or directory: '/project/6014832/mforooz/EpiDenoise/sandbox/autoresearch/may31/train.py'
[13:28:41] ERROR s2 calib=log2 lam_imp=0.2: [Errno 2] No such file or directory: '/project/6014832/mforooz/EpiDenoise/sandbox/autoresearch/may31/train.py'
[13:28:41] ERROR s2 calib=log2 lam_imp=0.2: [Errno 2] No such file or directory: '/project/6014832/mforooz/EpiDenoise/sandbox/autoresearch/may31/train.py'
[13:28:41] ERROR s2 vb_meta lam_imp=0.2: [Errno 2] No such file or directory: '/project/6014832/mforooz/EpiDenoise/sandbox/autoresearch/may31/train.py'
[13:28:41] ERROR s2 vb_meta lam_imp=0.2: [Errno 2] No such file or directory: '/project/6014832/mforooz/EpiDenoise/sandbox/autoresearch/may31/train.py'
[13:28:41] ERROR s2 signal_transform=none lam_imp=0.2: [Errno 2] No such file or directory: '/project/6014832/mforooz/EpiDenoise/sandbox/autoresearch/may31/train.py'
[13:28:41] ERROR s2 signal_transform=none lam_imp=0.2: [Errno 2] No such file or directory: '/project/6014832/mforooz/EpiDenoise/sandbox/autoresearch/may31/train.py'
[13:28:41] ERROR s2 signal_transform=arcsinh lam_imp=0.2: [Errno 2] No such file or directory: '/project/6014832/mforooz/EpiDenoise/sandbox/autoresearch/may31/train.py'
[13:28:41] ERROR s2 signal_transform=arcsinh lam_imp=0.2: [Errno 2] No such file or directory: '/project/6014832/mforooz/EpiDenoise/sandbox/autoresearch/may31/train.py'
[13:28:42] ERROR s2 lam_imp=0.05: [Errno 2] No such file or directory: '/project/6014832/mforooz/EpiDenoise/sandbox/autoresearch/may31/train.py'
[13:28:42] ERROR s2 lam_imp=0.05: [Errno 2] No such file or directory: '/project/6014832/mforooz/EpiDenoise/sandbox/autoresearch/may31/train.py'
[13:28:42] ERROR s2 lam_imp=0.05 vb_meta: [Errno 2] No such file or directory: '/project/6014832/mforooz/EpiDenoise/sandbox/autoresearch/may31/train.py'
[13:28:42] ERROR s2 lam_imp=0.05 vb_meta: [Errno 2] No such file or directory: '/project/6014832/mforooz/EpiDenoise/sandbox/autoresearch/may31/train.py'
[13:28:42] ERROR s2 lam_imp=0.05 calib=log2: [Errno 2] No such file or directory: '/project/6014832/mforooz/EpiDenoise/sandbox/autoresearch/may31/train.py'
[13:28:42] ERROR s2 lam_imp=0.05 calib=log2: [Errno 2] No such file or directory: '/project/6014832/mforooz/EpiDenoise/sandbox/autoresearch/may31/train.py'
[13:28:42] ERROR s2 lam_imp=0.1 imp=0.75: [Errno 2] No such file or directory: '/project/6014832/mforooz/EpiDenoise/sandbox/autoresearch/may31/train.py'
[13:28:42] ERROR s2 lam_imp=0.1 imp=0.75: [Errno 2] No such file or directory: '/project/6014832/mforooz/EpiDenoise/sandbox/autoresearch/may31/train.py'
[13:28:42] ERROR s2 lam_imp=0.1 imp=1.0: [Errno 2] No such file or directory: '/project/6014832/mforooz/EpiDenoise/sandbox/autoresearch/may31/train.py'
[13:28:42] ERROR s2 lam_imp=0.1 imp=1.0: [Errno 2] No such file or directory: '/project/6014832/mforooz/EpiDenoise/sandbox/autoresearch/may31/train.py'
[13:28:43] ERROR s2 lam_imp=0.1 vb_meta: [Errno 2] No such file or directory: '/project/6014832/mforooz/EpiDenoise/sandbox/autoresearch/may31/train.py'
[13:28:43] ERROR s2 lam_imp=0.1 vb_meta: [Errno 2] No such file or directory: '/project/6014832/mforooz/EpiDenoise/sandbox/autoresearch/may31/train.py'
[13:28:43] ERROR s2 lam_imp=0.1 calib=log2: [Errno 2] No such file or directory: '/project/6014832/mforooz/EpiDenoise/sandbox/autoresearch/may31/train.py'
[13:28:43] ERROR s2 lam_imp=0.1 calib=log2: [Errno 2] No such file or directory: '/project/6014832/mforooz/EpiDenoise/sandbox/autoresearch/may31/train.py'
[13:28:43] ERROR s2 vb_meta only: [Errno 2] No such file or directory: '/project/6014832/mforooz/EpiDenoise/sandbox/autoresearch/may31/train.py'
[13:28:43] ERROR s2 vb_meta only: [Errno 2] No such file or directory: '/project/6014832/mforooz/EpiDenoise/sandbox/autoresearch/may31/train.py'
[13:28:43] ERROR s2 imp=0.75 no mse_imp: [Errno 2] No such file or directory: '/project/6014832/mforooz/EpiDenoise/sandbox/autoresearch/may31/train.py'
[13:28:43] ERROR s2 imp=0.75 no mse_imp: [Errno 2] No such file or directory: '/project/6014832/mforooz/EpiDenoise/sandbox/autoresearch/may31/train.py'
[13:28:43] ERROR s2 imp=1.0 no mse_imp: [Errno 2] No such file or directory: '/project/6014832/mforooz/EpiDenoise/sandbox/autoresearch/may31/train.py'
[13:28:43] ERROR s2 imp=1.0 no mse_imp: [Errno 2] No such file or directory: '/project/6014832/mforooz/EpiDenoise/sandbox/autoresearch/may31/train.py'
[13:28:43] ERROR s2 imp=1.5 no mse_imp: [Errno 2] No such file or directory: '/project/6014832/mforooz/EpiDenoise/sandbox/autoresearch/may31/train.py'
[13:28:43] ERROR s2 imp=1.5 no mse_imp: [Errno 2] No such file or directory: '/project/6014832/mforooz/EpiDenoise/sandbox/autoresearch/may31/train.py'
[13:28:44] ERROR s2 lam_imp=0.02: [Errno 2] No such file or directory: '/project/6014832/mforooz/EpiDenoise/sandbox/autoresearch/may31/train.py'
[13:28:44] ERROR s2 lam_imp=0.02: [Errno 2] No such file or directory: '/project/6014832/mforooz/EpiDenoise/sandbox/autoresearch/may31/train.py'
[13:28:44] ERROR s2 lam_imp=0.02 vb_meta: [Errno 2] No such file or directory: '/project/6014832/mforooz/EpiDenoise/sandbox/autoresearch/may31/train.py'
[13:28:44] ERROR s2 lam_imp=0.02 vb_meta: [Errno 2] No such file or directory: '/project/6014832/mforooz/EpiDenoise/sandbox/autoresearch/may31/train.py'
[13:28:44] cycle had no improvement; continuing anyway
[13:28:44] cycle had no improvement; continuing anyway
[13:28:45] --- cycle 33 ---
[13:28:45] --- cycle 33 ---
[13:28:45] ERROR s2 imp=0.75 lam_imp=0.2: [Errno 2] No such file or directory: '/project/6014832/mforooz/EpiDenoise/sandbox/autoresearch/may31/train.py'
[13:28:45] ERROR s2 imp=0.75 lam_imp=0.2: [Errno 2] No such file or directory: '/project/6014832/mforooz/EpiDenoise/sandbox/autoresearch/may31/train.py'
[13:28:45] ERROR s2 imp=1.0 lam_imp=0.2: [Errno 2] No such file or directory: '/project/6014832/mforooz/EpiDenoise/sandbox/autoresearch/may31/train.py'
[13:28:45] ERROR s2 imp=1.0 lam_imp=0.2: [Errno 2] No such file or directory: '/project/6014832/mforooz/EpiDenoise/sandbox/autoresearch/may31/train.py'
[13:28:45] ERROR s2 imp=1.5 lam_imp=0.2: [Errno 2] No such file or directory: '/project/6014832/mforooz/EpiDenoise/sandbox/autoresearch/may31/train.py'
[13:28:45] ERROR s2 imp=1.5 lam_imp=0.2: [Errno 2] No such file or directory: '/project/6014832/mforooz/EpiDenoise/sandbox/autoresearch/may31/train.py'
[13:28:46] ERROR s2 calib=log2 lam_imp=0.2: [Errno 2] No such file or directory: '/project/6014832/mforooz/EpiDenoise/sandbox/autoresearch/may31/train.py'
[13:28:46] ERROR s2 calib=log2 lam_imp=0.2: [Errno 2] No such file or directory: '/project/6014832/mforooz/EpiDenoise/sandbox/autoresearch/may31/train.py'
[13:28:46] ERROR s2 vb_meta lam_imp=0.2: [Errno 2] No such file or directory: '/project/6014832/mforooz/EpiDenoise/sandbox/autoresearch/may31/train.py'
[13:28:46] ERROR s2 vb_meta lam_imp=0.2: [Errno 2] No such file or directory: '/project/6014832/mforooz/EpiDenoise/sandbox/autoresearch/may31/train.py'
[13:28:46] ERROR s2 signal_transform=none lam_imp=0.2: [Errno 2] No such file or directory: '/project/6014832/mforooz/EpiDenoise/sandbox/autoresearch/may31/train.py'
[13:28:46] ERROR s2 signal_transform=none lam_imp=0.2: [Errno 2] No such file or directory: '/project/6014832/mforooz/EpiDenoise/sandbox/autoresearch/may31/train.py'
[13:28:46] ERROR s2 signal_transform=arcsinh lam_imp=0.2: [Errno 2] No such file or directory: '/project/6014832/mforooz/EpiDenoise/sandbox/autoresearch/may31/train.py'
[13:28:46] ERROR s2 signal_transform=arcsinh lam_imp=0.2: [Errno 2] No such file or directory: '/project/6014832/mforooz/EpiDenoise/sandbox/autoresearch/may31/train.py'
[13:28:46] ERROR s2 lam_imp=0.05: [Errno 2] No such file or directory: '/project/6014832/mforooz/EpiDenoise/sandbox/autoresearch/may31/train.py'
[13:28:46] ERROR s2 lam_imp=0.05: [Errno 2] No such file or directory: '/project/6014832/mforooz/EpiDenoise/sandbox/autoresearch/may31/train.py'
[13:28:46] ERROR s2 lam_imp=0.05 vb_meta: [Errno 2] No such file or directory: '/project/6014832/mforooz/EpiDenoise/sandbox/autoresearch/may31/train.py'
[13:28:46] ERROR s2 lam_imp=0.05 vb_meta: [Errno 2] No such file or directory: '/project/6014832/mforooz/EpiDenoise/sandbox/autoresearch/may31/train.py'
[13:28:47] ERROR s2 lam_imp=0.05 calib=log2: [Errno 2] No such file or directory: '/project/6014832/mforooz/EpiDenoise/sandbox/autoresearch/may31/train.py'
[13:28:47] ERROR s2 lam_imp=0.05 calib=log2: [Errno 2] No such file or directory: '/project/6014832/mforooz/EpiDenoise/sandbox/autoresearch/may31/train.py'
[13:28:47] ERROR s2 lam_imp=0.1 imp=0.75: [Errno 2] No such file or directory: '/project/6014832/mforooz/EpiDenoise/sandbox/autoresearch/may31/train.py'
[13:28:47] ERROR s2 lam_imp=0.1 imp=0.75: [Errno 2] No such file or directory: '/project/6014832/mforooz/EpiDenoise/sandbox/autoresearch/may31/train.py'
[13:28:47] ERROR s2 lam_imp=0.1 imp=1.0: [Errno 2] No such file or directory: '/project/6014832/mforooz/EpiDenoise/sandbox/autoresearch/may31/train.py'
[13:28:47] ERROR s2 lam_imp=0.1 imp=1.0: [Errno 2] No such file or directory: '/project/6014832/mforooz/EpiDenoise/sandbox/autoresearch/may31/train.py'
[13:28:47] ERROR s2 lam_imp=0.1 vb_meta: [Errno 2] No such file or directory: '/project/6014832/mforooz/EpiDenoise/sandbox/autoresearch/may31/train.py'
[13:28:47] ERROR s2 lam_imp=0.1 vb_meta: [Errno 2] No such file or directory: '/project/6014832/mforooz/EpiDenoise/sandbox/autoresearch/may31/train.py'
[13:28:48] ERROR s2 lam_imp=0.1 calib=log2: [Errno 2] No such file or directory: '/project/6014832/mforooz/EpiDenoise/sandbox/autoresearch/may31/train.py'
[13:28:48] ERROR s2 lam_imp=0.1 calib=log2: [Errno 2] No such file or directory: '/project/6014832/mforooz/EpiDenoise/sandbox/autoresearch/may31/train.py'
