epoch,batch_idx,timestamp,learning_rate,gradient_norm,mask_info,batch_time,imp_count_loss,obs_count_loss,imp_pval_loss,obs_pval_loss,imp_peak_loss,obs_peak_loss,total_loss,imp_count_r2_median,imp_count_spearman_median,imp_count_pearson_median,imp_count_mse_median,imp_count_mae_median,imp_count_mae_r2_median,imp_count_perplexity_median,imp_pval_r2_median,imp_pval_spearman_median,imp_pval_pearson_median,imp_pval_mse_median,imp_pval_mae_median,imp_pval_mae_r2_median,imp_pval_perplexity_median,imp_peak_auc_median,obs_count_r2_median,obs_count_spearman_median,obs_count_pearson_median,obs_count_mse_median,obs_count_mae_median,obs_count_mae_r2_median,obs_count_perplexity_median,obs_pval_r2_median,obs_pval_spearman_median,obs_pval_pearson_median,obs_pval_mse_median,obs_pval_mae_median,obs_pval_mae_r2_median,obs_pval_perplexity_median,obs_peak_auc_median,dsf_upsampled_count,dsf_downsampled_count,dsf_same_count,control_non1_count,train_st_depth_ratio,train_st_runtype_mse,train_st_readlen_mse,EMA_Imp_Pval_R2,EMA_Imp_Pval_SRCC,EMA_Imp_Pval_PCC,EMA_Imp_Pval_MAE_R2,EMA_Imp_Count_R2,EMA_Imp_Count_SRCC,EMA_Imp_Count_PCC,EMA_Imp_Count_MAE_R2,EMA_Obs_Pval_MAE_R2,EMA_Obs_Count_MAE_R2,EMA_Imp_Count_Loss,EMA_Obs_Count_Loss,EMA_Imp_Pval_Loss,EMA_Obs_Pval_Loss,EMA_Imp_Peak_AUC,EMA_Obs_Peak_AUC
1,0,2026-04-11T19:02:09.882891,0.0002,0.0,A:1.0/L:0.5/C:0.0,3.958120346069336,2.116039514541626,0.3098776936531067,1.145280122756958,0.28105640411376953,0.3440246284008026,0.07522274553775787,4.271501064300537,-0.17217040061950684,0.00629428903552664,0.006899353,5.984064,1.5375637,0.01359778642654419,5.413896083831787,-1.5653376579284668,0.004181699638070048,0.0072967405,0.44198596,0.6549048,-1.7680985927581787,3.104973793029785,0.5053551591786636,-0.09770739078521729,-0.02769392675962587,-0.0125074405,5.791072,1.16773,0.10333508253097534,6.025718688964844,-1.1745333671569824,-0.013477142452175822,-0.012880139,0.40194657,0.5980333,-0.9620895385742188,3.041855812072754,0.5133974748156143,0,0,56,0,0.9987789988517761,9.186875104205683e-05,0.004780021030455828,-1.5653376579284668,0.004181699638070048,0.007296740543097258,-1.7680985927581787,-0.17217040061950684,0.00629428903552664,0.006899353116750717,0.01359778642654419,-0.9620895385742188,0.10333508253097534,2.116039514541626,0.3098776936531067,1.145280122756958,0.28105640411376953,0.5053551591786636,0.5133974748156143
1,1,2026-04-11T19:02:10.964789,0.0002,0.0,A:1.0/L:0.5/C:0.0,1.0339913368225098,2.2150471210479736,0.8377398252487183,1.1338870525360107,0.28826701641082764,0.2727372348308563,0.0714939683675766,4.819172382354736,-0.04488247632980347,-0.018440210526859777,-0.011055444,2.3594322,0.8882992,0.05533483624458313,4.754974007606506,-7.126077175140381,-0.01447570195877107,-0.013989716,0.4389939,0.6374151,-3.896135449409485,3.1002331972122192,0.5399723481511356,-0.037907302379608154,-0.013674087225587104,0.00040240318,0.95220566,0.8197077,0.08103227615356445,2.4886778593063354,-13.684216022491455,-0.009503067615917035,0.003218183,0.4426164,0.65862876,-6.800718307495117,3.1050195693969727,0.5276471717123254,0,0,48,0,,,,-1.5931413555145264,0.0040884126300858425,0.007190308261197061,-1.7787387770414353,-0.17153396099805832,0.006170616537714707,0.006809579129330814,0.013806471675634384,-0.9912826824188232,0.10322356849908829,2.1165345525741577,0.31251700431108476,1.1452231574058533,0.28109245717525483,0.5055282451235259,0.5134687233000977
1,2,2026-04-11T19:02:11.903842,0.0002,0.0,A:1.0/L:0.5/C:0.0,0.9240727424621582,0.8438394069671631,0.17298369109630585,1.0809932947158813,0.271429181098938,0.3615114390850067,0.07606279850006104,2.8068196773529053,-0.23808574676513672,0.009736531105394129,0.017248701,3.2867818,1.1167474,-0.04840761423110962,4.187114834785461,-1.746099829673767,0.011935924150567698,0.024392162,0.32442498,0.54253453,-1.4232758283615112,2.919390916824341,0.5055553719524174,-0.05381220579147339,-0.005875254320192293,-0.009934844,3.9099774,0.8480197,0.14136600494384766,3.7814998626708984,-0.9638597965240479,-0.008395888741633821,-0.010421211,0.36347795,0.5501864,-1.1484571695327759,2.9814248085021973,0.4817106530112045,0,0,32,0,,,,-1.5939061478853225,0.004127650187688252,0.007276317527482752,-1.7769614622980359,-0.1718667199268937,0.006188446110553104,0.0068617747402051465,0.013495401246100663,-0.992068554854393,0.10341428068131207,2.110171076846123,0.31181933774501086,1.1449020080924035,0.2810441407948732,0.5055283807576704,0.5133099329486533
1,3,2026-04-11T19:02:13.700472,0.0002,0.0,A:1.0/L:0.5/C:0.0,1.782702922821045,1.115276575088501,0.14390525221824646,1.0874977111816406,0.2718525826931,0.19080041348934174,0.05061592161655426,2.8599483966827393,-0.32115668058395386,0.0020676826246900687,-0.0013038593,0.9584998,0.7639238,-0.2661241292953491,2.4240660667419434,-3.201344609260559,0.0020449706082209546,0.0008439664,0.34290785,0.55395347,-1.8867071866989136,2.9557526111602783,0.48825203274488593,-0.5348685383796692,0.004122947326854381,0.007648582,0.76865846,0.6625966,-0.6888604760169983,2.1711223125457764,-4.693217515945435,-0.0005240545615322385,0.0041934876,0.35506183,0.57399976,-2.8031665086746216,2.9737013578414917,0.5125005775925852,0,0,144,0,,,,-1.6019433401921988,0.004117236789790916,0.007244155771744146,-1.7775101909200401,-0.172613169730179,0.00616784229312379,0.006820946570064756,0.012097303593393414,-1.0011240446234941,0.09945290689782052,2.1051966043373347,0.31097976731737703,1.1446149866078499,0.28099818300436435,0.5054419990176064,0.513305886171873
1,4,2026-04-11T19:02:15.353988,0.00020080726538849647,55.23594665527344,A:1.0/L:0.5/C:0.0,1.5931921005249023,2.8989388942718506,0.9907916188240051,1.1956984996795654,0.288188636302948,0.34983494877815247,0.08404494822025299,5.807497501373291,-0.45522570610046387,-0.0016627866355770158,-0.00083478587,11.765769,2.3111672,-0.08174502849578857,15.773274421691895,-0.3694651126861572,-0.0041183052997690065,0.001500342,0.3864098,0.57674277,-0.5341417789459229,3.0171399116516113,0.49572760505076086,-0.2826329469680786,-0.0002385886632850007,0.0017573251,10.48314,2.1563954,-0.02573084831237793,14.656205177307129,-0.37416350841522217,-0.0039011251584779535,-0.0033212067,0.3695432,0.5654494,-0.4918973445892334,2.990712881088257,0.5086028386454183,0,0,56,0,,,,-1.5957809490546686,0.004076059079343116,0.007215436703091696,-1.7712933488601694,-0.17402623241203044,0.006128689148480286,0.00678266790787702,0.011628091932947506,-0.9985779111233228,0.09882698812176953,2.109165315787007,0.3143788265749102,1.1448704041732085,0.28103413527085724,0.5053934270477722,0.5132823709342408
1,5,2026-04-11T19:02:16.383367,0.00020080726538849647,55.23594665527344,A:1.0/L:0.5/C:0.0,1.0175542831420898,4.742661476135254,1.0298446416854858,1.1551600694656372,0.28838929533958435,0.15759113430976868,0.04190055653452873,7.4155473709106445,-0.07153606414794922,0.0025348491994149178,0.0009701278,4.4726152,1.2287486,-0.011352002620697021,5.797902584075928,-1.5441861748695374,0.0008582348655615543,0.001788571,0.38525647,0.6094978,-1.468784749507904,2.986542582511902,0.49934392124525123,-0.10212862491607666,0.00027071129628297697,-0.0010950766,5.700511,1.3221288,0.0047311484813690186,6.350587844848633,-1.3204692602157593,0.0017429663028862609,0.001242363,0.4004591,0.625492,-1.2595429420471191,3.0102628469467163,0.49496121083054456,0,0,48,0,,,,-1.595522975183743,0.004059969958274208,0.007188302374632613,-1.769780805863408,-0.17351378157071004,0.006110719948734959,0.00675360520742618,0.011513191460179284,-0.9998827362779418,0.09835650892356752,2.1223327965887484,0.31795615565046303,1.1449218524996707,0.2810709110712009,0.5053631795187596,0.5131907651337223
1,6,2026-04-11T19:02:17.345228,0.00020080726538849647,55.23594665527344,A:1.0/L:0.5/C:0.0,0.9454445838928223,1.4865046739578247,0.38336366415023804,1.1097439527511597,0.278417706489563,0.16427960991859436,0.042928557842969894,3.465238332748413,-0.3720526695251465,0.004806655466484358,0.0010202922,7.665745,1.7746683,-0.04925042390823364,11.454484939575195,-0.09485602378845215,-0.0002737635147865901,-0.0027741585,0.3916219,0.49279812,-0.092354416847229,2.9891377687454224,0.4970540255694963,-0.4953501224517822,-0.002246172678142428,0.00055333634,10.956868,2.1958284,-0.09643155336380005,16.6168794631958,-0.004919469356536865,-0.0034006343830151435,0.0006004463,0.4387284,0.51430154,0.00021272897720336914,3.0672569274902344,0.49696290113896263,0,0,32,0,,,,-1.5880196404267666,0.004038301290908904,0.007138490070296028,-1.761393673918327,-0.17450647601048222,0.006104199626323706,0.006724938642236122,0.01120937338333722,-0.994882258951666,0.0973825686121307,2.1191536559755937,0.3182831931929619,1.1447459630009282,0.2810576450482927,0.5053216337490133,0.5131096258137485
1,7,2026-04-11T19:02:19.112684,0.00020080726538849647,55.23594665527344,A:1.0/L:0.5/C:0.0,1.7309091091156006,0.9005572199821472,0.3073228597640991,1.0501338243484497,0.26651012897491455,0.1869417279958725,0.044758714735507965,2.7562243938446045,-0.05133616924285889,0.000380720058808989,-0.0016088632,0.83770996,0.71862423,-0.02582252025604248,2.928067445755005,-1.733352780342102,0.001145025480602532,0.0016854563,0.2921938,0.49549,-1.0557637214660645,2.85110080242157,0.5045862258520719,-0.05247765779495239,0.0020151763755782556,-0.0019990422,0.9484763,0.7329761,-0.03633338212966919,2.963194727897644,-1.6203240156173706,-0.0010659544369357788,9.1681315e-05,0.30723733,0.52036417,-0.9815082550048828,2.868597984313965,0.49149544809107604,0,0,144,0,,,,-1.5887463061263434,0.004023834911857372,0.007111224901226458,-1.7578655241560655,-0.1738906244766441,0.006075582228486132,0.006683269632824402,0.011024213915140321,-0.9948153889319322,0.0967139888584217,2.113060673795627,0.3182283915258176,1.1442729023076659,0.28098490746792587,0.5053179567095286,0.5130015549251352
1,8,2026-04-11T19:02:20.262567,0.00020080726538849647,55.23594665527344,A:1.0/L:0.5/C:0.0,1.1438016891479492,2.083526849746704,0.46820971369743347,1.1400530338287354,0.30250704288482666,0.1833537220954895,0.04967373609542847,4.22732400894165,-0.18440234661102295,-0.0014009407661651732,0.00017521728,12.705616,2.2315207,-0.010407447814941406,17.782148361206055,-0.15783476829528809,-0.0020370249980647803,-0.00034801767,0.38046598,0.553179,-0.2478959560394287,2.974071741104126,0.4991838426123064,-0.2677445411682129,-0.012545571974261484,-0.0016329347,16.537287,2.6705694,-0.015767216682434082,24.875778198242188,-0.09183061122894287,0.004653577785469771,0.0047519803,0.43024397,0.5790809,-0.1654658317565918,3.0537562370300293,0.5058797377613317,0,0,56,0,,,,-1.5815917484371882,0.003993530612307761,0.007073928688383226,-1.7503156763154821,-0.173943183087316,0.006038199613512876,0.006650729371075071,0.010917055606489912,-0.9906686411460555,0.09615158283071742,2.112913004675382,0.31897829813667566,1.144251802965271,0.28109251814501035,0.5052872861390425,0.5129659458393162
1,9,2026-04-11T19:02:21.333160,0.00020161453077699297,32.42051696777344,A:1.0/L:0.5/C:0.0,1.062382698059082,6.039494037628174,0.7500879764556885,1.1979317665100098,0.2814003825187683,0.16098766028881073,0.03931477293372154,8.469217300415039,-0.07655799388885498,0.0034578516763138856,0.0009472318,6.40856,1.3365693,0.02885746955871582,6.381541013717651,-1.3694542050361633,0.0007304826197404118,0.0011864493,0.400517,0.62368214,-1.353709638118744,3.0104044675827026,0.49568067314850517,-0.05726802349090576,-0.0001485806908685561,-0.00017508173,2.5508652,1.0000291,0.0013363659381866455,4.507383108139038,-2.1703418493270874,0.0018080292194605691,-0.0009837487,0.38976565,0.6049603,-1.9104018211364746,2.990962266921997,0.495348912977696,0,0,48,0,,,,-1.580531060720183,0.003977215372344924,0.0070444912915089905,-1.7483326461244983,-0.17345625714132368,0.006025297873826881,0.006622211883100101,0.011006757676251042,-0.9952673070460075,0.09567750674625478,2.132545909840146,0.32113384652827076,1.1445202027829948,0.28109405746687915,0.5052392530740899,0.5128778606750081
1,10,2026-04-11T19:02:22.275520,0.00020161453077699297,32.42051696777344,A:1.0/L:0.5/C:0.0,0.936751127243042,1.5170440673828125,0.413129061460495,1.0722732543945312,0.2653070390224457,0.18247415125370026,0.04498773440718651,3.49521541595459,-0.15812283754348755,0.0016565214270870114,0.0013285935,7.839513,1.7014753,-0.05299043655395508,9.719399452209473,-0.053150057792663574,-0.0011591642745881923,-0.0027168086,0.35067445,0.47414863,-0.1271512508392334,2.8967669010162354,0.4975125966638959,-0.3567735552787781,-0.009375962326734091,-0.0056428993,5.401229,1.481498,-0.21472012996673584,8.340922594070435,-0.30968719720840454,-0.002576105659617918,-0.00091838784,0.30756634,0.46784037,-0.3872327208518982,2.829046368598938,0.4998296620778732,0,0,32,0,,,,-1.5728941557055454,0.003951533474110258,0.006995684792152135,-1.740226739148072,-0.1733795900433345,0.0060034539915931814,0.006595743791030725,0.01068677170510001,-0.992227134115037,0.09412551856268982,2.1294684006278595,0.32159382260293184,1.1441589680410524,0.281015122374657,0.5052006197920389,0.5128126196820224
1,11,2026-04-11T19:02:24.017172,0.00020161453077699297,32.42051696777344,A:1.0/L:0.5/C:0.0,1.7412419319152832,0.8324718475341797,0.2357313632965088,1.058864712715149,0.2615455389022827,0.16302485764026642,0.04431554675102234,2.595953941345215,-0.19033890962600708,-0.00442631369322906,-0.0021972149,1.0690933,0.7167134,-0.13368433713912964,3.3734554052352905,-1.5114715099334717,0.0001778966987419543,-0.0014373825,0.2859661,0.49165595,-0.9127330183982849,2.817636728286743,0.5000020344614828,-0.18372708559036255,-0.0016967893135106378,-0.0005927863,1.0165348,0.7582384,-0.10795199871063232,3.492993116378784,-1.387732982635498,0.0029221280848156844,-0.00013545353,0.296279,0.49592465,-0.9231599569320679,2.8333911895751953,0.4960001797169149,0,0,144,0,,,,-1.572587042476685,0.003932665290233416,0.0069535194554927035,-1.736089270544323,-0.1734643866412479,0.00595130515316907,0.006551778997735973,0.009964916160878863,-0.9918817982291221,0.09311513097632321,2.122983417862391,0.32116451030639975,1.1437324967644231,0.2809177744572951,0.5051746268653861,0.5127285574821969
1,12,2026-04-11T19:02:25.151896,0.00020161453077699297,32.42051696777344,A:1.0/L:0.5/C:0.0,1.1271133422851562,2.0400495529174805,0.39458879828453064,1.1693583726882935,0.2886298894882202,0.20069000124931335,0.05017586424946785,4.143492221832275,-0.20901763439178467,0.00013624432675490608,-0.00046130898,16.045135,2.6683142,-0.053993821144104004,20.30017852783203,-0.2892739772796631,-9.644388866668117e-05,0.0011524061,0.31803882,0.54179806,-0.3799957036972046,2.85917067527771,0.4966336003767683,-0.21102046966552734,0.0040184248610003635,-0.00018353655,19.632072,2.9840648,-0.024849414825439453,12.520223617553711,-0.2546215057373047,-0.0055502328450967725,-0.002441693,0.3903757,0.5379881,-0.44905102252960205,2.969355821609497,0.5008187584255588,0,0,56,0,,,,-1.5661704771507,0.003912519744338916,0.006924513888702189,-1.7293088027100874,-0.17364215288000057,0.005922229849036999,0.006516713557826863,0.00964512247435395,-0.9891676443506245,0.09252530824731439,2.1225687485376663,0.3215316317462904,1.1438606261440425,0.28095633503244977,0.505131921732943,0.5126690084869138
1,13,2026-04-11T19:02:26.192235,0.00020161453077699297,32.42051696777344,A:1.0/L:0.5/C:0.0,1.0294520854949951,2.626617431640625,1.238592505455017,1.1505610942840576,0.2789861261844635,0.18845707178115845,0.0460185706615448,5.529232501983643,-0.1332288384437561,0.0045154500589374025,0.0016068779,5.539096,1.4197115,-0.07687419652938843,7.541592121124268,-2.007641911506653,0.002487911895623104,0.0025878423,0.35056567,0.57149374,-1.4081952571868896,2.9053151607513428,0.49575732096528186,-0.15390413999557495,0.002454266544199347,-0.0011141619,4.8340816,1.5253437,-0.08334678411483765,12.233888626098633,-1.1448959112167358,-0.000991473188847607,0.002327513,0.37385464,0.5761967,-1.369787573814392,2.9422372579574585,0.5016009675319207,0,0,48,0,,,,-1.5683778343224797,0.003905396705095337,0.00690283053070547,-1.7277032349824715,-0.17344008630781935,0.005915195950086501,0.006492164379503776,0.009212525879335237,-0.9910707439979434,0.09164594778550363,2.1250889919531812,0.32611693611483406,1.1438941284847426,0.28094648398820987,0.5050850487291046,0.5126136682821387
1,14,2026-04-11T19:02:27.159551,0.0002024217961654894,12.049372673034668,A:1.0/L:0.5/C:0.0,0.9557580947875977,1.7870105504989624,0.3578875958919525,1.0852528810501099,0.2680199146270752,0.19053998589515686,0.04253750294446945,3.731248617172241,-0.22425079345703125,0.0031624667006600765,0.0014885108,8.678143,1.8190422,-0.12978869676589966,12.995447635650635,-0.03154832124710083,-0.001991360557501017,-0.00085076765,0.405346,0.49022186,-0.05500894784927368,2.9845679998397827,0.49888068109386685,-0.2774273157119751,0.0029269132174599925,-0.0005594118,9.757582,1.9332534,-0.12230587005615234,14.738672018051147,-0.09368181228637695,-0.005141050515426864,-0.0016483187,0.3576661,0.46457756,-0.21066689491271973,2.907923460006714,0.500592561902629,0,0,32,0,,,,-1.5606936867571028,0.0038759129187823553,0.006864062539782436,-1.7193397635468055,-0.1736941398435654,0.0059014323038393685,0.006467146111366741,0.008517519766109063,-0.9871687247525173,0.09057618869629534,2.12339859974591,0.3262757894137196,1.1436009222475694,0.2808818511414042,0.5050540268909285,0.5125535627502411
1,15,2026-04-11T19:02:28.856435,0.0002024217961654894,12.049372673034668,A:1.0/L:0.5/C:0.0,1.695666790008545,0.8515473008155823,0.21768683195114136,1.0242449045181274,0.2537741959095001,0.16400986909866333,0.04185407981276512,2.553117036819458,-0.2294532060623169,0.0010522443979618127,0.0030136611,1.2246317,0.7572162,-0.12092441320419312,3.635473370552063,-1.012425422668457,0.0009122986757837595,0.0009233458,0.2697422,0.4619031,-0.7327900528907776,2.7549291849136353,0.49510737572630026,-0.25961971282958984,0.00231485253175763,0.0015072412,1.1773278,0.7496594,-0.13093584775924683,3.614857316017151,-1.1079306602478027,0.0007171757963450162,0.0003148442,0.2635432,0.46525484,-0.7988172173500061,2.733399748802185,0.5003234051518992,0,0,144,0,,,,-1.5579523454366595,0.003861094847567362,0.006834358956067344,-1.7144070149935255,-0.17397293517465917,0.00587718636430998,0.006449878686466222,0.007870310101257551,-0.9862269672155047,0.08946862851401763,2.1170393432512586,0.32573284462640667,1.143004142158922,0.28074631286524465,0.5050042936351054,0.5124924119622494
1,16,2026-04-11T19:02:29.959324,0.0002024217961654894,12.049372673034668,A:1.0/L:0.5/C:0.0,1.0905463695526123,1.410759449005127,0.4773578941822052,1.092118501663208,0.2836184799671173,0.19372735917568207,0.04668141528964043,3.504262924194336,-0.19196462631225586,0.0012243315464924326,-0.00010011741,9.907322,2.0628655,0.04747563600540161,9.450812339782715,-0.2548421621322632,-0.0010738506025816542,-0.00027132756,0.33289436,0.52481085,-0.5628961324691772,2.8355886936187744,0.502534352810377,-0.21524310111999512,-0.005243994291840442,-0.002811334,16.416224,2.5588129,-0.03401899337768555,11.652082443237305,-0.19257044792175293,-0.008847945314653365,-0.0019709389,0.34905162,0.49077454,-0.35023999214172363,2.865743637084961,0.496758151995803,0,0,56,0,,,,-1.5514367945201375,0.003836420120316617,0.00679883052348317,-1.7086494605809037,-0.17406289363034716,0.005853922090220892,0.006417128705985882,0.008068336730778272,-0.9830470323401358,0.08885119040455912,2.1135079437800277,0.3264909698741857,1.1427497139564435,0.280760673700754,0.5049919439309817,0.5124137406624172
1,17,2026-04-11T19:02:30.991600,0.0002024217961654894,12.049372673034668,A:1.0/L:0.5/C:0.0,1.0228190422058105,3.078434467315674,0.640185534954071,1.105224847793579,0.26862186193466187,0.17327605187892914,0.043895114213228226,5.309638023376465,-0.08239459991455078,0.002508434400177926,0.001230041,4.1895804,1.4079332,-0.07278531789779663,7.103921175003052,-2.28239643573761,0.0012159440838257272,0.00082828186,0.30637687,0.53426373,-1.6418097019195557,2.7956830263137817,0.5013572548462529,-0.09704113006591797,-0.0023521833682594875,-0.00055599096,3.4719362,1.3887389,-0.06581026315689087,8.167291402816772,-1.522039771080017,-0.0031394521428868764,-0.0005639661,0.31613097,0.5422442,-1.4190294742584229,2.8130263090133667,0.5001153329108492,0,0,48,0,,,,-1.5550915927262248,0.003823317740134163,0.00676897778016509,-1.708315261787597,-0.17360455216176818,0.005837194651770677,0.0063911932676099245,0.007664068457635397,-0.9852269445497273,0.08807788313675187,2.1183325763977057,0.32805944269958515,1.1425620896256292,0.28069997964192356,0.504973770485558,0.5123522486236594
1,18,2026-04-11T19:02:31.943585,0.0002024217961654894,12.049372673034668,A:1.0/L:0.5/C:0.0,0.9438128471374512,1.4679131507873535,0.33856120705604553,1.0225857496261597,0.25741520524024963,0.1605738401412964,0.04215404391288757,3.28920316696167,-0.2757072448730469,0.00038617241064855477,0.0003787066,6.566489,1.7521057,-0.1290595531463623,7.81677770614624,-0.06429886817932129,0.001521790238606155,0.0007463343,0.30478537,0.44895542,-0.12341368198394775,2.7800168991088867,0.49511682058006024,-0.10628843307495117,0.0010409647306900832,-0.0009635127,6.4849243,1.7131232,-0.18439805507659912,6.890270709991455,-0.09842431545257568,0.0035717028229720563,0.0017680845,0.31423134,0.4399659,-0.20595550537109375,2.794680595397949,0.4985268925197239,0,0,32,0,,,,-1.5476376291034903,0.003811810102626523,0.006738864562868593,-1.7003907538885787,-0.17411506562532458,0.005809939540565067,0.00636113083431637,0.006980450349615409,-0.9813305873538342,0.08671550344568511,2.1150804792696536,0.3281119515213674,1.141962207925632,0.2805835557699152,0.5049244857360305,0.5122831218431396
1,19,2026-04-11T19:02:33.682709,0.00020322906155398587,11.3108491897583,A:1.0/L:0.5/C:0.0,1.7387144565582275,0.8174046874046326,0.18048173189163208,1.0125294923782349,0.2530842125415802,0.16144461929798126,0.04219280183315277,2.467137575149536,-0.20609086751937866,-0.002515892143288723,3.677004e-05,0.9618853,0.7466608,-0.07663542032241821,3.3266271352767944,-1.301209568977356,0.001160788409061562,0.00051263644,0.26355308,0.45259744,-0.7729129791259766,2.742565631866455,0.49815503627779295,-0.21270161867141724,-0.0014401111749099437,0.00014860544,1.2758962,0.7552919,-0.13291531801223755,3.117297053337097,-1.270296335220337,0.0006619369734905752,-0.00054702465,0.24990773,0.45224768,-0.8014315366744995,2.7162595987319946,0.5032367878505664,0,0,144,0,,,,-1.5464054888028598,0.0037985549941586976,0.006707733422260609,-1.6957533650147658,-0.17427494463479484,0.005768310382145798,0.006329509030351455,0.00656237099625524,-0.9804310921004374,0.08561734933839549,2.1085921003103283,0.32737380042321873,1.141315044347895,0.2804460590537735,0.5048906384887394,0.5122378901731767
1,20,2026-04-11T19:02:36.270337,0.00020322906155398587,11.3108491897583,A:1.0/L:0.5/C:0.0,2.587294340133667,1.7530916929244995,0.47212302684783936,1.0577597618103027,0.31747469305992126,0.18734173476696014,0.043853167444467545,3.831644058227539,-0.3131610155105591,-0.0012018352147926427,0.0002092321,16.85156,3.105079,-0.0729832649230957,16.416311264038086,-0.10160207748413086,-0.0002756578941938362,-0.00026377745,0.33332795,0.4387505,-0.21340155601501465,2.733583927154541,0.49824481932714526,-0.22104716300964355,0.0010623504815131363,-0.0021946558,8.105356,2.0699637,-0.07022380828857422,20.367759704589844,-0.3009064197540283,-0.0013923835119217045,-0.0013874784,0.22631241,0.4408612,-0.4160109758377075,2.5513458251953125,0.4991890158977402,0,0,56,0,1.0018309354782104,8.192094537662342e-05,0.01691884733736515,-1.5391814717462662,0.003778183929716935,0.006672875867923953,-1.6883416059697671,-0.17496937498917367,0.005733459654161106,0.00629890764566853,0.006164642816658485,-0.9776089915191237,0.08483814355026063,2.1068145982733992,0.32809754655534185,1.140897267935207,0.2806312022238042,0.5048574093929314,0.5121726458017994
1,21,2026-04-11T19:02:37.289206,0.00020322906155398587,11.3108491897583,A:1.0/L:0.5/C:0.0,1.0184102058410645,4.142053127288818,0.5362969040870667,1.091242790222168,0.255229651927948,0.17027650773525238,0.041826073080301285,6.23692512512207,-0.16126853227615356,0.002190715628578934,0.0019210917,6.244416,1.668071,-0.09658551216125488,10.709469318389893,-0.9055523872375488,0.002967464179865171,0.0020108495,0.26893482,0.48502123,-1.0541088581085205,2.618332266807556,0.5022477521636606,-0.15142959356307983,-0.0017337278143748041,-0.0006411788,4.087421,1.4228654,-0.15020263195037842,7.0759735107421875,-1.310119390487671,0.0007943490696264849,0.0012588147,0.24967763,0.47452915,-1.4445496201515198,2.5822833776474,0.49954213593146213,0,0,48,0,,,,-1.5360133263237226,0.003774130330967676,0.006649565736270973,-1.6851704422304608,-0.17490087077560856,0.005715745934033196,0.006277018565912111,0.005650892041768919,-0.9799436946622857,0.08366293967275744,2.1169907909184764,0.32913854334300047,1.1406489955466417,0.28050419447232494,0.5048443611067851,0.5121094932524478
1,22,2026-04-11T19:02:38.213878,0.00020322906155398587,11.3108491897583,A:1.0/L:0.5/C:0.0,0.9201014041900635,1.2486727237701416,0.4250924587249756,0.9321184754371643,0.24787908792495728,0.15686997771263123,0.040389928966760635,3.051022529602051,-0.21408528089523315,-6.193167310297515e-05,-0.00023222913,5.7448816,1.648129,-0.2187841534614563,7.329047441482544,-0.10650932788848877,0.002412930811209572,0.0003679093,0.24143547,0.36752945,-0.1823352575302124,2.5477731227874756,0.4991625719504474,-0.7418390512466431,-0.00030292845975347384,-0.0015896155,6.396925,1.7482915,-0.2138393521308899,11.153722763061523,-0.036854445934295654,0.004105780100886625,-0.0005009281,0.3196808,0.43272215,0.0014796853065490723,2.693074941635132,0.4972158339171221,0,0,32,0,,,,-1.5288658063315463,0.0037673243333688857,0.00661815745404725,-1.6776562663069596,-0.1750967928262067,0.005686857545997515,0.00624447232745412,0.004528716814252794,-0.9750365777624416,0.0821754282137392,2.1126492005827346,0.32961831291991034,1.1396063429460943,0.28034106893958816,0.5048159521610034,0.5120350249557712
1,23,2026-04-11T19:02:39.983700,0.00020322906155398587,11.3108491897583,A:1.0/L:0.5/C:0.0,1.7694108486175537,0.7734614610671997,0.20132708549499512,0.9541744589805603,0.23408488929271698,0.16001877188682556,0.03941458836197853,2.362481117248535,-0.20257550477981567,-0.0014270114707849212,0.00017482392,1.0042391,0.7192576,-0.06614643335342407,3.4259222745895386,-0.7963516116142273,0.0013465461862387969,0.0001032704,0.2236152,0.41740346,-0.6145760416984558,2.556563138961792,0.5008662642954559,-0.19036489725112915,-0.0024656989419109838,-0.0009844655,0.86466277,0.6999485,-0.10265082120895386,3.24449360370636,-1.0503501296043396,0.00126543924710903,-0.00026325393,0.2193267,0.40603387,-0.8270854353904724,2.545143246650696,0.5014473118690217,0,0,144,0,,,,-1.5252032353579599,0.0037552204426332353,0.006585583018787904,-1.6723408651839171,-0.17523418638597474,0.0056512882009136026,0.0062141240853947795,0.00417534106341441,-0.9742968220505818,0.08125129696662572,2.105953261885157,0.32897685678278576,1.1386791835262666,0.2801097880413538,0.5047962037216757,0.5119820863903375
1,24,2026-04-11T19:02:41.102145,0.00020403632694248233,18.614591598510742,A:1.0/L:0.5/C:0.0,1.114370346069336,1.4416011571884155,0.4218025207519531,0.9722644686698914,0.2867010831832886,0.18557526171207428,0.044246647506952286,3.352191209793091,-0.23138749599456787,-0.0017481573738273072,-0.0013259836,7.2083097,1.8207275,-0.08620595932006836,16.426958084106445,-0.3441978693008423,-0.0007559324535234361,-0.000170113,0.23831135,0.43806684,-0.8279135227203369,2.5833868980407715,0.5005767946257484,-0.24364066123962402,0.0035481696617690487,-0.00010497151,14.609867,2.6950798,-0.07620382308959961,15.364395141601562,-0.051960110664367676,-0.001312705088102216,-0.00078987476,0.28864452,0.45379862,-0.10412585735321045,2.6525895595550537,0.5007408790026842,0,0,56,0,,,,-1.5192982085276743,0.003732664678152452,0.006551804538719139,-1.6681187284715993,-0.1755149529340177,0.005614290973039898,0.006176423547197181,0.0037234345614969963,-0.9699459672270949,0.0804640213663446,2.1026315013616736,0.32944098510263164,1.1378471099519847,0.2801427445170635,0.504775106676196,0.5119258803533993
1,25,2026-04-11T19:02:42.136564,0.00020403632694248233,18.614591598510742,A:1.0/L:0.5/C:0.0,1.0247831344604492,3.059612989425659,0.3918095827102661,0.8490256667137146,0.20910820364952087,0.16449187695980072,0.04049437865614891,4.714542388916016,-0.20175623893737793,0.005013412102236053,0.0007422742,3.4605064,1.3615968,-0.12656354904174805,6.245885610580444,-0.7385227084159851,-0.00133387365668189,-0.00059660873,0.17483126,0.3492952,-0.9375365376472473,2.1476919651031494,0.500732462340233,-0.28157055377960205,-0.005069485109773777,-0.00047597894,2.9410927,1.300059,-0.16923558712005615,5.429536819458008,-1.7342791557312012,-0.002440264413438884,0.00064974756,0.14604573,0.33572686,-1.5387521386146545,2.060011625289917,0.5030793139009597,0,0,48,0,,,,-1.5153943310271156,0.00370733198647828,0.006516062472356752,-1.6644658175174776,-0.1756461593640345,0.005611286578685879,0.006149252800561703,0.003071999643480771,-0.9727899980840327,0.0792155233239126,2.1074164088019933,0.3297528280906698,1.1364030027357932,0.2797875718127258,0.5047548934545162,0.5118816475211371
1,26,2026-04-11T19:02:43.087523,0.00020403632694248233,18.614591598510742,A:1.0/L:0.5/C:0.0,0.947723388671875,1.3415400981903076,0.32210326194763184,0.9374855756759644,0.22139006853103638,0.15513822436332703,0.03913561627268791,3.0167930126190186,-0.2860562205314636,-0.0016314520317669775,0.00019974599,6.239173,1.6843805,-0.28984594345092773,9.186115741729736,-0.1088489294052124,-0.0019093268507289888,-0.000985429,0.2641406,0.33485204,-0.019335895776748657,2.4373804330825806,0.5011631643233264,-0.2670568823814392,-0.002765174232625007,-0.0009187238,6.001853,1.7332175,-0.1945454478263855,8.576693773269653,-0.08422571420669556,-0.0016997575849265817,0.00024720293,0.25260434,0.35169902,-0.013441145420074463,2.4051188230514526,0.5007112469155495,0,0,32,0,,,,-1.5083616040190062,0.003679248692292244,0.006478555014794187,-1.656240167908774,-0.17619820966987162,0.0055750728856336145,0.006119505266515231,0.0016074099280087282,-0.9679932538207129,0.0778467184681611,2.1035870272489348,0.32971458025995465,1.135408415600494,0.2794955842963173,0.5047369348088603,0.5118257955181091
1,27,2026-04-11T19:02:44.927611,0.00020403632694248233,18.614591598510742,A:1.0/L:0.5/C:0.0,1.8298275470733643,0.8110251426696777,0.170787051320076,0.8631783127784729,0.21207009255886078,0.15578334033489227,0.03997861593961716,2.2528226375579834,-0.16643011569976807,0.003016365665454019,-0.0004743592,1.1846526,0.7135946,-0.057031214237213135,3.2469232082366943,-0.6565831303596497,0.002153176911746119,0.0007439354,0.19302633,0.36890164,-0.47480058670043945,2.3034576177597046,0.49808060050855574,-0.18432694673538208,0.0045028507458418805,0.0024179397,0.8152914,0.7102944,-0.04997384548187256,2.959054470062256,-0.6370710134506226,0.00124993899967579,5.9893006e-05,0.1910224,0.36863434,-0.4616612195968628,2.2934255599975586,0.5024205803969817,0,0,144,0,,,,-1.5041027116507093,0.0036716183333895132,0.0064498819167628976,-1.6503329700027323,-0.1761493692000211,0.005562279349532716,0.006086535944183303,0.001314216807182619,-0.9654615936495936,0.07720761564841093,2.0971242178260385,0.32891994261525526,1.1340472650863838,0.27915845683763,0.5047036531373588,0.5117787694425034
1,28,2026-04-11T19:02:46.061878,0.00020403632694248233,18.614591598510742,A:1.0/L:0.5/C:0.0,1.1301064491271973,1.5917985439300537,0.42132604122161865,1.0318492650985718,0.25473007559776306,0.17669187486171722,0.044171154499053955,3.520566701889038,-0.22194063663482666,-0.0013787974579746402,0.00056029647,11.354655,2.4661946,-0.044818878173828125,15.69581127166748,-0.1265573501586914,0.0012082997436571384,0.00010971064,0.24551402,0.36299613,-0.04734909534454346,2.3976683616638184,0.5012709821763843,-0.21978676319122314,-0.0003304935924693735,0.00024901633,13.32734,2.3077369,-0.02968454360961914,17.98583984375,-0.17002463340759277,0.0030899896911503735,0.0006615889,0.24332173,0.33046484,-0.06406152248382568,2.4012105464935303,0.5005616082552842,0,0,56,0,,,,-1.4972149848432492,0.0036593017404408516,0.006418181060395587,-1.6423180506294413,-0.17637832553719512,0.0055275739654951795,0.006058904746795257,0.0010835513322775651,-0.9609545932937648,0.07667315485212077,2.094597589456559,0.32938197310828704,1.1335362750864446,0.2790363149314307,0.5046864897825539,0.5117226836365674
1,29,2026-04-11T19:02:47.117876,0.0002048435923309788,49.4468994140625,A:1.0/L:0.5/C:0.0,1.04710054397583,3.963237762451172,0.44755515456199646,0.9372503757476807,0.2185961753129959,0.16350963711738586,0.040914732962846756,5.771064281463623,-0.15200674533843994,-0.0008202224309161509,0.0005140916,3.6837797,1.4278822,-0.10474306344985962,7.374937534332275,-0.35808128118515015,-0.0011016051011506448,-0.00020966801,0.19739184,0.3508361,-0.5663822293281555,2.216373920440674,0.49854729734906966,-0.16859418153762817,0.0018031533519634608,0.002606105,3.8733315,1.4179689,-0.09849327802658081,7.278317213058472,-0.576275646686554,0.001949882237278348,0.00047545793,0.16939309,0.34989423,-0.7867869734764099,2.1457998752593994,0.5074145948895066,0,0,48,0,,,,-1.4915193163249587,0.003635497206232894,0.006385041815038915,-1.6369383715229349,-0.17625646763620134,0.005495834983513122,0.006031180680934215,0.0005544182583668792,-0.9600837551946779,0.07579732268772725,2.103940790321532,0.3299728390155556,1.132554845589751,0.2787341142333385,0.5046557938203865,0.511701143192832
1,30,2026-04-11T19:02:48.046757,0.0002048435923309788,49.4468994140625,A:1.0/L:0.5/C:0.0,0.9219765663146973,1.444547176361084,0.3398733139038086,1.0618152618408203,0.26767387986183167,0.15710222721099854,0.03825458511710167,3.3092665672302246,-0.38894110918045044,0.001452997011402566,0.0003348281,8.143724,1.9198711,-0.2041236162185669,14.741032600402832,-0.17523354291915894,0.0008249022822724224,0.0010993769,0.33190116,0.37533167,0.010801464319229126,3.04323673248291,0.5014541104474319,-0.2871025800704956,-0.0018398454934260202,-0.00087563763,6.2309074,1.8101895,-0.1876058578491211,9.400821208953857,-0.1496538519859314,-0.0020746426911714957,-0.00016440201,0.3225246,0.3616467,0.03402248024940491,2.8434090614318848,0.5002293554703833,0,0,32,0,,,,-1.4849378874579298,0.0036214442316130917,0.006358613490659906,-1.628699672343724,-0.1773198908439226,0.005475620793652569,0.006002698918042022,-0.0004689719140177897,-0.9551132240174576,0.07448030678504301,2.1006438222517296,0.3300223413899968,1.1322011476710063,0.27867881306148096,0.5046397854035217,0.5116437842542197
1,31,2026-04-11T19:02:49.837867,0.0002048435923309788,49.4468994140625,A:1.0/L:0.5/C:0.0,1.7818987369537354,0.8684619069099426,0.1809016317129135,0.8248278498649597,0.20356892049312592,0.15946948528289795,0.038909196853637695,2.2761387825012207,-0.19665396213531494,0.0015150007390276972,-0.001433474,0.9332266,0.74118125,-0.03398478031158447,3.392434597015381,-0.5396682024002075,6.129949640956212e-05,-0.00014602207,0.17018318,0.3356009,-0.35114622116088867,2.1532888412475586,0.5001506380945238,-0.18313628435134888,0.0004751366508276559,0.0028211484,0.91803,0.71983576,-0.07759654521942139,2.9642611742019653,-0.6120292544364929,-0.0005212705134422863,0.0003807493,0.17282453,0.33618996,-0.41898655891418457,2.1580294370651245,0.4973458559355871,0,0,144,0,,,,-1.4802115390326411,0.003603643507937074,0.006326090312874236,-1.6223119050878099,-0.17741656120037955,0.005455817693379444,0.005965518053393215,-0.0006365509560056231,-0.9524325906919412,0.07371992252502069,2.0944829126750206,0.3292767378416114,1.130664281181976,0.27830326359863916,0.5046173396669767,0.5115722946126267
1,32,2026-04-11T19:02:50.939803,0.0002048435923309788,49.4468994140625,A:1.0/L:0.5/C:0.0,1.1013915538787842,1.3473633527755737,0.3715555667877197,0.7435240745544434,0.22348423302173615,0.1684153527021408,0.04301140457391739,2.8973538875579834,-0.3246997594833374,-0.0027797911402946325,0.00094435026,5.181023,1.8049984,-0.1445399522781372,9.780401229858398,-0.11976218223571777,0.0027406933834960116,0.00044243032,0.15690278,0.28925997,-0.10678589344024658,2.035308599472046,0.5011471022157914,-0.2713468074798584,-0.0015448530701634095,0.0010704508,8.140124,1.9047209,-0.24834096431732178,17.758277893066406,-0.12627649307250977,7.366878995718215e-05,-0.0003261721,0.21088438,0.3026549,-0.09674954414367676,2.2163665294647217,0.5015416999858883,0,0,56,0,,,,-1.4734092922486564,0.003599328757314869,0.006296672012903859,-1.6147342750295721,-0.17815297719179435,0.005414639649211074,0.005940412214446424,-0.001356067962616281,-0.9481541754591999,0.07210961809080897,2.0907473148755233,0.3294881319863419,1.1287285801488385,0.2780291684457546,0.5045999884797208,0.5115221416394929
1,33,2026-04-11T19:02:51.972042,0.0002048435923309788,49.4468994140625,A:1.0/L:0.5/C:0.0,1.0318305492401123,1.4984078407287598,0.6029118299484253,0.6484445333480835,0.17910729348659515,0.1581505537033081,0.04037242755293846,3.127394676208496,-0.15310382843017578,0.0009605359352908955,-0.00038943757,2.5721464,1.2864245,-0.16650962829589844,5.755650520324707,-1.767544686794281,0.0008345206296173644,-0.0010499682,0.10466954,0.27023703,-1.2323964834213257,1.795981228351593,0.4960802635702609,-0.20767849683761597,-0.005364561275497092,-0.002741373,2.7106807,1.3048731,-0.16082561016082764,5.759532690048218,-0.693580150604248,-0.0006824635135381292,0.0007368581,0.11096934,0.2695907,-0.9242591857910156,1.8097418546676636,0.5131404606558972,0,0,48,0,,,,-1.4748799692213845,0.003585504716676381,0.00625993881193345,-1.6128225860715308,-0.17802773144798625,0.0053923691306414735,0.005908762965526501,-0.002181835764282692,-0.948034700510859,0.07094494194955078,2.0877856175047897,0.33085525047615233,1.1263271599148346,0.27753455907095875,0.5045573898551735,0.5115302332345749
1,34,2026-04-11T19:02:52.926395,0.00020565085771947526,94.63374328613281,A:1.0/L:0.5/C:0.0,0.9539597034454346,1.2111326456069946,0.3128436803817749,0.7929227352142334,0.19883817434310913,0.15087704360485077,0.038281381130218506,2.704895496368408,-0.6190208196640015,0.004122960161725444,-0.00036555916,4.558715,1.5956498,-0.30339568853378296,9.444491863250732,-0.20407474040985107,0.0007806895090563597,0.0007985484,0.120321475,0.2545887,-0.09202468395233154,1.9039862155914307,0.5006933888879337,-0.593341052532196,0.005748356727349541,0.0023749494,3.5752401,1.6129616,-0.27682483196258545,5.663119077682495,-0.1952735185623169,-0.0020812207896417864,-0.00020756101,0.12855113,0.25716597,-0.052984535694122314,1.9421809911727905,0.4951615320572165,0,0,32,0,,,,-1.468525943077327,0.003571480640638281,0.006232631859859494,-1.605218596560935,-0.18023269688906632,0.005386022085796894,0.005877391354912784,-0.0036879050281301935,-0.9435594496867753,0.06920609307999011,2.083402352645301,0.3307651926256805,1.1246601377913314,0.2771410771473195,0.5045380698503373,0.5114483897286881
1,35,2026-04-11T19:02:54.652145,0.00020565085771947526,94.63374328613281,A:1.0/L:0.5/C:0.0,1.7233750820159912,0.7197453379631042,0.18121527135372162,0.7422947287559509,0.1849401742219925,0.14929939806461334,0.039799388498067856,2.017294406890869,-0.30642223358154297,0.0012803571885271457,-0.0006729881,0.8955594,0.75762147,-0.05879008769989014,3.52341890335083,-0.6542772054672241,0.0009054130321534945,-0.0002601312,0.15359554,0.31926504,-0.4232912063598633,2.058359384536743,0.49280590927887974,-0.21949440240859985,-0.0003535604510555691,-0.002670852,0.8688727,0.74285656,-0.05927777290344238,3.491400957107544,-0.5682483911514282,0.0012199563986714766,0.000112836744,0.14481479,0.3144796,-0.407953679561615,2.070852279663086,0.4978409894268456,0,0,144,0,,,,-1.4644546993892764,0.003558150302595857,0.006200168044556319,-1.5993089596099295,-0.1808636445725287,0.005365493761310546,0.005844639457498635,-0.003963415941488993,-0.9408814208361495,0.06856367375007294,2.07658406757189,0.3300174430193207,1.1227483107461547,0.27668007263269284,0.50447940904748,0.5113803527271789
1,36,2026-04-11T19:02:55.763584,0.00020565085771947526,94.63374328613281,A:1.0/L:0.5/C:0.0,1.1028072834014893,1.987220287322998,0.347039133310318,1.272720456123352,0.21309378743171692,0.17178039252758026,0.04269601032137871,4.034550189971924,-0.22489464282989502,0.0009767122535021223,-0.0015414539,18.231775,2.651227,-0.052132248878479004,24.35800552368164,-0.39103245735168457,3.304143546353797e-05,0.000832645,0.26633444,0.30027196,0.03219348192214966,2.3318636417388916,0.4983930059963178,-0.19543933868408203,0.0005289827210770902,0.00043490477,12.853309,2.1083205,-0.05313920974731445,14.402612686157227,-0.12105154991149902,-0.0021791834985577237,-0.00015929462,0.22389337,0.28605917,0.02132493257522583,2.222242832183838,0.5009962850388382,0,0,56,0,,,,-1.4590875881790883,0.0035405247582601957,0.006173330429282108,-1.591151447402269,-0.18108379956381554,0.0053435498537715035,0.005807708990814509,-0.004204260106173943,-0.9360703890690926,0.06795515933258602,2.076137248670645,0.33010255147077566,1.1234981714730408,0.27636214120668795,0.5044489770322242,0.5113284323887372
1,37,2026-04-11T19:02:56.802373,0.00020565085771947526,94.63374328613281,A:1.0/L:0.5/C:0.0,1.0383312702178955,2.254972457885742,0.8641135692596436,0.7798831462860107,0.19901186227798462,0.1554529219865799,0.04048692435026169,4.293920516967773,-0.1291574239730835,0.002264948959586583,0.0016203067,3.9799757,1.3984454,-0.0795217752456665,6.76901388168335,-0.17473024129867554,0.00023488708399136706,-0.0017590943,0.13373686,0.28603086,-0.2790215015411377,1.8843615651130676,0.5031068465288948,-0.1462804675102234,0.0008824070691407333,0.0015009858,4.1420946,1.5397174,-0.11035346984863281,9.010550498962402,-0.147253155708313,0.000859877405948561,-0.00072412845,0.16080013,0.28594148,-0.32029134035110474,1.934326410293579,0.5088191479726148,0,0,48,0,,,,-1.4526658014446863,0.0035239965698888515,0.0061336683056229845,-1.5845907976729634,-0.18082416768586188,0.005328156849300578,0.005786771979609578,-0.004580847681871406,-0.9329914938255026,0.06706361618667991,2.0770314247167203,0.33277260655971996,1.1217800963471056,0.27597538981204445,0.5044422663797076,0.5113158859666564
1,38,2026-04-11T19:02:57.749888,0.00020565085771947526,94.63374328613281,A:1.0/L:0.5/C:0.0,0.9471032619476318,1.3016726970672607,0.353939026594162,0.8528640866279602,0.25699156522750854,0.15280365943908691,0.038596004247665405,2.956866979598999,-0.3476274609565735,0.002050624782119734,0.00030921173,5.462405,1.7577777,-0.20682096481323242,7.6320953369140625,-0.13921993970870972,0.0011518184035295975,-0.00044553488,0.27329868,0.33244747,0.045203834772109985,2.355568289756775,0.5021686619615038,-0.3177799582481384,-0.005449247691327775,-0.00040379606,8.585055,1.9026654,-0.2082582712173462,14.326117038726807,-0.14245575666427612,-0.0026634688966330087,-8.880949e-05,0.32331556,0.35753578,0.04143798351287842,2.581754446029663,0.5000806490083903,0,0,32,0,,,,-1.4460985721360062,0.0035121356790570554,0.006100772289681863,-1.576441824510738,-0.18165818415221544,0.005311769188964674,0.0057593841783407035,-0.005592048267528212,-0.9281193464388107,0.06568700674965978,2.0731546310784728,0.3328784386598922,1.12043551629851,0.27588047068912175,0.5044308983576166,0.5112597097818651
1,39,2026-04-11T19:02:59.600340,0.00020645812310797173,67.38175201416016,A:1.0/L:0.5/C:0.0,1.850043535232544,0.7422280311584473,0.19259348511695862,0.8222466111183167,0.19640356302261353,0.1520550698041916,0.040244609117507935,2.1457712650299072,-0.22312569618225098,0.0004458766413605442,0.0023123538,1.3659244,0.80048776,-0.020807862281799316,3.7258085012435913,-0.29837483167648315,0.0006674398675012104,-1.6003352e-05,0.18475619,0.33619705,-0.2645389437675476,2.2124074697494507,0.4984004274568538,-0.16781073808670044,-0.00034288384400982307,-0.00029101063,1.2012599,0.76212245,-0.05527573823928833,3.1919885873794556,-0.48597395420074463,0.0024944825631150387,0.00030939153,0.16405153,0.32772475,-0.3126394748687744,2.108503222465515,0.49873380456686833,0,0,144,0,,,,-1.4403599534337086,0.003497912199999276,0.006070188411471668,-1.5698823101070223,-0.1818655217123656,0.005287439726226653,0.005742149026509791,-0.0056681273375995675,-0.9250419470809604,0.06508219302471505,2.0664999980788727,0.3321770138921775,1.1189445717726092,0.2754830861507892,0.5044007460031128,0.51119708025579
1,40,2026-04-11T19:03:02.196478,0.00020645812310797173,67.38175201416016,A:1.0/L:0.5/C:0.0,2.595808506011963,1.5423632860183716,0.33977797627449036,0.8380765318870544,0.1895589679479599,0.16551300883293152,0.04145586118102074,3.116745710372925,-0.15731239318847656,-0.0020838139429095698,-0.0006184797,9.540209,2.1269643,-0.0781012773513794,11.598624229431152,-0.03670334815979004,0.003389368662611548,0.0011294542,0.22753108,0.29901716,0.029734432697296143,2.2151339054107666,0.4996019212570615,-0.10980641841888428,-0.0009682869426031773,-0.00072395813,10.280285,1.5752403,-0.04805326461791992,9.703819274902344,-0.03997313976287842,0.0015164684822787985,0.00045331148,0.21165906,0.3153452,0.022043049335479736,2.0953829288482666,0.5028181095798869,0,0,56,0,1.0001485347747803,0.0001327779609709978,0.002637562807649374,-1.433341670407339,0.0034973694823123374,0.006045484740587384,-1.5618842263930006,-0.18174275606974616,0.005250583457880972,0.005710345882975892,-0.006030293087668466,-0.9203065220988782,0.06451651573650187,2.0638793145185703,0.3322150187040891,1.1175402315731813,0.27505346555977506,0.5043767518793826,0.5111551854024105
1,41,2026-04-11T19:03:03.219065,0.00020645812310797173,67.38175201416016,A:1.0/L:0.5/C:0.0,1.02215576171875,1.9211963415145874,0.8908371329307556,0.7495238184928894,0.16185268759727478,0.15520288050174713,0.039222873747348785,3.9178357124328613,-0.11639457941055298,-0.0038263951898875846,-0.00048070066,3.3674967,1.3804338,-0.04918551445007324,6.438644886016846,-0.3119502067565918,-0.0004954937309310322,0.0003540588,0.11653793,0.272327,-0.3906177878379822,1.8644424080848694,0.5055103850915434,-0.1638898253440857,0.003808926544716364,0.00047501316,3.2312615,1.3152065,-0.12447017431259155,5.982186555862427,-0.25369149446487427,0.002636957514726087,0.0029631509,0.11038463,0.2500003,-0.4553260803222656,1.810455322265625,0.506114605171209,0,0,48,0,,,,-1.4277347130890852,0.0034774051662461204,0.006017027610923026,-1.5560278942002255,-0.18141601518645017,0.005205198564642129,0.005679390650248051,-0.00624606919448049,-0.9179816198899952,0.06357158228625641,2.0631658996535505,0.33500812927522244,1.1157001495077796,0.2744874616699626,0.5043824200454434,0.5111299825012544
1,42,2026-04-11T19:03:04.143108,0.00020645812310797173,67.38175201416016,A:1.0/L:0.5/C:0.0,0.9236452579498291,0.905628502368927,0.3100549876689911,0.6685305833816528,0.18047380447387695,0.1465785950422287,0.037648193538188934,2.2489144802093506,-0.3835088014602661,0.0015492586903786273,0.0007875006,3.8252592,1.4874101,-0.25370705127716064,6.385035037994385,-0.06191277503967285,0.0003401655544598345,-0.00012575243,0.15663111,0.25257653,0.02227643132209778,1.9549601078033447,0.4984131326394968,-0.4573251008987427,1.6872248983232276e-05,0.00060371787,5.119006,1.7552967,-0.3029463291168213,7.43721866607666,-0.06743288040161133,-0.0008026797336296436,0.00037627062,0.19074959,0.2667249,0.03754943609237671,2.0001584887504578,0.4971839575381308,0,0,32,0,,,,-1.420905603398838,0.003461718968187189,0.005986313710732081,-1.5481363725726138,-0.18242647911781923,0.005186918865270812,0.005654931199912316,-0.0074833741048938906,-0.9132039646100832,0.06173899272924102,2.0573782126671274,0.3348833635671913,1.113464301677149,0.2740173933839822,0.5043525736084137,0.5110602523764388
1,43,2026-04-11T19:03:05.948076,0.00020645812310797173,67.38175201416016,A:1.0/L:0.5/C:0.0,1.7982993125915527,0.7449796199798584,0.1857403963804245,0.7721680998802185,0.18404193222522736,0.15807399153709412,0.03931383416056633,2.084317684173584,-0.21418160200119019,-0.0005605154488701581,-0.0016931,0.83364797,0.74391764,-0.029429078102111816,3.0417048931121826,-0.394553005695343,0.002102318611926574,0.00055012427,0.16796052,0.3245855,-0.2711164951324463,2.111895442008972,0.49842943386615274,-0.17687535285949707,0.0018888299282710395,-0.0014748623,0.88897157,0.76413673,-0.06347596645355225,2.8382837772369385,-0.5127295255661011,0.0027571453673856288,0.0001550485,0.15286724,0.31651005,-0.38438642024993896,2.0578479766845703,0.5017709443589731,0,0,144,0,,,,-1.4157738404103206,0.0034549219664058864,0.0059591327635302995,-1.5417512731854128,-0.18258525473223608,0.005158181693700107,0.005618191044062764,-0.00759310262487998,-0.9105598768882825,0.06111291793332706,2.050816219703691,0.33413764873125745,1.1117578206681644,0.2735675160781884,0.5043229579097024,0.5110138058363515
1,44,2026-04-11T19:03:07.100133,0.0002072653884964682,28.231590270996094,A:1.0/L:0.5/C:0.0,1.1468236446380615,1.2735706567764282,0.34779036045074463,0.7919346690177917,0.21645841002464294,0.1678408533334732,0.040504343807697296,2.838099479675293,-0.16296076774597168,5.167715838151774e-05,-0.000565374,6.723239,1.622182,-0.014222860336303711,8.916905403137207,-0.07879114151000977,-0.007961966351879755,-0.001981625,0.117242366,0.24570064,-0.013334274291992188,1.967280387878418,0.5069406324304836,-0.1463303565979004,-0.004983384777319224,0.0020991026,11.487914,1.6396482,-0.0013768672943115234,11.250188827514648,-0.05597794055938721,0.00957176656476513,0.0040879287,0.27450737,0.32265833,0.022990405559539795,2.2874855995178223,0.4965767375701363,0,0,56,0,,,,-1.409088926915819,0.0033978375248144583,0.005919428974209659,-1.5341091881909457,-0.18248713229730476,0.005132649171023514,0.005587273218947234,-0.007626251413437099,-0.9058921254760435,0.06080046900718886,2.046929991889055,0.33420591228985486,1.1101587049099126,0.2732819705479207,0.5043360462823063,0.5109416204950203
1,45,2026-04-11T19:03:08.169157,0.0002072653884964682,28.231590270996094,A:1.0/L:0.5/C:0.0,1.0623762607574463,1.490915298461914,0.5222256183624268,0.6824700236320496,0.14749349653720856,0.15444719791412354,0.03826431557536125,3.035816192626953,-0.13381707668304443,0.0019205956363712172,-0.0002350309,2.9644647,1.3161639,-0.08827430009841919,6.274977207183838,-0.10240906476974487,-0.004201756553783962,0.00031545083,0.1314966,0.27958876,-0.2448226809501648,1.8723358511924744,0.494407385499656,-0.1789262294769287,-0.005721733432201521,1.146055e-05,3.3722696,1.4641545,-0.07332801818847656,6.824866533279419,-0.11315524578094482,-0.0025711693093119223,0.0011418158,0.09763615,0.26143277,-0.27513837814331055,1.7995686531066895,0.4987827827323821,0,0,48,0,,,,-1.4025555276050887,0.003359839554421466,0.005891409083490536,-1.5276627556547417,-0.18224378201923347,0.005116588903350252,0.005558161698386316,-0.008029491656862009,-0.9027383567393797,0.06012982657121054,2.044149918421919,0.3351460108202177,1.1080202615035233,0.27265302817786713,0.5042864029783931,0.5108808263062071
1,46,2026-04-11T19:03:09.118265,0.0002072653884964682,28.231590270996094,A:1.0/L:0.5/C:0.0,0.9394690990447998,0.94338059425354,0.2313966602087021,0.6159239411354065,0.15211394429206848,0.14556984603405,0.037526361644268036,2.125911235809326,-0.6628076434135437,-0.001027194711296823,-0.00021916418,3.8516474,1.6046846,-0.36243635416030884,5.562905550003052,-0.022653818130493164,-0.0016522565414652324,0.0007584968,0.11901752,0.23732911,-0.001620471477508545,1.785838544368744,0.4986717675865127,-0.6885420083999634,0.0019123113677799288,-0.00034090236,4.09298,1.6258748,-0.5413240790367126,6.098690509796143,-0.06509268283843994,0.004051479186268633,0.002159875,0.14426923,0.23942086,0.02710476517677307,1.8123498558998108,0.4991337432791523,0,0,32,0,,,,-1.3956560190577156,0.0033347790739420326,0.00586574452213115,-1.5200325442338556,-0.18464660132620503,0.005085869985277017,0.005529275068977567,-0.009801525969379242,-0.898089141129799,0.05712255704317092,2.038646071801077,0.33462726406716015,1.1055597799016827,0.2720503327584381,0.5042583298014337,0.5108220908910718
1,47,2026-04-11T19:03:10.925093,0.0002072653884964682,28.231590270996094,A:1.0/L:0.5/C:0.0,1.8003065586090088,0.5434781312942505,0.15602438151836395,0.7190235257148743,0.19449608027935028,0.15770091116428375,0.03976147621870041,1.810484528541565,-0.15543347597122192,-0.0019117573326114514,0.00037854223,0.83836746,0.7782769,-0.1974877119064331,2.593545913696289,-0.9147432446479797,0.0024495550864150114,0.00015570408,0.14724141,0.3159089,-0.6518334150314331,2.0187366008758545,0.49905010176742237,-0.16087490320205688,-0.0022705405294377572,0.00022741407,0.8482794,0.8224761,-0.09456276893615723,2.661709427833557,-0.373557984828949,-0.0008264848436216967,0.00090565433,0.1535143,0.31583023,-0.37267088890075684,2.0761640071868896,0.5029235123412553,0,0,144,0,,,,-1.393251455185667,0.003330352954004397,0.005837194319927533,-1.5156915485878435,-0.18450053569943012,0.005050881848687574,0.0055035214047850015,-0.01073995689906451,-0.8954620498686537,0.05636413041327428,2.031170232098543,0.33373424965441617,1.1036270986307488,0.2716625614960427,0.5042322886612637,0.5107825979983226
1,48,2026-04-11T19:03:12.038129,0.0002072653884964682,28.231590270996094,A:1.0/L:0.5/C:0.0,1.1063439846038818,1.4838656187057495,0.37204301357269287,0.847526490688324,0.17456071078777313,0.1584898829460144,0.042970363050699234,3.079456090927124,-0.22418761253356934,-0.001352548528103546,0.0002954856,7.218121,1.9557735,-0.13116669654846191,17.549579620361328,-0.11810922622680664,0.0029673746720326605,0.0011422284,0.23689778,0.32789925,0.0032663941383361816,2.172175645828247,0.5008699495121391,-0.19370698928833008,0.0015486818979200208,0.001646261,9.084456,1.8079231,-0.10890662670135498,9.147716522216797,-0.04012477397918701,0.002104752512353233,0.0010164019,0.17426786,0.2675568,0.005308568477630615,2.0850934982299805,0.5091920278722455,0,0,56,0,,,,-1.3868757440408725,0.0033285380625945383,0.005813719490185214,-1.5080967588742127,-0.18469897108360084,0.005018864696803619,0.005477481225774535,-0.011342090597311498,-0.8909581967769223,0.05553777662770114,2.028433709031579,0.3339257934740076,1.1023465955910368,0.2711770522425013,0.504215476965518,0.5107746451476922
1,49,2026-04-11T19:03:13.063186,0.00020807265388496466,34.31296920776367,A:1.0/L:0.5/C:0.0,1.0183982849121094,2.764768123626709,0.7024061679840088,0.6980282068252563,0.170568585395813,0.15688011050224304,0.03765606880187988,4.530306816101074,-0.15059655904769897,-0.00019908250241725022,-0.0009525297,3.627707,1.4139338,-0.11942023038864136,6.6511805057525635,-0.15972763299942017,-0.00245892906757521,-0.00017554089,0.09628621,0.26341802,-0.3743889331817627,1.793741226196289,0.5026888870165523,-0.15161025524139404,-0.00048136435800483603,-0.0005948803,2.9090862,1.3327255,-0.11473196744918823,6.119275093078613,-0.06435549259185791,0.004941681241744027,0.0019507864,0.12859389,0.2709768,-0.18369847536087036,1.8276327848434448,0.5069376285653324,0,0,48,0,,,,-1.3807400034856654,0.0032996007269436895,0.005783773188292042,-1.5024282197457504,-0.18452845902342133,0.0049927749608075144,0.005445331171040851,-0.011882481296268147,-0.8874218981698421,0.05468642790731669,2.0321153811045547,0.33576819534655755,1.1003250036472079,0.2706740099082679,0.5042078440157732,0.5107554600647805
1,50,2026-04-11T19:03:13.987149,0.00020807265388496466,34.31296920776367,A:1.0/L:0.5/C:0.0,0.923635721206665,1.3761053085327148,0.3087494969367981,0.8026501536369324,0.20092391967773438,0.14797499775886536,0.03742198646068573,2.873825788497925,-0.36006659269332886,-0.0027526028312435157,-0.0011992515,5.2520633,1.6560514,-0.27514123916625977,7.648831605911255,-0.05434834957122803,0.00045516406355463,0.0013076096,0.25077614,0.30667603,0.0675571858882904,2.1384708881378174,0.5009208130992902,-0.30796051025390625,-0.00223256990810638,-0.00070588785,7.7017717,1.816227,-0.2563712000846863,11.74542498588562,-0.12854766845703125,-0.0031604392537046347,-0.0005529339,0.30872944,0.33601803,0.062210530042648315,2.399355888366699,0.5015458441170528,0,0,32,0,,,,-1.3741080452160932,0.003285378543626744,0.00576139237038791,-1.4945782927175801,-0.18540614969177088,0.004954048071847259,0.005412108257653259,-0.013198775085618104,-0.8826737360287796,0.05313113976735668,2.0288353307416953,0.3356331018545088,1.0988366293971565,0.2703252594571152,0.5041914088611908,0.5107094119850418
1,51,2026-04-11T19:03:15.755580,0.00020807265388496466,34.31296920776367,A:1.0/L:0.5/C:0.0,1.765784502029419,0.8381256461143494,0.16655448079109192,0.7160145044326782,0.173993319272995,0.15748384594917297,0.04042528569698334,2.092597246170044,-0.1642829179763794,0.001710847213020483,0.0011131743,0.9405127,0.7788534,-0.014448314905166626,3.105707883834839,-0.4142375588417053,-0.001796485996246227,-0.00012635448,0.14533067,0.30891547,-0.28278082609176636,1.9762163758277893,0.5005149261677339,-0.1883150339126587,-0.0006644516422178896,-0.000862455,0.8770347,0.7310019,-0.014973163604736328,3.262559175491333,-0.3779284954071045,0.00035465576667019125,0.0010880071,0.14698224,0.30834672,-0.26030755043029785,1.9922558069229126,0.49520177429358203,0,0,144,0,,,,-1.3693086927842213,0.0032599692209273794,0.005731953636117697,-1.488519305384451,-0.18530053353319392,0.004937832067553125,0.005390613587616739,-0.013205022784715846,-0.8795619051007872,0.05279061825049621,2.0228817823185588,0.3347877087491917,1.0969225187723342,0.2698435997561946,0.5041730264477235,0.5106318737965846
1,52,2026-04-11T19:03:16.897694,0.00020807265388496466,34.31296920776367,A:1.0/L:0.5/C:0.0,1.140913724899292,1.6251906156539917,0.29807087779045105,0.7798987627029419,0.18089048564434052,0.1630924642086029,0.04051162675023079,3.0876548290252686,-0.1652522087097168,0.0015550113530466713,-0.0006072081,13.671126,2.0216918,-0.012391328811645508,15.88825511932373,-0.08901679515838623,-0.0009120214930292846,-0.0007258288,0.22538254,0.27686068,0.0570254921913147,2.1853220462799072,0.500490661924553,-0.17846465110778809,-0.005946933770685172,-0.00037087325,10.505403,2.1678374,-0.07665538787841797,6.620459079742432,-0.04441177845001221,0.0016095431102435814,0.00022054906,0.18460894,0.28660476,-0.025799274444580078,2.0426506996154785,0.4997948840979175,0,0,56,0,,,,-1.362907233296092,0.003239109267357596,0.00569966472388879,-1.4807915813965722,-0.18520029190907653,0.004920917963980593,0.005360624479098755,-0.013200954314850494,-0.8752930919475062,0.05214338821985164,2.020893326485236,0.334604124594398,1.095337399991987,0.2693988341856353,0.5041546146251077,0.5105776888480913
1,53,2026-04-11T19:03:17.911770,0.00020807265388496466,34.31296920776367,A:1.0/L:0.5/C:0.0,1.0129942893981934,2.3204615116119385,0.508979082107544,0.6024036407470703,0.16057780385017395,0.14963409304618835,0.038571182638406754,3.7806272506713867,-0.14986777305603027,0.0003430421245998091,-0.00036620515,3.6285517,1.3727512,-0.1279672384262085,6.157614231109619,-0.16832828521728516,0.00011966576969266158,0.0007632725,0.12297915,0.28152853,-0.44451117515563965,1.8090192675590515,0.5021426987332231,-0.13849514722824097,0.005297943682904571,0.0013776366,2.4877005,1.2439396,-0.0079251229763031,4.4363240003585815,-0.7768773436546326,0.0017963782463954316,0.0018246252,0.09068009,0.25156185,-0.8089912533760071,1.6742069125175476,0.5120407691476996,0,0,48,0,,,,-1.356934338555698,0.0032235120498692715,0.00567498276285615,-1.4756101793653675,-0.18502362931481128,0.004898028584783689,0.005331990330974073,-0.013774785735407285,-0.8749615827546486,0.05184304566387087,2.0223911674108694,0.3354759993819637,1.0928727311957627,0.268854729033958,0.5041445550456483,0.5105850042495893
1,54,2026-04-11T19:03:18.855840,0.00020887991927346112,28.405555725097656,A:1.0/L:0.5/C:0.0,0.9410660266876221,1.0629611015319824,0.2831732928752899,0.7042825818061829,0.16699065268039703,0.148208349943161,0.036229539662599564,2.4018454551696777,-0.40361839532852173,-0.00016613225259146103,-0.0006438278,5.4561834,1.7187638,-0.29479122161865234,6.700534105300903,-0.06378781795501709,-0.00020429589187301886,0.0011259641,0.23684138,0.27255213,0.05799856781959534,2.086315870285034,0.4995283113821154,-0.3818088173866272,0.0024763634269926215,0.0002575434,4.889107,1.6985301,-0.18469268083572388,6.106455087661743,-0.0402035117149353,0.0003942492229579712,0.0007358089,0.18423426,0.28752393,0.03662770986557007,1.9736383557319641,0.5033397475250586,0,0,32,0,,,,-1.3504686059526947,0.00320637301016056,0.005652237669558202,-1.4679421356294426,-0.18611660314487982,0.004872707780596813,0.005302111240430094,-0.01517986791482351,-0.8704036362915476,0.050660367031372895,2.0175940170814752,0.33521448584943037,1.0909297804488147,0.2683454086521902,0.5041214738273306,0.5105487779659666
1,55,2026-04-11T19:03:20.598603,0.00020887991927346112,28.405555725097656,A:1.0/L:0.5/C:0.0,1.742434024810791,0.6968486309051514,0.19400545954704285,0.686989963054657,0.16977347433567047,0.16287843883037567,0.03893289342522621,1.949428915977478,-0.18786954879760742,0.003417287289532822,0.00051095255,0.97984993,0.7899955,-0.08818060159683228,3.164560914039612,-0.28804099559783936,-9.61668580361443e-06,0.0008098043,0.15353268,0.31008646,-0.22222888469696045,1.9839493036270142,0.5017910263283641,-0.1650342345237732,0.0038134233740284387,0.0012233322,0.9644626,0.75995374,-0.009790599346160889,2.907986879348755,-0.30859363079071045,0.0010664881869721452,0.00076965766,0.14807037,0.31076828,-0.24251073598861694,1.9407222867012024,0.4993790169838854,0,0,144,0,,,,-1.3451564679009202,0.0031902930616807394,0.005628025502728269,-1.4617135693747803,-0.18612536787314346,0.004865430678141493,0.005278155446987189,-0.015544871583233554,-0.867264171790033,0.050358112199485223,2.0109902901505934,0.3345084407179184,1.088910081361844,0.26785254898060756,0.5041098215898359,0.5104929291610563
1,56,2026-04-11T19:03:21.740248,0.00020887991927346112,28.405555725097656,A:1.0/L:0.5/C:0.0,1.1404554843902588,1.1609805822372437,0.2696155309677124,0.7119337320327759,0.14114540815353394,0.15677101910114288,0.03985423594713211,2.4803004264831543,-0.07486152648925781,0.00031957211084464185,0.00022246793,8.097102,1.3696713,-0.0006428956985473633,7.405087471008301,-0.18154025077819824,-0.0008081201386637389,0.0019896005,0.11518668,0.25140846,-0.18139886856079102,1.8952996730804443,0.49883652593129796,-0.27640092372894287,-0.0006119140376364094,-0.0003799348,3.7865403,1.3482842,-0.0736074447631836,7.485134124755859,-0.0893712043762207,-0.0071960490437794145,-0.0025272216,0.11655828,0.241024,-0.215844988822937,1.7758084535598755,0.5026294532625876,0,0,56,0,,,,-1.3393383868153066,0.003170300995679017,0.005609833377621954,-1.4553119958707104,-0.18556904866622403,0.004842701385305009,0.00525287700942116,-0.015470361703810121,-0.8640070758751975,0.04973828441467188,2.0067402416110265,0.3341839761691674,1.0870251996151985,0.2672190132764722,0.5040834551115432,0.5104536117815639
1,57,2026-04-11T19:03:22.808080,0.00020887991927346112,28.405555725097656,A:1.0/L:0.5/C:0.0,1.0612971782684326,1.1279480457305908,0.3554784655570984,0.49990352988243103,0.1100860983133316,0.14668051898479462,0.037487734109163284,2.2775843143463135,-0.0553431510925293,-0.002005546452845396,-0.00018619664,3.1268516,1.3932995,-0.008049100637435913,4.998995065689087,-0.43517476320266724,-0.004354229419017729,0.00065206474,0.1022013,0.23521489,-0.7020081281661987,1.6701236963272095,0.5053567289116788,-0.2214152216911316,-0.0022226398419798485,-0.0029530013,2.3925269,1.3021531,-0.058294475078582764,4.6734538078308105,-0.5980197191238403,-0.0033002463811984553,-0.00014833556,0.063412115,0.22471093,-0.7114012837409973,1.591151475906372,0.5118120750528493,0,0,48,0,,,,-1.3348175686972434,0.0031326783436055336,0.005585044534453432,-1.4515454765321878,-0.18491791917835557,0.004808460146114257,0.005225681641150101,-0.01543325539847825,-0.8632440469145265,0.04919812061720561,2.0023462806316243,0.33429044861610707,1.0840895912665347,0.26643334870165647,0.5040898214805438,0.5104604040979203
1,58,2026-04-11T19:03:23.744291,0.00020887991927346112,28.405555725097656,A:1.0/L:0.5/C:0.0,0.9295024871826172,0.8135987520217896,0.2127542346715927,0.4812469482421875,0.12857170403003693,0.14304623007774353,0.035426992923021317,1.8146449327468872,-0.7221534848213196,0.0013874260740709414,-2.6115944e-05,3.7097268,1.4534521,-0.4927082657814026,4.626758575439453,-0.022916734218597412,0.0002049602649627096,0.002482994,0.092640094,0.21153739,-0.06437331438064575,1.5842877626419067,0.5015081808953192,-0.660189688205719,0.0010241604172814371,-0.0005134297,3.2349873,1.4063021,-0.39052796363830566,5.204437494277954,-0.026257216930389404,0.0015875312965804185,-0.00011308299,0.08176858,0.21059442,-0.02042287588119507,1.587984323501587,0.4906904652783203,0,0,32,0,,,,-1.32825806452485,0.0031180397532123193,0.005569534281750705,-1.44460961572143,-0.18760409700657038,0.0047913549757540395,0.005199422653224798,-0.017819630450392872,-0.8590299410593598,0.046999490195928056,1.9964025429885752,0.33368276754638454,1.081075378051413,0.26574404047829836,0.5040769132776177,0.5103615544038222
1,59,2026-04-11T19:03:25.536794,0.0002096871846619576,44.536251068115234,A:1.0/L:0.5/C:0.0,1.792041301727295,0.5215126276016235,0.14900407195091248,0.7014093995094299,0.20718936622142792,0.15907268226146698,0.040199823677539825,1.7783879041671753,-0.17493438720703125,0.0015906539058902682,0.000803095,0.8433461,0.8107084,-0.20399969816207886,2.4800033569335938,-0.5454949140548706,0.00015645856020246287,-0.00014181332,0.13840118,0.30595672,-0.5171698927879333,1.9146039485931396,0.5015846573004202,-0.4159124493598938,-0.0029892134780659073,9.5476076e-05,0.7572042,0.7341714,-0.2441595196723938,2.4965862035751343,-1.1912681460380554,-0.0020441755238796216,0.0003347068,0.12271876,0.2975823,-0.8882503509521484,1.8661152124404907,0.5111645495335397,0,0,144,0,,,,-1.3243442487725001,0.00310323184724727,0.005540977543752473,-1.4399724171067627,-0.18754074845757268,0.004775351470404721,0.005177441014946355,-0.0187505307889513,-0.8591760431088238,0.045543695146586446,1.9890280934116404,0.33275937406840717,1.079177048158703,0.265451267107014,0.5040644519977316,0.5103655693794709
1,60,2026-04-11T19:03:28.083092,0.0002096871846619576,44.536251068115234,A:1.0/L:0.5/C:0.0,2.5453145503997803,1.579329490661621,0.3720502257347107,1.4120495319366455,0.3652838170528412,0.15656138956546783,0.04058540612459183,3.9258596897125244,-0.2643008232116699,0.00021897658732026673,0.00084657164,8.1578455,2.0092719,-0.02897047996520996,13.928553581237793,-0.025295734405517578,-0.004791601654776891,-0.0010022621,0.098779894,0.23446988,-0.044632911682128906,1.8341606855392456,0.49919738553533616,-0.21542775630950928,-0.0010670192950089808,0.00092554453,29.483639,2.2498467,-0.022471070289611816,21.161678314208984,-0.09053146839141846,-0.003941296818570657,-0.0024550823,0.2001323,0.24271679,-0.050580501556396484,2.0671370029449463,0.5140885824204486,0,0,56,0,1.0000503063201904,8.466914005111903e-05,0.006337590981274843,-1.3178490062006654,0.0030637576797371492,0.005508261345465631,-1.4329957195796394,-0.18792454883134319,0.004752569595989299,0.005155786668062868,-0.018801630534832595,-0.8551330654010616,0.04520362131940545,1.9869796003978903,0.3329558283267387,1.0808414105775928,0.2659504298567431,0.5040401166654197,0.5103841844446758
1,61,2026-04-11T19:03:29.142605,0.0002096871846619576,44.536251068115234,A:1.0/L:0.5/C:0.0,1.0590949058532715,2.160801887512207,0.3227149248123169,0.6772496104240417,0.14694379270076752,0.14978815615177155,0.035855211317539215,3.4933536052703857,-0.28168827295303345,-0.0028062729015306542,0.0011000328,5.775591,1.7211242,-0.06303960084915161,10.268313646316528,-0.10979485511779785,0.002764364934585431,0.0009271095,0.25346196,0.29312378,-0.23654615879058838,2.145642042160034,0.5054441862900232,-0.3280608654022217,-3.9005221099655454e-07,0.0013647615,4.269264,1.5325611,-0.06929081678390503,7.947602033615112,-0.09148013591766357,-0.001328658521970579,-0.000584952,0.18908879,0.28503853,-0.25831079483032227,1.9585394859313965,0.5096604676713951,0,0,48,0,,,,-1.311808735445251,0.0030622607160113906,0.0054853555862588955,-1.4270134717756942,-0.18839336745195165,0.004714775383501698,0.0051355078988383545,-0.01902282038640419,-0.8521489540482079,0.0446311491288889,1.9878487118334618,0.3329046238091666,1.0788234515768251,0.26535539667096325,0.5040471370135426,0.5103805658608095
1,62,2026-04-11T19:03:30.094513,0.0002096871846619576,44.536251068115234,A:1.0/L:0.5/C:0.0,0.950751543045044,0.958214521408081,0.24009600281715393,0.5691632032394409,0.1829546093940735,0.13977555930614471,0.03656812012195587,2.126772165298462,-0.4248509407043457,0.0005901385017994056,8.458052e-05,4.783822,1.5863038,-0.33327198028564453,5.711937427520752,-0.021150171756744385,0.00145679498780719,0.00034534995,0.15387323,0.23806176,0.03455999493598938,1.7555537819862366,0.5035641935290238,-0.44300466775894165,-3.718012460099938e-05,0.0006030258,4.8023787,1.6625371,-0.34648239612579346,7.138413190841675,-0.029760241508483887,0.0002576390835926702,1.0001531e-06,0.18373111,0.24336016,-0.020653188228607178,1.9044024348258972,0.5012093379540681,0,0,32,0,,,,-1.3053554426268084,0.0030542333873703697,0.005459655558088165,-1.419705604442136,-0.18957565531821363,0.004694152199093186,0.0051102532619386,-0.02059406618590039,-0.8479914752191099,0.04267558140261549,1.9827005408813347,0.3324405807042065,1.0762751503351382,0.2649433927345788,0.50404472229612,0.5103347097212758
1,63,2026-04-11T19:03:31.944343,0.0002096871846619576,44.536251068115234,A:1.0/L:0.5/C:0.0,1.8485822677612305,0.6230007410049438,0.13604740798473358,0.6933948993682861,0.22585895657539368,0.16209115087985992,0.03989769145846367,1.8802908658981323,-0.2417457103729248,-0.001281172451057429,-0.00035337097,0.94710493,0.8384644,-0.25576967000961304,2.572583556175232,-0.344138503074646,-0.0018026170678426012,-0.00075774477,0.14658135,0.30514205,-0.31908899545669556,1.9039086699485779,0.5021473726302309,-0.5366960763931274,-0.0015600264968284924,9.09419e-06,0.8091793,0.7892537,-0.2885269522666931,2.289123773574829,-0.9834486842155457,0.0004642234335174639,0.00036038843,0.13145629,0.29278022,-0.6193059682846069,1.8330193758010864,0.5033451425214532,0,0,144,0,,,,-1.3005493579290475,0.0030299491350943048,0.005428568556454552,-1.4142025213972087,-0.1898365055934872,0.0046642755758424335,0.005082935140789973,-0.021769944205018953,-0.8468480476844374,0.041019568734268944,1.9759020418819528,0.3314586148406091,1.074360749080304,0.26474797055378285,0.5040352355477905,0.5102997618852767
1,64,2026-04-11T19:03:33.075051,0.00021049445005045405,119.08338928222656,A:1.0/L:0.5/C:0.0,1.1192715167999268,1.4239271879196167,0.39950552582740784,0.7685711979866028,0.19299699366092682,0.1607513427734375,0.03959844261407852,2.9853506088256836,-0.23930764198303223,0.00281058852711847,0.0012866263,7.374527,1.7977997,-0.07879447937011719,14.11712646484375,-0.05060529708862305,-0.004335272339749392,-0.0010772115,0.18048501,0.26049128,0.02178478240966797,2.022778034210205,0.5043509875273736,-0.24988412857055664,-0.001725846172377436,0.00038200762,9.993123,1.8871223,-0.18834924697875977,17.23280906677246,-0.07996153831481934,-0.0021084154063123477,0.00042245368,0.23164158,0.31375128,0.06777364015579224,2.147024393081665,0.5012893587340386,0,0,56,0,,,,-1.2942996376248452,0.0029931230277200865,0.005396039656362472,-1.4070225848781743,-0.19008386127543492,0.004655007140598814,0.005063953596724937,-0.022055066880844444,-0.8422749392452362,0.0398727246557038,1.9731421676121412,0.3317988493955431,1.0728318013248355,0.2643892156693186,0.5040368143076884,0.5102547098695205
1,65,2026-04-11T19:03:34.115066,0.00021049445005045405,119.08338928222656,A:1.0/L:0.5/C:0.0,1.0332841873168945,2.492324113845825,0.5081759691238403,0.4643731713294983,0.14799512922763824,0.1445923149585724,0.03581016883254051,3.7932708263397217,-0.165521502494812,0.006035953503994109,0.0021389264,2.151553,1.15596,-0.14344078302383423,5.027195692062378,-0.11052477359771729,-0.0011421254822149276,-0.00057942176,0.08821181,0.25628853,-0.2642417550086975,1.5514848232269287,0.5006865735620603,-0.14056968688964844,-0.0008262482576707002,0.0034394697,2.4904785,1.2106481,-0.11731737852096558,5.456662654876709,-0.05890536308288574,-0.008438902246262595,-0.0010683497,0.102954194,0.26838806,-0.15190917253494263,1.5977323055267334,0.5096805323250597,0,0,48,0,,,,-1.2883807633047095,0.0029724467851704114,0.005366162349292058,-1.4013086807288269,-0.1899610494815318,0.00466191187241579,0.0050493284608151764,-0.022661995461559392,-0.8388231104116847,0.03908677413982045,1.9757380773433098,0.33268073499418455,1.0697895081748587,0.26380724523711024,0.5040200631039603,0.5102518389817982
1,66,2026-04-11T19:03:35.049978,0.00021049445005045405,119.08338928222656,A:1.0/L:0.5/C:0.0,0.9281899929046631,1.2457373142242432,0.2472670078277588,0.8656298518180847,0.13225820660591125,0.14270617067813873,0.03486208617687225,2.6684606075286865,-0.24120235443115234,-0.004150406893704468,0.00024218085,8.597828,1.7905385,-0.1829041838645935,9.286384105682373,-0.1035417914390564,-1.6069327697607153e-05,-0.00041558925,0.3425204,0.32326716,0.07964465022087097,2.6758370399475098,0.5002484523978796,-0.43033748865127563,-0.0006564323576500313,0.00027532974,3.8843632,1.4037335,-0.20845788717269897,6.7475409507751465,-0.010799407958984375,0.0004448103602853274,0.0014230122,0.1035661,0.21664873,0.016284525394439697,1.523640751838684,0.4989276087119504,0,0,32,0,,,,-1.2824565684453813,0.0029575042046060714,0.005337253591280835,-1.3939039140740783,-0.19021725600627992,0.0046178502785851885,0.0050252927227401835,-0.023463206403574563,-0.8345475722326541,0.037849050833257854,1.9720880735277144,0.3322536663583524,1.068768709893075,0.2631495000439542,0.5040012050504299,0.510195217830449
1,67,2026-04-11T19:03:36.840178,0.00021049445005045405,119.08338928222656,A:1.0/L:0.5/C:0.0,1.7833988666534424,0.7707594633102417,0.18092769384384155,0.6562530398368835,0.15710653364658356,0.15921670198440552,0.04003312066197395,1.964296579360962,-0.15495997667312622,-0.0007509547558781327,0.0015308657,0.90097034,0.7722876,-0.03713864088058472,2.98066508769989,-0.15387922525405884,0.0013209090814886061,0.0014376433,0.1279225,0.2915725,-0.1538548469543457,1.8551957607269287,0.4988087976028476,-0.14927494525909424,-0.002969520998906315,-0.002757787,0.81922174,0.7377653,-0.04966378211975098,2.840348482131958,-0.16027343273162842,0.002395783845750806,-0.00032476007,0.12686226,0.28654402,-0.21969109773635864,1.8335768580436707,0.500938445452221,0,0,144,0,,,,-1.2768136817294247,0.002949321228990484,0.005317755539874707,-1.3877036687384796,-0.19004096960961414,0.004591006253412872,0.005007820587491362,-0.02353158357595961,-0.8314732898601727,0.03741148666849281,1.966081430476627,0.3314970364957799,1.066706131542794,0.2626192852119673,0.503975243013192,0.5101489339685579
1,68,2026-04-11T19:03:37.964873,0.00021049445005045405,119.08338928222656,A:1.0/L:0.5/C:0.0,1.1180968284606934,1.599613904953003,0.4035887122154236,0.8438701629638672,0.2080756425857544,0.15842236578464508,0.04137136787176132,3.2549421787261963,-0.2034677267074585,0.0016888595244447207,0.002085115,12.689779,2.0705898,-0.11027586460113525,13.198487281799316,-0.1702512502670288,-0.004056661028096646,-0.0015245229,0.18145555,0.26987028,-0.0025115013122558594,2.000075340270996,0.49935461843556006,-0.16789817810058594,-0.000695118652516058,0.00018351257,12.843811,2.329142,-0.039513468742370605,19.642009735107422,-0.13338959217071533,-0.008714331130755475,-0.0030140723,0.29594845,0.30662912,0.0696256160736084,2.305112838745117,0.5043650021354006,0,0,56,0,,,,-1.2712808695721127,0.0029142913177050487,0.005283544147672427,-1.3807777079013486,-0.19010810339510337,0.0045764955197680314,0.004993207059864269,-0.02396530498108549,-0.8269677953305038,0.037026861891438494,1.9642490928490088,0.3318574948743781,1.0655919516998993,0.2623465669988363,0.5039521398903037,0.510120014309392
1,69,2026-04-11T19:03:39.001436,0.00021130171543895054,35.496795654296875,A:1.0/L:0.5/C:0.0,1.0296416282653809,2.400407552719116,0.8105743527412415,0.6817868947982788,0.14834162592887878,0.14767101407051086,0.03558085858821869,4.224362373352051,-0.11124062538146973,-0.0017621241951281627,0.0007448284,3.364507,1.2549126,-0.1133924126625061,6.294068813323975,-0.04509544372558594,-0.0024006307931287336,-0.00094226183,0.11578706,0.27252048,-0.0494614839553833,1.6390001773834229,0.4997651778475527,-0.127862811088562,0.0011837070131065434,0.0006646281,3.390847,1.3250867,-0.1316695213317871,6.8160271644592285,-0.04712587594985962,-0.003878874139986791,-0.00018636364,0.13425039,0.2884943,-0.023331910371780396,1.7239545583724976,0.5106715338447987,0,0,48,0,,,,-1.26514994244288,0.0028877167071508798,0.005252415117777218,-1.3741211267816187,-0.1897137660050352,0.004544802421193551,0.00497196516642626,-0.024412440519492592,-0.8229496159057101,0.036183379975322366,1.9664298851483595,0.33425107916371244,1.0636729264153912,0.2617765422934865,0.50393120508009,0.5101227719070691
1,70,2026-04-11T19:03:39.944837,0.00021130171543895054,35.496795654296875,A:1.0/L:0.5/C:0.0,0.9430596828460693,1.3940633535385132,0.3644544780254364,1.0083932876586914,0.25810039043426514,0.14626654982566833,0.03505109250545502,3.206329107284546,-0.35439300537109375,-0.0008795511565802385,-0.00050340896,8.921673,1.9327663,-0.22957521677017212,14.429975032806396,-0.22476017475128174,0.0009921638944850473,8.632333e-05,0.35202602,0.38490468,0.06428167223930359,2.928004026412964,0.49663462961566174,-0.2463718056678772,-0.0018914547941916821,-0.00093757093,8.765973,1.8219012,-0.21119213104248047,10.943063497543335,-0.15229427814483643,0.0009796613902742911,0.0006344998,0.39099845,0.390282,0.04630613327026367,2.7684485912323,0.49709421019078853,0,0,32,0,,,,-1.259947993604422,0.0028782389430875507,0.0052265846588334065,-1.3669291127865142,-0.1905371622018655,0.004517680653304682,0.004944588295817078,-0.02543825440074599,-0.8186033371598302,0.03494650242023335,1.9635680524903103,0.334402096158021,1.0633965282216078,0.2617581615341904,0.5038947222027679,0.5100576290984877
1,71,2026-04-11T19:03:41.708018,0.00021130171543895054,35.496795654296875,A:1.0/L:0.5/C:0.0,1.762793779373169,0.7791378498077393,0.1899518519639969,0.6030110120773315,0.16922993957996368,0.1614585965871811,0.038780588656663895,1.9415698051452637,-0.1434348225593567,0.0008742207783897688,0.0018500786,0.9143195,0.7471279,-0.0545729398727417,3.1104159355163574,-0.1133224368095398,0.00039070044699908294,0.00037976867,0.12615046,0.2804888,-0.17354965209960938,1.7800028920173645,0.5000699130172044,-0.11816143989562988,-0.002212975157812948,0.0012186641,1.1001406,0.78666526,-0.0268021821975708,3.2968084812164307,-0.08094453811645508,0.0037476552216774003,0.0011615756,0.15775459,0.29483023,-0.06102597713470459,1.9405044317245483,0.4954269547325104,0,0,144,0,,,,-1.2542148658204477,0.0028658012506071087,0.005202350578868639,-1.3609622154830796,-0.19030165050365297,0.004499463353930108,0.004929115747242498,-0.025583927828105965,-0.8148154503597046,0.03463775899714434,1.9576459014768974,0.3336798449370509,1.0610946006408863,0.2612955204244193,0.5038755981568401,0.5099844757266578
1,72,2026-04-11T19:03:42.820594,0.00021130171543895054,35.496795654296875,A:1.0/L:0.5/C:0.0,1.1058120727539062,1.7743886709213257,0.38967669010162354,1.0796757936477661,0.2328125387430191,0.1621003895998001,0.03997310250997543,3.6786270141601562,-0.1697702407836914,0.00448398446019721,0.0029409982,9.638258,2.147584,-0.059652090072631836,13.774147033691406,-0.04241335391998291,0.0018903180473186976,-5.9397018e-05,0.21105427,0.29216278,0.061986446380615234,2.029494047164917,0.502298263020212,-0.20627045631408691,0.003991298009208168,0.0010867635,13.531097,2.214311,-0.014928460121154785,19.272127151489258,-0.09650850296020508,-0.006140511990133417,-0.0030175555,0.31300345,0.31783083,0.06319999694824219,2.3481557369232178,0.5077158979391561,0,0,56,0,,,,-1.2481558582609453,0.0028609238345906666,0.005176041840884051,-1.353847472173761,-0.19019899345505314,0.004499385959461443,0.004919175159405475,-0.025754268639328594,-0.8104253731231649,0.03438992790155284,1.9567296153241196,0.33395982916287376,1.0611875066059206,0.2611531055160123,0.503867711481157,0.5099731328377204
1,73,2026-04-11T19:03:43.865183,0.00021130171543895054,35.496795654296875,A:1.0/L:0.5/C:0.0,1.044182538986206,3.0146498680114746,0.7348316311836243,0.7486246228218079,0.1544211208820343,0.1430797278881073,0.035634879022836685,4.831242084503174,-0.1108209490776062,0.005194485576005603,0.0026031372,3.9030313,1.342392,-0.06409835815429688,6.3480072021484375,-0.05403250455856323,-0.0074039431567473404,-0.0025102692,0.12468082,0.28692862,-0.017763406038284302,1.649659276008606,0.5030959889056718,-0.19075900316238403,0.0019497980180222586,0.0011333574,2.95675,1.2754749,-0.10116273164749146,6.498795032501221,-0.053470611572265625,-0.0032730585091155827,-0.0011121747,0.15446429,0.2943796,-0.028844833374023438,1.78477281332016,0.5067035337909285,0,0,48,0,,,,-1.2421852414924335,0.0028095994996339764,0.005137610285817182,-1.3471670518430836,-0.1898021032331659,0.004502861457544164,0.004907594969444301,-0.025945989086903435,-0.8065174704244191,0.03371216460380762,1.9620192165875563,0.33596418817297746,1.059624692187,0.2606194455928424,0.5038638528682796,0.5099567848424864
1,74,2026-04-11T19:03:44.831816,0.00021210898082744698,70.05303192138672,A:1.0/L:0.5/C:0.0,0.9662351608276367,1.2165144681930542,0.2786753177642822,0.7398586869239807,0.20024174451828003,0.1381295919418335,0.034894585609436035,2.6083145141601562,-0.3361825942993164,-1.6850087501035663e-05,0.0005499888,5.2914047,1.5713775,-0.17744791507720947,8.383766651153564,-0.08211565017700195,0.0010456930062764291,-0.000113364484,0.24871583,0.31417793,0.050837039947509766,2.1267409920692444,0.4999165051118683,-0.2460414171218872,0.0001050386346847585,-0.0005379843,6.4419255,1.6587452,-0.10567295551300049,8.490180015563965,-0.08257168531417847,-0.0016157030726412286,-0.001481123,0.27457312,0.3390267,0.0777696967124939,2.2061007022857666,0.5008308137807653,0,0,32,0,,,,-1.2363848935358563,0.0028007799671671886,0.005111355411969619,-1.3401770313841306,-0.19053400568849665,0.004480262899818939,0.004885806938702824,-0.026703498716854963,-0.8020960345887346,0.033015239003223576,1.9582916928455838,0.335677743820934,1.0580258621606848,0.26031755708746956,0.5038441161294976,0.5099111549871778
1,75,2026-04-11T19:03:46.656217,0.00021210898082744698,70.05303192138672,A:1.0/L:0.5/C:0.0,1.8240876197814941,0.8434434533119202,0.1737097203731537,0.5623266696929932,0.14927299320697784,0.1607874631881714,0.03961382433772087,1.9291541576385498,-0.1058092713356018,-0.00112464868189579,-0.0016152873,0.8853339,0.7464263,-0.052432239055633545,2.7942816019058228,-0.05402553081512451,0.0007394166014724023,-0.00010942317,0.1349901,0.2758013,-0.116299569606781,1.784364938735962,0.49822715422610836,-0.11609882116317749,0.00014677959643677807,-0.0016420775,0.89714265,0.7549318,-0.05367127060890198,2.8790040016174316,-0.057962119579315186,0.0038365483015761533,-0.00043659212,0.116633736,0.2680918,-0.10199832916259766,1.6985424160957336,0.49933859119288104,0,0,144,0,,,,-1.2304730967222526,0.0027904731503387145,0.005085251519058693,-1.3340576440752439,-0.19011038201673217,0.004452238341910365,0.004853301467657325,-0.02683214241854886,-0.7985955460616039,0.03258180645516295,1.9527174516479153,0.33486790370369507,1.0555473661983463,0.25976233426806705,0.5038160313199808,0.5098582921682063
1,76,2026-04-11T19:03:47.770192,0.00021210898082744698,70.05303192138672,A:1.0/L:0.5/C:0.0,1.10941481590271,1.4168304204940796,0.35085442662239075,1.0317695140838623,0.25700971484184265,0.15233927965164185,0.038515929132699966,3.247319221496582,-0.19859826564788818,-0.002443958425741137,0.0008812695,17.429613,2.1858156,-0.005398750305175781,21.824846267700195,-0.15597712993621826,-0.0007150202320524041,0.00061294367,0.19180803,0.25867534,-0.051062703132629395,2.0177080631256104,0.5002290261100273,-0.1969224214553833,-0.0026092183322752264,-0.0011653046,13.708747,2.0829597,-0.005801200866699219,24.389537811279297,-0.10825467109680176,0.0022862552048351597,0.00018861356,0.19371773,0.2555259,-0.04531443119049072,2.0197339057922363,0.5004715776483897,0,0,56,0,,,,-1.2251006168883223,0.002772945683426759,0.005062889979793679,-1.3276426693705308,-0.19015282143488793,0.004417757358072108,0.004833441307898826,-0.026724975457981994,-0.7948291404872483,0.03238989141855363,1.9500380164921463,0.33494783631828856,1.055428476937774,0.2597485711709359,0.503798096293931,0.5098113585956072
1,77,2026-04-11T19:03:48.822994,0.00021210898082744698,70.05303192138672,A:1.0/L:0.5/C:0.0,1.0462043285369873,1.6643022298812866,0.41532954573631287,0.5649135112762451,0.14485126733779907,0.1354449838399887,0.0355340912938118,2.9603755474090576,-0.3613583445549011,0.0016242408187182394,-0.0010672424,4.637047,1.5591307,-0.07874035835266113,9.42359733581543,-0.10455566644668579,0.0009374164278389246,0.00050642836,0.18893073,0.30793115,-0.1494382619857788,1.9100192189216614,0.49227235994621743,-0.21991723775863647,-0.0004285844765342991,0.0012502909,3.9920254,1.4316745,-0.04941117763519287,6.968559741973877,-0.14711004495620728,0.0019109256031664443,0.0003358042,0.17704234,0.2834255,-0.2741195559501648,1.837565541267395,0.5015226020809445,0,0,48,0,,,,-1.2194978921361141,0.00276376803714882,0.0050401076717017336,-1.321751647333607,-0.191008849050488,0.0044037897753753386,0.004803937889597872,-0.02698505237245539,-0.7922255925645628,0.0319808860732849,1.9486093375590918,0.33534974486537866,1.0529759021094662,0.2591740846517702,0.5037404676121925,0.5097699148130339
1,78,2026-04-11T19:03:49.781668,0.00021210898082744698,70.05303192138672,A:1.0/L:0.5/C:0.0,0.9508605003356934,1.0035896301269531,0.24952873587608337,0.6360555291175842,0.17249557375907898,0.13129271566867828,0.034347426146268845,2.2273097038269043,-0.21657878160476685,-0.0001593474171873761,0.00012409591,5.498244,1.6183144,-0.2054407000541687,6.1766791343688965,-0.020979106426239014,-0.0005198588237376099,0.00045448897,0.20259315,0.27593398,0.03289639949798584,1.8966026902198792,0.5008157274107629,-0.27891087532043457,-0.002867114643529888,0.00093410583,5.6959076,1.6145816,-0.19379794597625732,7.003216981887817,-0.019462525844573975,-0.002323421157478074,0.000324531,0.21880125,0.27735156,0.026636838912963867,1.9582690596580505,0.49698005477064966,0,0,32,0,,,,-1.2135052982075647,0.002747349902844388,0.005017179578178624,-1.314978407099449,-0.1911366987132594,0.004380974089412525,0.004780538679699862,-0.027877330610863955,-0.7881312804071752,0.030851991913037186,1.943884239021931,0.3349206398204322,1.0508913002445066,0.25874069209730677,0.5037258439111854,0.509705965512822
1,79,2026-04-11T19:03:51.522137,0.00021291624621594345,54.274131774902344,A:1.0/L:0.5/C:0.0,1.740053653717041,0.56288081407547,0.14066991209983826,0.6246286034584045,0.1492290198802948,0.1604757010936737,0.039811305701732635,1.677695393562317,-0.25297874212265015,0.0008213837282405374,0.0026877532,0.82789445,0.77182674,-0.24594032764434814,2.504239559173584,-0.22179943323135376,0.0017634831542651492,0.0016503122,0.12006281,0.26849952,-0.2909679412841797,1.71666419506073,0.5009209370749639,-0.3852282762527466,0.002496836603918517,9.135512e-05,0.74664366,0.7555391,-0.21566414833068848,2.4168198108673096,-0.2898532748222351,-0.0002262785490455819,-0.00080707093,0.114860326,0.26110038,-0.3800750970840454,1.6844688653945923,0.4904491415476073,0,0,144,0,,,,-1.2085467688826836,0.0027424305691014918,0.005000345241372493,-1.3098583547703726,-0.19144590893030633,0.004363176137606665,0.004770074752192259,-0.028967645596031377,-0.7860909994905595,0.02961941121181856,1.9369792218971986,0.3339493861818292,1.0487599867605761,0.2581931337362217,0.5037118193770043,0.5096096813929959
1,80,2026-04-11T19:03:54.115140,0.00021291624621594345,54.274131774902344,A:1.0/L:0.5/C:0.0,2.586359977722168,1.6414505243301392,0.3695620596408844,0.9972656965255737,0.2616904377937317,0.15122626721858978,0.03980373218655586,3.460998773574829,-0.08637845516204834,-0.002563002247713306,0.001179517,11.788296,2.226689,-0.001475691795349121,19.05980682373047,-0.043076157569885254,-0.006962476556334803,-0.00076266157,0.26218423,0.31621796,0.06782537698745728,2.204503059387207,0.49997297738020363,-0.18228399753570557,0.0026464250049521025,0.0010716247,18.811214,2.112949,-0.007440805435180664,22.534095764160156,-0.07450699806213379,-0.0008347920227503848,-0.0011360812,0.30144542,0.36574632,0.03924703598022461,2.38791823387146,0.5001572580098667,0,0,56,0,1.000244140625,5.68334071431309e-05,0.005572143942117691,-1.2027194158261196,0.0026939060334743104,0.004971530207316872,-1.3029699361115834,-0.19092057166146506,0.0043285452456800644,0.004752121963501058,-0.028830185827027965,-0.7819643093132056,0.029434110128583567,1.9355015784093634,0.33412744954912443,1.0485025153094012,0.25821062025650926,0.5036931251670203,0.5095624192760803
1,81,2026-04-11T19:03:55.166234,0.00021291624621594345,54.274131774902344,A:1.0/L:0.5/C:0.0,1.0474586486816406,3.7609236240386963,0.5083766579627991,0.8121120929718018,0.1606561839580536,0.13568031787872314,0.03469901159405708,5.412447929382324,-0.06736904382705688,-0.0007217954147004807,0.005514298,7.300066,1.5546954,-0.010566532611846924,6.971375942230225,-0.03509354591369629,0.0030785854222017857,0.0007987023,0.14406939,0.30328828,-0.01634165644645691,1.7960737347602844,0.5008037773790273,-0.16974318027496338,-0.0052633876950348175,0.0019655118,2.6368299,1.2219868,-0.01273849606513977,5.473755359649658,-0.08385485410690308,0.0005959275087061224,0.000494659,0.13973436,0.28263286,-0.2778039574623108,1.663954257965088,0.5079244778721058,0,0,48,0,,,,-1.1968812864765574,0.0026958294304179477,0.004950666067771277,-1.2965367947132578,-0.19030281402229304,0.004303293542378162,0.004755932844183675,-0.02873886756095206,-0.7794435075539511,0.029223247097614948,1.9446286886375101,0.3349986955911928,1.0473205631977132,0.257722848075017,0.5036786784280802,0.5095542295690604
1,82,2026-04-11T19:03:56.120913,0.00021291624621594345,54.274131774902344,A:1.0/L:0.5/C:0.0,0.9481165409088135,0.9850633144378662,0.30090096592903137,0.7437744736671448,0.2220272719860077,0.1319432258605957,0.03409676253795624,2.4178059101104736,-0.21274787187576294,0.001636780876986557,-0.0004661469,7.1967955,1.6915085,-0.07352441549301147,7.155074834823608,-0.018840134143829346,0.001363882998771052,0.00064176315,0.2750165,0.3059959,0.023629486560821533,2.1993346214294434,0.5007744890930135,-0.17663872241973877,-0.004010255960315104,-0.00016752354,8.038815,1.7268062,-0.11020022630691528,7.143813610076904,-0.047976911067962646,0.002358802831521585,0.0019595511,0.291332,0.34818175,0.055444806814193726,2.2990318536758423,0.49629990333518975,0,0,32,0,,,,-1.1909910807148938,0.002689169698259713,0.004929121553192865,-1.2899359633068874,-0.1904150393115604,0.004289960979051204,0.004729822445393643,-0.028962795300612357,-0.7752690659821104,0.028526129730592296,1.939830861766512,0.33482820694288196,1.0458028327500604,0.25754437019457194,0.5036641574814048,0.509487957937891
1,83,2026-04-11T19:03:57.858002,0.00021291624621594345,54.274131774902344,A:1.0/L:0.5/C:0.0,1.7302136421203613,0.6960353851318359,0.19467982649803162,0.6161710619926453,0.1436622440814972,0.15984198451042175,0.040052756667137146,1.8504433631896973,-0.1075669527053833,0.0035893887205835622,0.0012113074,1.0160027,0.757774,-0.12948477268218994,2.8807342052459717,-0.09806078672409058,-0.0004753128657224837,-0.00047058437,0.10369314,0.26490033,-0.16106140613555908,1.625319004058838,0.496641087089701,-0.20727819204330444,-0.0010478745269167577,-0.0017547053,0.95843697,0.74845207,-0.1251733899116516,2.6950427293777466,-0.06795281171798706,0.00287870458845334,0.00065341144,0.12720685,0.26879603,-0.16364145278930664,1.7074220180511475,0.5016207454942394,0,0,144,0,,,,-1.1855264292449397,0.002673347285439802,0.004902123023552638,-1.2842915905210306,-0.19000079887852953,0.004286458117758865,0.004712229869970629,-0.029465405187520242,-0.7722109279161464,0.027757632132381076,1.9336118843833388,0.3341274650406577,1.0436546738962733,0.25697495956400657,0.5036290421294464,0.5094486218756729
1,84,2026-04-11T19:03:58.976673,0.0002137235116044399,62.77339172363281,A:1.0/L:0.5/C:0.0,1.1168756484985352,1.6563910245895386,0.3793071508407593,0.9711187481880188,0.23375163972377777,0.15806609392166138,0.03820689395070076,3.4368414878845215,-0.22507572174072266,-0.00023768896299987635,-0.0026644452,15.283927,2.673927,-0.021693110466003418,21.14697265625,-0.10493361949920654,0.0012213055258599337,0.0010197698,0.19312151,0.30129158,0.010000348091125488,1.9310998916625977,0.4956811517504398,-0.23406445980072021,0.004554669459831129,0.00266557,13.44975,2.027832,-0.005991458892822266,12.052318572998047,-0.056066274642944336,-0.004192995489622323,-0.0007589885,0.18485637,0.26936373,0.05488455295562744,1.9985747337341309,0.5012939218500483,0,0,56,0,,,,-1.180123465196211,0.0026660870766419026,0.004882711257504202,-1.2778201308279697,-0.1901761734928405,0.004263837382355072,0.004675346494616101,-0.029426543713912658,-0.7680754505117875,0.02758888667725506,1.9322257800843696,0.3343533634696582,1.043291994267732,0.25685884296480543,0.5035893026775514,0.5094078483755448
1,85,2026-04-11T19:03:59.978930,0.0002137235116044399,62.77339172363281,A:1.0/L:0.5/C:0.0,1.0019195079803467,2.7943108081817627,0.38986101746559143,0.5269560217857361,0.13677813112735748,0.12823395431041718,0.03484446555376053,4.010984420776367,-0.10887062549591064,-0.0013172685702882699,0.0044524753,3.863158,1.2415209,-0.12663644552230835,5.258326768875122,-0.10060721635818481,-0.002326674263164347,-0.00017674553,0.1280899,0.28985608,-0.2214440107345581,1.6298497915267944,0.514241085089822,-0.12862694263458252,0.0052242038160096975,0.0029311746,2.3107936,1.179548,-0.059921979904174805,5.1907713413238525,-0.1432477831840515,-0.0010794668357052013,-0.0005413911,0.13673754,0.29252136,-0.3000316023826599,1.6552172899246216,0.5079042726393483,0,0,48,0,,,,-1.174725883952021,0.002641123269942871,0.004857413973591202,-1.2725382502275027,-0.18976964575285585,0.004235931852591855,0.0046742321388761445,-0.029912593222954635,-0.7657352312711418,0.02715133234434791,1.9365362052248567,0.33463090173963783,1.0407103144053218,0.2562584394056182,0.5036425615896127,0.5094003304968638
1,86,2026-04-11T19:04:00.905798,0.0002137235116044399,62.77339172363281,A:1.0/L:0.5/C:0.0,0.9264588356018066,1.0015002489089966,0.264205664396286,0.65043705701828,0.1630832999944687,0.1269267350435257,0.03213438391685486,2.2382872104644775,-0.11191034317016602,0.0005561396752657179,-0.0013777653,5.9483347,1.5336657,-0.10373908281326294,5.5674779415130615,-0.018397927284240723,-0.0002227771355634653,0.00036136282,0.20247501,0.29664865,0.006619393825531006,1.8875110149383545,0.5001033563593794,-0.17948144674301147,-0.0020842193483688307,-0.00060805294,4.2176538,1.4262285,-0.10506302118301392,6.294891834259033,-0.03709965944290161,0.0023340495498190934,0.0004083446,0.21118845,0.30215037,-0.0006133913993835449,1.9358459115028381,0.497645943686014,0,0,32,0,,,,-1.168944244168682,0.0026268037679153394,0.004834933717830359,-1.2661424620072377,-0.1893803492399424,0.004217532891705225,0.004643972151571243,-0.030281725670906177,-0.761909622071783,0.0264902605767111,1.9318610254432773,0.33427877555292107,1.0387589481183865,0.25579256370856246,0.5036248655634615,0.5093415585628096
1,87,2026-04-11T19:04:02.615375,0.0002137235116044399,62.77339172363281,A:1.0/L:0.5/C:0.0,1.7091820240020752,0.6715957522392273,0.19847765564918518,0.5827116966247559,0.1333225965499878,0.16373087465763092,0.03905804082751274,1.7888965606689453,-0.08774930238723755,0.00381320692182552,0.000986695,0.8390293,0.7336254,-0.06345975399017334,2.9945361614227295,-0.05852776765823364,0.0035081585079404856,0.0015536961,0.11150849,0.26192337,-0.08137869834899902,1.666031837463379,0.4879490046059275,-0.11315977573394775,-0.00402152378228019,-0.00463788,1.0754364,0.76697016,-0.04184877872467041,3.1122093200683594,-0.02877497673034668,0.006546908517103106,0.0024844208,0.11588968,0.26223433,-0.08560389280319214,1.6532917618751526,0.5039687287551987,0,0,144,0,,,,-1.1633921617861296,0.0026312105416154653,0.004818527529814057,-1.2602186431889464,-0.18887219400567887,0.004215511261855827,0.004625685766097292,-0.030447615812502514,-0.75852809342544,0.02614856538020419,1.925559699077257,0.3335997699534024,1.0364787118609182,0.25518021387276957,0.5035464862586739,0.5093146944137715
1,88,2026-04-11T19:04:03.723088,0.0002137235116044399,62.77339172363281,A:1.0/L:0.5/C:0.0,1.1072988510131836,1.7631169557571411,0.32722973823547363,0.854885995388031,0.1857258677482605,0.15164948999881744,0.037881720811128616,3.3204898834228516,-0.1588602066040039,-0.0006022639665721752,0.0045028683,12.21852,2.4320896,-0.01610112190246582,16.430686950683594,-0.022594571113586426,0.00561291537122304,0.00066114217,0.274717,0.30973762,0.0317302942276001,2.2415199279785156,0.5028219834342628,-0.140150785446167,0.002285443243858986,-0.0017611589,8.512261,2.113393,-0.0401836633682251,11.773621559143066,-0.03855729103088379,0.00024540279273096196,-0.0002922869,0.18409078,0.29366454,0.015348076820373535,1.7876017093658447,0.5061407601278433,0,0,56,0,,,,-1.157688173832767,0.0026461190657635033,0.004797740603017133,-1.2537588985018637,-0.1887221340686705,0.004191422385713687,0.004625071678665879,-0.03037588334295233,-0.7546587125742109,0.025816904236462046,1.9247474853606563,0.3335679197948127,1.0355707482785539,0.254832942142147,0.5035428637445518,0.5092988247423419
1,89,2026-04-11T19:04:04.763965,0.00021453077699293635,32.67972946166992,A:1.0/L:0.5/C:0.0,1.0404174327850342,3.416368246078491,0.4011442959308624,0.5537320971488953,0.19899290800094604,0.13253189623355865,0.034862108528614044,4.737631797790527,-0.07906663417816162,0.0015325649923500354,0.0040876092,3.3594387,1.2404085,-0.06787347793579102,5.312442064285278,-0.08231359720230103,-0.007428540393723161,-0.00081929995,0.13796747,0.31833455,-0.16683673858642578,1.6634961366653442,0.5044938953114941,-0.06636577844619751,-0.004003170280542237,-0.0013824014,4.700804,1.368994,-0.014713943004608154,6.1334028244018555,-0.031620800495147705,-0.0020923638885352123,-0.0006054669,0.17257705,0.336484,-0.08455789089202881,1.808852732181549,0.505361414207048,0,0,48,0,,,,-1.1523113009496146,0.0025957457684660703,0.004769655400241412,-1.2483242877022867,-0.18817385656921795,0.004178128098746869,0.004622384366467162,-0.030563371315916524,-0.7513082084658,0.025614250000256696,1.9322055891642453,0.333905801675493,1.0331615550229056,0.25455374197144104,0.5035476189023865,0.5092791376896655
1,90,2026-04-11T19:04:05.694309,0.00021453077699293635,32.67972946166992,A:1.0/L:0.5/C:0.0,0.9235153198242188,1.0340971946716309,0.30098098516464233,0.746762752532959,0.21336306631565094,0.12574075162410736,0.03299102187156677,2.4539358615875244,-0.21567904949188232,-0.006721791005867178,-0.001166133,5.878105,1.5964923,-0.07757914066314697,8.092384338378906,-0.03904080390930176,-0.0006563992400674694,-0.00039657202,0.26473042,0.32861537,-0.004635334014892578,2.1336511373519897,0.5041995460127434,-0.17582666873931885,0.000813687431242488,-0.001836866,5.1454997,1.5688336,-0.13275796175003052,6.312378406524658,-0.03587132692337036,0.0006156710600016387,0.0006834892,0.24945843,0.35201868,0.004319429397583008,2.0749017000198364,0.49813252992996515,0,0,32,0,,,,-1.146744948464413,0.0025794850434234023,0.0047438242631185614,-1.2421058429338496,-0.18831138253383128,0.004123628503223798,0.004593441779748665,-0.030798450162652678,-0.7475300702764831,0.02482238894150526,1.9277150471917823,0.33374117759293875,1.031729561010456,0.2543477885931621,0.5035508785379383,0.509223404650867
1,91,2026-04-11T19:04:07.428987,0.00021453077699293635,32.67972946166992,A:1.0/L:0.5/C:0.0,1.7322022914886475,0.9652487635612488,0.16450351476669312,0.49037206172943115,0.13133881986141205,0.15598717331886292,0.04040220379829407,1.9478524923324585,-0.1236562728881836,-0.0004232976059744722,-0.0025262302,1.0013745,0.7628052,-0.06004303693771362,2.9132468700408936,-0.026083052158355713,0.0005214791006519832,0.0009708067,0.104162954,0.25094372,-0.08143460750579834,1.5764188766479492,0.494405433614418,-0.11682051420211792,-0.00023982788110519788,-0.0005526007,0.91512585,0.7542542,-0.05516159534454346,2.997667908668518,-0.026631593704223633,0.011056834400644835,0.005842568,0.133492,0.26420522,-0.10501164197921753,1.6765785217285156,0.4988831379170937,0,0,144,0,,,,-1.1411416389828826,0.002569195013709545,0.004724959175271259,-1.2363024867567094,-0.18798810698560306,0.004100893872677807,0.004557843419956055,-0.030944673096527982,-0.7443174781349968,0.024422469020075017,1.9229027157736296,0.3328949892788075,1.029022773514051,0.25373274374950333,0.5035051513133207,0.5091717033171981
1,92,2026-04-11T19:04:08.542301,0.00021453077699293635,32.67972946166992,A:1.0/L:0.5/C:0.0,1.1065137386322021,1.5890332460403442,0.3096333146095276,0.5840016603469849,0.20456917583942413,0.1378346085548401,0.039197538048028946,2.864269256591797,-0.16837143898010254,-0.003475574270204043,0.0033178665,10.166538,1.6201795,-0.06866252422332764,7.251004695892334,-0.036543965339660645,0.004723092332459224,0.00035122005,0.22164004,0.29727173,-0.023746609687805176,1.9544298648834229,0.5046994278763335,-0.21602201461791992,-0.001006817150115118,0.00253852,11.2962885,1.9495193,-0.013378739356994629,13.448283195495605,-0.02235114574432373,-0.0013532009469184717,2.3582077e-05,0.17262389,0.29788697,0.0007779598236083984,1.7303180694580078,0.5045371979963289,0,0,56,0,,,,-1.1356186506146666,0.0025799645003032937,0.004703090479640888,-1.230239707371365,-0.18789002364557555,0.004063011531963398,0.004551643535228225,-0.031133262352161982,-0.7405920009452038,0.02423346297818967,1.9212333684249632,0.3327786809054611,1.0267976679482156,0.2534869259099529,0.5035111226961358,0.5091485307905937
1,93,2026-04-11T19:04:09.609777,0.00021453077699293635,32.67972946166992,A:1.0/L:0.5/C:0.0,1.060986042022705,2.308422803878784,0.5081676840782166,0.6543731689453125,0.09025552123785019,0.1329149752855301,0.03138118237257004,3.725515365600586,-0.11504238843917847,0.0011927845800223608,-0.003744402,2.86521,1.2187194,-0.0918542742729187,5.186359405517578,-0.1002969741821289,-0.0010666582365024314,-0.0005764165,0.13987048,0.31971666,-0.2439945936203003,1.6597709655761719,0.49896055428710906,-0.07505381107330322,-0.0002697441204473058,-0.0047640875,2.183202,1.1313747,-0.07054919004440308,4.904247760772705,-0.14183008670806885,0.0016941810023964146,0.00021654245,0.14474793,0.27592278,-0.38958239555358887,1.677778422832489,0.5026731726881886,0,0,48,0,,,,-1.1304420422325039,0.002561731386619265,0.004676692944761746,-1.2253084818026097,-0.18752578546954357,0.004048660397203693,0.004510163307707005,-0.03143686741176577,-0.7388369529182457,0.023759549713076707,1.9231693156022323,0.33365562592132486,1.0249355454532012,0.2526707688865924,0.5034883698540907,0.5091161540000817
1,94,2026-04-11T19:04:10.578458,0.0002153380423814328,17.264846801757812,A:1.0/L:0.5/C:0.0,0.9606637954711914,1.0593842267990112,0.2577023506164551,0.7099855542182922,0.15687809884548187,0.12558239698410034,0.031955521553754807,2.3414881229400635,-0.2252182960510254,-0.00741298001858133,-0.00018620434,4.5956907,1.5171568,-0.08989489078521729,6.584841251373291,-0.03316628932952881,-0.0004668860955067181,0.0003475921,0.24008301,0.32583353,-0.011707186698913574,2.0400527119636536,0.4996739041879872,-0.31543195247650146,0.004901416397654302,0.0020014558,4.3985224,1.4123732,-0.14923137426376343,6.521607398986816,-0.04129481315612793,-0.0007597647373830303,-0.00087972987,0.17822868,0.2796111,-0.05177271366119385,1.7905895709991455,0.4983781227558325,0,0,32,0,,,,-1.1249556634679891,0.002546588299208635,0.004655047440593993,-1.2192404753270911,-0.18771424802245099,0.003991352195124768,0.004486681469454702,-0.03172915752863303,-0.7354016317219604,0.022894595093192506,1.9188503901582161,0.3332758595448005,1.0233607954970267,0.2521918055363868,0.5034692975257602,0.5090624638438604
1,95,2026-04-11T19:04:12.293537,0.0002153380423814328,17.264846801757812,A:1.0/L:0.5/C:0.0,1.7077488899230957,0.7292612791061401,0.17197313904762268,0.4556015133857727,0.1123073622584343,0.155877023935318,0.042109377682209015,1.667129635810852,-0.17564815282821655,-0.0004939845725304916,0.0006397733,0.71767104,0.72653115,-0.0804179310798645,2.6290550231933594,-0.016011476516723633,0.003309475471410042,-0.000268624,0.106968604,0.25109,-0.04722011089324951,1.5807132124900818,0.5011682510500186,-0.15053915977478027,0.0076191791285431625,0.0010230251,0.8145639,0.72612435,-0.0728832483291626,2.7700724601745605,-0.05032992362976074,0.003770334710180347,0.0020068602,0.10040461,0.24663353,-0.1966303586959839,1.5443840026855469,0.504143368123106,0,0,144,0,,,,-1.1194109425332328,0.002550402735069642,0.004630429083443318,-1.2133803735049218,-0.1876539175464798,0.003968925511286492,0.004467446928723431,-0.03197260139638918,-0.7327077753568305,0.02241570587608073,1.9129024446029559,0.3324693459423146,1.0205219990864705,0.25149238331999707,0.5034577922933815,0.5090378683652567
1,96,2026-04-11T19:04:13.449605,0.0002153380423814328,17.264846801757812,A:1.0/L:0.5/C:0.0,1.1448259353637695,1.210425615310669,0.3581203818321228,0.7217441201210022,0.14170554280281067,0.14893630146980286,0.03578251972794533,2.6167144775390625,-0.17756640911102295,-0.0015060962252519117,-0.0009237814,8.423231,1.6642724,-0.034969210624694824,10.6004056930542,-0.07515788078308105,0.0025313447096520837,0.0015221054,0.20225021,0.32016206,-0.008225083351135254,1.915147304534912,0.493625070559164,-0.256040096282959,0.0048045669625461215,0.007045171,8.318774,1.4823186,-0.01172029972076416,9.853192329406738,-0.019315600395202637,-0.0036963629999767445,-0.0026333705,0.14801723,0.25836354,0.007526576519012451,1.849890947341919,0.5047481038966226,0,0,56,0,,,,-1.114189677224482,0.0025503074449425545,0.004614887465126143,-1.2073545970541528,-0.18760348000430252,0.0039415504026037995,0.004440490786965324,-0.03198758444253071,-0.7290066035974513,0.022245025848096508,1.9093900604564944,0.3325976011217637,1.0190281096916431,0.2509434491174111,0.5034086286847105,0.5090164195429135
1,97,2026-04-11T19:04:14.471147,0.0002153380423814328,17.264846801757812,A:1.0/L:0.5/C:0.0,1.0203559398651123,1.4661380052566528,0.45709753036499023,0.3991171717643738,0.13435007631778717,0.1228480115532875,0.032444894313812256,2.6119956970214844,-0.234433114528656,0.0005246754940499493,0.0039874287,2.3456297,1.169467,-0.05836164951324463,5.552671432495117,-0.13768702745437622,0.0024575519999693353,-0.00032694353,0.12911633,0.2984602,-0.28318822383880615,1.6203327775001526,0.49728284981290527,-0.15912294387817383,-0.005186388304324857,0.00011676946,3.4471803,1.3613043,-0.06959003210067749,7.305481672286987,-0.036281466484069824,-0.0021389642008939167,-0.0006111334,0.17933759,0.34335357,-0.13530176877975464,1.8571862578392029,0.5102535880594665,0,0,48,0,,,,-1.1093071639756313,0.0025498436677176884,0.004590178310172618,-1.202733765188076,-0.1878376281769243,0.00392446602806103,0.004438225476691578,-0.03211945476788428,-0.7260380794233628,0.021785850558352637,1.9071738001804952,0.3332201007679798,1.0159285550020067,0.250360482253413,0.5033779997903514,0.5090226053854964
1,98,2026-04-11T19:04:15.423536,0.0002153380423814328,17.264846801757812,A:1.0/L:0.5/C:0.0,0.9519720077514648,1.0033351182937622,0.30559253692626953,0.5848949551582336,0.2012529820203781,0.11473625898361206,0.032194994390010834,2.242006778717041,-0.24243080615997314,0.0031419636810205683,0.00083381566,3.429759,1.426116,-0.13713794946670532,5.1736159324646,-0.03828632831573486,4.380289687168983e-05,0.00027077866,0.15613347,0.29448068,-0.04496622085571289,1.717685878276825,0.5062235382380942,-0.40524864196777344,-0.0026998923749721893,-0.0019129829,4.2913055,1.4658172,-0.07421982288360596,7.036895513534546,-0.08235985040664673,-0.00287029241382873,-0.0007973857,0.24377291,0.35871515,0.005999565124511719,2.0500845909118652,0.5011816645460733,0,0,32,0,,,,-1.103952059797332,0.0025373134638634583,0.00456858131193438,-1.1969449274664141,-0.18811059406683953,0.003920553516325828,0.004420203427619072,-0.032644547241378385,-0.7223778912006235,0.021305822191142843,1.9026546067710617,0.33308196294877124,1.013773387002788,0.2501149447522478,0.5033922274825902,0.5089834006812992
1,99,2026-04-11T19:04:17.121216,0.00021614530776992928,24.835693359375,A:1.0/L:0.5/C:0.0,1.6972579956054688,0.6332501173019409,0.1491670459508896,0.42905065417289734,0.10263465344905853,0.15755939483642578,0.041331566870212555,1.5129934549331665,-0.17090469598770142,-0.002535261938111321,-0.0007047092,0.6830375,0.713834,-0.0807344913482666,2.600174307823181,-0.031069457530975342,0.0029355520162577713,0.0011722083,0.09730299,0.24114421,-0.07976782321929932,1.5486945509910583,0.4936106903223085,-0.30345773696899414,0.0010144643980512136,-0.00018965488,0.7189697,0.73844826,-0.11272406578063965,2.818523645401001,-0.05528569221496582,0.00361797360100453,0.0017000432,0.09853308,0.23973581,-0.08910447359085083,1.5115358233451843,0.49065711407406165,0,0,144,0,,,,-1.0985876467860003,0.00253930465662543,0.0045515994470928705,-1.1913590419451785,-0.18802456457644384,0.003888274439053642,0.004394578864442781,-0.03288499696191283,-0.7192115241125746,0.02063567275128393,1.896307584323716,0.33216238836378187,1.0108497733386388,0.24937754329573186,0.5033433197967887,0.508891769248263
1,100,2026-04-11T19:04:19.682131,0.00021614530776992928,24.835693359375,A:1.0/L:0.5/C:0.0,2.5605862140655518,1.0219470262527466,0.35801801085472107,0.49252939224243164,0.1585870087146759,0.13372129201889038,0.0366717092692852,2.20147442817688,-0.12102019786834717,0.00011968794309438051,0.0016185441,6.2345643,1.5702816,-0.02058577537536621,7.1077446937561035,-0.1722773313522339,-0.0009615356685914401,-0.0046563596,0.12815754,0.25398594,-0.3304157257080078,1.7382436990737915,0.4985286364287434,-0.14588570594787598,-0.0032724042351840008,0.007877369,9.277065,1.7458342,0.01998007297515869,10.611896514892578,-0.03560435771942139,-0.008817829208018482,-0.0059076333,0.17488758,0.30625075,0.010854899883270264,1.9292433261871338,0.5036693419541141,0,0,56,0,0.9996926188468933,7.783991168253124e-05,0.018833093345165253,-1.0939560952088316,0.0025218004549993453,0.004505559652090721,-1.1870543253639927,-0.18768954274290336,0.003869431506573846,0.004380698690647769,-0.032823500853980093,-0.7155611919925954,0.020632394752403305,1.891935781533361,0.3322916664762366,1.0082581714331578,0.2489235906228266,0.5033192463799485,0.5088656571117922
