epoch,batch_idx,timestamp,learning_rate,gradient_norm,mask_info,batch_time,imp_count_loss,obs_count_loss,imp_pval_loss,obs_pval_loss,imp_peak_loss,obs_peak_loss,total_loss,imp_count_r2_median,imp_count_spearman_median,imp_count_pearson_median,imp_count_mse_median,imp_count_mae_median,imp_count_mae_r2_median,imp_count_perplexity_median,imp_pval_r2_median,imp_pval_spearman_median,imp_pval_pearson_median,imp_pval_mse_median,imp_pval_mae_median,imp_pval_mae_r2_median,imp_pval_perplexity_median,imp_peak_auc_median,obs_count_r2_median,obs_count_spearman_median,obs_count_pearson_median,obs_count_mse_median,obs_count_mae_median,obs_count_mae_r2_median,obs_count_perplexity_median,obs_pval_r2_median,obs_pval_spearman_median,obs_pval_pearson_median,obs_pval_mse_median,obs_pval_mae_median,obs_pval_mae_r2_median,obs_pval_perplexity_median,obs_peak_auc_median,dsf_upsampled_count,dsf_downsampled_count,dsf_same_count,control_non1_count,train_st_depth_ratio,train_st_runtype_mse,train_st_readlen_mse,EMA_Imp_Pval_R2,EMA_Imp_Pval_SRCC,EMA_Imp_Pval_PCC,EMA_Imp_Pval_MAE_R2,EMA_Imp_Count_R2,EMA_Imp_Count_SRCC,EMA_Imp_Count_PCC,EMA_Imp_Count_MAE_R2,EMA_Obs_Pval_MAE_R2,EMA_Obs_Count_MAE_R2,EMA_Imp_Count_Loss,EMA_Obs_Count_Loss,EMA_Imp_Pval_Loss,EMA_Obs_Pval_Loss,EMA_Imp_Peak_AUC,EMA_Obs_Peak_AUC
1,0,2026-04-11T19:05:13.887397,0.0002,0.0,A:1.0/L:0.5/C:0.0,4.263065576553345,0.7954853177070618,0.17753957211971283,1.1863377094268799,0.2835412621498108,0.33855146169662476,0.07939966768026352,2.8608551025390625,-0.07460224628448486,0.015883749610146616,0.0052024825,4.390706,1.267302,-0.29798662662506104,2.9137773513793945,-4.581210613250732,-0.0070969751716198565,-0.0049570743,0.5011697,0.68424714,-3.672454833984375,3.2024965286254883,0.502638871492986,-0.05897641181945801,0.008019580564498545,0.007172225,3.1778388,0.98459005,0.08196407556533813,4.134116172790527,-2.67860746383667,0.017066186623477513,0.016946867,0.4298402,0.63210756,-2.3924560546875,3.0899746417999268,0.4930088222164243,0,0,56,0,1.0057884454727173,0.0005859328084625304,0.00827085878700018,-4.581210613250732,-0.0070969751716198565,-0.004957074299454689,-3.672454833984375,-0.07460224628448486,0.015883749610146616,0.005202482454478741,-0.29798662662506104,-2.3924560546875,0.08196407556533813,0.7954853177070618,0.17753957211971283,1.1863377094268799,0.2835412621498108,0.502638871492986,0.4930088222164243
1,1,2026-04-11T19:05:15.274850,0.0002,0.0,A:1.0/L:0.5/C:0.0,1.3260667324066162,2.2150471210479736,0.8377398252487183,1.1338870525360107,0.28826701641082764,0.2727372348308563,0.0714939683675766,4.819172382354736,-0.04488247632980347,-0.018440210526859777,-0.011055444,2.3594322,0.8882992,0.05533483624458313,4.754974007606506,-7.126077175140381,-0.01447570195877107,-0.013989716,0.4389939,0.6374151,-3.896135449409485,3.1002331972122192,0.5399723481511356,-0.037907302379608154,-0.013674087225587104,0.00040240318,0.95220566,0.8197077,0.08103227615356445,2.4886778593063354,-13.684216022491455,-0.009503067615917035,0.003218183,0.4426164,0.65862876,-6.800718307495117,3.1050195693969727,0.5276471717123254,0,0,48,0,,,,-4.593934946060181,-0.0071338688055556125,-0.0050022375071421266,-3.6735732370615004,-0.07445364743471145,0.015712129809461583,0.005121192820370197,-0.29622001931071285,-2.4144973659515383,0.08195941656827926,0.8025831267237663,0.18084057338535786,1.1860754561424256,0.28356489092111586,0.5028255388762768,0.4931820139639038
1,2,2026-04-11T19:05:16.268928,0.0002,0.0,A:1.0/L:0.5/C:0.0,0.9863176345825195,0.8438394069671631,0.17298369109630585,1.0809932947158813,0.271429181098938,0.3615114390850067,0.07606279850006104,2.8068196773529053,-0.23808574676513672,0.009736531105394129,0.017248701,3.2867818,1.1167474,-0.04840761423110962,4.187114834785461,-1.746099829673767,0.011935924150567698,0.024392162,0.32442498,0.54253453,-1.4232758283615112,2.919390916824341,0.5055553719524174,-0.05381220579147339,-0.005875254320192293,-0.009934844,3.9099774,0.8480197,0.14136600494384766,3.7814998626708984,-0.9638597965240479,-0.008395888741633821,-0.010421211,0.36347795,0.5501864,-1.1484571695327759,2.9814248085021973,0.4817106530112045,0,0,32,0,,,,-4.579695770478249,-0.007038519840774996,-0.004855265512014739,-3.6623217500180005,-0.07527180793136358,0.015682251815941246,0.0051818303627893325,-0.2949809572853148,-2.4081671649694445,0.0822564495101571,0.8027894081249833,0.1808012889739126,1.1855500453352927,0.28350421237200496,0.5028391880416575,0.49312465715914033
1,3,2026-04-11T19:05:18.119298,0.0002,0.0,A:1.0/L:0.5/C:0.0,1.844527006149292,0.801184356212616,0.15314434468746185,1.099695086479187,0.2755703926086426,0.23888033628463745,0.05510064586997032,2.623575210571289,-0.19854241609573364,-0.006245417872674665,0.0030610175,2.1591039,0.99372566,-0.05740857124328613,3.2487471103668213,-1.6455581188201904,-0.0019903109522949585,0.005452498,0.38768932,0.58025527,-1.6328365802764893,3.025314211845398,0.49907387170164486,-0.12071001529693604,0.007406991806053816,0.0024015205,1.6688821,0.91781837,-0.08384925127029419,2.97484290599823,-2.087270736694336,0.0026374658700801397,-0.0066956254,0.38514012,0.5925056,-1.7359768152236938,3.0180368423461914,0.5039999369215389,0,0,144,0,,,,-4.565025082219959,-0.007013278796332596,-0.004803726695143268,-3.6521743241692928,-0.07588816097218544,0.015572613467498168,0.0051712262984113765,-0.29379309535510467,-2.4048062132207155,0.08142592100625486,0.8027813828654214,0.18066300425248033,1.185120770541012,0.2834645432731881,0.5028203614599575,0.49317903355795234
1,4,2026-04-11T19:05:19.695376,0.00020080726538849647,34.02675247192383,A:1.0/L:0.5/C:0.0,1.5115687847137451,1.351991057395935,0.3506437838077545,1.2455476522445679,0.30578067898750305,0.3664371967315674,0.08955220878124237,3.7099525928497314,-0.20752525329589844,0.002630248044957649,0.0040333997,6.6233373,1.7009728,0.05204719305038452,12.43511962890625,-0.1659010648727417,0.005836547084572641,0.003391832,0.42871472,0.6152272,-0.3083040714263916,3.0858707427978516,0.485157346011611,-0.20487534999847412,0.006015413686883392,0.0018559082,4.667552,1.3685164,-0.019237995147705078,7.860404968261719,-0.7219579219818115,0.0022615542312243273,0.008093784,0.40438682,0.59823287,-0.7018911838531494,3.04079008102417,0.49563490654658354,0,0,56,0,,,,-4.543029462133224,-0.00694902966692807,-0.004762748901101222,-3.6354549729055785,-0.07654634643380401,0.015507901640385464,0.005165537165648429,-0.2920638939130772,-2.3962916380738775,0.08092260142548505,0.805527431238074,0.1815129081502567,1.1854229049495297,0.28357612395175963,0.5027320463827156,0.4931913129228955
1,5,2026-04-11T19:05:20.731630,0.00020080726538849647,34.02675247192383,A:1.0/L:0.5/C:0.0,1.0168287754058838,5.086618423461914,1.1032670736312866,1.1574290990829468,0.2890002131462097,0.1733686774969101,0.04468253254890442,7.854365825653076,-0.11626601219177246,0.005062088532753666,0.0025293392,4.5742273,1.2323987,-0.002808094024658203,6.006724834442139,-1.5588014721870422,0.003870513859619576,0.0029863522,0.38829282,0.6119395,-1.4769126176834106,2.9951125383377075,0.49957106246199284,-0.1297140121459961,0.0009996106948776911,-0.0026685328,5.8414516,1.3349253,0.018620789051055908,6.692414045333862,-1.3328939080238342,0.0020302788417608567,0.0016391203,0.40424296,0.62848526,-1.2664951086044312,3.0203768014907837,0.4973298838653101,0,0,48,0,,,,-4.528108322183494,-0.0068949319492953316,-0.004724003395634526,-3.6246622611294677,-0.07674494476259386,0.015455672574847305,0.005152356175651978,-0.2906176149136351,-2.3906426554265305,0.0806110923636129,0.8269328861991933,0.18612167897766185,1.1852829359201968,0.2836032443977319,0.502716241463112,0.49321200577760754
1,6,2026-04-11T19:05:21.683278,0.00020080726538849647,34.02675247192383,A:1.0/L:0.5/C:0.0,0.9438855648040771,1.4583351612091064,0.38563671708106995,1.111892819404602,0.27885857224464417,0.16961534321308136,0.04432522505521774,3.4486637115478516,-0.46616941690444946,0.005942012850433269,0.002238019,8.226663,1.8667214,-0.10339277982711792,13.518266201019287,-0.09879541397094727,-0.006062907054351646,-0.0038861032,0.39300084,0.49527517,-0.0965535044670105,2.9975321292877197,0.4986600875458016,-0.5880481600761414,-0.0012949906113507192,0.0008940463,11.687771,2.3063707,-0.15113264322280884,21.06995391845703,-0.0038904547691345215,-2.3739024680340722e-05,0.00057680864,0.4382794,0.51608825,-0.0015875399112701416,3.071316123008728,0.4997944949446,0,0,32,0,,,,-4.505961757642431,-0.006890771824820613,-0.004719813894478377,-3.6070217173461554,-0.07869206712330314,0.015408104276225236,0.0051377844892931245,-0.2896814907382025,-2.3786973798489544,0.07945237368568078,0.8300898975742428,0.1871192541681789,1.1849159853376188,0.28357952103696643,0.5026959606935254,0.4932449182234425
1,7,2026-04-11T19:05:23.433094,0.00020080726538849647,34.02675247192383,A:1.0/L:0.5/C:0.0,1.7413218021392822,1.0839252471923828,0.26205509901046753,1.1462324857711792,0.27672770619392395,0.19661183655261993,0.05092553049325943,3.0164780616760254,-0.1620606780052185,0.002624416299898919,0.0008690772,5.865896,1.4953756,0.04573580622673035,6.648240804672241,-0.05709558725357056,-0.0040753184618914536,-0.006118053,0.4907095,0.5754721,-0.15151387453079224,3.1667195558547974,0.4997398136506631,-0.0830082893371582,-0.004838321523876112,-0.004236584,3.4565754,1.1559516,0.03778687119483948,5.363516330718994,-0.2504788637161255,0.0012606417569725138,-0.004271883,0.4150355,0.54470813,-0.3383226990699768,3.046897053718567,0.5013477985550873,0,0,144,0,,,,-4.483717426790487,-0.006876694558005968,-0.004726805090529627,-3.5897441781320785,-0.07910891017771271,0.015344185836343604,0.005116440952961096,-0.2880044042533778,-2.3684955064450595,0.07924404617322657,0.8313590743223335,0.18749393339239034,1.1847225678397866,0.2835452619627512,0.5026811799583111,0.4932854326251007
1,8,2026-04-11T19:05:24.600804,0.00020080726538849647,34.02675247192383,A:1.0/L:0.5/C:0.0,1.1635985374450684,1.195283055305481,0.28435081243515015,1.2329366207122803,0.3035552501678467,0.15904642641544342,0.039573024958372116,3.214745283126831,-0.20959186553955078,-0.00566711587928568,-0.0010957452,9.020751,1.7335346,0.04198533296585083,10.09874439239502,-0.15203166007995605,-0.005371692424237469,-0.0021735013,0.419157,0.60013837,-0.3508387804031372,3.0490949153900146,0.501870839422729,-0.19180572032928467,0.0039039582884798415,-0.00014855684,10.734128,1.8601793,0.018238544464111328,9.671163558959961,-0.17702257633209229,-0.0031221773248982856,-0.0009802532,0.4446294,0.622481,-0.43231308460235596,3.090082883834839,0.4994927114167857,0,0,56,0,,,,-4.462058997956935,-0.006869169547337125,-0.0047140385715754496,-3.5735496511434337,-0.0797613249545219,0.015239129327765456,0.005085380021962004,-0.2863544555672816,-2.3588145943358456,0.07893901866468099,0.8331786942272492,0.18797821778760415,1.184963638104149,0.2836453119037767,0.5026771282556332,0.4933164690190591
1,9,2026-04-11T19:05:25.675705,0.00020161453077699297,34.95979690551758,A:1.0/L:0.5/C:0.0,1.061262607574463,6.524395942687988,0.7906516790390015,1.200026512145996,0.2821391820907593,0.18482723832130432,0.042753417044878006,9.02479362487793,-0.09830319881439209,0.002781351868108961,0.0024717147,6.5343847,1.3341627,0.03373628854751587,6.637164115905762,-1.3846185803413391,0.0020603793792191203,0.0019067369,0.40398479,0.62643313,-1.3621763586997986,3.0199601650238037,0.4913124133934277,-0.07379293441772461,0.0022349546759906844,0.00069370214,2.5637033,0.99313176,0.000359952449798584,4.517805576324463,-2.1903984546661377,-0.0009026625339096442,5.4058328e-05,0.39312607,0.60836524,-1.920898199081421,3.0009355545043945,0.5019989735740464,0,0,48,0,,,,-4.446671795868856,-0.006824521802704344,-0.004680934694366091,-3.5624927846812153,-0.07985403432382125,0.015176840440467174,0.005072311695583229,-0.2847540018467076,-2.356625012359573,0.07854612333360658,0.8616347804695529,0.19099158509386113,1.1850389524743583,0.28363778125471156,0.5026203046813221,0.4933598815418341
1,10,2026-04-11T19:05:26.641746,0.00020161453077699297,34.95979690551758,A:1.0/L:0.5/C:0.0,0.9359569549560547,1.4412760734558105,0.39015766978263855,1.0791622400283813,0.26715612411499023,0.17706167697906494,0.04246808961033821,3.3972816467285156,-0.2272760272026062,0.0003545003628612779,-0.00030578583,8.080949,1.6477103,-0.026899993419647217,11.124206066131592,-0.06612038612365723,-0.009841106611938915,-0.005798907,0.35390934,0.4829371,-0.14366459846496582,2.9151564836502075,0.500036844601401,-0.3348062038421631,-0.0041169628601711375,0.0002116831,5.4851284,1.4330766,-0.1788097321987152,9.359379053115845,-0.35302090644836426,-0.009484333086753166,-0.007145666,0.31518054,0.4774949,-0.4179668426513672,2.8542563915252686,0.4961360207609809,0,0,32,0,,,,-4.424769038820131,-0.0068396047267505165,-0.00468652455599025,-3.545398643750134,-0.08059114428821518,0.015102728740079143,0.005045421207972112,-0.2834647318045723,-2.3469317215110324,0.07725934405594498,0.8645329869344842,0.191987415517305,1.1845095689121286,0.28355537296901295,0.5026073873809226,0.49337376223792984
1,11,2026-04-11T19:05:28.386148,0.00020161453077699297,34.95979690551758,A:1.0/L:0.5/C:0.0,1.743360996246338,0.8106732964515686,0.2426198124885559,1.0841914415359497,0.2762254476547241,0.20318084955215454,0.04993795230984688,2.6668286323547363,-0.08817464113235474,0.00046868070025450387,0.00082835555,2.7122893,1.0339103,0.000264972448348999,4.211391091346741,-0.47766000032424927,0.00015938219375695033,0.00089492515,0.35972542,0.54027355,-0.5914639830589294,2.9395744800567627,0.4968305623974095,-0.13504022359848022,-0.005240168308563619,-0.00020115415,3.9728384,1.1859415,0.037424951791763306,5.283114671707153,-0.21375173330307007,-0.006157156441110239,-0.0015716738,0.4013213,0.5481994,-0.3539090156555176,3.0068087577819824,0.4988371564379286,0,0,144,0,,,,-4.405033493627651,-0.006804609792147979,-0.004658617307462182,-3.5306289704466782,-0.08062906177243588,0.01502955849988002,0.005024335879686081,-0.2820460832833077,-2.3369666079817546,0.07706017209462408,0.8642636884820697,0.19224057750216125,1.1840079782752477,0.2835187233424415,0.502578503256005,0.49340107920892984
1,12,2026-04-11T19:05:29.542158,0.00020161453077699297,34.95979690551758,A:1.0/L:0.5/C:0.0,1.155486822128296,1.2383856773376465,0.36075201630592346,1.257997989654541,0.3378594219684601,0.15138408541679382,0.040824487805366516,3.3872036933898926,-0.21711218357086182,0.0029185238452383994,1.7642975e-05,7.927651,1.697349,0.02284640073776245,12.711485862731934,-0.17217159271240234,0.00048217188411983397,0.00050011394,0.40095234,0.60156876,-0.1907188892364502,3.004535675048828,0.5001010475629344,-0.20912408828735352,-0.002327277108007555,-0.0015977857,11.245326,1.9928168,0.028066515922546387,17.809816360473633,-0.07362234592437744,-0.007366247760968923,-0.0024777502,0.41912982,0.6072894,-0.10748028755187988,3.034355640411377,0.5000251338592827,0,0,56,0,,,,-4.383869184123075,-0.006768175883766639,-0.004632823651244166,-3.513929420040627,-0.08131147738142801,0.01496900332660681,0.0049993024151619185,-0.28052162086320237,-2.3258191763796052,0.0768152038137637,0.8661342984263476,0.19308313469618005,1.184377928332144,0.28379042683557154,0.5025661159775395,0.4934341994821816
1,13,2026-04-11T19:05:30.583743,0.00020161453077699297,34.95979690551758,A:1.0/L:0.5/C:0.0,1.0289278030395508,2.7415611743927,1.317131519317627,1.1570377349853516,0.28076687455177307,0.18294192850589752,0.04440349340438843,5.723842620849609,-0.11349362134933472,0.0032778493286242712,0.00091509556,5.525337,1.3452344,-0.040336787700653076,6.942002296447754,-2.082047462463379,-0.0016827087442215381,-0.0011694883,0.36051863,0.58001757,-1.4527572989463806,2.9307137727737427,0.4979371687144301,-0.0960727334022522,-0.00030375049101551794,-0.00013454552,4.5095334,1.3927402,-0.03887850046157837,9.796040534973145,-1.190617859363556,-0.0070141404285099795,-0.008069158,0.38147372,0.58695644,-1.403986930847168,2.9633803367614746,0.4987201303671468,0,0,48,0,,,,-4.372360075514776,-0.006742748548068914,-0.004615506974486135,-3.5036235594351557,-0.08147238810126753,0.014910547556616898,0.004978881380882715,-0.2793206966973896,-2.321210015151943,0.07623673529238699,0.8755114328061794,0.19870337661928728,1.1842412273654102,0.28377530907415255,0.5025429712412239,0.49346062913660643
1,14,2026-04-11T19:05:31.544798,0.0002024217961654894,11.548095703125,A:1.0/L:0.5/C:0.0,0.9560225009918213,1.6989665031433105,0.34586793184280396,1.090691328048706,0.2697426676750183,0.1779942661523819,0.04362453147768974,3.626887083053589,-0.29126226902008057,0.0036564207064437213,0.0010087357,8.836313,1.8609362,-0.08974224328994751,15.518295288085938,-0.0385250449180603,-0.0001424171223645864,0.00031646737,0.4094243,0.49856275,-0.06707274913787842,3.002218246459961,0.5013224964768888,-0.3100232481956482,0.0034043577559326886,0.0013965132,9.964784,1.894567,-0.09066915512084961,18.08318328857422,-0.11207759380340576,-0.007483895561784964,-0.0043278965,0.36375004,0.47373325,-0.23532086610794067,2.9303125143051147,0.49747417752344164,0,0,32,0,,,,-4.350690900361793,-0.006709746890940393,-0.004590847102768828,-3.486440805383669,-0.0825213375058616,0.014854276922366032,0.004959030652662461,-0.2783728044303524,-2.3107805694067234,0.07540220584032081,0.8796287081578651,0.19943919939540486,1.1837734778688267,0.2837051458671569,0.5025368688674023,0.49348069687854057
1,15,2026-04-11T19:05:33.288425,0.0002024217961654894,11.548095703125,A:1.0/L:0.5/C:0.0,1.7426414489746094,0.9172558784484863,0.23758427798748016,1.0864566564559937,0.26975885033607483,0.1953239142894745,0.04878340661525726,2.7551631927490234,-0.1331770420074463,0.00015115606211572996,0.0008308432,3.6338458,1.1955714,0.01597502827644348,5.534927606582642,-0.28085923194885254,6.183405856308378e-05,-0.0006142392,0.3605378,0.52386665,-0.4440298080444336,2.9293593168258667,0.4999772719530161,-0.13080161809921265,-0.0007960305627726835,0.00067123375,4.579831,1.2811747,0.01874566078186035,6.074531555175781,-0.1786971092224121,-0.001145251008912993,-0.0015822344,0.38075155,0.530308,-0.2654370069503784,2.9591751098632812,0.4978468238468743,0,0,144,0,,,,-4.330341742019729,-0.006675888986192875,-0.004570964063224808,-3.471228750396973,-0.08277461602836952,0.01478076131806478,0.004938389715257002,-0.27690106526681846,-2.3005538515944415,0.0751189231150285,0.8798168440093181,0.19962992478836522,1.1832868937617624,0.2836354143895015,0.5025240708828304,0.4935025275133822
1,16,2026-04-11T19:05:34.417512,0.0002024217961654894,11.548095703125,A:1.0/L:0.5/C:0.0,1.1285741329193115,1.2317883968353271,0.3096279203891754,1.2189874649047852,0.28785642981529236,0.15039882063865662,0.03827976435422897,3.236938714981079,-0.16475212574005127,-0.003158353270659827,0.0011300221,11.498132,2.05329,0.012988746166229248,10.214637756347656,-0.14292442798614502,0.0005291719864724415,0.0012361216,0.36916533,0.56048745,-0.2065415382385254,2.9277782440185547,0.500804650946021,-0.09410727024078369,0.006796555001774693,0.003458776,13.446046,2.051093,0.03211134672164917,11.031193733215332,-0.2641252279281616,0.0008471358149820596,0.002093365,0.43451056,0.5974832,-0.3405935764312744,3.039769172668457,0.502189516649819,0,0,56,0,,,,-4.309404655449561,-0.0066398636813295485,-0.004541928634729263,-3.4549053143361808,-0.08318450357692793,0.014691065745121155,0.004919347877223491,-0.2754516162096532,-2.290754050218626,0.07490388523306162,0.8815767017734482,0.2001799147663693,1.1834653966174775,0.28365651946663045,0.5025154737831463,0.4935459624590644
1,17,2026-04-11T19:05:35.460436,0.0002024217961654894,11.548095703125,A:1.0/L:0.5/C:0.0,1.0423717498779297,3.2412123680114746,0.6686228513717651,1.1231642961502075,0.2734285891056061,0.17804543673992157,0.04494740813970566,5.529420852661133,-0.04035067558288574,0.0030010494060196016,0.0006457042,3.9283323,1.2879981,-0.040943264961242676,6.251702547073364,-2.5134875774383545,0.0009421786820574575,3.1902688e-05,0.33018702,0.5564381,-1.7421914339065552,2.8603780269622803,0.501620745324449,-0.07329797744750977,0.0017944172095438835,0.00068313046,3.0952172,1.2647021,-0.03152501583099365,6.928680896759033,-1.6969987154006958,-0.007189406154140692,-0.0036177677,0.34183192,0.5659736,-1.5270220041275024,2.8810203075408936,0.5017305743123963,0,0,48,0,,,,-4.3004250700595055,-0.0066019534695126135,-0.004519059478117496,-3.4463417449340326,-0.08297033443695773,0.014632615663425648,0.004897979658928305,-0.27427907445341115,-2.2869353899881704,0.07437174072774133,0.8933748801046383,0.20252212944939627,1.1831638911151412,0.2836053798148253,0.5025110001408528,0.4935868855183311
1,18,2026-04-11T19:05:36.416160,0.0002024217961654894,11.548095703125,A:1.0/L:0.5/C:0.0,0.9433636665344238,1.363877296447754,0.318372517824173,1.0398294925689697,0.26160305738449097,0.16106125712394714,0.04272657260298729,3.1874701976776123,-0.15964609384536743,-0.00078650982072935,-0.00206936,6.2907715,1.5553079,-0.10051953792572021,7.319690227508545,-0.0978894829750061,0.0025076230524509364,0.0009630415,0.31403613,0.46496964,-0.16386377811431885,2.827484130859375,0.5014917016838142,-0.06521481275558472,0.0007233827773995289,0.0016490861,6.199772,1.526016,-0.06649509072303772,6.404933929443359,-0.13962918519973755,-0.00030365645589508646,0.00081249874,0.3282017,0.4592455,-0.25642621517181396,2.848239779472351,0.49812215623237355,0,0,32,0,,,,-4.279412392124083,-0.006556405586902796,-0.004491648973223638,-3.429929355099934,-0.08335371323399977,0.014555520036004873,0.0048631429600791195,-0.27341027677077273,-2.2767828441140887,0.07366740657048744,0.8957273921863539,0.20310138139127015,1.1824472191224102,0.2834953682026737,0.5025059036485676,0.4936095618719013
1,19,2026-04-11T19:05:38.186177,0.00020322906155398587,7.091909885406494,A:1.0/L:0.5/C:0.0,1.769629716873169,1.0048564672470093,0.21214833855628967,1.1176849603652954,0.2683219611644745,0.20041854679584503,0.047881096601486206,2.851311206817627,-0.13577258586883545,0.0007981473477414214,6.5578904e-05,5.016782,1.2760279,0.019348561763763428,5.600743532180786,-0.16334861516952515,0.002829108519537125,0.0028999173,0.41469398,0.57045877,-0.2561027407646179,3.0186232328414917,0.500012243878267,-0.08620977401733398,-0.00012430735253351593,-0.0011838889,4.3246646,1.194843,0.0452326238155365,4.858611583709717,-0.3035363554954529,-0.0006205969555735844,0.0028353631,0.3595283,0.5275444,-0.48967331647872925,2.922280788421631,0.5005803885698868,0,0,144,0,,,,-4.258832073239311,-0.006509478016370596,-0.004454691141816314,-3.414060222028257,-0.08361580759717395,0.014486733172563555,0.004839155139801067,-0.27194648257810006,-2.267847296475912,0.07352523265671268,0.8962730375616572,0.20314661617709526,1.1821234078286247,0.2834195011674827,0.5024934353497161,0.4936444160053912
1,20,2026-04-11T19:05:41.068377,0.00020322906155398587,7.091909885406494,A:1.0/L:0.5/C:0.0,2.8696072101593018,1.0058062076568604,0.2511070966720581,1.0973838567733765,0.269806444644928,0.15597231686115265,0.03580863028764725,2.8158843517303467,-0.031890869140625,-0.002615665972894832,0.00039535275,9.999515,1.2966652,0.02744877338409424,6.1832990646362305,-0.429101824760437,0.0009032935204614013,0.0004450044,0.34832224,0.5406905,-0.7966818809509277,2.8496546745300293,0.49852110379210124,-0.05678975582122803,0.0019458974330561548,0.003113503,12.078662,1.642434,0.006685018539428711,7.00929069519043,-0.7732647657394409,0.0034022718722617473,0.002394911,0.35237572,0.53480494,-0.6833797693252563,2.856769561767578,0.4957273131624129,0,0,56,0,1.0006200075149536,1.642479583097156e-05,0.0007261459250003099,-4.239683421996916,-0.006472414158686436,-0.004430192664071814,-3.400973330322871,-0.0833571829048912,0.014401221176836263,0.004816936127844339,-0.27044950629828907,-2.2599249588401586,0.07319103158612626,0.8968207034121333,0.20338641857957007,1.1816997100733484,0.28335143588486994,0.502473573691928,0.4936548304911763
1,21,2026-04-11T19:05:42.086323,0.00020322906155398587,7.091909885406494,A:1.0/L:0.5/C:0.0,1.0175094604492188,4.393216609954834,0.5556610822677612,1.1235674619674683,0.2665558457374573,0.17792771756649017,0.04336342588067055,6.5602922439575195,-0.1026449203491211,0.005223521155935839,0.0014233845,6.116444,1.5840639,-0.052804648876190186,9.096674919128418,-1.1516138315200806,-0.0007909544976295673,0.0013488565,0.30540797,0.5401304,-1.236088216304779,2.7577587366104126,0.5000514240864219,-0.12202119827270508,0.0017968263615158928,0.0007191833,3.8384395,1.3199472,-0.09002643823623657,6.2780022621154785,-1.6767289638519287,0.0021913466087407976,-0.0001879753,0.2940816,0.525064,-1.6884530782699585,2.738638401031494,0.5007957842536737,0,0,48,0,,,,-4.224243074044532,-0.006444006860381151,-0.0044012974183148985,-3.39014890475278,-0.08345362159211235,0.014355332676731761,0.004799968369848153,-0.2693612820111786,-2.2570675994373075,0.07237494423701445,0.9143026829448468,0.20514779189801102,1.181409048832819,0.2832674579341329,0.5024614629439005,0.4936905352599888
1,22,2026-04-11T19:05:43.019028,0.00020322906155398587,7.091909885406494,A:1.0/L:0.5/C:0.0,0.9202265739440918,1.1790543794631958,0.3961579501628876,0.9765564799308777,0.25401902198791504,0.15938186645507812,0.04077163711190224,3.005941390991211,-0.14276331663131714,0.0024489479206306884,0.0010784478,5.246583,1.42918,-0.14732444286346436,6.7967143058776855,-0.1883089542388916,0.0029582939629649693,0.00018556508,0.25595698,0.39730594,-0.28526681661605835,2.6583712100982666,0.49989449127298974,-0.5619428157806396,0.003713702910445345,-0.0010874582,6.403612,1.6906679,-0.2044992446899414,9.89137077331543,-0.022108018398284912,-0.0011543691150337422,-0.000675439,0.31684256,0.44867408,-0.038720399141311646,2.760775327682495,0.5029105313921342,0,0,32,0,,,,-4.204063403445503,-0.006396995356264421,-0.004378363105837736,-3.3746244943120964,-0.08375017006730838,0.014295800752951254,0.004781360766962307,-0.26875109781544,-2.2459758634358273,0.07099057329237968,0.9156264414274385,0.2061028426893354,1.1803847859883094,0.2831212157544018,0.5024486280855459,0.4937366352406495
1,23,2026-04-11T19:05:44.853022,0.00020322906155398587,7.091909885406494,A:1.0/L:0.5/C:0.0,1.8302381038665771,0.7887292504310608,0.19655300676822662,1.0290292501449585,0.2572437822818756,0.1801987737417221,0.04559102654457092,2.497344970703125,-0.09944778680801392,0.0027532224498670196,0.0002723556,2.8317764,1.0478586,-0.0018135309219360352,4.36233377456665,-0.5470386743545532,6.248257031536811e-05,-0.0015876193,0.3266221,0.49865386,-0.5724433064460754,2.8292371034622192,0.5008423227812981,-0.08065497875213623,0.0015402110660172246,-0.0004955314,2.5990605,1.0063102,0.0028229951858520508,4.256813287734985,-0.594420850276947,-0.0035879982324618365,-0.0025668438,0.30954444,0.4979249,-0.7738854885101318,2.815614342689514,0.49864780186058144,0,0,144,0,,,,-4.185778279800049,-0.006364697966631522,-0.004364409386841145,-3.3606135883727664,-0.0838286581510119,0.014238087861435832,0.004758815741104349,-0.26741640998097244,-2.2386154115611987,0.07064973540184705,0.9149919554724566,0.20605509350972984,1.1796280083090926,0.2829918285870392,0.5024405965590246,0.49376119107374916
1,24,2026-04-11T19:05:46.304352,0.00020403632694248233,11.814836502075195,A:1.0/L:0.5/C:0.0,1.440558910369873,1.0699650049209595,0.2699658274650574,1.0876727104187012,0.2812475562095642,0.1525568813085556,0.03743328899145126,2.898841381072998,-0.04592621326446533,-0.001212566672700752,2.3413188e-05,12.863724,1.5821486,0.04750853776931763,6.954250812530518,-0.6146215200424194,-0.001517404337284218,0.00081596704,0.43682176,0.5465248,-0.7960126399993896,3.0310440063476562,0.4968522846371013,-0.04803204536437988,0.005095723279708399,0.0023387242,11.518085,1.7995057,0.04702138900756836,7.554430961608887,-0.21870791912078857,0.0033494967880394067,0.0026827003,0.41435453,0.5458173,-0.5960876941680908,2.954622268676758,0.5044846286858748,0,0,56,0,,,,-4.16792249600126,-0.006340461498484785,-0.004338507504708585,-3.3477905836308994,-0.08363914592657917,0.014160834588765148,0.004735138728336784,-0.265841785242221,-2.2304027729742333,0.07053159366987564,0.9157668207196991,0.20637464717950646,1.1791682318196408,0.2829831072251518,0.502412654999415,0.4938148082618098
1,25,2026-04-11T19:05:47.328428,0.00020403632694248233,11.814836502075195,A:1.0/L:0.5/C:0.0,1.0237581729888916,3.199134588241577,0.38971754908561707,0.9418342709541321,0.23382876813411713,0.17585338652133942,0.04244391992688179,4.982812404632568,-0.1617555022239685,0.003893073348736959,-0.0008439748,3.1147985,1.2494442,-0.09628045558929443,5.57892370223999,-1.2303412556648254,-0.003005915491610959,-0.0010909734,0.22095047,0.43189284,-1.3872389197349548,2.441767454147339,0.4980010283456489,-0.2505912184715271,0.00022449944504887172,-0.00011869386,2.5153754,1.1732497,-0.15510088205337524,4.865990161895752,-2.848008632659912,0.0007060530517591966,0.00038220824,0.20241953,0.42324364,-2.206437349319458,2.4013901948928833,0.5028919708937123,0,0,48,0,,,,-4.1532345897995775,-0.0063237887684504165,-0.004322269834099121,-3.3379878253114197,-0.08402972770806612,0.014109495782565007,0.004707243160595737,-0.26499397859395635,-2.2302829458559597,0.0694034312912594,0.9271836595573084,0.207291361689037,1.1779815620153133,0.2827373355296966,0.5023905968661462,0.49386019407496934
1,26,2026-04-11T19:05:48.274455,0.00020403632694248233,11.814836502075195,A:1.0/L:0.5/C:0.0,0.945584774017334,1.27886164188385,0.3069527745246887,0.9221406579017639,0.22627496719360352,0.15903852880001068,0.03960283100605011,2.9328713417053223,-0.22132325172424316,-0.00021604697003691154,-0.00029343058,5.9507737,1.586225,-0.18854820728302002,8.54102873802185,-0.050692975521087646,-0.0023600209477135647,-0.0014681958,0.25551298,0.3628364,-0.09598875045776367,2.4865258932113647,0.5035489558416161,-0.20724481344223022,0.0014737644057403628,0.000144613,5.6100907,1.5338984,-0.12369465827941895,8.077350854873657,-0.04964566230773926,-3.06703061939941e-05,-0.0008707334,0.24467817,0.3774671,-0.08713966608047485,2.4656145572662354,0.5043181532285526,0,0,32,0,,,,-4.132721881728185,-0.006303969929346732,-0.004307999463992508,-3.3217778299371514,-0.084716195328147,0.014037868068801997,0.004682239791886642,-0.2646117497374017,-2.2195672294570823,0.068437940843406,0.9289420494689411,0.20778966875321525,1.1767023574947457,0.28245502368801617,0.5023963886610235,0.4939124838707373
1,27,2026-04-11T19:05:50.116920,0.00020403632694248233,11.814836502075195,A:1.0/L:0.5/C:0.0,1.8361437320709229,0.8417448401451111,0.19469816982746124,0.9914910793304443,0.24409417808055878,0.17681923508644104,0.04407104477286339,2.4929184913635254,-0.08880752325057983,0.00013601337212735363,-0.0010643662,2.9018738,0.9987173,-0.010155260562896729,4.505674839019775,-0.26950186491012573,0.001509119167985194,0.00062343676,0.27954948,0.4516682,-0.36810487508773804,2.6646525859832764,0.4978750712585117,-0.08381038904190063,0.0021503365117170365,0.00037145283,2.8022985,1.0519804,-0.0009564757347106934,4.5370192527771,-0.33958500623703003,0.0022777224375216294,0.000112167385,0.26372617,0.44434446,-0.4793339967727661,2.6352579593658447,0.49833100648656903,0,0,144,0,,,,-4.1134057816440945,-0.006264904483860072,-0.004283342282867102,-3.3070094651629045,-0.08473665196775917,0.013968358795318624,0.004653506761950454,-0.2633394672915292,-2.2108660632936608,0.06809096876051542,0.928506063422322,0.20772421125858648,1.1757763011039242,0.28226321945997884,0.502373782074011,0.49393457648381645
1,28,2026-04-11T19:05:51.578169,0.00020403632694248233,11.814836502075195,A:1.0/L:0.5/C:0.0,1.448387622833252,1.1216955184936523,0.2953450083732605,1.0577744245529175,0.27193766832351685,0.1541813611984253,0.03743543103337288,2.9383692741394043,-0.043288230895996094,0.002521769203476053,0.0018423513,13.247537,1.422506,0.020779013633728027,7.817634105682373,-0.23689186573028564,-0.0007465270652392558,0.00037721355,0.30945256,0.47230738,-0.27146267890930176,2.666646957397461,0.49804296096211975,-0.06904137134552002,0.0018407051256688729,0.00052210374,11.36108,2.060072,0.014036238193511963,11.403481483459473,-0.07431626319885254,7.244555880664191e-05,0.0009081128,0.38527814,0.49879608,-0.16900205612182617,2.792212724685669,0.4981831366801101,0,0,56,0,,,,-4.094023212064526,-0.0062373125967669675,-0.004260039503686304,-3.2918317312316363,-0.08452940986240036,0.01391112584735941,0.004639450984546122,-0.26191887488690285,-2.2006567432578015,0.0678206951076804,0.9294720106976787,0.20816231524415985,1.1751862917211693,0.28221159170429655,0.5023521279684515,0.4939558192847979
1,29,2026-04-11T19:05:52.626784,0.0002048435923309788,22.272523880004883,A:1.0/L:0.5/C:0.0,1.0470073223114014,4.141275405883789,0.4571821093559265,0.9852628707885742,0.23904113471508026,0.1713257133960724,0.04391602799296379,6.038003444671631,-0.1213146448135376,-0.001248224578814051,-1.6190257e-05,3.2991517,1.3113186,-0.08415067195892334,6.3993518352508545,-0.6152920126914978,-0.0014892955722971277,0.00024135527,0.23114541,0.42891946,-0.9008944034576416,2.4624146223068237,0.4983592849643891,-0.11190789937973022,-0.0005334978605058167,0.0023373638,3.6016924,1.3223263,-0.09035331010818481,6.45491886138916,-0.9795163869857788,8.381297990684276e-05,-0.00022410284,0.21622999,0.43041784,-1.206471562385559,2.431754946708679,0.5012282632973877,0,0,48,0,,,,-4.076629556067661,-0.006213572511644619,-0.004237532529807822,-3.2798770445927663,-0.08471333603715606,0.013835329095228542,0.0046161727783376105,-0.261030033872263,-2.19568581735344,0.06702982508160107,0.9455310276736092,0.20940741421471867,1.1742366746165063,0.28199573941935047,0.5023321637534311,0.4939921815048609
1,30,2026-04-11T19:05:53.549269,0.0002048435923309788,22.272523880004883,A:1.0/L:0.5/C:0.0,0.9221630096435547,1.3909436464309692,0.3316947817802429,1.017077922821045,0.2579924166202545,0.16114439070224762,0.03872497007250786,3.197578191757202,-0.34854984283447266,0.0009565101152650625,0.0009504071,7.9720736,1.8546929,-0.1323620080947876,15.704589366912842,-0.17464840412139893,0.00014038633858878493,0.0008342305,0.3281967,0.37620628,0.006676852703094482,2.813161611557007,0.49956776780115153,-0.2543722987174988,0.000597600931326534,-0.00052599685,5.9249606,1.6590753,-0.1286444067955017,9.640095472335815,-0.14957845211029053,0.0007849242938122301,0.000413105,0.32219923,0.3630255,0.03109803795814514,2.746842622756958,0.5003165671906646,0,0,32,0,,,,-4.057119650307929,-0.006181802717393452,-0.004212173714617835,-3.263444275106287,-0.08603251857114264,0.013770935000328726,0.004597843950047918,-0.2603866937433756,-2.184551898076882,0.06605145392221555,0.947758090767396,0.2100188510525463,1.173450880857529,0.281875722805355,0.5023183417736697,0.4940238034332899
1,31,2026-04-11T19:05:55.385666,0.0002048435923309788,22.272523880004883,A:1.0/L:0.5/C:0.0,1.8298661708831787,0.8250893950462341,0.21241167187690735,0.8573463559150696,0.22892552614212036,0.17784427106380463,0.04264849051833153,2.3442656993865967,-0.10038584470748901,-0.001464438894050166,-0.0011099563,2.5981417,0.9781883,-0.015605688095092773,4.737902879714966,-0.2303869128227234,-0.0011840635449566644,-0.00096282875,0.2136949,0.370624,-0.3088395595550537,2.337331771850586,0.49954799743833933,-0.09113913774490356,0.0012738875973335147,0.00036929897,3.2844627,1.1043577,0.01690050959587097,4.820921182632446,-0.1071653962135315,-0.0014808624623094042,-0.0020503022,0.26736462,0.39604455,-0.14568251371383667,2.481435775756836,0.5007811384486328,0,0,144,0,,,,-4.0379859866205035,-0.006156814021531268,-0.004195926989803013,-3.2486712515285308,-0.08610428520182438,0.013694758130856832,0.004569304948807561,-0.25916278871513415,-2.174357551155067,0.06580569920058382,0.9471447472887903,0.2100308151566681,1.1718703582328167,0.2816109718220388,0.5023044900519931,0.49405759010836664
1,32,2026-04-11T19:05:56.826583,0.0002048435923309788,22.272523880004883,A:1.0/L:0.5/C:0.0,1.4277994632720947,0.9815000891685486,0.216067835688591,0.763940691947937,0.20018412172794342,0.15175320208072662,0.037165842950344086,2.350611925125122,-0.042775869369506836,-0.00048466328342946136,0.0011190837,3.2443068,1.0363005,-0.020806312561035156,5.146781921386719,-0.46385955810546875,0.0004203786034532751,0.00031264155,0.14051385,0.31818134,-0.8986632823944092,2.054851531982422,0.5036294137825957,-0.027741312980651855,0.0005573964544129909,0.0028353035,4.6279674,1.0507123,-0.0718076229095459,5.235304832458496,-0.4760838747024536,0.0020516059291224315,0.0010821751,0.15566376,0.31735685,-0.7632246017456055,2.162569046020508,0.49899468107861444,0,0,56,0,,,,-4.0201153544779284,-0.006123928058406346,-0.004173384147083766,-3.2369212116828603,-0.0858876431226628,0.0136238610237854,0.004552053842688103,-0.25797100633436365,-2.16730188640802,0.06511763259003318,0.9473165239981891,0.21006100025932772,1.1698307099013923,0.2812038375715683,0.502311114670646,0.4940822755632179
1,33,2026-04-11T19:05:57.868863,0.0002048435923309788,22.272523880004883,A:1.0/L:0.5/C:0.0,1.0310697555541992,1.5170319080352783,0.6126065850257874,0.6592098474502563,0.18028847873210907,0.17019683122634888,0.042941633611917496,3.1822750568389893,-0.1375117301940918,-0.0013433047245100809,-0.00042301358,2.205443,1.180707,-0.14004558324813843,5.211687326431274,-1.940190613269806,-0.0015287525949098284,-0.0013796465,0.109668985,0.2701036,-1.2477801442146301,1.8381855487823486,0.4991862210494048,-0.20988589525222778,-0.00024368400439191864,-0.0011541733,2.35779,1.2027138,-0.1382840871810913,5.224209308624268,-0.8072432279586792,0.0015908788285408865,0.00077464455,0.11745094,0.27418047,-0.984710693359375,1.8656574487686157,0.5053389550724655,0,0,48,0,,,,-4.009715730771887,-0.006100952181088862,-0.004159415458734795,-3.226975506345519,-0.08614576355801995,0.013549025195043923,0.00452717850556519,-0.2573813792189325,-2.161388930442777,0.06410062399117755,0.9501651009183745,0.21207372818316003,1.1672776055891367,0.280699260777371,0.5022954902025398,0.4941385589607641
1,34,2026-04-11T19:05:58.822373,0.00020565085771947526,49.575260162353516,A:1.0/L:0.5/C:0.0,0.9530928134918213,1.1888880729675293,0.2999456226825714,0.7823466062545776,0.1922026425600052,0.15247473120689392,0.039874859154224396,2.6557323932647705,-0.5153421759605408,0.0015240460787186204,-0.0009040951,4.3338637,1.5255103,-0.19821804761886597,9.74006986618042,-0.22124314308166504,0.0003319739419191617,0.00083105924,0.121458024,0.25702634,-0.10225659608840942,1.8785851001739502,0.4968509885984241,-0.5169316530227661,0.0059020667782465445,0.0021675585,3.0659637,1.4385409,-0.18946808576583862,5.584831237792969,-0.19437181949615479,0.0020283104412004535,-0.00010513619,0.12929438,0.2566508,-0.05029112100601196,1.9332897663116455,0.5027869605954001,0,0,32,0,,,,-3.990773367833436,-0.006068787550473822,-0.004134463085249082,-3.2113519117942335,-0.08829174562003254,0.013488900299462297,0.004500022137405784,-0.2570855625609322,-2.1508334413955934,0.06283278044239246,0.9513587157786203,0.2125130876556571,1.1653529505924638,0.28025677768628415,0.5022682676945193,0.49418180096893727
1,35,2026-04-11T19:06:00.578129,0.00020565085771947526,49.575260162353516,A:1.0/L:0.5/C:0.0,1.7493338584899902,0.9054365754127502,0.20929153263568878,0.892432451248169,0.20664368569850922,0.1742217093706131,0.04294177144765854,2.4309678077697754,-0.15703439712524414,-0.0010306359519646879,-0.00031901477,3.5380793,1.3598577,-0.0481867790222168,6.025615692138672,-0.17102038860321045,0.002966706019305106,0.002196147,0.21276426,0.36568686,-0.12966060638427734,2.357454776763916,0.49873531014481576,-0.13220667839050293,0.00015336417892005877,-0.0002695117,3.202,1.056113,-0.012989401817321777,4.681135416030884,-0.23934674263000488,0.0005936467814279628,0.00071704306,0.19343746,0.35310224,-0.2319546937942505,2.2520692348480225,0.5001094429319972,0,0,144,0,,,,-3.9716746029372847,-0.006023610082624927,-0.0041028100342898974,-3.1959434552671837,-0.0886354588775586,0.01341630261820516,0.004475926952873518,-0.2560410686432386,-2.141239047657587,0.06245366953109389,0.9511291050767909,0.21249697988055727,1.1639883480957423,0.27988871222634526,0.5022506029067708,0.49421143917875254
1,36,2026-04-11T19:06:01.696508,0.00020565085771947526,49.575260162353516,A:1.0/L:0.5/C:0.0,1.1178667545318604,1.2635945081710815,0.27339059114456177,1.0503991842269897,0.24594050645828247,0.1569690853357315,0.03710583597421646,3.0273995399475098,-0.057660818099975586,0.0016818143891155041,0.00059807743,12.414887,1.9246757,0.01304692029953003,10.566893577575684,-0.08976924419403076,-0.00039944609622123386,0.00018989836,0.42921528,0.39215794,-0.022270560264587402,2.8583333492279053,0.49705960547018324,-0.048902034759521484,0.0021953461103452455,0.001734227,11.385615,1.6876425,0.007282674312591553,8.81264591217041,-0.10343408584594727,-0.0027135644545039873,0.0004387215,0.21419685,0.3351384,-0.09813261032104492,2.1572256088256836,0.49614126880313936,0,0,56,0,,,,-3.9522650761435685,-0.005995489262692909,-0.004081346492313517,-3.1800750907921707,-0.08848058567367068,0.013357630177059711,0.004456537705256443,-0.25469562869852475,-2.131023515470904,0.062177814555001376,0.9526914320922624,0.2128014479368773,1.1634204022763985,0.27971897119750494,0.5022246479195879,0.4942210883268745
1,37,2026-04-11T19:06:02.764594,0.00020565085771947526,49.575260162353516,A:1.0/L:0.5/C:0.0,1.0548045635223389,2.3036563396453857,0.8827243447303772,0.8116166591644287,0.1973908692598343,0.165521502494812,0.04359625279903412,4.404505729675293,-0.13521599769592285,0.002749349001999823,-0.00020337253,3.808069,1.3368247,-0.07349121570587158,6.252469539642334,-0.17240959405899048,0.0017117322632984018,-0.00064158335,0.13354304,0.2770009,-0.2383694052696228,1.8460432291030884,0.5041088533038084,-0.15708786249160767,0.007011109292596889,0.00079548813,3.8473592,1.4540726,-0.10021907091140747,7.811788082122803,-0.1764625906944275,0.0013606766802017642,-0.000834565,0.16456008,0.2696011,-0.3289552927017212,1.9632522463798523,0.5052185103975226,0,0,48,0,,,,-3.9333657987331456,-0.005956953155062952,-0.004064147676595071,-3.1653665623645577,-0.08871426273378194,0.01330458877118441,0.004433238154068816,-0.2537896066335615,-2.1220131743570585,0.06136583012766933,0.9594462566300279,0.2161510624208448,1.1616613835608387,0.2793073306878166,0.5022340689465089,0.49427607543722774
1,38,2026-04-11T19:06:03.711157,0.00020565085771947526,49.575260162353516,A:1.0/L:0.5/C:0.0,0.9453792572021484,1.2683366537094116,0.3550094962120056,0.9513154029846191,0.2982048988342285,0.15766115486621857,0.0387500636279583,3.069277763366699,-0.3263561725616455,0.002628184484018932,0.0005661312,5.26948,1.6499674,-0.1551048755645752,8.136555671691895,-0.16422492265701294,0.0022355493860249684,-0.00041217095,0.28685325,0.3349142,0.038017064332962036,2.6572563648223877,0.5001802938934332,-0.3149968981742859,-0.0016670548506015738,-0.00035765875,8.55412,1.8723326,-0.1473742127418518,17.36628818511963,-0.1784127950668335,0.0001769391483847181,0.00013030166,0.33349252,0.3614847,0.027975916862487793,2.9598388671875,0.5002567512409886,0,0,32,0,,,,-3.914520094352765,-0.005915990642357513,-0.004045887792961385,-3.1493496442310702,-0.08990247228292125,0.013251206749748584,0.004413902619310991,-0.25329618297821654,-2.111263228900961,0.060322129913321726,0.9609907086154248,0.21684535458980062,1.1606096536579578,0.2794018185285487,0.5022238000712436,0.49430597881624655
1,39,2026-04-11T19:06:05.599224,0.00020645812310797173,59.819602966308594,A:1.0/L:0.5/C:0.0,1.8814351558685303,0.8304475545883179,0.207783043384552,0.8898411393165588,0.20675963163375854,0.1771085113286972,0.04233966022729874,2.3542795181274414,-0.11562544107437134,0.0010748240246249627,-9.8075776e-05,3.6679654,1.1669667,-0.007951200008392334,4.899585962295532,-0.141571044921875,0.0006339348115543928,-0.0006778384,0.23964682,0.36407658,-0.11195361614227295,2.350348114967346,0.49560163100108834,-0.08415347337722778,-0.0022032435572936922,0.0009419467,2.7835417,0.9625509,0.000425189733505249,4.16416597366333,-0.21999764442443848,-0.0014061273961194247,-0.00029682016,0.21295029,0.36042076,-0.304207444190979,2.3246275186538696,0.49711840127953877,0,0,144,0,,,,-3.8956553491056107,-0.0058832410150879534,-0.004029047545984967,-3.1341626640906264,-0.0900310871268785,0.013190324836122966,0.00439134272733496,-0.25206945806336745,-2.102227949977411,0.06002264521242264,0.9603379928452893,0.21680004303377437,1.1592558110862508,0.27903860759407473,0.5021906892258928,0.494320040928563
1,40,2026-04-11T19:06:08.497292,0.00020645812310797173,59.819602966308594,A:1.0/L:0.5/C:0.0,2.884516477584839,1.2530790567398071,0.2703583836555481,0.9040260314941406,0.23677495121955872,0.15472015738487244,0.03704286366701126,2.856001377105713,-0.04492795467376709,-0.0025443818095432884,0.00024088065,17.192614,1.5846803,0.005556583404541016,7.756979942321777,-0.03885376453399658,0.001441619678429715,4.910525e-05,0.26881012,0.34535322,-0.044638991355895996,2.301121711730957,0.5000603069344921,-0.0682065486907959,0.0026117637898157918,0.00032994372,16.96228,1.699173,0.004004418849945068,8.697897911071777,-0.06776642799377441,0.00015492900073240878,0.00054545206,0.23526458,0.33494866,-0.08993399143218994,2.190727949142456,0.4974883649532156,0,0,56,0,1.0005073547363281,2.9672397431568243e-05,0.0018291784217581153,-3.8763713411827525,-0.005846616711620365,-0.004008656782011226,-3.118715045726953,-0.08980557146461295,0.013111651302894635,0.004370590416931999,-0.2507813278560279,-2.092166480184685,0.05974255408061026,0.9618016981647619,0.21706783473688324,1.15797966218829,0.27882728931220213,0.5021800373144358,0.49433588254868627
1,41,2026-04-11T19:06:09.530308,0.00020645812310797173,59.819602966308594,A:1.0/L:0.5/C:0.0,1.0204997062683105,1.942081332206726,0.9135714769363403,0.7353910207748413,0.15738007426261902,0.16836784780025482,0.04209936037659645,3.9588913917541504,-0.15111762285232544,-0.0019643707804902167,0.00019316128,3.1430514,1.3139465,-0.04812341928482056,6.029516935348511,-0.33615779876708984,0.001916073656845419,0.00056797103,0.11275539,0.24918118,-0.36253178119659424,1.7665985822677612,0.5071594677848842,-0.15423423051834106,0.0017981374248657806,0.00014590466,3.0754468,1.2638869,-0.11831969022750854,5.662304639816284,-0.25833529233932495,0.00015522950449853626,0.00047391866,0.1063139,0.23323661,-0.4322594404220581,1.7544397115707397,0.5033443146650693,0,0,48,0,,,,-3.858670273470674,-0.005807803259778036,-0.003985773642949919,-3.1049341294043007,-0.09011213172155151,0.013036271192477711,0.00434970327124099,-0.24976803831317188,-2.0838669449858718,0.05885224285906966,0.9667030963349718,0.22055035294788053,1.1558667189812228,0.2782200532369542,0.502204934466788,0.49438092470926814
1,42,2026-04-11T19:06:10.458517,0.00020645812310797173,59.819602966308594,A:1.0/L:0.5/C:0.0,0.923729419708252,0.9165604710578918,0.30780425667762756,0.6616809368133545,0.18680980801582336,0.15636448562145233,0.03757729008793831,2.2667970657348633,-0.301990270614624,0.00315698013743356,5.156081e-05,3.5209455,1.3841538,-0.16940724849700928,6.973057270050049,-0.1310984492301941,-0.000493766650650067,-0.000873186,0.16942102,0.2549386,0.022133082151412964,1.9354978203773499,0.4971071231721947,-0.3961360454559326,-0.0010851340474433938,-0.00021118135,4.841173,1.6372739,-0.20865154266357422,8.564574956893921,-0.11031460762023926,0.002705606610803794,0.00010584571,0.19798847,0.26654613,0.02795875072479248,2.0242321491241455,0.49435573668489974,0,0,32,0,,,,-3.840032414349472,-0.005781233076732397,-0.003970210704661449,-3.089298793346522,-0.09117152241601688,0.01298687473720249,0.004328212558943278,-0.24936623436409108,-2.0733078165073184,0.05751472393145644,0.9664523832085863,0.22098662246652928,1.1533957900703835,0.2777630020108485,0.5021794454103151,0.4943807987691463
1,43,2026-04-11T19:06:12.298091,0.00020645812310797173,59.819602966308594,A:1.0/L:0.5/C:0.0,1.837310791015625,0.7839561700820923,0.181220144033432,0.8571480512619019,0.20510980486869812,0.16918687522411346,0.04318380355834961,2.239804983139038,-0.10653483867645264,0.00030271045927579804,0.0007667799,3.0266075,1.0188698,0.027282893657684326,4.111623764038086,-0.16394144296646118,0.0009732510973535008,0.0007740928,0.24574816,0.36551124,-0.25929415225982666,2.325881242752075,0.4987550674129765,-0.08523666858673096,0.0032700650157694057,-0.00032139063,2.290111,0.874092,0.022484004497528076,3.981688976287842,-0.20492374897003174,0.0010404298994322457,0.00020820228,0.20596129,0.35298133,-0.2377793788909912,2.2474557161331177,0.5007339688921408,0,0,144,0,,,,-3.821651959492557,-0.005747460655861967,-0.003946489187149864,-3.0751487701410887,-0.09124833899731906,0.012923453915812858,0.004310405395539445,-0.24798298872398222,-2.064130174319237,0.0573395703342868,0.9655399021429538,0.2207877900743638,1.1519145513763411,0.2773997360251378,0.5021623235203284,0.4944125646197613
1,44,2026-04-11T19:06:13.776945,0.0002072653884964682,21.756267547607422,A:1.0/L:0.5/C:0.0,1.458165168762207,1.3302514553070068,0.321355402469635,1.1055476665496826,0.2542952597141266,0.1543819010257721,0.038001034408807755,3.2038328647613525,-0.10577642917633057,0.0013699681357200188,0.0004091216,15.694163,2.010464,0.01422649621963501,10.35964298248291,-0.05231130123138428,0.0030770801768900515,-0.00023538925,0.5210928,0.42207462,0.034950971603393555,3.040727376937866,0.49997044894600173,-0.166831374168396,-0.0006522808488313068,-0.00063054264,8.497242,1.9179581,0.012799620628356934,14.652460098266602,-0.06478750705718994,0.0003454470743591362,-0.00034233788,0.40034202,0.40098736,0.04207867383956909,2.755906105041504,0.4981382753282444,0,0,56,0,,,,-3.802805256201251,-0.005703337951698207,-0.003927933687457619,-3.059598271432366,-0.09132097944821412,0.012865686486912392,0.004290898976541856,-0.24667194129926415,-2.053599130078443,0.057116870585757144,0.967363459908774,0.22129062813634018,1.1516827169522077,0.2772842136435827,0.5021513641474568,0.4944311931733037
1,45,2026-04-11T19:06:14.840372,0.0002072653884964682,21.756267547607422,A:1.0/L:0.5/C:0.0,1.0605840682983398,1.5167559385299683,0.531476616859436,0.6795085668563843,0.14607585966587067,0.16743968427181244,0.04210083186626434,3.083357572555542,-0.16063839197158813,0.00023064685744009791,-0.00011275546,2.782358,1.2710568,-0.08594661951065063,6.1734514236450195,-0.0638018250465393,0.00021038906376786193,-0.00043945102,0.12625863,0.25664198,-0.14703762531280518,1.803766131401062,0.5076975612574854,-0.20828837156295776,8.723975919403383e-05,0.0005096006,3.2611089,1.4172785,-0.07121992111206055,6.968756437301636,-0.07815331220626831,0.0015059652045625266,-0.00012908757,0.09704316,0.23470256,-0.17460638284683228,1.711038589477539,0.505319245915986,0,0,48,0,,,,-3.7841102390454777,-0.0056737693166208775,-0.003910491274109745,-3.045035468201768,-0.09166756651083098,0.01280251128876503,0.0042688807043744495,-0.24586831469032108,-2.044204166342285,0.056475186627268054,0.97011042230188,0.22284155807995568,1.1493218462017285,0.27662817187369415,0.502179095133007,0.49448563343701707
1,46,2026-04-11T19:06:15.780922,0.0002072653884964682,21.756267547607422,A:1.0/L:0.5/C:0.0,0.9381463527679443,0.9496065974235535,0.23040281236171722,0.5940166711807251,0.14800313115119934,0.1524275839328766,0.03727531433105469,2.111732006072998,-0.49231839179992676,3.656126086486647e-05,-0.00055997306,3.6588626,1.4896262,-0.25639426708221436,6.105426073074341,-0.06620687246322632,-0.003972197724644354,-9.827723e-05,0.12285003,0.23257783,0.01592409610748291,1.7278271913528442,0.5002571820319779,-0.6925706267356873,0.0049364221506658125,0.00030283048,3.8140125,1.4993215,-0.39225512742996216,6.950463056564331,-0.09137636423110962,0.004301711168803871,0.0018708552,0.14812303,0.23861393,0.021351397037506104,1.8080934882164001,0.49522505054733484,0,0,32,0,,,,-3.7655207222125666,-0.005665261458660994,-0.0038914302039022445,-3.0297306703802214,-0.09367082063727646,0.01273868153862553,0.004244736435528527,-0.24592094445228055,-2.033876388525386,0.0542315350569819,0.9700079031774884,0.2228793643513645,1.1465453203266236,0.27598504667008167,0.5021694855675018,0.49448933052256866
1,47,2026-04-11T19:06:17.621161,0.0002072653884964682,21.756267547607422,A:1.0/L:0.5/C:0.0,1.832383155822754,0.617483377456665,0.1539001166820526,0.7563819289207458,0.187399759888649,0.16963040828704834,0.042472898960113525,1.927268624305725,-0.07666641473770142,0.0012985698056117738,-9.5496536e-05,1.4084404,0.79256004,-0.08733880519866943,2.9207297563552856,-0.505752682685852,0.002235161368323379,0.00015619231,0.1584248,0.32206094,-0.5962207317352295,2.103769898414612,0.4973115789051982,-0.07974392175674438,-0.00026125826467310705,0.0022001273,1.4483435,0.7828555,-0.03843581676483154,3.1238805055618286,-0.4773281216621399,0.001200874218008975,0.0012587009,0.15531597,0.32759115,-0.5294924974441528,2.0902509689331055,0.5002993764021268,0,0,144,0,,,,-3.749221882014933,-0.005625759344526073,-0.0038711920913191552,-3.0175631206869964,-0.09358579860777859,0.01268148097996046,0.004223035270669722,-0.24512803375601247,-2.0263544690699797,0.053768198297872834,0.9682452805488843,0.22253446811301794,1.1445945033695941,0.2755421202361745,0.5021451960341903,0.4945183807519664
1,48,2026-04-11T19:06:19.056857,0.0002072653884964682,21.756267547607422,A:1.0/L:0.5/C:0.0,1.4245154857635498,1.2496592998504639,0.27163949608802795,0.920364260673523,0.2578308582305908,0.15034198760986328,0.038576554507017136,2.8884124755859375,-0.062076449394226074,0.0024434161049516254,1.5422935e-05,13.312766,1.9009047,5.638599395751953e-05,9.671165466308594,-0.02025628089904785,-0.0011685579890857853,-0.00023713586,0.22228193,0.36011174,-0.0025392770767211914,2.169983148574829,0.5016916259203558,-0.07436525821685791,0.0003155445464183322,0.0017543166,18.973608,1.6970514,-0.00598454475402832,8.733662605285645,-0.03093135356903076,-0.0015298141160392201,0.00011418987,0.32478783,0.36549416,-0.06562650203704834,2.422130823135376,0.4959428491584368,0,0,56,0,,,,-3.7305770540093537,-0.005603473337748872,-0.0038530218101469494,-3.002488001468945,-0.09342825186171083,0.012630290655585416,0.004201997208989704,-0.2439021116572626,-2.016550829234815,0.05346943458261333,0.9696523506453921,0.222779993252893,1.1434733521561138,0.2754535639261466,0.5021429281836212,0.4945255030939988
1,49,2026-04-11T19:06:20.077347,0.00020807265388496466,28.84840965270996,A:1.0/L:0.5/C:0.0,1.0200722217559814,2.830742359161377,0.7117575407028198,0.6865025162696838,0.1647142469882965,0.17201809585094452,0.040635474026203156,4.606369972229004,-0.17132562398910522,-0.0008455566680773216,-0.0013281944,3.4281116,1.3489987,-0.10837209224700928,6.120079517364502,-0.16999101638793945,0.0027820406530923237,0.0008522299,0.091267556,0.23423932,-0.39337867498397827,1.6995092630386353,0.5034612307713857,-0.18235009908676147,0.001934582839804248,-0.0014886332,2.6854517,1.269929,-0.10366719961166382,5.827344655990601,-0.06597357988357544,0.0032250067624233067,0.0012738407,0.1287964,0.24310043,-0.1689091920852661,1.7771967053413391,0.5087285672452558,0,0,48,0,,,,-3.7127741238212466,-0.005561545767794666,-0.00382949555165346,-2.98944245483652,-0.0938177387223478,0.012562911418967104,0.004174346250957247,-0.24322446156021135,-2.0073126210490675,0.052683751411641944,0.9789578006879721,0.22522488099014262,1.1411884979766815,0.2748998673414574,0.50214951969656,0.49459651841475505
1,50,2026-04-11T19:06:21.004849,0.00020807265388496466,28.84840965270996,A:1.0/L:0.5/C:0.0,0.921051025390625,1.3634089231491089,0.3034289479255676,0.8094067573547363,0.2027692049741745,0.15042820572853088,0.0388278029859066,2.868269920349121,-0.3290887475013733,-0.0020881597251580586,-0.0012227511,5.3249426,1.5898908,-0.18767815828323364,8.800593852996826,-0.1097642183303833,8.575840589256057e-05,0.00077978714,0.2649798,0.30464387,0.07314935326576233,2.1792155504226685,0.5046631401790966,-0.32684916257858276,0.0017252788089307048,-0.0018316214,7.805749,1.8236353,-0.20338714122772217,15.080955505371094,-0.17184722423553467,0.0013107765618294907,-5.6517063e-05,0.31569153,0.33640653,0.06489038467407227,2.3991812467575073,0.5036295653514913,0,0,32,0,,,,-3.694759074293792,-0.00553330924692623,-0.0038064491382116556,-2.9741294957960087,-0.09499409376624293,0.012489656063246478,0.004147360764185753,-0.24294673004382647,-1.996951606020452,0.051403396948445125,0.9808800563002777,0.22561590132481973,1.139529589273572,0.27453921402962095,0.5021620877989726,0.4946416836494387
1,51,2026-04-11T19:06:22.758501,0.00020807265388496466,28.84840965270996,A:1.0/L:0.5/C:0.0,1.7517168521881104,0.8991602659225464,0.2122764140367508,0.880258321762085,0.21263925731182098,0.17009568214416504,0.042952053248882294,2.417382001876831,-0.07681000232696533,0.0002194776731559562,0.001337955,4.3754354,1.1185356,0.0027295351028442383,5.358057498931885,-0.0769616961479187,0.0015381182097563046,-0.00015877653,0.2744109,0.36674166,-0.052875399589538574,2.395076274871826,0.5011116916529026,-0.1269627809524536,0.005074790389272189,0.0015686466,2.9616637,1.0989385,0.0034694671630859375,5.251594066619873,-0.13678765296936035,-6.633341767126237e-05,-0.00047559012,0.20778608,0.34781682,-0.12138557434082031,2.2408509254455566,0.5026169931175714,0,0,144,0,,,,-3.6766700874030627,-0.005497952109642817,-0.003788210775166264,-2.9595232253149764,-0.09490317330904655,0.012428305171296025,0.004133313735401472,-0.2417183487180931,-1.9875737758620537,0.05116372729951833,0.980471457348389,0.22554920388837937,1.1382332329360145,0.27422971424603193,0.5021568358182423,0.49468156019677934
1,52,2026-04-11T19:06:23.917721,0.00020807265388496466,28.84840965270996,A:1.0/L:0.5/C:0.0,1.1587178707122803,1.082777976989746,0.274260550737381,0.8850905299186707,0.2081528753042221,0.14927586913108826,0.038724303245544434,2.638282060623169,-0.0481114387512207,0.007250670279062615,0.0028893556,10.617504,1.8231121,0.010824203491210938,7.847698211669922,-0.01934516429901123,0.001898091497791006,0.0006330523,0.2297982,0.34508762,-0.06859314441680908,2.1304080486297607,0.49928121271231285,-0.068359375,0.007999146807939565,0.0039618993,3.4011848,1.1791534,-0.05440723896026611,6.006148815155029,-0.0376129150390625,-0.00043241185203845954,-0.0014804922,0.16125162,0.29396203,-0.12053775787353516,2.0246458053588867,0.5009696471424964,0,0,56,0,,,,-3.6583834627875422,-0.005460971891605648,-0.0037661044597033042,-2.9450685749104855,-0.09466921463625741,0.012402416996834859,0.0041270939449473834,-0.24045563595704658,-1.9782385957721111,0.05063587246821941,0.9809829899465958,0.22579276062262438,1.1369675194209277,0.2738993300513229,0.5021424577027127,0.49471300063150797
1,53,2026-04-11T19:06:24.940795,0.00020807265388496466,28.84840965270996,A:1.0/L:0.5/C:0.0,1.0110256671905518,2.356386423110962,0.5185559988021851,0.5973361730575562,0.15669554471969604,0.1651940941810608,0.04228876531124115,3.836456775665283,-0.15760576725006104,0.0013069835882810405,-0.0009163412,3.3776054,1.3045173,-0.10707896947860718,5.585633277893066,-0.16779595613479614,0.0053916376636869625,0.0012757657,0.11104223,0.24875642,-0.35253649950027466,1.727988600730896,0.5030689782245115,-0.10686957836151123,0.003368696563960142,0.001330883,2.337565,1.1841996,-0.0011136233806610107,4.387280106544495,-0.6680873036384583,0.0035340760921375785,0.001122013,0.076381825,0.214131,-0.8358091115951538,1.6214072704315186,0.5033076148104607,0,0,48,0,,,,-3.6409305252542783,-0.005406708843829185,-0.003740895108856893,-2.9321059145334343,-0.09498389739932642,0.01234693982979209,0.004101876769206322,-0.23978875262465438,-1.9725264483512264,0.050377124988975015,0.9878600071124176,0.22725657681352218,1.134269362689111,0.2733133111246648,0.5021470903053217,0.4947559737024027
1,54,2026-04-11T19:06:25.886050,0.00020887991927346112,21.05594825744629,A:1.0/L:0.5/C:0.0,0.9392595291137695,1.0531624555587769,0.2782506048679352,0.7009807229042053,0.16593115031719208,0.1503428816795349,0.03787020593881607,2.386538028717041,-0.2923998236656189,-0.0024502293741516905,-0.0012260722,5.4058943,1.6140878,-0.19988983869552612,7.556207656860352,-0.08496379852294922,0.0017061480786253673,0.00043360994,0.24161544,0.27269512,0.0561966598033905,2.092200756072998,0.497616747640386,-0.3835831880569458,0.0003594010600171096,7.8628305e-05,4.7256064,1.609998,-0.11894416809082031,6.513098239898682,-0.08831179141998291,0.0028307530233224344,-1.0927324e-05,0.1953116,0.28142288,0.05725935101509094,1.9464820623397827,0.501460320869986,0,0,32,0,,,,-3.6231506916206215,-0.005371144559216913,-0.00372002258362602,-2.91716440166175,-0.09597097703065788,0.012272953983772372,0.004075237024362077,-0.23958925805500875,-1.9623775193543949,0.04953051852357604,0.9881865193546494,0.22751154695379425,1.1321029194901864,0.2727764003206274,0.502124438591997,0.49478949543824063
1,55,2026-04-11T19:06:27.644489,0.00020887991927346112,21.05594825744629,A:1.0/L:0.5/C:0.0,1.7467083930969238,0.7827838659286499,0.1950504034757614,0.807875394821167,0.19250035285949707,0.16677415370941162,0.0429178811609745,2.1879019737243652,-0.07264810800552368,0.003281336649124721,-3.3165532e-05,3.1363878,1.0578586,0.0043478310108184814,4.467164039611816,-0.07539516687393188,-0.00026309118862134523,0.00040516694,0.22029594,0.34080186,-0.1073501706123352,2.1984163522720337,0.4995408004964319,-0.051376521587371826,-0.0012626423342772164,-0.00044546215,2.8614602,0.9905342,0.00872543454170227,4.083843231201172,-0.12935829162597656,0.00011094575202193347,-0.0006225114,0.19665393,0.33242026,-0.1836550235748291,2.1792367696762085,0.4990719725603766,0,0,144,0,,,,-3.6054119139968877,-0.0053456042923639355,-0.003699396636015713,-2.903115330506503,-0.09585436268553221,0.012227995897099133,0.00405469501158061,-0.23836957260967961,-1.9534839068754972,0.04932649310366667,0.9871595060875193,0.22734924123640407,1.1304817818668413,0.2723750200833217,0.5021115204015191,0.4948109078238513
1,56,2026-04-11T19:06:28.787161,0.00020887991927346112,21.05594825744629,A:1.0/L:0.5/C:0.0,1.1421382427215576,1.036591649055481,0.23064224421977997,0.6573330163955688,0.17734403908252716,0.14971326291561127,0.03759461268782616,2.2892186641693115,-0.0341876745223999,0.001589693429112769,0.00085208577,3.3677137,1.1099598,-0.003736138343811035,5.802929878234863,-0.09983110427856445,-0.00012744023215454126,0.0023219215,0.14765322,0.27297935,-0.26490283012390137,1.9565812349319458,0.5054954783784902,-0.09159409999847412,-0.0010757759623614804,-0.0010710561,4.4109626,1.1213899,-0.06767511367797852,6.315854072570801,-0.11442971229553223,0.0006435367957841193,0.00073203194,0.17381185,0.2676073,-0.4194070100784302,2.0015785694122314,0.49681566501382346,0,0,56,0,,,,-3.587884009948296,-0.0053195134720628885,-0.0036692900452266457,-2.88992426800459,-0.09554602924471656,0.012174804384759201,0.00403868196535462,-0.23719640543835027,-1.9458135223915118,0.04874148506975844,0.9874066668023591,0.22736570625132096,1.128116038039485,0.2718998651783177,0.5021284401914039,0.4948209316098012
1,57,2026-04-11T19:06:29.864187,0.00020887991927346112,21.05594825744629,A:1.0/L:0.5/C:0.0,1.0603783130645752,1.1260292530059814,0.3602898120880127,0.4996980130672455,0.11768945306539536,0.1630665808916092,0.04260291904211044,2.3093760013580322,-0.07702714204788208,-0.0024759841035238354,-0.0011490795,2.9198432,1.3201506,-0.0017479956150054932,4.948550224304199,-0.2682417631149292,-0.0006662335041345777,0.00016911142,0.07730274,0.21085028,-0.5348705053329468,1.60209059715271,0.5020708394027893,-0.20264959335327148,-0.0012274746400689194,-0.0013234783,2.159051,1.2256048,-0.05389684438705444,5.043169021606445,-0.520029604434967,0.000483399517554932,-0.00048782674,0.052636713,0.19580188,-0.6042124629020691,1.5135905146598816,0.5003180219111685,0,0,48,0,,,,-3.571285798714129,-0.005296247072223247,-0.0036500980379217934,-2.8781489991912315,-0.09545343480873238,0.012101550442317786,0.004012743157880003,-0.23601916338923354,-1.9391055170940648,0.04822829342247438,0.9880997797333771,0.22803032678050442,1.1249739479146237,0.2711288131177531,0.5021281521874608,0.49484841706130805
1,58,2026-04-11T19:06:30.800905,0.00020887991927346112,21.05594825744629,A:1.0/L:0.5/C:0.0,0.9261140823364258,0.8027691841125488,0.21048426628112793,0.47382891178131104,0.12636317312717438,0.14553174376487732,0.038164928555488586,1.7971422672271729,-0.4678875803947449,0.0032731470845888703,-0.0003495984,3.2456062,1.3159727,-0.3341674208641052,4.678426742553711,-0.025954067707061768,-0.0008589425515253806,0.0009399202,0.09285688,0.20078501,-0.012013882398605347,1.5812357664108276,0.5005998226255091,-0.45297855138778687,-0.0016855784392261052,9.972908e-05,3.0148125,1.3169115,-0.2673407196998596,5.38582968711853,-0.051591694355010986,0.0029025572829344272,-0.0008388327,0.08186125,0.20297277,0.014642715454101562,1.571450650691986,0.49716253928682885,0,0,32,0,,,,-3.553559140059094,-0.005274060549619757,-0.0036271479467552925,-2.8638183236072683,-0.09731560553666244,0.01205740842552914,0.003990931450026265,-0.2365099046766079,-1.9293367759313238,0.04665044835686271,0.987173126755273,0.22794259647800755,1.121718222733957,0.27040498491780024,0.502120510539651,0.49485998767243566
1,59,2026-04-11T19:06:32.633894,0.0002096871846619576,30.43340492248535,A:1.0/L:0.5/C:0.0,1.8211021423339844,0.5900261998176575,0.13567490875720978,0.7091711759567261,0.18127241730690002,0.16843242943286896,0.04222915321588516,1.8268063068389893,-0.04225754737854004,-0.00020614823236264125,-2.273338e-05,1.3063388,0.75077593,-0.07270359992980957,2.704141855239868,-0.473885715007782,-0.002345042412921255,-0.0009415214,0.14569694,0.3126121,-0.5764477849006653,2.013070583343506,0.5021151124079647,-0.15179580450057983,-0.0010168741077739038,-2.0104984e-05,0.851059,0.7261151,-0.2349575161933899,2.455652952194214,-1.6242449283599854,-0.0018691777663983622,0.000631543,0.1210513,0.30900896,-1.44917631149292,1.9599477052688599,0.5056013537955469,0,0,144,0,,,,-3.5381607729338374,-0.005259415458936265,-0.0036137198138800897,-2.8523814709137354,-0.09704031524587182,0.01199609064223968,0.003970863125874536,-0.2356908731528739,-1.9269359736091316,0.04524240853411145,0.9851873921205849,0.22748125803940356,1.1196554875000708,0.2699593220797457,0.5021204835489926,0.4949136945030512
1,60,2026-04-11T19:06:35.207920,0.0002096871846619576,30.43340492248535,A:1.0/L:0.5/C:0.0,2.573591709136963,1.187218427658081,0.3050972521305084,0.8606526255607605,0.21950754523277283,0.15172776579856873,0.03803808614611626,2.7622416019439697,-0.08565104007720947,-0.003611968105787076,-0.001075425,11.355818,1.8179336,-0.028792262077331543,9.308816909790039,-0.05685830116271973,-7.743525112896053e-05,-0.0018593222,0.24790893,0.30106226,-0.056625962257385254,2.2511558532714844,0.49793727027639667,-0.09504139423370361,0.0014193571647798976,0.0003145861,16.42712,1.5171428,-0.024925947189331055,10.061274528503418,-0.029610633850097656,-0.002942550007660181,-0.0013041274,0.32059184,0.31965154,-0.016085505485534668,2.428708076477051,0.4972503868021182,0,0,56,0,1.000823736190796,1.8783537598210387e-05,0.0010494153248146176,-3.5207542605749818,-0.005233505557897228,-0.003604947825762113,-2.838402693370454,-0.09698336887002851,0.011918050348499546,0.003945631685483001,-0.2346563800974962,-1.9173817212685138,0.04489156675549424,0.9861975472982724,0.2278693380098591,1.1183604731903742,0.26970706319551085,0.5020995674826296,0.49492537796454655
1,61,2026-04-11T19:06:36.271617,0.0002096871846619576,30.43340492248535,A:1.0/L:0.5/C:0.0,1.0578291416168213,2.2243049144744873,0.32238948345184326,0.684644341468811,0.14985918998718262,0.16478301584720612,0.041477952152490616,3.587459087371826,-0.25235819816589355,-0.0010128435291417214,3.204419e-06,5.7150207,1.6749475,-0.08358597755432129,11.024062395095825,-0.08439409732818604,0.0004458368604717277,-0.00043669966,0.2544481,0.2693039,-0.14047306776046753,2.1163177490234375,0.5003091604330275,-0.31334173679351807,3.162752960013756e-05,-0.0008022428,4.142782,1.4757557,-0.0929408073425293,8.362892150878906,-0.06582832336425781,-0.0011270663448521654,-0.00011110227,0.19171387,0.26658288,-0.15589404106140137,1.9138363003730774,0.49875707971565475,0,0,48,0,,,,-3.503572459758748,-0.005205108845805383,-0.003589106584924136,-2.824913045242404,-0.09776024301650783,0.01185339587911134,0.003925919549150809,-0.23390102808478033,-1.9085742828674783,0.044202404885004126,0.9923880841341535,0.228341938737069,1.1161918925317664,0.2691078238294692,0.5020906154473816,0.49494453647330205
1,62,2026-04-11T19:06:37.221831,0.0002096871846619576,30.43340492248535,A:1.0/L:0.5/C:0.0,0.9498050212860107,0.935806155204773,0.2399826943874359,0.5752153396606445,0.19173963367938995,0.1495797485113144,0.03720402345061302,2.1295275688171387,-0.34144002199172974,0.0010685541085430918,0.00049059914,4.381034,1.4533787,-0.21426069736480713,5.825915575027466,-0.03629183769226074,-0.001286292937991267,7.897233e-05,0.15521088,0.22994831,0.043764084577560425,1.7493173480033875,0.49805725298262404,-0.3312416672706604,-0.0017191570593098288,0.0006520544,4.573508,1.5160745,-0.23044472932815552,6.47080397605896,-0.03728765249252319,-0.003399349254016768,-0.0015859088,0.18580142,0.23740202,0.0030452311038970947,1.8555055856704712,0.5020262106829456,0,0,32,0,,,,-3.4862360566484156,-0.005185514766266312,-0.0035707661903636467,-2.8105696595933045,-0.09897864191138393,0.011799471670258499,0.003908742947091381,-0.23380282643118047,-1.8990161852976215,0.042829169213938326,0.9921051744895065,0.22840014251532084,1.1134870097674108,0.26872098287871876,0.5020704486350579,0.49497994484435026
1,63,2026-04-11T19:06:39.071631,0.0002096871846619576,30.43340492248535,A:1.0/L:0.5/C:0.0,1.848846673965454,0.6093648076057434,0.12708896398544312,0.7243766784667969,0.17556940019130707,0.16584135591983795,0.042978085577487946,1.8452192544937134,-0.030919969081878662,-0.0011048870672166705,0.0006046117,1.5442235,0.7634091,-0.046900808811187744,2.5955456495285034,-0.21817445755004883,-0.0026542286797943872,-0.0016820044,0.15900308,0.3106926,-0.4129781723022461,2.0135974884033203,0.5037267124015333,-0.09325212240219116,-9.99694882752747e-05,-0.0005382602,0.98662317,0.72286034,-0.32509905099868774,2.313706874847412,-0.5923699140548706,0.0006234111915253374,5.0697025e-05,0.12401713,0.30128765,-0.9213612675666809,1.92874014377594,0.499170321087123,0,0,144,0,,,,-3.4698957486529234,-0.0051728583358339525,-0.003561322381540202,-2.798581702156849,-0.0986383485472364,0.011734949876571123,0.0038922222908812105,-0.23286831634308053,-1.8941279107089668,0.04098952811287519,0.9901914726550877,0.22789358662267145,1.1115414581109078,0.2682552249652817,0.5020787299538902,0.49500089672556413
1,64,2026-04-11T19:06:40.515856,0.00021049445005045405,24.314090728759766,A:1.0/L:0.5/C:0.0,1.4310874938964844,1.1390511989593506,0.3166098892688751,0.9970939755439758,0.2617071568965912,0.1523476243019104,0.038438066840171814,2.905247926712036,-0.07968509197235107,-0.001313189764811324,-0.0004306575,11.231419,1.7700698,0.012708187103271484,7.883800029754639,-0.020930051803588867,0.00029022988491460977,-0.00015964208,0.2615712,0.37913263,0.029556334018707275,2.1788504123687744,0.49688371506724116,-0.07329702377319336,0.0031399136206272152,0.0029080068,18.229605,1.9391823,0.034976840019226074,10.728797912597656,-0.007958769798278809,-0.0002488760464991146,-0.0025241743,0.3602617,0.37421918,0.061449527740478516,2.4905920028686523,0.49849014589386453,0,0,56,0,,,,-3.452650920168677,-0.0051455428947302095,-0.003544313980017756,-2.784441011975971,-0.09854358226436197,0.011669709178364211,0.0038706078919306195,-0.23164043382584876,-1.8843500235167194,0.040959464672406944,0.9909357712866089,0.22833716813590246,1.110969220698073,0.26822248462493825,0.502052754879457,0.4950183429714056
1,65,2026-04-11T19:06:41.549497,0.00021049445005045405,24.314090728759766,A:1.0/L:0.5/C:0.0,1.0327036380767822,2.5887601375579834,0.5214770436286926,0.4583902359008789,0.13814906775951385,0.16689324378967285,0.040424659848213196,3.9140944480895996,-0.16315829753875732,0.001480991640004618,0.000249939,1.8761306,1.0768301,-0.11891698837280273,4.614857196807861,-0.08648115396499634,0.0029192924284410105,0.0007233049,0.06605613,0.21475255,-0.21826308965682983,1.4480680227279663,0.4982200313852168,-0.17143195867538452,-0.00027872934467179075,-0.00050902826,2.217331,1.1294059,-0.0999937653541565,4.965131044387817,-0.052081942558288574,-0.00040323570030900485,-0.0016406862,0.08654646,0.23251739,-0.1162949800491333,1.5100370645523071,0.4995050056714121,0,0,48,0,,,,-3.4358200713376585,-0.0051052187181143535,-0.0035229758854902348,-2.7716101223643754,-0.09886665584073394,0.011618765590672413,0.0038525045475221948,-0.23107681659858353,-1.8755097482993817,0.040254698522274125,0.9989248931179657,0.22980286751336643,1.107706325774087,0.26757211754061117,0.5020335912619858,0.4950407762849056
1,66,2026-04-11T19:06:42.483742,0.00021049445005045405,24.314090728759766,A:1.0/L:0.5/C:0.0,0.9259517192840576,1.1957794427871704,0.24309781193733215,0.8602910041809082,0.13913315534591675,0.15220437943935394,0.036004792898893356,2.6265103816986084,-0.21375489234924316,0.0016943211352756376,0.0017167069,8.610536,1.7733362,-0.11847877502441406,9.764123916625977,-0.12993884086608887,-0.0006084211068406234,0.0008921506,0.3502556,0.3236871,0.08171629905700684,2.60378360748291,0.49960874858580584,-0.38881683349609375,-0.0008738015787336723,0.00017721482,3.8214803,1.3738337,-0.12032449245452881,6.820942640304565,-0.028503060340881348,0.0022211424487891375,0.0022990592,0.10478599,0.20997298,0.03646615147590637,1.537940800189972,0.5057170125075088,0,0,32,0,,,,-3.419290665185301,-0.005082734730057985,-0.0035009002529464927,-2.7573434902572687,-0.09944109702327648,0.01156914336839543,0.0038418255592935274,-0.2305138263907127,-1.8659498688005052,0.03945180256739011,0.9999091658663117,0.22986934223548625,1.106469249166121,0.26692992272963767,0.5020214670486048,0.49509415746601865
1,67,2026-04-11T19:06:44.324333,0.00021049445005045405,24.314090728759766,A:1.0/L:0.5/C:0.0,1.834550142288208,0.7619268894195557,0.18226981163024902,0.7390124797821045,0.1777237057685852,0.16825370490550995,0.042566996067762375,2.07175350189209,-0.05321615934371948,-0.0012093173743458754,0.00019344807,2.380435,0.9698074,0.002962082624435425,3.974989414215088,-0.10365581512451172,0.0006812962327100348,0.0004856515,0.18905833,0.31640792,-0.1319056749343872,2.0523680448532104,0.4996432425211533,-0.053859591484069824,0.0017461228891856523,0.0013459218,1.8661461,0.9029899,0.0046280622482299805,3.7325671911239624,-0.11419188976287842,0.003905077706724643,-0.001180981,0.174842,0.30634156,-0.18672722578048706,2.0233118534088135,0.49579543979066776,0,0,144,0,,,,-3.402712490934997,-0.0050539145752441445,-0.003480967494251322,-2.744216301180654,-0.0992099723348787,0.011505251064681723,0.003823583671836438,-0.22934644684563696,-1.8575537555854051,0.039277683865794305,0.998719254484078,0.22963134458246004,1.104631965319201,0.2664838916448324,0.5020095759259676,0.4950976638776419
1,68,2026-04-11T19:06:45.794895,0.00021049445005045405,24.314090728759766,A:1.0/L:0.5/C:0.0,1.4571247100830078,1.2643414735794067,0.2943095564842224,1.123475193977356,0.2558872103691101,0.15259778499603271,0.0388343408703804,3.1294455528259277,-0.10114789009094238,0.0034646479021938313,0.0006108474,15.352539,2.1620388,-0.004952907562255859,11.94331169128418,-0.02453470230102539,0.0010073694939409835,-0.0009079797,0.39931202,0.37327784,0.07106888294219971,2.6304311752319336,0.5006241022460403,-0.10064435005187988,0.003947577457002439,0.0033664233,8.09209,1.8045549,0.013231635093688965,10.472017288208008,-0.04610252380371094,-0.005270482330073763,-0.0054969518,0.62507164,0.39791253,0.064228355884552,3.5150835514068604,0.5012431291463297,0,0,56,0,,,,-3.385821601991827,-0.005023608154898219,-0.0034681025551439384,-2.73013987526004,-0.09921966192365901,0.011465048048869284,0.003807519990354034,-0.22822447914922006,-1.8479448450280553,0.039147453621933774,1.0000473655795545,0.22995473564196886,1.1047261814624918,0.2664309082384538,0.502002648557568,0.4951283912039854
1,69,2026-04-11T19:06:46.829792,0.00021130171543895054,23.90911102294922,A:1.0/L:0.5/C:0.0,1.0279908180236816,2.4585185050964355,0.851969838142395,0.6619246602058411,0.14329619705677032,0.16554203629493713,0.04099350795149803,4.322245121002197,-0.09324252605438232,0.0019018208616755636,0.0014152166,3.1623907,1.2047453,-0.11388218402862549,6.209391117095947,-0.033600568771362305,0.00030227325244068347,-0.0004154765,0.10829508,0.2461531,-0.031152307987213135,1.5756736397743225,0.503383527510625,-0.11379653215408325,0.0019005228365823312,0.000113634975,3.1504557,1.253784,-0.10366690158843994,6.028886556625366,-0.04553854465484619,-0.00025012579808108464,-0.0016528014,0.123080134,0.24921426,-0.016798555850982666,1.6212621331214905,0.5091447145127945,0,0,48,0,,,,-3.3690604968257247,-0.0049969787478615245,-0.003452839424891785,-2.7166449374236756,-0.09918977624431263,0.011417231912933316,0.0037955584733862496,-0.22765276767361708,-1.83878911358217,0.03843338184588191,1.0073397212771389,0.233064811154471,1.1025121738562085,0.26581523468254536,0.5020095529523333,0.4951984728205295
1,70,2026-04-11T19:06:47.773001,0.00021130171543895054,23.90911102294922,A:1.0/L:0.5/C:0.0,0.9422197341918945,1.3288973569869995,0.3535136282444,1.0719209909439087,0.28540319204330444,0.14831289649009705,0.03829321265220642,3.2263410091400146,-0.35886096954345703,-0.0007432895174198371,-0.0015034816,8.941361,1.9142808,-0.2254272699356079,15.630107879638672,-0.29820728302001953,0.002636681172895789,-0.00076649705,0.37267414,0.39314443,0.044085681438446045,3.0856547355651855,0.4995866924045854,-0.2512734532356262,-0.0018461152679325136,0.00013359037,8.773577,1.8012903,-0.19319218397140503,11.525065183639526,-0.2763676047325134,0.0024491714229374194,-0.0008280177,0.42431745,0.40255028,0.022068709135055542,3.0967626571655273,0.5003828737880925,0,0,32,0,,,,-3.353706230756696,-0.0049588104482577375,-0.003439407713003088,-2.702841284329365,-0.10048813221080835,0.01135642930578155,0.0037690632727889763,-0.22764164018492702,-1.8294848244685837,0.037275254016795475,1.0089475094556881,0.23366705523992065,1.102359217941647,0.2659131744693492,0.5019974386495946,0.4952243948253673
1,71,2026-04-11T19:06:49.579892,0.00021130171543895054,23.90911102294922,A:1.0/L:0.5/C:0.0,1.796097993850708,0.8394240736961365,0.2174655646085739,0.7844037413597107,0.22823336720466614,0.169840008020401,0.042310841381549835,2.281677722930908,-0.06869393587112427,0.0007941143606584368,0.002116762,3.6745124,1.1087996,0.00864553451538086,4.6492743492126465,-0.06269001960754395,-0.00016148856510409402,-0.00040878553,0.23880343,0.33459407,-0.0305938720703125,2.1959809064865112,0.498955045592551,-0.09354984760284424,0.00194578170967756,0.0007473889,4.102886,1.2856569,0.03569936752319336,5.138375282287598,-0.06161534786224365,0.00010170742563108704,-0.0015028578,0.29002687,0.37440044,0.01961761713027954,2.373296022415161,0.5011472798765616,0,0,144,0,,,,-3.33725114970095,-0.0049348238388419695,-0.0034242546021085287,-2.68948004726807,-0.10032916122910994,0.011303617731055936,0.0037608017669332823,-0.22646020431142547,-1.8202393122605895,0.03726737458432747,1.0080998922768905,0.23358604778676392,1.1007694405587374,0.2657247754330258,0.5019822266843094,0.49525400925062324
1,72,2026-04-11T19:06:50.709263,0.00021130171543895054,23.90911102294922,A:1.0/L:0.5/C:0.0,1.1288511753082275,1.166886806488037,0.2987079620361328,1.0688458681106567,0.23937778174877167,0.1521768569946289,0.03816051781177521,2.964155673980713,-0.07277166843414307,0.002208024508738749,0.0008919701,20.270527,1.8832003,0.010438144207000732,10.029937744140625,-0.012379765510559082,0.0033510067833019347,0.0030049311,0.29751816,0.33057722,0.071536123752594,2.3992738723754883,0.50209033861986,-0.10830938816070557,0.006842188606996372,0.00219446,12.663684,2.0525548,0.02750396728515625,9.868478775024414,-0.018018126487731934,-0.0008024426530799501,0.00096851005,0.30486843,0.39627013,0.043417394161224365,2.2830562591552734,0.4974459089698592,0,0,56,0,,,,-3.3206267927799984,-0.00489339468573125,-0.0033921086733665912,-2.675674966412967,-0.10019137376513511,0.011258139764944351,0.0037464576087051244,-0.22527571256883333,-1.8109210287284805,0.037218557547831606,1.0088938268479462,0.23391165735801075,1.1006098226964969,0.2655930404646045,0.5019827672439872,0.49526496874921944
1,73,2026-04-11T19:06:51.752831,0.00021130171543895054,23.90911102294922,A:1.0/L:0.5/C:0.0,1.0431857109069824,3.1664600372314453,0.7685425877571106,0.7319438457489014,0.1416173130273819,0.16180409491062164,0.041932571679353714,5.012300491333008,-0.09725457429885864,0.004943580994019023,0.00031506282,3.7842813,1.2906383,-0.03442251682281494,5.893732070922852,-0.07132041454315186,-0.0015016638420010321,-0.0018285329,0.1118151,0.2469293,-0.004421114921569824,1.5359770059585571,0.5055228097348305,-0.19764971733093262,0.003343701242844788,0.00032919899,2.6668425,1.1909451,-0.0924752950668335,5.824616432189941,-0.049961626529693604,-5.4303190495442905e-05,-0.0016939526,0.14213216,0.25776297,0.02521347999572754,1.669850766658783,0.5074132523312078,0,0,48,0,,,,-3.304380260888814,-0.0048764360315125994,-0.0033842907944937515,-2.6623186971555097,-0.10017668976780372,0.011226566971089725,0.0037293006347521858,-0.22432144659010322,-1.8017403561848595,0.03657008828475828,1.0196816578998638,0.23658481201000625,1.0987664928117589,0.2649731618274184,0.5020004674564413,0.4953257101671294
1,74,2026-04-11T19:06:52.718748,0.00021210898082744698,52.25254821777344,A:1.0/L:0.5/C:0.0,0.9649612903594971,1.157219409942627,0.27351152896881104,0.7664202451705933,0.21481424570083618,0.14938294887542725,0.03611600399017334,2.5974645614624023,-0.3271377682685852,0.0001463610920695065,-3.1198608e-05,5.2550955,1.5475943,-0.1516503095626831,8.636275053024292,-0.14216631650924683,0.002174204253730169,-0.0010096538,0.25659716,0.31409073,0.059831053018569946,2.2454251646995544,0.5013668028025225,-0.24276280403137207,0.0007525194631146014,1.5643309e-09,6.502742,1.6116278,-0.10066103935241699,8.721549034118652,-0.17263728380203247,0.0021235403589809744,-0.0029204634,0.29472333,0.34226242,0.07332208752632141,2.3075897693634033,0.4958732278369564,0,0,32,0,,,,-3.2885691911669164,-0.004841182830086385,-0.0033724176094615827,-2.648707948404639,-0.10131149516030763,0.011171165941694624,0.0037104981385396364,-0.22395809090496613,-1.7923650439663035,0.0358839326465724,1.0203693466600776,0.2367694455948003,1.097104761573553,0.2647223672467855,0.5019972991331717,0.4953284477554785
1,75,2026-04-11T19:06:54.555325,0.00021210898082744698,52.25254821777344,A:1.0/L:0.5/C:0.0,1.8362560272216797,0.7683147192001343,0.19429782032966614,0.7094576954841614,0.1860343962907791,0.16745662689208984,0.04294595122337341,2.068507194519043,-0.04384058713912964,0.0026495527787433765,0.0010561595,2.2717648,0.9414339,-0.003062307834625244,3.7954617738723755,-0.06497412919998169,-0.0022046064154410032,-0.00057728874,0.20550284,0.3113534,-0.10566139221191406,2.0667455196380615,0.5004751423343932,-0.044264018535614014,0.0020052140657708024,0.0040419707,3.1901855,1.0475194,0.019295543432235718,4.122870445251465,-0.06303101778030396,-0.002200206697196359,-0.0009584727,0.21949637,0.3143106,-0.08134305477142334,2.1296074390411377,0.4974504465738692,0,0,144,0,,,,-3.2724512158570813,-0.004827999948013159,-0.003358441965104206,-2.6359927156236758,-0.10102414062020174,0.011128557875879868,0.0036972264453331316,-0.2228536119896144,-1.783809934020329,0.03580099070050071,1.019109073522778,0.23655708746847462,1.095166526243106,0.2643289273920055,0.5019896883491778,0.49533905774957043
1,76,2026-04-11T19:06:55.995108,0.00021210898082744698,52.25254821777344,A:1.0/L:0.5/C:0.0,1.4263370037078857,1.183744192123413,0.29380136728286743,0.7663196921348572,0.20034311711788177,0.15024606883525848,0.037811528891325,2.632266044616699,-0.1290135383605957,0.00549172000827929,0.00075904845,13.025834,1.9208872,0.007304131984710693,10.076679229736328,-0.010047197341918945,-0.0006787798432071778,-0.00032942975,0.25156954,0.2797626,-0.015074014663696289,2.2051124572753906,0.4992176478035958,-0.08384132385253906,-0.003994534513109397,5.9118174e-06,15.232659,1.6079024,-0.0006948709487915039,9.679901123046875,-0.015335798263549805,-0.0032871457597038896,-0.0022320054,0.28657353,0.28660038,-0.007079362869262695,2.2969858646392822,0.49877859288745297,0,0,56,0,,,,-3.2561391957645056,-0.004807253847489128,-0.003343296904025682,-2.622888122118876,-0.1011640876089037,0.011100373686541863,0.0036825355553345455,-0.22170282326974278,-1.7749262811645736,0.03561851139225425,1.0199322491157812,0.2368433088675466,1.093522292072565,0.26400899834063485,0.5019758281464498,0.49535625542525985
1,77,2026-04-11T19:06:57.041857,0.00021210898082744698,52.25254821777344,A:1.0/L:0.5/C:0.0,1.046339988708496,1.6866859197616577,0.4239501953125,0.5609556436538696,0.14408543705940247,0.1594090312719345,0.04151870310306549,3.0166049003601074,-0.27364104986190796,-0.0020039171758927158,0.00039304254,4.7629585,1.5245012,-0.09922176599502563,9.516534566879272,-0.025843918323516846,0.00013435549993428148,0.00030878864,0.18026024,0.28054553,-0.061699509620666504,1.8059316873550415,0.5013572609341743,-0.16980117559432983,-0.0005736423388816331,0.00041423686,3.8411741,1.3642313,-0.06282830238342285,6.891926288604736,-0.09114950895309448,2.9998881025991683e-06,-0.0017618433,0.16847551,0.26297247,-0.12215954065322876,1.7895577549934387,0.5017481904234976,0,0,48,0,,,,-3.2399877193773006,-0.004782545800752012,-0.0033250364762882965,-2.6100821790563846,-0.10202647242016873,0.011034852232229692,0.00366608809028088,-0.2210904179833692,-1.766662447462017,0.03512627732337586,1.0232660174690105,0.23777884329977136,1.0908594588304714,0.2634093805342287,0.5019727353103884,0.49538821510025105
1,78,2026-04-11T19:06:57.991261,0.00021210898082744698,52.25254821777344,A:1.0/L:0.5/C:0.0,0.9490039348602295,0.9668954014778137,0.2435339093208313,0.6365047693252563,0.18107978999614716,0.14714324474334717,0.035332709550857544,2.2104897499084473,-0.20134741067886353,0.000764622268150711,-0.000101421,5.152464,1.5004108,-0.11505484580993652,6.199065208435059,-0.040344178676605225,-0.00273892684448062,-0.0022258875,0.21630749,0.2684969,0.0607278048992157,1.9330353736877441,0.4989489033339711,-0.2722102999687195,-0.003224959579669555,0.00051317876,5.3794518,1.4837348,-0.10376894474029541,7.1375648975372314,-0.03870558738708496,0.0011553846462678888,0.0021554667,0.22021487,0.26741722,0.056634753942489624,1.9743240475654602,0.501744544580744,0,0,32,0,,,,-3.2239895016737967,-0.004772327705970654,-0.0033195407313869768,-2.5967281291366064,-0.1025230771114622,0.010983501082409298,0.0036472505448331164,-0.22056024012250203,-1.7575459614549944,0.0344318012130575,1.0229841643890545,0.23780761862987665,1.0885876853829455,0.2629977325815383,0.5019576161505064,0.49541999674765347
1,79,2026-04-11T19:06:59.784763,0.00021291624621594345,18.495267868041992,A:1.0/L:0.5/C:0.0,1.7829604148864746,0.6221421360969543,0.1405123472213745,0.6785920858383179,0.1607459932565689,0.16898483037948608,0.042146649211645126,1.8131239414215088,-0.021664857864379883,0.0004090728357936535,-0.0020035515,1.5762997,0.79216564,-0.05144929885864258,2.7199591398239136,-0.13545668125152588,0.002834968978567946,0.0012485448,0.16334204,0.28059077,-0.272766649723053,1.9188663959503174,0.49708383499445497,-0.033582091331481934,-0.00026933827547650336,-0.00063938706,1.283411,0.7482936,-0.10226958990097046,2.6026132106781006,-0.1795101761817932,0.002184766837276221,0.0024104821,0.14479116,0.275081,-0.3779461979866028,1.8586397767066956,0.4987859725110393,0,0,144,0,,,,-3.2085468375716855,-0.004734291222547962,-0.0032967003038273544,-2.585108321739539,-0.10211878601522678,0.01093062894117622,0.0036189965348049384,-0.21971468541618272,-1.7506479626376525,0.03374829425748736,1.0209799542475941,0.23732114227283413,1.0865377073852223,0.2624864738849135,0.5019332472447261,0.4954368266264704
1,80,2026-04-11T19:07:02.389262,0.00021291624621594345,18.495267868041992,A:1.0/L:0.5/C:0.0,2.603998899459839,1.3057202100753784,0.32114508748054504,1.2097090482711792,0.3086440861225128,0.15285614132881165,0.038570381700992584,3.3366448879241943,-0.14578115940093994,0.0009611813623587234,0.00047841994,17.288488,2.370333,0.016029834747314453,13.439055442810059,-0.035079002380371094,0.00013560555267087048,5.2818563e-05,0.4219166,0.47875702,0.04934418201446533,2.786475896835327,0.49879614461459176,-0.15459990501403809,-0.0015713103663076125,0.00035591866,21.975319,1.9713472,-0.038159728050231934,11.38372802734375,-0.05776476860046387,-0.0020363368134013746,0.0010404101,0.3940553,0.37118673,0.05175638198852539,2.6637725830078125,0.49901817955422734,0,0,56,0,1.0008647441864014,1.3364324331632815e-05,0.0005633652908727527,-3.1926794983957287,-0.004709941738671867,-0.0032799527094940404,-2.571936059220769,-0.10233709788215535,0.010880781703282133,0.003603293651835507,-0.21853596281536522,-1.7416359409145217,0.03338875414594877,1.022403655526733,0.2377402619988727,1.0871535640896521,0.26271726194610145,0.5019175617315754,0.4954547333911091
1,81,2026-04-11T19:07:03.441759,0.00021291624621594345,18.495267868041992,A:1.0/L:0.5/C:0.0,1.045968770980835,4.118743419647217,0.5166820883750916,0.8387979865074158,0.14659258723258972,0.16430212557315826,0.0401364304125309,5.825254917144775,-0.06984788179397583,-0.0006643284447144586,0.0007331718,7.312434,1.489608,0.029545068740844727,6.475641250610352,-0.03899484872817993,0.00029697514474294045,-0.0018774539,0.12839782,0.2688331,0.03144749999046326,1.6148701906204224,0.5083264265413256,-0.12682515382766724,-0.004066889223577959,-0.0021248986,2.452963,1.1412592,-0.014652252197265625,5.235558271408081,-0.03620326519012451,0.001292018180335691,-0.0005437124,0.12037731,0.25191408,-0.12062126398086548,1.5405138731002808,0.5039975663467365,0,0,48,0,,,,-3.176911075147391,-0.004684907154254793,-0.0032729402153298666,-2.5589191414247128,-0.10217465180171445,0.01082305615254215,0.0035889430426888453,-0.21729555765758418,-1.7335308675298533,0.03314854911423269,1.0378853543473354,0.23913497113075377,1.0859117862017411,0.2621366385725339,0.5019496060556241,0.49549744755588726
1,82,2026-04-11T19:07:04.401558,0.00021291624621594345,18.495267868041992,A:1.0/L:0.5/C:0.0,0.9477617740631104,0.9645021557807922,0.2874296307563782,0.7718491554260254,0.22616763412952423,0.14419960975646973,0.035997290164232254,2.430145502090454,-0.21585625410079956,-0.00028050408818607714,-0.00064288185,6.981299,1.6066792,-0.053940773010253906,7.3143861293792725,-0.03275364637374878,-0.0014102133751762557,-0.00088318513,0.28491157,0.29747352,0.0645265281200409,2.2247400283813477,0.4998484700915047,-0.15585726499557495,-0.00039438474337646565,0.00054072984,8.0456,1.6447024,-0.06327927112579346,7.365499973297119,-0.07440173625946045,0.0017656832561510644,0.0011024836,0.3058889,0.34174746,0.07747003436088562,2.432137131690979,0.4946653217764738,0,0,32,0,,,,-3.1611902880035228,-0.004668533685359401,-0.0032609914399036087,-2.545801913076989,-0.10274305981320987,0.010767538351338509,0.0035677839182497806,-0.21647878373434754,-1.7244758630203996,0.03266641001303256,1.0375184383545026,0.2393764444288819,1.0843414730478624,0.26195679355031887,0.5019391003758035,0.4954932869269902
1,83,2026-04-11T19:07:06.159768,0.00021291624621594345,18.495267868041992,A:1.0/L:0.5/C:0.0,1.7577922344207764,0.736813485622406,0.1818133443593979,0.8235158324241638,0.18624474108219147,0.17033667862415314,0.042256295680999756,2.1409804821014404,-0.04134011268615723,0.0020112813298431217,-0.0010262595,3.7014747,0.9713253,0.04763311147689819,3.7537941932678223,-0.053118109703063965,-0.002417707211788865,0.0027891556,0.24318823,0.33488953,-0.02164328098297119,2.201134204864502,0.4985826284122306,-0.03307133913040161,-0.0018755546120681193,-0.0017687981,3.5147967,1.0089871,0.020231902599334717,3.493374466896057,-0.04941636323928833,-0.0008229853577901354,-0.00017550506,0.24499437,0.32379645,-0.10020136833190918,2.18821382522583,0.4989873879556773,0,0,144,0,,,,-3.14564992711202,-0.004657279552991548,-0.0032307407048035738,-2.533181119916519,-0.10243604507757462,0.010723757066231032,0.0035448137011465514,-0.21515822425829131,-1.7163544905469572,0.032604237475964075,1.036014913590842,0.23908862892853447,1.083037344844744,0.2615782332879782,0.5019223180159856,0.4955107574321336
1,84,2026-04-11T19:07:07.573302,0.0002137235116044399,40.10488510131836,A:1.0/L:0.5/C:0.0,1.4005296230316162,1.3057739734649658,0.277126669883728,1.179898738861084,0.23124931752681732,0.1558408886194229,0.03689657896757126,3.18678617477417,-0.11854052543640137,-0.0012432137260591605,-0.00049376517,15.642489,2.5831473,0.018646180629730225,11.096325874328613,-0.034882187843322754,-0.004229184175168241,-0.0025305613,0.25220266,0.32285407,0.09029066562652588,2.153982639312744,0.4976541021208196,-0.06458961963653564,0.009128168813243309,0.0028574998,12.681367,1.8039243,0.022569656372070312,9.256648063659668,-0.00907754898071289,-0.0036754364852525398,-0.0013204248,0.2708922,0.33439702,0.0529407262802124,2.15981388092041,0.4960668080348769,0,0,56,0,,,,-3.130096088415677,-0.004655139076102431,-0.0032272398077515894,-2.5200637609888035,-0.10251656747936874,0.010663922212269581,0.0035246208067990304,-0.2139892022338512,-1.7075080144628214,0.03255406457044461,1.0373637088902128,0.23927881913331042,1.0835216518148254,0.2614265887091724,0.5019009769365098,0.4955135376851473
1,85,2026-04-11T19:07:08.586237,0.0002137235116044399,40.10488510131836,A:1.0/L:0.5/C:0.0,1.001448392868042,3.015784978866577,0.3889082372188568,0.5228561758995056,0.11524194478988647,0.16156664490699768,0.04010466858744621,4.244462490081787,-0.12455976009368896,-0.00191061718653415,-0.0010223133,3.6477957,1.146152,-0.09511798620223999,4.8946051597595215,-0.05051589012145996,-0.0008604046591712705,-0.00056690385,0.09551797,0.26048177,-0.12652021646499634,1.452922761440277,0.5055281159127676,-0.12994784116744995,0.005795160669454501,0.0018647714,1.9863654,1.0713013,-0.044763803482055664,4.727243185043335,-0.09548497200012207,0.0008993489658947578,-0.00031804785,0.099085316,0.25926426,-0.20047104358673096,1.4676355123519897,0.5063293098563747,0,0,48,0,,,,-3.1146981874242057,-0.004636165404017774,-0.0032139381279678064,-2.508096043266184,-0.10262678344244035,0.010601049515275561,0.003501886136485952,-0.21339484615369317,-1.6999728296084409,0.032167475230182103,1.0472558152400946,0.24002696622373815,1.0807183244352487,0.260695665489576,0.5019191126313911,0.49556761654600345
1,86,2026-04-11T19:07:09.516972,0.0002137235116044399,40.10488510131836,A:1.0/L:0.5/C:0.0,0.9261789321899414,0.9626034498214722,0.2536732256412506,0.6417755484580994,0.16016505658626556,0.1415272057056427,0.03469763323664665,2.1944420337677,-0.10726308822631836,0.0025628266732225626,-0.00097627915,5.820225,1.4389002,-0.08480614423751831,5.451564311981201,-0.021432816982269287,-0.000771892858035994,-0.00011081295,0.20171642,0.27252555,0.03557872772216797,1.8748230338096619,0.5010244514740116,-0.170324444770813,-0.0031903628140318744,-0.0014700424,4.1533823,1.3699192,-0.07872873544692993,6.25330114364624,-0.03668975830078125,0.0021497814327890675,0.00020968789,0.20172064,0.29389775,0.02511170506477356,1.8875535726547241,0.494319391691665,0,0,32,0,,,,-3.099231860571996,-0.004616844041287866,-0.0031984225020823638,-2.495377669411242,-0.10264996496635972,0.010560858401065297,0.003479495310077989,-0.2127519026441123,-1.6913474069350747,0.03161299417679654,1.0468325534130016,0.2400951975208257,1.078523610555363,0.2601930124450595,0.5019146393256042,0.4955613754217318
1,87,2026-04-11T19:07:11.258139,0.0002137235116044399,40.10488510131836,A:1.0/L:0.5/C:0.0,1.7407565116882324,0.7000263333320618,0.20093907415866852,0.6608109474182129,0.19257012009620667,0.1694462150335312,0.04213360324501991,1.9659262895584106,-0.05150729417800903,-0.0012175580811261875,-0.00055601576,1.6071324,0.8992522,-0.03828531503677368,3.6718366146087646,-0.09085863828659058,-0.001367483209356487,-0.0009868455,0.15777172,0.3013938,-0.23720866441726685,1.8323667645454407,0.5025116618562406,-0.05533319711685181,-0.0007583925602688977,-0.0020422977,3.3565946,1.0383395,0.012214630842208862,4.093902111053467,-0.04396772384643555,-0.000857094407680932,-0.0011544356,0.22747022,0.32078016,-0.07652521133422852,2.116232752799988,0.4991345025788884,0,0,144,0,,,,-3.084189994460569,-0.004600597237128208,-0.003187364616898837,-2.484086824386272,-0.10239425161241798,0.010501966318654339,0.003459317754733723,-0.2118795697060756,-1.6832732959570704,0.0315160023601236,1.0450985223125968,0.23989941690401492,1.0764350472396773,0.2598548979833152,0.5019176244382574,0.4955792410575176
1,88,2026-04-11T19:07:12.562551,0.0002137235116044399,40.10488510131836,A:1.0/L:0.5/C:0.0,1.304009199142456,0.9538079500198364,0.22280097007751465,0.9112048745155334,0.19561156630516052,0.15218423306941986,0.03730330616235733,2.4729127883911133,-0.06932246685028076,0.0015040320270018536,0.0014174664,8.054664,1.8647876,-0.00835275650024414,7.642392635345459,-0.022002339363098145,-0.00031744963743356755,0.00012847736,0.19530757,0.3429439,0.06577193737030029,1.844892978668213,0.4985559983827182,-0.0540013313293457,0.002455243592622401,0.000985793,7.229941,1.0932026,-0.04918408393859863,5.073957443237305,-0.014476776123046875,0.001077707586960996,0.0010043321,0.2101643,0.32536793,-0.03280973434448242,1.9141876697540283,0.5000186051579029,0,0,56,0,,,,-3.0688790561850814,-0.004579181499129735,-0.003170785407010823,-2.471337530577489,-0.1022288926886073,0.010456976647196076,0.003449108498156588,-0.21086193564004646,-1.6750209781490075,0.031112501928629986,1.0446420694511331,0.2398139246698824,1.0756088963760566,0.25953368132492444,0.5019008163079797,0.4956014378780195
1,89,2026-04-11T19:07:13.606392,0.00021453077699293635,29.494430541992188,A:1.0/L:0.5/C:0.0,1.0386085510253906,3.7115983963012695,0.3963814079761505,0.5159450173377991,0.18695148825645447,0.16531546413898468,0.039204031229019165,5.015395641326904,-0.09083282947540283,0.002010863229415907,0.0011540005,3.151586,1.1521451,-0.04868268966674805,4.930103063583374,-0.044022440910339355,-0.0009126737386822571,-0.00023399411,0.10303343,0.26532122,-0.07017964124679565,1.4797105193138123,0.5017444473611073,-0.07168203592300415,-0.002674567789447915,-0.0015908335,4.515135,1.2842535,0.0007172226905822754,5.620464086532593,-0.023917853832244873,-0.00013771660749899335,-0.000604864,0.14181164,0.28846437,-0.018643438816070557,1.651216447353363,0.5047352332044259,0,0,48,0,,,,-3.0537547731087074,-0.004560848960327498,-0.003156101450540429,-2.4593317411308355,-0.10217191237254128,0.010414746080107175,0.003437632958273992,-0.21005103941017997,-1.666739090452343,0.030960525532439748,1.057976851085384,0.24059676208641373,1.0728105769808653,0.25917077035958214,0.5019000344632453,0.4956471068546515
1,90,2026-04-11T19:07:14.534389,0.00021453077699293635,29.494430541992188,A:1.0/L:0.5/C:0.0,0.9216012954711914,1.011600136756897,0.28569507598876953,0.7855716347694397,0.22220048308372498,0.1419440656900406,0.03466426581144333,2.481675863265991,-0.2126762866973877,0.001885204364479706,-0.00058561773,5.682975,1.5417535,-0.06866425275802612,8.229173183441162,-0.033850014209747314,-0.00213109908034794,-0.00067236356,0.26829615,0.32600588,0.01729312539100647,2.174192428588867,0.5062799113887813,-0.16360634565353394,-0.0027905797693765907,0.0002510582,4.9829264,1.4688343,-0.07664912939071655,6.255846977233887,-0.023484349250793457,0.0005969461629702957,0.00023878456,0.24545753,0.33267942,0.03139621019363403,2.079954504966736,0.49800609195271445,0,0,32,0,,,,-3.0386552493142127,-0.0045487002109276,-0.0031436827610863043,-2.446948616798226,-0.10272443424416551,0.010372098371529036,0.0034175167048306524,-0.2093441054769192,-1.6582484139491132,0.030422477257823967,1.0577449675137416,0.2408222536559255,1.071374382269808,0.25898591892320283,0.501921933847873,0.4956589017801419
1,91,2026-04-11T19:07:16.288470,0.00021453077699293635,29.494430541992188,A:1.0/L:0.5/C:0.0,1.751688003540039,0.8011017441749573,0.20140045881271362,0.6461641788482666,0.20699991285800934,0.16914479434490204,0.04257526248693466,2.0673863887786865,-0.04258525371551514,0.0038730512134538433,0.0019132178,2.263598,0.9220128,0.0066335201263427734,3.6797537803649902,-0.05533909797668457,-0.001184521318365241,-0.0024399965,0.1694388,0.2795102,-0.10560089349746704,1.8924776911735535,0.5009545556110253,-0.06910580396652222,0.000783930706524977,1.0911826e-05,4.184087,1.1843283,0.04235503077507019,4.832799196243286,-0.043669819831848145,0.0021738341280081166,0.0015833415,0.28237665,0.3304194,0.011978358030319214,2.285943031311035,0.49701812399767487,0,0,144,0,,,,-3.023738668557525,-0.004531879316464788,-0.0031401643295831364,-2.4352418781817224,-0.10242373834152226,0.01033960313573866,0.0034099952104448875,-0.20826421734890288,-1.649897280089216,0.030482140025410196,1.0564617513970476,0.24062514468170942,1.0692483312527004,0.25872598889287685,0.5019170969566887,0.49566569789122955
1,92,2026-04-11T19:07:17.718262,0.00021453077699293635,29.494430541992188,A:1.0/L:0.5/C:0.0,1.4164772033691406,0.7857570648193359,0.22537089884281158,0.8025805354118347,0.18316256999969482,0.14291135966777802,0.03871474042534828,2.178497314453125,-0.14947378635406494,-0.0016811705790829514,0.00016365355,4.789407,1.1394128,0.01093292236328125,4.301836013793945,-0.04994511604309082,0.0010968090579511183,0.00028641513,0.18157253,0.3095592,-0.1778641939163208,1.7976422309875488,0.5012648810825213,-0.05693924427032471,0.003060998471657998,0.0025351094,2.415513,1.2478282,-0.008097410202026367,5.361667633056641,-0.012537360191345215,0.004075938657019596,0.0014710919,0.18315777,0.30886137,-0.009155869483947754,1.8567723035812378,0.4983040405130724,0,0,56,0,,,,-3.008869700794953,-0.004503735874592709,-0.0031230314322752434,-2.423954989760395,-0.10265898858158497,0.01027949926716455,0.0033937635021192352,-0.20716823165034196,-1.6416935730361897,0.03028924227427301,1.0551082279641588,0.24054887345251494,1.067914992273496,0.25834817179841096,0.5019138358773179,0.49567888960433876
1,93,2026-04-11T19:07:18.783882,0.00021453077699293635,29.494430541992188,A:1.0/L:0.5/C:0.0,1.0590975284576416,2.401120901107788,0.5400398373603821,0.5877375602722168,0.07857052236795425,0.1584203541278839,0.04048147425055504,3.806370496749878,-0.09530693292617798,0.0021310225314674276,0.00029926558,2.5891078,1.1206422,-0.0704001784324646,4.741949558258057,-0.04467594623565674,-7.629683370607361e-05,-0.0006731496,0.11382456,0.27949792,-0.13553893566131592,1.499242901802063,0.5047294419926578,-0.08751600980758667,0.0011616242932816494,-0.0010418942,1.9007466,1.0449107,-0.04605370759963989,4.55669903755188,-0.06413936614990234,-0.0008213547822017148,0.0002309601,0.11200665,0.2490351,-0.2478773593902588,1.4989745616912842,0.500319745354538,0,0,48,0,,,,-2.9940487320221565,-0.004481598679388276,-0.003110782023093709,-2.4125129094899,-0.10262222830330793,0.010238756883486064,0.0033782910125040775,-0.2064843913842526,-1.63472449196796,0.029907527524903447,1.061838291329877,0.24204632827205427,1.0655141051134898,0.2574492835512587,0.5019279139078946,0.4957020938830898
1,94,2026-04-11T19:07:19.749525,0.0002153380423814328,18.97309112548828,A:1.0/L:0.5/C:0.0,0.9587404727935791,1.0170705318450928,0.24756579101085663,0.7290964126586914,0.16007493436336517,0.1416526585817337,0.03415042534470558,2.329610824584961,-0.2059115171432495,0.0019186729579272902,0.0013521982,4.5302205,1.415676,-0.031610965728759766,6.530084848403931,-0.028781771659851074,0.00147213687511673,-0.0002126306,0.24146578,0.31653535,0.03408771753311157,2.055993378162384,0.4958823761214809,-0.28313231468200684,-0.00343110101852004,0.00030420665,4.322876,1.379652,-0.06698811054229736,6.421673059463501,-0.03230702877044678,0.0031285625580636644,-0.0005796334,0.17824253,0.2710951,0.0021458864212036133,1.8459827899932861,0.4987400845018275,0,0,32,0,,,,-2.979222397220345,-0.004451830001615751,-0.0030962912660095227,-2.400279906354785,-0.10313867474750764,0.01019715646385827,0.0033681605483871792,-0.20561002425597513,-1.626540140076014,0.029423049334567443,1.061614452532453,0.24207392558574828,1.0638320166512156,0.2569624118053192,0.5018976862189625,0.49571728383618346
1,95,2026-04-11T19:07:21.506462,0.0002153380423814328,18.97309112548828,A:1.0/L:0.5/C:0.0,1.7566044330596924,0.7153420448303223,0.17139273881912231,0.5978817343711853,0.14986401796340942,0.17377646267414093,0.04048319160938263,1.8487402200698853,-0.03743630647659302,0.00019539533053607736,-0.001392397,2.1326644,0.95688546,-0.01376253366470337,3.7561384439468384,-0.04762321710586548,0.0007267031633819286,0.0037126364,0.16463491,0.27360317,-0.04363530874252319,1.8670307993888855,0.5007065364671641,-0.0490802526473999,-0.004094073151474954,-0.0003320598,1.8756175,0.9169788,-0.0168989896774292,3.327206611633301,-0.06042766571044922,-0.0017446809934754315,0.0010187716,0.1501671,0.2686362,-0.17798948287963867,1.8234057426452637,0.49924899850412924,0,0,144,0,,,,-2.9645644013197727,-0.004425937335790763,-0.0030622466275862723,-2.3884966833667236,-0.10281016290615307,0.01014714765819166,0.0033443577607361035,-0.20465078680301876,-1.6192973867900322,0.029191439139507457,1.0598830904939422,0.24172051965191513,1.0615022652398154,0.25642691983610966,0.5018917304702034,0.4957349424095232
1,96,2026-04-11T19:07:22.869563,0.0002153380423814328,18.97309112548828,A:1.0/L:0.5/C:0.0,1.3626880645751953,0.8121110796928406,0.2138180285692215,0.5846812725067139,0.1680649220943451,0.1488194465637207,0.03678537532687187,1.964280128479004,-0.09919238090515137,0.0016110301706761638,0.0014340685,2.26294,1.0494616,-0.058620333671569824,4.870726108551025,-0.12489914894104004,-0.0007231814220839904,-0.00017742574,0.14910285,0.31034008,-0.4082603454589844,1.7932029962539673,0.5011227104910365,-0.051499366760253906,-0.0025139697975175668,-0.0021530057,3.931242,1.0807089,-0.0033446550369262695,4.654991626739502,-0.08970677852630615,-0.0003355003669481358,0.0010773712,0.180776,0.29612336,-0.2569880485534668,1.8384901285171509,0.5017956894192923,0,0,56,0,,,,-2.950366075057879,-0.004407423556222229,-0.0030478225231474463,-2.378595501677185,-0.10279207399614806,0.010104467070754082,0.0033348063146562616,-0.20392063453736153,-1.6124858400988493,0.02902875866862529,1.0586442304399368,0.24158100719650166,1.05911816027615,0.25598510984740086,0.5018878853703076,0.49576524614457207
1,97,2026-04-11T19:07:23.888978,0.0002153380423814328,18.97309112548828,A:1.0/L:0.5/C:0.0,1.0182068347930908,1.4874322414398193,0.47165030241012573,0.3562859892845154,0.11967846006155014,0.15721161663532257,0.039807721972465515,2.632066249847412,-0.15410339832305908,0.000946054532818425,5.176809e-05,2.0424879,1.0716455,-0.04604029655456543,5.126576900482178,-0.07090365886688232,0.003038119069360693,0.00026792623,0.1085268,0.27585632,-0.18704169988632202,1.470383882522583,0.506093602527301,-0.12429702281951904,-0.003120306159574347,-0.0006921146,3.1232016,1.2655396,-0.057069242000579834,6.315302848815918,-0.02504652738571167,0.0009102418168389531,-0.00027257524,0.1626911,0.3085878,-0.04482567310333252,1.748977541923523,0.5134030757519485,0,0,48,0,,,,-2.9359687629769238,-0.004370195843094314,-0.0030312437794056796,-2.3676377326682307,-0.10304863061778262,0.010058675008064405,0.003318391123528875,-0.20313123284744755,-1.6046475392638717,0.028598268665279262,1.0607881704949362,0.2427313536725698,1.0556039994211917,0.2553035765984716,0.5019089139560925,0.49585343529260895
1,98,2026-04-11T19:07:24.840911,0.0002153380423814328,18.97309112548828,A:1.0/L:0.5/C:0.0,0.951535701751709,0.9569453597068787,0.2895923852920532,0.5799462795257568,0.21531930565834045,0.13802839815616608,0.033869508653879166,2.2137012481689453,-0.18687528371810913,-0.000658838023405775,0.00010646507,3.1647677,1.3203434,-0.07095366716384888,4.963602781295776,-0.05098772048950195,0.0007303953929969236,0.000120026,0.15688562,0.27492076,-0.053024888038635254,1.7203627824783325,0.503901596077404,-0.3917677402496338,-0.004107441537776516,-0.0012219911,4.383126,1.4038306,-0.0503825843334198,6.812248706817627,-0.10137224197387695,0.0006206750658771401,-0.0004395761,0.24421099,0.34824598,0.034910112619400024,2.0607681274414062,0.49895851047434814,0,0,32,0,,,,-2.9215438577644863,-0.004344692886913858,-0.003015487430502446,-2.3560646684450828,-0.10346776388328426,0.010005087442907054,0.0033023314932684295,-0.20247034501902955,-1.5964497510044553,0.028203364400285764,1.060268956440996,0.2429656588306672,1.0532257108217147,0.25510365524377093,0.501918877366699,0.4958689606685176
1,99,2026-04-11T19:07:26.612479,0.00021614530776992928,21.442058563232422,A:1.0/L:0.5/C:0.0,1.771155595779419,0.6821977496147156,0.1887930929660797,0.6199150681495667,0.18982312083244324,0.17043842375278473,0.04187272489070892,1.8930400609970093,-0.056735098361968994,0.0007237547225333493,0.0010284737,2.1999238,0.9415218,-0.023834943771362305,3.8306599855422974,-0.03583568334579468,0.004530771612049248,0.0024037661,0.14575492,0.27860823,-0.029169082641601562,1.8126917481422424,0.5007578172238345,-0.06181102991104126,-0.0012578177101124314,-0.0010374892,2.3562722,0.95826143,0.006075769662857056,3.7399712800979614,-0.04811125993728638,0.0006118945797380605,-0.00042528455,0.19574744,0.297794,-0.027170002460479736,1.9975963830947876,0.5030078769567675,0,0,144,0,,,,-2.907115316892393,-0.004300315564419043,-0.002988391162601659,-2.3444301905160656,-0.10323410055567768,0.009958680779305186,0.003290962204411173,-0.2015771680127912,-1.5886033522617353,0.02809272642659862,1.0583786004068645,0.24269479600134425,1.0510591576083539,0.2547772525717143,0.5019130720659847,0.4959046552499588
1,100,2026-04-11T19:07:29.370244,0.00021614530776992928,21.442058563232422,A:1.0/L:0.5/C:0.0,2.757431745529175,0.83744215965271,0.20735713839530945,0.6187870502471924,0.169552743434906,0.14559735357761383,0.03705447539687157,2.0157909393310547,-0.14361512660980225,-0.0020638517941170115,-0.00030768936,5.013675,1.1020279,-0.0036836862564086914,4.676425933837891,-0.0812140703201294,0.00019044787504205116,-0.0002681408,0.18035461,0.31107137,-0.21850240230560303,1.7764556407928467,0.5017997186737163,-0.01187145709991455,0.006747379938532806,0.00402347,2.6154442,1.2625716,-0.01528775691986084,5.144782066345215,-0.0666576623916626,0.004856403981604688,0.0017660486,0.15889001,0.3031249,-0.1753554344177246,1.7819252014160156,0.5015753350300001,0,0,56,0,1.000807523727417,1.4231653949536849e-05,0.0005689564277417958,-2.8929858106595314,-0.004277861747221738,-0.00297478991082739,-2.3338005515750133,-0.10343600568594831,0.009898568116438074,0.003272968946575761,-0.2005877006040093,-1.5815371126725153,0.027875824009866323,1.0572739182030937,0.24251810771331406,1.048897797071548,0.25435113002603027,0.5019125052990233,0.49593300864885903
